unit_cluster_id,rank,go_term,go_name,source_split,qval,pval,odds_ratio_approx,a_in_has,unit_cluster_proteins,term_precision,total_proteins,b_in_not,c_out_has,d_out_not
0,1,GO:0004553,,train,5.836094697086718e-38,4.486015902145927e-39,inf,26,26,1.0,28980,0,957,27997
0,2,GO:0016798,,train,9.687167562075173e-36,7.80660220970466e-37,inf,26,26,1.0,28980,0,1170,27784
0,3,GO:0008422,,train,3.4804126935277336e-21,3.723369703478127e-22,463.3814102564103,10,26,0.38461538461538464,28980,16,39,28915
0,4,GO:0015926,,train,4.993623536130718e-19,5.618685884019711e-20,265.49632352941177,10,26,0.38461538461538464,28980,16,68,28886
1,1,GO:0003735,,train,1.5287700074771622e-25,1.4975559964272287e-26,36.0761735173369,26,49,0.5306122448979592,28980,23,879,28052
1,2,GO:0005198,,train,3.4987175317486814e-22,3.672233915181628e-23,24.74655848906032,27,49,0.5510204081632653,28980,22,1367,27564
1,3,GO:0003723,,train,2.600366299575212e-20,2.8374972803461534e-21,20.69015151515152,27,49,0.5510204081632653,28980,22,1620,27311
1,4,GO:0004549,,train,5.890017305647801e-05,1.1491201703610264e-05,81.96975425330812,3,49,0.061224489795918366,28980,46,23,28908
1,5,GO:0016891,,train,0.0012096427134032,0.0002706166740563,26.509491733006737,3,49,0.061224489795918366,28980,46,71,28860
1,6,GO:0016893,,train,0.0067989854078948,0.0016929248606235,13.80834398976982,3,49,0.061224489795918366,28980,46,136,28795
1,7,GO:0019843,,train,0.0095503137071916,0.0024406637016006,7.703973063973064,4,49,0.08163265306122448,28980,45,330,28601
1,8,GO:0004521,,train,0.0111817061870198,0.0028991792325427,11.3699604743083,3,49,0.061224489795918366,28980,46,165,28766
1,9,GO:0004540,,train,0.0318042961396857,0.0091098341287707,7.451931404815521,3,49,0.061224489795918366,28980,46,251,28680
2,1,GO:0003723,,train,6.293901243037479e-08,1.0083295514594712e-08,5.417996026114107,21,86,0.2441860465116279,28980,65,1626,27268
2,2,GO:0005198,,train,1.2506821123009376e-07,2.0366587170169932e-08,5.675560379918589,19,86,0.22093023255813954,28980,67,1375,27519
2,3,GO:0017056,,train,0.000411219574923,8.719006600734893e-05,40.13160333642261,3,86,0.03488372093023256,28980,83,26,28868
2,4,GO:0046789,,train,0.002236812621045,0.0005171199931244,11.696747967479675,4,86,0.046511627906976744,28980,82,120,28774
2,5,GO:0046812,,train,0.0023683135350722,0.000549255595312,11.504198320671732,4,86,0.046511627906976744,28980,82,122,28772
3,1,GO:0016788,,train,7.18132307832888e-17,8.496752471913275e-18,11.088354536558088,29,75,0.38666666666666666,28980,46,1555,27350
3,2,GO:0008233,,train,7.0981385814425276e-12,9.72908879590169e-13,8.973248294800248,22,75,0.29333333333333333,28980,53,1278,27627
3,3,GO:0004518,,train,8.581407427268775e-09,1.3212607270036815e-09,10.071632216678546,14,75,0.18666666666666668,28980,61,644,28261
3,4,GO:0140096,,train,1.2005171943097932e-08,1.8593123022866326e-09,5.30188679245283,25,75,0.3333333333333333,28980,50,2491,26414
3,5,GO:0070011,,train,7.738591693579202e-08,1.2468071100180334e-08,6.679863771817795,17,75,0.22666666666666666,28980,58,1215,27690
3,6,GO:0052689,,train,3.854615156430414e-07,6.452023025996247e-08,13.840909090909092,9,75,0.12,28980,66,282,28623
3,7,GO:0016298,,train,5.208097537497986e-07,8.782776040312042e-08,21.937908496732025,7,75,0.09333333333333334,28980,68,135,28770
3,8,GO:0004540,,train,1.8178066599517447e-06,3.170524900651109e-07,13.91044776119403,8,75,0.10666666666666667,28980,67,246,28659
3,9,GO:0004222,,train,9.154262674184249e-06,1.676015517287739e-06,18.81137626675384,6,75,0.08,28980,69,133,28772
3,10,GO:0004527,,train,1.819001727730541e-05,3.397473420631553e-06,16.558594874748056,6,75,0.08,28980,69,151,28754
4,1,GO:0030597,,train,6.66587070345747e-32,5.791654951066251e-33,1834.0146341463412,13,18,0.7222222222222222,28980,5,41,28921
4,2,GO:0030598,,train,6.66587070345747e-32,5.791654951066251e-33,1834.0146341463412,13,18,0.7222222222222222,28980,5,41,28921
4,3,GO:0140102,,train,1.28730277882968e-27,1.2112419151070486e-28,781.7875,13,18,0.7222222222222222,28980,5,96,28866
4,4,GO:0016799,,train,4.397663317519883e-25,4.346520207783954e-26,483.2141935483871,13,18,0.7222222222222222,28980,5,155,28807
4,5,GO:0016798,,train,9.882994905511086e-18,1.1447216174939461e-18,117.6164267569856,15,18,0.8333333333333334,28980,3,1181,27781
4,6,GO:0140098,,train,3.6187771371786884e-15,4.488356445737636e-16,76.08463949843261,13,18,0.7222222222222222,28980,5,957,28005
4,7,GO:0030246,,train,0.0047293965069024,0.0011460165774701,16.98813056379822,3,18,0.16666666666666666,28980,15,337,28625
5,1,GO:0015144,,train,8.488523280193807e-77,2.9590598773854267e-78,801.9166666666666,36,63,0.5714285714285714,28980,27,48,28869
5,2,GO:0022857,,train,2.579267536020568e-45,1.696240331126395e-46,60.87300243412001,41,63,0.6507936507936508,28980,22,859,28058
5,3,GO:0005215,,train,6.545078936866022e-42,4.6130181099978475e-43,49.46090909090909,41,63,0.6507936507936508,28980,22,1050,27867
5,4,GO:0004930,,train,0.000953014697829,0.0002107170507789,15.01277705345502,4,63,0.06349206349206349,28980,59,130,28787
5,5,GO:0008320,,train,0.0097421900898818,0.0024948362704908,29.5952868852459,2,63,0.031746031746031744,28980,61,32,28885
5,6,GO:0140318,,train,0.0108109590014796,0.0027938682459224,27.852459016393443,2,63,0.031746031746031744,28980,61,34,28883
5,7,GO:0022884,,train,0.0124675435883647,0.0032723786668936,25.59149313247674,2,63,0.031746031746031744,28980,61,37,28880
5,8,GO:1904680,,train,0.0246418239330371,0.0068734642027823,17.2053651266766,2,63,0.031746031746031744,28980,61,55,28862
5,9,GO:0042887,,train,0.0254089863086537,0.0071090379422313,16.897540983606557,2,63,0.031746031746031744,28980,61,56,28861
6,1,GO:0008236,,train,5.8659865560734656e-92,1.5637132044487956e-93,379.9511568123393,57,68,0.8382352941176471,28980,11,389,28523
6,2,GO:0016825,,train,5.8659865560734656e-92,1.5637132044487956e-93,379.9511568123393,57,68,0.8382352941176471,28980,11,389,28523
6,3,GO:0017171,,train,5.8659865560734656e-92,1.5637132044487956e-93,379.9511568123393,57,68,0.8382352941176471,28980,11,389,28523
6,4,GO:0070011,,train,1.775881288314531e-72,6.768086112128203e-74,177.5170648464164,60,68,0.8823529411764706,28980,8,1172,27740
6,5,GO:0008233,,train,4.614645678012336e-71,1.8019517499459368e-72,167.3709677419355,60,68,0.8823529411764706,28980,8,1240,27672
6,6,GO:0004252,,train,2.4794209957662823e-60,1.1955142393975164e-61,140.105376344086,41,68,0.6029411764705882,28980,27,310,28602
6,7,GO:0140096,,train,7.276582701203198e-54,3.9903221773009884e-55,80.78990228013029,60,68,0.8823529411764706,28980,8,2456,26456
6,8,GO:0004175,,train,1.8311465552521672e-49,1.1039340336611184e-50,66.12261937244202,43,68,0.6323529411764706,28980,25,733,28179
6,9,GO:0005509,,train,4.4024109658155694e-14,5.6227881216732224e-15,16.37363344051447,18,68,0.2647058823529412,28980,50,622,28290
6,10,GO:0004185,,train,1.285889404069588e-05,2.376882016486247e-06,50.13194444444444,4,68,0.058823529411764705,28980,64,36,28876
7,1,GO:0050897,,train,1.626597614272848e-07,2.6678735806642868e-08,70.37768031189084,5,59,0.0847457627118644,28980,54,38,28883
7,2,GO:0016627,,train,4.992948504482156e-05,9.686937324658088e-06,13.819028502609394,6,59,0.1016949152542373,28980,53,235,28686
7,3,GO:0003697,,train,0.0386966515585829,0.0113538290421175,13.143768512189563,2,59,0.03389830508474576,28980,57,77,28844
8,1,GO:0019825,,train,2.1168559759096515e-304,1.550265090597923e-307,17557.333333333332,128,133,0.9624060150375939,28980,5,42,28805
8,2,GO:0005344,,train,1.1855028489230725e-288,1.041833947555209e-291,11667.666666666666,119,133,0.8947368421052632,28980,14,21,28826
8,3,GO:0020037,,train,1.763414318263193e-204,6.508779450483706e-207,1329.4150458715596,128,133,0.9624060150375939,28980,5,545,28302
8,4,GO:0046906,,train,1.1414903939042072e-197,4.8485838566983054e-200,1155.97312,128,133,0.9624060150375939,28980,5,625,28222
8,5,GO:0005215,,train,1.1611777173498941e-152,9.864415093050627e-155,243.7628600823045,119,133,0.8947368421052632,28980,14,972,27875
8,6,GO:0005506,,train,9.280062779749488e-47,5.931715436451177e-48,30.011969696969697,49,133,0.3684210526315789,28980,84,550,28297
8,7,GO:0046914,,train,4.354710989690364e-24,4.4112226037288805e-25,8.817458100558659,49,133,0.3684210526315789,28980,84,1790,27057
8,8,GO:0004601,,train,1.7831528895971806e-13,2.3150638915823603e-14,19.91108641289247,15,133,0.11278195488721804,28980,118,183,28664
8,9,GO:0016684,,train,7.716014021204473e-13,1.0218853264746585e-13,17.84833000997009,15,133,0.11278195488721804,28980,118,204,28643
8,10,GO:0016209,,train,1.3202014239285202e-09,1.968874080680814e-10,10.14456630109671,15,133,0.11278195488721804,28980,118,357,28490
9,1,GO:0016772,,train,5.477341045072901e-49,3.3277690855907656e-50,inf,41,41,1.0,28980,0,1778,27161
9,2,GO:0016301,,train,1.8176273376758783e-46,1.1687295328231983e-47,227.8498671390611,37,41,0.9024390243902439,28980,4,1129,27810
9,3,GO:0016773,,train,6.453617454225895e-42,4.5466649024264814e-43,135.65646955503513,33,41,0.8048780487804879,28980,8,854,28085
9,4,GO:0019200,,train,1.6992505304188672e-32,1.4614639708556093e-33,309.8743686868687,17,41,0.4146341463414634,28980,24,66,28873
9,5,GO:0000287,,train,2.0157361542028878e-06,3.529324484773313e-07,11.903022080838324,9,41,0.21951219512195122,28980,32,668,28271
9,6,GO:0019205,,train,8.4421051130885e-06,1.5401889634213665e-06,29.855928689883918,5,41,0.12195121951219512,28980,36,134,28805
10,1,GO:0070011,,train,8.613303451979683e-86,2.573620857433072e-87,523.4905660377359,66,69,0.9565217391304348,28980,3,1166,27745
10,2,GO:0008233,,train,3.173971395203437e-84,9.734739581035236e-86,493.4311183144246,66,69,0.9565217391304348,28980,3,1234,27677
10,3,GO:0008238,,train,7.285250350575841e-68,3.021915955243692e-69,221.3460526315789,41,69,0.5942028985507246,28980,28,190,28721
10,4,GO:0140096,,train,3.712215251108661e-65,1.63225681574658e-66,237.60897959183677,66,69,0.9565217391304348,28980,3,2450,26461
10,5,GO:0004177,,train,2.2173023271647481e-54,1.2042295792141791e-55,273.7891737891738,30,69,0.43478260869565216,28980,39,81,28830
10,6,GO:0008236,,train,4.82888819797212e-44,3.242174693075577e-45,71.38256762559038,35,69,0.5072463768115942,28980,34,411,28500
10,7,GO:0016825,,train,4.82888819797212e-44,3.242174693075577e-45,71.38256762559038,35,69,0.5072463768115942,28980,34,411,28500
10,8,GO:0017171,,train,4.82888819797212e-44,3.242174693075577e-45,71.38256762559038,35,69,0.5072463768115942,28980,34,411,28500
10,9,GO:0008237,,train,1.7340524207659702e-35,1.4070730308819571e-36,71.39451827242524,27,69,0.391304347826087,28980,42,258,28653
10,10,GO:0004175,,train,3.5436584479504618e-25,3.4982948031734057e-26,25.712925524977177,28,69,0.4057971014492754,28980,41,748,28163
11,1,GO:0003796,,train,3.201013739189399e-98,7.614093670275044e-100,inf,39,39,1.0,28980,0,64,28877
11,2,GO:0061783,,train,2.538817355690855e-91,6.8496082977159004e-93,inf,39,39,1.0,28980,0,106,28835
11,3,GO:0004930,,train,1.0035664146289456e-71,3.877622816579018e-73,1570.4950495049504,33,39,0.8461538461538461,28980,6,101,28840
11,4,GO:0004553,,train,4.537470307386389e-57,2.3287482727073128e-58,inf,39,39,1.0,28980,0,944,27997
11,5,GO:0016798,,train,1.0176932581073211e-53,5.607642787883735e-55,inf,39,39,1.0,28980,0,1157,27784
11,6,GO:0004888,,train,1.9676217941398475e-53,1.088223905831219e-54,382.7329268292683,33,39,0.8461538461538461,28980,6,410,28531
11,7,GO:0038023,,train,1.1699219514801662e-47,7.313511569436902e-49,249.1808,33,39,0.8461538461538461,28980,6,625,28316
11,8,GO:0060089,,train,3.0093972763179523e-47,1.9077059220060488e-48,241.6669254658385,33,39,0.8461538461538461,28980,6,644,28297
11,9,GO:0030594,,train,3.722969031522058e-07,6.226215016246135e-08,58.96446078431372,5,39,0.1282051282051282,28980,34,72,28869
12,1,GO:0015144,,train,1.2517209092391544e-07,2.038717009511585e-08,76.13924050632912,5,29,0.1724137931034483,28980,24,79,28872
12,2,GO:0048029,,train,1.3264105693486168e-07,2.1646405020479673e-08,75.18489583333333,5,29,0.1724137931034483,28980,24,80,28871
12,3,GO:0042626,,train,1.4878223389183447e-07,2.43503043839142e-08,73.34603658536585,5,29,0.1724137931034483,28980,24,82,28869
12,4,GO:0015399,,train,4.121532115087693e-07,6.909666430748708e-08,58.92361111111112,5,29,0.1724137931034483,28980,24,102,28849
12,5,GO:0030246,,train,5.244937003298373e-06,9.439872557127224e-07,22.351210622233797,6,29,0.20689655172413793,28980,23,334,28617
12,6,GO:0022804,,train,8.878005164320572e-06,1.622835991017382e-06,30.408206429780037,5,29,0.1724137931034483,28980,24,197,28754
12,7,GO:0022857,,train,0.0072927018898509,0.0018250447386998,6.5307262569832405,5,29,0.1724137931034483,28980,24,895,28056
12,8,GO:0005215,,train,0.0156669055331374,0.0041910590071948,5.345495702885206,5,29,0.1724137931034483,28980,24,1086,27865
13,1,GO:0008173,,train,2.6079652560785167e-176,1.5814184257792218e-178,1552.2077922077922,83,103,0.8058252427184466,28980,20,77,28800
13,2,GO:0008168,,train,7.242149337158884e-170,4.9006547056967577e-172,2956.280412371134,101,103,0.9805825242718447,28980,2,485,28392
13,3,GO:0016741,,train,1.4486934362674318e-161,1.073672084177462e-163,2392.1943048576213,101,103,0.9805825242718447,28980,2,597,28280
13,4,GO:0008757,,train,4.4128782098476964e-142,4.4080952326158256e-144,488.8832054560955,80,103,0.7766990291262136,28980,23,204,28673
13,5,GO:0008649,,train,1.8129352330455347e-117,2.9156089959340266e-119,4366.293209876543,49,103,0.47572815533980584,28980,54,6,28871
13,6,GO:0140098,,train,2.696690112115619e-102,5.972105705713474e-104,130.956595264938,83,103,0.8058252427184466,28980,20,887,27990
13,7,GO:0140102,,train,1.0092163164941456e-93,2.598649975681384e-95,435.8126543209876,49,103,0.47572815533980584,28980,54,60,28817
13,8,GO:0008170,,train,6.881332403542193e-64,3.0982827736017667e-65,175.35984375,39,103,0.3786407766990291,28980,64,100,28777
13,9,GO:0008175,,train,1.555800719991124e-54,8.422297596577309e-56,332.45111287758345,29,103,0.2815533980582524,28980,74,34,28843
13,10,GO:0140101,,train,4.8309615445889204e-29,4.436554015375184e-30,30.35990746180964,29,103,0.2815533980582524,28980,74,368,28509
14,1,GO:0004721,,train,5.1107304139311697e-82,1.6258760961798785e-83,3853.253521126761,38,40,0.95,28980,2,142,28798
14,2,GO:0004725,,train,1.5434154353912504e-74,5.610857882416562e-76,1814.3714285714289,33,40,0.825,28980,7,75,28865
14,3,GO:0016791,,train,1.2253522816496028e-69,4.899686160036641e-71,1678.0987654320988,38,40,0.95,28980,2,324,28616
14,4,GO:0042578,,train,1.4563873325815276e-64,6.487950815661953e-66,1205.6325167037862,38,40,0.95,28980,2,449,28491
14,5,GO:0016788,,train,7.430841962694059e-45,4.930385518792525e-46,336.66623544631307,38,40,0.95,28980,2,1546,27394
14,6,GO:0140096,,train,1.525572290092378e-39,1.1288618228823115e-40,416.656035526847,39,40,0.975,28980,1,2477,26463
14,7,GO:0016782,,train,0.0017628493500299,0.0004027437115412,23.15145838908215,3,40,0.075,28980,37,101,28839
14,8,GO:0004722,,train,0.0042079190514889,0.0010133668020707,47.54605263157895,2,40,0.05,28980,38,32,28908
14,9,GO:0016783,,train,0.0068008219142321,0.0016939798089086,36.21303258145363,2,40,0.05,28980,38,42,28898
14,10,GO:0008138,,train,0.0073885858546691,0.0018501225030234,34.56459330143541,2,40,0.05,28980,38,44,28896
15,1,GO:0016616,,train,3.1420259652845417e-19,3.524274957106515e-20,37.758009744574046,18,44,0.4090909090909091,28980,26,521,28415
15,2,GO:0016614,,train,2.014952443729272e-18,2.3025835553762457e-19,33.78723685952602,18,44,0.4090909090909091,28980,26,581,28355
15,3,GO:0016628,,train,8.547007171707503e-05,1.694779609962448e-05,29.730927835051546,4,44,0.09090909090909091,28980,40,97,28839
15,4,GO:0016854,,train,0.0006666484521271,0.0001444336629443,16.821637426900583,4,44,0.09090909090909091,28980,40,171,28765
15,5,GO:0016857,,train,0.0009600986757829,0.0002124552654558,28.93050451052456,3,44,0.06818181818181818,28980,41,73,28863
15,6,GO:0016627,,train,0.002117909562544,0.0004877079729079,12.10928270042194,4,44,0.09090909090909091,28980,40,237,28699
15,7,GO:0004033,,train,0.0032660433512917,0.0007719025619773,55.06857142857143,2,44,0.045454545454545456,28980,42,25,28911
15,8,GO:0003954,,train,0.0049899286483431,0.0012129486458666,15.61029810298103,3,44,0.06818181818181818,28980,41,135,28801
15,9,GO:0016651,,train,0.0053965173526492,0.0013200023404113,9.204180064308682,4,44,0.09090909090909091,28980,40,311,28625
15,10,GO:0016620,,train,0.0108202226117287,0.0027965791986197,11.560171535781292,3,44,0.06818181818181818,28980,41,182,28754
16,1,GO:0046933,,train,3.696724506345972e-82,1.1706240124674092e-83,2063.285714285714,35,45,0.7777777777777778,28980,10,49,28886
16,2,GO:0015252,,train,2.8970199389229393e-81,9.30963726454716e-83,1907.301886792453,35,45,0.7777777777777778,28980,10,53,28882
16,3,GO:0015078,,train,4.261210791252722e-77,1.4767004616843804e-78,1085.375,38,45,0.8444444444444444,28980,7,144,28791
16,4,GO:0015077,,train,2.161861873888678e-72,8.245435040580775e-74,783.7415966386554,39,45,0.8666666666666667,28980,6,238,28697
16,5,GO:0022890,,train,1.315282716933191e-67,5.482752749790346e-69,575.7832817337461,39,45,0.8666666666666667,28980,6,323,28612
16,6,GO:0008324,,train,8.519525160454926e-67,3.611258431373078e-68,546.6691176470588,39,45,0.8666666666666667,28980,6,340,28595
16,7,GO:0005261,,train,9.169771148405632e-66,3.975528400164143e-67,562.268156424581,35,45,0.7777777777777778,28980,10,179,28756
16,8,GO:0016776,,train,3.0773176620256058e-65,1.3503886860926144e-66,540.9758064516129,35,45,0.7777777777777778,28980,10,186,28749
16,9,GO:0015318,,train,1.534045636868031e-62,7.113672095269335e-64,438.0115606936416,40,45,0.8888888888888888,28980,5,519,28416
16,10,GO:0015075,,train,6.962268498831734e-62,3.2672918344108847e-63,420.6666666666667,40,45,0.8888888888888888,28980,5,540,28395
17,1,GO:0008270,,train,7.184983598275356e-100,1.6585426591208894e-101,81.56389770903752,85,124,0.6854838709677419,28980,39,751,28105
17,2,GO:0046914,,train,3.1665263941526945e-88,9.099693566112409e-90,53.33267764937301,96,124,0.7741935483870968,28980,28,1743,27113
17,3,GO:0000981,,train,5.705035688216694e-11,8.088693420912441e-12,40.98166007905138,9,124,0.07258064516129033,28980,115,55,28801
17,4,GO:0003677,,train,3.990887000017076e-06,7.118525629992083e-07,3.3560759434622383,27,124,0.21774193548387097,28980,97,2210,26646
17,5,GO:0140110,,train,0.0003487659974516,7.34475424225862e-05,4.192877011722631,12,124,0.0967741935483871,28980,112,719,28137
17,6,GO:0003700,,train,0.0004534550627452,9.657024068189852e-05,4.382704548983077,11,124,0.08870967741935484,28980,113,627,28229
17,7,GO:0003682,,train,0.0216011504931955,0.0059436859297122,18.9055737704918,2,124,0.016129032258064516,28980,122,25,28831
17,8,GO:0061630,,train,0.0392947132703907,0.0115454191669455,13.123861566484518,2,124,0.016129032258064516,28980,122,36,28820
17,9,GO:0061659,,train,0.0392947132703907,0.0115454191669455,13.123861566484518,2,124,0.016129032258064516,28980,122,36,28820
18,1,GO:0016811,,train,1.4453286675651449e-12,1.935318668729026e-13,50.94460227272727,10,32,0.3125,28980,22,256,28692
18,2,GO:0016810,,train,5.922730059444982e-09,9.067049620839404e-10,20.802614187105306,10,32,0.3125,28980,22,619,28329
18,3,GO:0030246,,train,0.0001648437928579,3.350283372435735e-05,15.817025981205086,5,32,0.15625,28980,27,335,28613
18,4,GO:0016788,,train,0.000185776427202,3.7958537063421e-05,6.800745341614907,9,32,0.28125,28980,23,1575,27373
19,1,GO:0008658,,train,3.5149822465012597e-39,2.6174194775774678e-40,1927.8666666666663,16,22,0.7272727272727273,28980,6,40,28918
19,2,GO:0008144,,train,1.6521634034194485e-35,1.3401413317129369e-36,1040.8648648648648,16,22,0.7272727272727273,28980,6,74,28884
19,3,GO:0033293,,train,1.0025332611115676e-32,8.57250077389538e-34,668.823188405797,16,22,0.7272727272727273,28980,6,115,28843
19,4,GO:1901681,,train,8.193528560052969e-30,7.390184971263758e-31,426.3407407407407,16,22,0.7272727272727273,28980,6,180,28778
19,5,GO:0033218,,train,2.747461981607385e-29,2.5102773883567484e-30,393.3401709401709,16,22,0.7272727272727273,28980,6,195,28763
19,6,GO:0031406,,train,2.120201755014569e-28,1.965737632076958e-29,343.61733931240656,16,22,0.7272727272727273,28980,6,223,28735
19,7,GO:0043177,,train,5.367728793217258e-28,5.0175535574761315e-29,323.1617440225035,16,22,0.7272727272727273,28980,6,237,28721
19,8,GO:0004185,,train,2.538920825160099e-12,3.4271749604059337e-13,319.0147058823529,6,22,0.2727272727272727,28980,16,34,28924
19,9,GO:0070008,,train,2.3016333529388236e-11,3.214074521328579e-12,212.5514705882353,6,22,0.2727272727272727,28980,16,51,28907
19,10,GO:0004180,,train,2.4473200501477436e-10,3.5544461460094656e-11,138.84615384615384,6,22,0.2727272727272727,28980,16,78,28880
20,1,GO:0016301,,train,1.7048155224136042e-89,4.794278646386794e-91,296.0097323600973,70,76,0.9210526315789473,28980,6,1096,27808
20,2,GO:0016774,,train,9.114590338642716e-88,2.635293278331535e-89,2108.4161735700195,37,76,0.4868421052631579,28980,39,13,28891
20,3,GO:0016772,,train,8.362476648377481e-76,2.9714632728364774e-77,181.13684009910423,70,76,0.9210526315789473,28980,6,1749,27155
20,4,GO:0005524,,train,3.6527828988275543e-53,2.029858850829268e-54,52.70242083306997,63,76,0.8289473684210527,28980,13,2434,26470
20,5,GO:0032559,,train,8.871267909766002e-53,4.971361136415725e-54,51.8636561818748,63,76,0.8289473684210527,28980,13,2470,26434
20,6,GO:0030554,,train,9.771212984786005e-53,5.487129885998994e-54,51.771966917480256,63,76,0.8289473684210527,28980,13,2474,26430
20,7,GO:0035639,,train,1.3433476621054556e-50,7.88607292632432e-52,48.64239028944911,64,76,0.8421052631578947,28980,12,2856,26048
20,8,GO:0032555,,train,5.130234392156902e-50,3.049256109701015e-51,47.477446614137264,64,76,0.8421052631578947,28980,12,2919,25985
20,9,GO:0017076,,train,5.82356574384274e-50,3.46305722822766e-51,47.36911680911681,64,76,0.8421052631578947,28980,12,2925,25979
20,10,GO:0032553,,train,1.862738424105636e-48,1.1464432812039549e-49,44.47431340872375,64,76,0.8421052631578947,28980,12,3095,25809
21,1,GO:0004540,,train,1.472793491386747e-131,1.863804049210753e-133,1469.9564553093965,67,74,0.9054054054054054,28980,7,187,28719
21,2,GO:0004519,,train,2.3639233524385302e-127,3.1923387101214586e-129,2632.246153846154,72,74,0.972972972972973,28980,2,390,28516
21,3,GO:0004518,,train,7.944507687938106e-119,1.24507473212259e-120,3534.073504273504,73,74,0.9864864864864865,28980,1,585,28321
21,4,GO:0004521,,train,4.765659909988973e-109,9.116137684104637e-111,737.5943176525384,55,74,0.7432432432432432,28980,19,113,28793
21,5,GO:0016788,,train,3.639731070660443e-90,1.0065050035748479e-91,1323.5175380542687,73,74,0.9864864864864865,28980,1,1511,27395
21,6,GO:0140098,,train,7.712526245047883e-90,2.1531000121658704e-91,296.8202816010125,67,74,0.9054054054054054,28980,7,903,28003
21,7,GO:0016894,,train,7.319642263119641e-50,4.365583281398948e-51,766.3748558246829,23,74,0.3108108108108108,28980,51,17,28889
21,8,GO:0004549,,train,4.221886256045197e-44,2.825968917908216e-45,1426.1844155844155,19,74,0.25675675675675674,28980,55,7,28899
21,9,GO:0003723,,train,2.3319142574727388e-33,1.9700737377483023e-34,23.610047461990185,43,74,0.581081081081081,28980,31,1604,27302
21,10,GO:0140101,,train,2.418669659119293e-18,2.769598880246453e-19,26.071765271765276,19,74,0.25675675675675674,28980,55,378,28528
22,1,GO:0008047,,train,2.624384775517061e-07,4.3551395123485235e-08,66.75231481481481,5,23,0.21739130434782608,28980,18,120,28837
22,2,GO:0030234,,train,5.340343733979062e-07,9.012426473167935e-08,25.00163152610442,7,23,0.30434782608695654,28980,16,498,28459
22,3,GO:0098772,,train,1.5316975260481514e-05,2.848741129237986e-06,14.680265513126493,7,23,0.30434782608695654,28980,16,838,28119
22,4,GO:0019208,,train,1.930951801918598e-05,3.617317506889719e-06,123.95142857142856,3,23,0.13043478260869565,28980,20,35,28922
22,5,GO:0030695,,train,0.0001104043972627,2.210869319764965e-05,65.66136363636363,3,23,0.13043478260869565,28980,20,66,28891
22,6,GO:0060589,,train,0.0002685342115818,5.583548155397035e-05,47.581318681318685,3,23,0.13043478260869565,28980,20,91,28866
22,7,GO:0042393,,train,0.0006953571293596,0.0001508980172333,131.22902494331066,2,23,0.08695652173913043,28980,21,21,28936
23,1,GO:0016836,,train,4.138087550914301e-11,5.841592380073239e-12,184.91505078485687,7,10,0.7,28980,3,361,28609
23,2,GO:0051536,,train,1.1354112942084287e-10,1.6314240847445127e-11,158.99522673031026,7,10,0.7,28980,3,419,28551
23,3,GO:0051540,,train,1.1728345344647705e-10,1.6858830771944306e-11,158.22882026920033,7,10,0.7,28980,3,421,28549
23,4,GO:0016835,,train,2.4104654216756874e-10,3.498094647737457e-11,142.1039886039886,7,10,0.7,28980,3,468,28502
23,5,GO:0051539,,train,4.424420230471197e-08,7.040293725845722e-09,128.9103139013453,5,10,0.5,28980,5,223,28747
23,6,GO:0016829,,train,1.6583605592491166e-07,2.7209413517164084e-08,52.62330623306233,7,10,0.7,28980,3,1230,27740
23,7,GO:0003729,,train,0.0025132359786252,0.0005850744447999,69.38942307692308,2,10,0.2,28980,8,104,28866
23,8,GO:0051537,,train,0.0051668253434646,0.0012594297589995,46.77922077922078,2,10,0.2,28980,8,154,28816
24,1,GO:0090729,,train,2.0959803689026926e-24,2.1066024096157067e-25,inf,12,12,1.0,28980,0,248,28720
24,2,GO:0005102,,train,9.132911130748413e-14,1.1766277983721918e-14,190.9821428571429,9,12,0.75,28980,3,448,28520
25,1,GO:0003677,,train,7.388013939481959e-35,6.077143024303642e-36,141.67423554344535,35,38,0.9210526315789473,28980,3,2202,26740
25,2,GO:0000977,,train,4.19405809489816e-06,7.495664070355824e-07,225.43636363636364,3,38,0.07894736842105263,28980,35,11,28931
25,3,GO:0000976,,train,0.000131828355088,2.654176654423285e-05,60.42020905923345,3,38,0.07894736842105263,28980,35,41,28901
25,4,GO:0001067,,train,0.000131828355088,2.654176654423285e-05,60.42020905923345,3,38,0.07894736842105263,28980,35,41,28901
25,5,GO:1990837,,train,0.0004804289389811,0.0001026525084491,37.5012987012987,3,38,0.07894736842105263,28980,35,66,28876
25,6,GO:0003727,,train,0.0013886520175078,0.0003133894350083,89.27160493827161,2,38,0.05263157894736842,28980,36,18,28924
25,7,GO:0003690,,train,0.0022705610602281,0.000525454268852,21.11721611721612,3,38,0.07894736842105263,28980,35,117,28825
25,8,GO:0043021,,train,0.0178494748134681,0.0048402785349701,20.826118326118326,2,38,0.05263157894736842,28980,36,77,28865
25,9,GO:0043565,,train,0.0304733338838771,0.008673580724754,7.666607142857143,3,38,0.07894736842105263,28980,35,320,28622
26,1,GO:0016810,,train,3.173091984851915e-21,3.390877804358844e-22,173.1290716612378,15,19,0.7894736842105263,28980,4,614,28347
26,2,GO:0016811,,train,1.555543133437695e-09,2.326228929372656e-10,64.64414414414415,7,19,0.3684210526315789,28980,12,259,28702
28,1,GO:0004659,,train,4.186931151381695e-74,1.5368148146237992e-75,1120.177438307873,33,70,0.4714285714285714,28980,37,23,28887
28,2,GO:0016765,,train,4.945345544619676e-52,2.8118802771499523e-53,106.56730091613812,37,70,0.5285714285714286,28980,33,301,28609
29,1,GO:0005524,,train,3.0459693728257705e-104,6.486860983813267e-106,61.25231481481482,121,143,0.8461538461538461,28980,22,2376,26461
29,2,GO:0032559,,train,1.7205351497316242e-103,3.714545523485388e-105,60.25601160862355,121,143,0.8461538461538461,28980,22,2412,26425
29,3,GO:0030554,,train,2.0740816030938162e-103,4.5021368834183365e-105,60.147144039735096,121,143,0.8461538461538461,28980,22,2416,26421
29,4,GO:0035639,,train,1.8067246730345183e-99,4.18642299080266e-101,57.25634608509117,123,143,0.8601398601398601,28980,20,2797,26040
29,5,GO:0032555,,train,2.4621677429436274e-98,5.827786672227938e-100,55.85963286713287,123,143,0.8601398601398601,28980,20,2860,25977
29,6,GO:0017076,,train,3.1427713781636436e-98,7.466349086594356e-100,55.72981507327285,123,143,0.8601398601398601,28980,20,2866,25971
29,7,GO:0032553,,train,2.6948078878132306e-95,6.788923407210294e-97,52.264871541501975,123,143,0.8601398601398601,28980,20,3036,25801
29,8,GO:0097367,,train,1.887276863681723e-92,4.931455495222477e-94,49.09845794392523,123,143,0.8601398601398601,28980,20,3210,25627
29,9,GO:0016301,,train,3.743196929465099e-38,2.8597292064460787e-39,15.597434743474349,55,143,0.38461538461538464,28980,88,1111,27726
29,10,GO:0016772,,train,1.8875396614168e-35,1.5332769373725826e-36,11.797325688427946,62,143,0.43356643356643354,28980,81,1757,27080
30,1,GO:0032559,,train,1.3381832030744907e-66,5.707574607248612e-68,63.75025056376848,77,90,0.8555555555555555,28980,13,2456,26434
30,2,GO:0030554,,train,1.5088671529374904e-66,6.444410197096585e-68,63.63696060037523,77,90,0.8555555555555555,28980,13,2460,26430
30,3,GO:0005524,,train,2.60608533815195e-65,1.1420756557035816e-66,59.35103558151885,76,90,0.8444444444444444,28980,14,2421,26469
30,4,GO:0032555,,train,3.3833313370442946e-61,1.60856160764651e-62,52.961194345915615,77,90,0.8555555555555555,28980,13,2906,25984
30,5,GO:0017076,,train,3.9335892547003024e-61,1.87593617091487e-62,52.83986686390533,77,90,0.8555555555555555,28980,13,2912,25978
30,6,GO:0035639,,train,3.2744441327104886e-60,1.5836503685458643e-61,49.71609403254973,76,90,0.8444444444444444,28980,14,2844,26046
30,7,GO:0032553,,train,2.619534170027729e-59,1.2876287715108322e-60,49.59856237208606,77,90,0.8555555555555555,28980,13,3082,25808
30,8,GO:0097367,,train,1.510696454099191e-57,7.700184052882775e-59,46.63149688149688,77,90,0.8555555555555555,28980,13,3256,25634
30,9,GO:0003677,,train,7.043091159125107e-08,1.1314500956921256e-08,4.638684100709417,25,90,0.2777777777777778,28980,65,2212,26678
30,10,GO:0004386,,train,0.0009680010528697,0.0002142606542895,14.883720930232558,4,90,0.044444444444444446,28980,86,90,28800
31,1,GO:0019904,,train,4.74533465174034e-05,9.17734404628108e-06,34.85265700483092,4,76,0.05263157894736842,28980,72,46,28858
31,2,GO:0003677,,train,0.0026478591629196,0.0006181207976479,2.952811674610084,15,76,0.19736842105263158,28980,61,2222,26682
32,1,GO:0016765,,train,2.396560745566538e-20,2.6137023334634624e-21,112.46745230078564,14,25,0.56,28980,11,324,28631
32,2,GO:0016783,,train,1.2800416649954182e-16,1.5261357402616963e-17,378.0261437908497,8,25,0.32,28980,17,36,28919
32,3,GO:0016782,,train,1.6571252763385621e-13,2.1495007539113437e-14,141.4656862745098,8,25,0.32,28980,17,96,28859
32,4,GO:0016646,,train,0.0125420390245174,0.0032926664246338,25.870013446884805,2,25,0.08,28980,23,97,28858
32,5,GO:0016645,,train,0.0204581139685404,0.0055992078626731,19.583559782608692,2,25,0.08,28980,23,128,28827
33,1,GO:0003700,,train,7.693816620341744e-95,1.9472881506796928e-96,1443.9205526770293,59,61,0.9672131147540983,28980,2,579,28340
33,2,GO:0140110,,train,3.148677792992273e-91,8.522653662374726e-93,1240.0096726190477,59,61,0.9672131147540983,28980,2,672,28247
33,3,GO:0003677,,train,6.659321750099267e-13,8.803796191287456e-14,8.973418621179816,26,61,0.4262295081967213,28980,35,2211,26708
34,1,GO:0034062,,train,0.0024128261436065,0.0005601443357085,11.495801679328268,4,65,0.06153846153846154,28980,61,164,28751
34,2,GO:0097747,,train,0.0024128261436065,0.0005601443357085,11.495801679328268,4,65,0.06153846153846154,28980,61,164,28751
34,3,GO:0003899,,train,0.0068775732030161,0.0017149105985901,13.66840607210626,3,65,0.046153846153846156,28980,62,102,28813
34,4,GO:0016779,,train,0.0179266306361564,0.0048643518640395,4.884879725085911,5,65,0.07692307692307693,28980,60,485,28430
34,5,GO:0003678,,train,0.022925699685268,0.0063410509543398,17.967009025832557,2,65,0.03076923076923077,28980,63,51,28864
35,1,GO:0016765,,train,5.5538973573501776e-43,3.834706058316305e-44,2091.247619047619,23,24,0.9583333333333334,28980,1,315,28641
36,1,GO:0005198,,train,5.414058396848103e-115,8.976644264627899e-117,56.8159055342154,116,160,0.725,28980,44,1278,27542
36,2,GO:0003735,,train,2.624014537747891e-15,3.242257175563349e-16,7.683873485533855,31,160,0.19375,28980,129,874,27946
36,3,GO:0017056,,train,2.9028338115290444e-06,5.140355154434506e-07,38.704301075268816,5,160,0.03125,28980,155,24,28796
36,4,GO:0008121,,train,0.0001786516973811,3.6471385272556856e-05,24.60683760683761,4,160,0.025,28980,156,30,28790
36,5,GO:0016681,,train,0.0001786516973811,3.6471385272556856e-05,24.60683760683761,4,160,0.025,28980,156,30,28790
36,6,GO:0016679,,train,0.0001856868839425,3.793480178736506e-05,14.72452636968766,5,160,0.03125,28980,155,63,28757
36,7,GO:0016151,,train,0.0013373376764915,0.0003010253597609,13.659069325735992,4,160,0.025,28980,156,54,28766
36,8,GO:0051537,,train,0.0071258622212906,0.0017803696541989,6.1245460371715446,5,160,0.03125,28980,155,151,28669
36,9,GO:0017069,,train,0.0116478085075972,0.0030340191947023,28.049659201557937,2,160,0.0125,28980,158,13,28807
36,10,GO:0051536,,train,0.0335273320323151,0.0096671095494231,3.101174598717769,7,160,0.04375,28980,153,419,28401
38,1,GO:0004553,,train,8.367353115565191e-178,4.902219360556108e-180,224.60873671782764,136,156,0.8717948717948718,28980,20,847,27977
38,2,GO:0016798,,train,4.338288725984428e-170,2.910238504409977e-172,201.20289855072463,138,156,0.8846153846153846,28980,18,1058,27766
38,3,GO:0030247,,train,8.490412670203732e-17,1.0065530092367377e-17,54.5,13,156,0.08333333333333333,28980,143,48,28776
38,4,GO:0030246,,train,2.179882581281422e-14,2.765003244851205e-15,13.099264705882351,20,156,0.1282051282051282,28980,136,320,28504
38,5,GO:0015925,,train,7.259562893282693e-10,1.071166719203941e-10,42.05551497443389,8,156,0.05128205128205128,28980,148,37,28787
38,6,GO:0005509,,train,7.621474249176917e-08,1.2265981054274828e-08,5.914022088634139,18,156,0.11538461538461539,28980,138,622,28202
38,7,GO:0097599,,train,1.1481821720834533e-06,1.976701709387016e-07,28.0809756097561,6,156,0.038461538461538464,28980,150,41,28783
38,8,GO:0015929,,train,0.004641111739506,0.00112407979208,16.12829131652661,3,156,0.019230769230769232,28980,153,35,28789
38,9,GO:0015926,,train,0.0304599637163144,0.0086676442417977,7.516078431372549,3,156,0.019230769230769232,28980,153,75,28749
39,1,GO:0016853,,train,3.4658280625872694e-37,2.706710494436436e-38,75.52,32,46,0.6956521739130435,28980,14,850,28084
39,2,GO:0016855,,train,1.6561233774996486e-26,1.5951412441687448e-27,196.70377101317584,15,46,0.32608695652173914,28980,31,71,28863
39,3,GO:0016854,,train,1.309562602444346e-25,1.2801389707229056e-26,106.7638585770406,17,46,0.3695652173913043,28980,29,158,28776
39,4,GO:0000287,,train,4.472242174778965e-17,5.263927427208566e-18,27.58237589421201,18,46,0.391304347826087,28980,28,659,28275
39,5,GO:0016836,,train,7.502847756601753e-11,1.0694805396966379e-11,25.1578231292517,11,46,0.2391304347826087,28980,35,357,28577
39,6,GO:0016835,,train,1.0947359620142556e-09,1.626855182147909e-10,19.283866995073893,11,46,0.2391304347826087,28980,35,464,28470
39,7,GO:0030145,,train,1.3371590826394361e-08,2.0748547501951232e-09,39.76883629191322,7,46,0.15217391304347827,28980,39,130,28804
39,8,GO:0016829,,train,1.4859080810987963e-05,2.76053228178474e-06,7.102959683057563,11,46,0.2391304347826087,28980,35,1226,27708
39,9,GO:0036361,,train,0.0009726481643998,0.000215346246786,28.76810631229236,3,46,0.06521739130434782,28980,43,70,28864
40,1,GO:0004550,,train,1.171631351569254e-121,1.7298010990740374e-123,inf,40,40,1.0,28980,0,7,28933
40,2,GO:0019205,,train,1.3628358590924478e-94,3.4732612631761133e-96,inf,40,40,1.0,28980,0,99,28841
40,3,GO:0016776,,train,1.5598985920515062e-85,4.679193128455173e-87,inf,40,40,1.0,28980,0,181,28759
40,4,GO:0016301,,train,1.5128427057326623e-55,7.977024549078105e-57,inf,40,40,1.0,28980,0,1126,27814
40,5,GO:0016772,,train,8.680114465679415e-48,5.413470339347768e-49,inf,40,40,1.0,28980,0,1779,27161
40,6,GO:0005524,,train,6.576768835548262e-28,6.161205359604926e-29,50.65561224489796,33,40,0.825,28980,7,2464,26476
40,7,GO:0032559,,train,1.0453384529453066e-27,9.820430672278167e-29,49.858285714285714,33,40,0.825,28980,7,2500,26440
40,8,GO:0030554,,train,1.0997637621507898e-27,1.033817240162253e-28,49.77110908261068,33,40,0.825,28980,7,2504,26436
40,9,GO:0035639,,train,1.021725790360394e-25,9.966742484401416e-27,42.54287693601861,33,40,0.825,28980,7,2887,26053
40,10,GO:0032555,,train,2.0292842670660767e-25,1.9908231568105842e-26,41.53365617433414,33,40,0.825,28980,7,2950,25990
41,1,GO:0016782,,train,3.014846517143364e-30,2.704238812869608e-31,898.2088888888889,14,19,0.7368421052631579,28980,5,90,28871
41,2,GO:0016833,,train,0.0032850541731864,0.0007765880767968,55.73770491803279,2,19,0.10526315789473684,28980,17,61,28900
42,1,GO:0016829,,train,8.49446057103889e-61,4.070931099457956e-62,112.85288697788698,53,64,0.828125,28980,11,1184,27732
42,2,GO:0016830,,train,5.525785172904794e-53,3.080402256799901e-54,106.09861575178998,39,64,0.609375,28980,25,419,28497
42,3,GO:0016832,,train,4.4759067213253017e-35,3.667232467140326e-36,163.71822606814493,21,64,0.328125,28980,43,86,28830
42,4,GO:0016833,,train,4.833274962394197e-24,4.905907884317865e-25,164.9542857142857,14,64,0.21875,28980,50,49,28867
42,5,GO:0016836,,train,9.616280364765262e-12,1.324256202793494e-12,20.507760287213475,13,64,0.203125,28980,51,355,28561
42,6,GO:0016835,,train,2.2185626892436892e-10,3.2163537361417287e-11,15.699091757915289,13,64,0.203125,28980,51,462,28454
42,7,GO:0016646,,train,0.0003311372643703,6.956045706417553e-05,20.225263157894737,4,64,0.0625,28980,60,95,28821
42,8,GO:0000287,,train,0.0005529267750127,0.0001189690705823,6.031817211189408,8,64,0.125,28980,56,669,28247
42,9,GO:0016645,,train,0.0009044642442616,0.0001994288416251,15.232804232804233,4,64,0.0625,28980,60,126,28790
42,10,GO:0016742,,train,0.0018572646526243,0.0004256197491718,22.52380952380953,3,64,0.046875,28980,61,63,28853
43,1,GO:0004518,,train,2.4025063459479863e-20,2.620890421627648e-21,132.11664074650076,15,20,0.75,28980,5,643,28317
43,2,GO:0008408,,train,1.0185841461406013e-19,1.1293731122073341e-20,352.1707317073171,10,20,0.5,28980,10,82,28878
43,3,GO:0004527,,train,1.198299814916476e-19,1.3307421854141725e-20,241.2130898021309,11,20,0.55,28980,9,146,28814
43,4,GO:0016788,,train,1.036160048633902e-14,1.302750367266224e-15,52.37284894837476,15,20,0.75,28980,5,1569,27391
43,5,GO:0004519,,train,6.232641726782022e-11,8.849522351030397e-12,51.48765803732691,9,20,0.45,28980,11,453,28507
43,6,GO:0030145,,train,2.438130199907348e-09,3.6689442062641845e-10,94.31515812431844,6,20,0.3,28980,14,131,28829
43,7,GO:0140097,,train,5.812500837523796e-06,1.049543169068655e-06,23.578060237634705,6,20,0.3,28980,14,517,28443
43,8,GO:0004536,,train,0.000417934621969,8.872402980371746e-05,41.03795066413662,3,20,0.15,28980,17,124,28836
43,9,GO:0046914,,train,0.0047769148403372,0.0011580908462556,6.342529810614917,6,20,0.3,28980,14,1833,27127
43,10,GO:0003887,,train,0.0065811161514522,0.001634242072117,37.74509803921568,2,20,0.1,28980,18,85,28875
44,1,GO:0005509,,train,5.323956500991432e-42,3.744564419509748e-43,44.78961892780325,39,80,0.4875,28980,41,601,28299
45,1,GO:0031625,,train,1.0090391566038904e-05,1.8536147145510724e-06,29.26943426943427,5,187,0.026737967914438502,28980,182,27,28766
45,2,GO:0044389,,train,1.5801518293600183e-05,2.9416366041488467e-06,26.33974358974359,5,187,0.026737967914438502,28980,182,30,28763
45,3,GO:0016758,,train,2.8300601439409035e-05,5.367970071188842e-06,9.213134520316707,8,187,0.0427807486631016,28980,179,139,28654
45,4,GO:0004601,,train,3.161421803680193e-05,6.018712922083831e-06,7.6522204387372925,9,187,0.0481283422459893,28980,178,189,28604
45,5,GO:0035639,,train,4.455150381145447e-05,8.591339297267036e-06,2.370066699813316,39,187,0.20855614973262032,28980,148,2881,25912
45,6,GO:0032553,,train,4.933866665810637e-05,9.565084686508712e-06,2.312412681118033,41,187,0.2192513368983957,28980,146,3118,25675
45,7,GO:0019899,,train,5.123016612109538e-05,9.948289867789826e-06,5.632318037974684,11,187,0.058823529411764705,28980,176,316,28477
45,8,GO:0016684,,train,6.888445543579448e-05,1.3521830737184252e-05,6.881942215088283,9,187,0.0481283422459893,28980,178,210,28583
45,9,GO:0032555,,train,7.161890053300215e-05,1.4090064621368089e-05,2.313709514541716,39,187,0.20855614973262032,28980,148,2944,25849
45,10,GO:0017076,,train,7.4857038549504e-05,1.4755632082479785e-05,2.3084677049931286,39,187,0.20855614973262032,28980,148,2950,25843
46,1,GO:0003735,,train,4.455907409813509e-205,1.6055207294345188e-207,1273.4559399477807,139,143,0.972027972027972,28980,4,766,28071
46,2,GO:0005198,,train,1.7639988675309142e-177,1.0438168885410104e-179,763.7247011952192,139,143,0.972027972027972,28980,4,1255,27582
46,3,GO:0019843,,train,1.7447733522069026e-44,1.1632844566373465e-45,39.15893729505454,41,143,0.2867132867132867,28980,102,293,28544
46,4,GO:0003723,,train,7.943578946405768e-37,6.247915596302981e-38,12.78189493433396,61,143,0.42657342657342656,28980,82,1586,27251
46,5,GO:0000049,,train,3.1730184399014464e-10,4.629816577071537e-11,20.281779661016948,11,143,0.07692307692307693,28980,132,118,28719
46,6,GO:0003729,,train,3.471430609667599e-07,5.790293784294844e-08,17.378080120937263,8,143,0.055944055944055944,28980,135,98,28739
46,7,GO:0070180,,train,0.0176399527122631,0.0047746774192609,21.513997760358343,2,143,0.013986013986013986,28980,141,19,28818
47,1,GO:0042803,,train,4.878303714812865e-16,5.907639088682774e-17,37.869868173258006,14,73,0.1917808219178082,28980,59,180,28727
47,2,GO:0038023,,train,2.696484908107763e-13,3.5158491742061845e-14,14.45471590909091,18,73,0.2465753424657534,28980,55,640,28267
47,3,GO:0060089,,train,4.3535771506446333e-13,5.705804309688635e-14,14.028528072837632,18,73,0.2465753424657534,28980,55,659,28248
47,4,GO:0050839,,train,3.968541640847456e-12,5.383694038364406e-13,84.58608058608058,8,73,0.1095890410958904,28980,65,42,28865
47,5,GO:0046983,,train,1.565638734913422e-11,2.1743835844463585e-12,16.825617674340165,14,73,0.1917808219178082,28980,59,402,28505
47,6,GO:0042802,,train,9.34055207311431e-10,1.383420666188181e-10,10.91618988711922,15,73,0.2054794520547945,28980,58,669,28238
47,7,GO:0017080,,train,0.0001870837575128,3.824209684286252e-05,53.82111801242236,3,73,0.0410958904109589,28980,70,23,28884
47,8,GO:0016247,,train,0.000702237700721,0.0001525968674443,32.55902255639098,3,73,0.0410958904109589,28980,70,38,28869
47,9,GO:0003823,,train,0.011595091853674,0.0030182495887672,11.118146718146718,3,73,0.0410958904109589,28980,70,111,28796
48,1,GO:0008092,,train,3.691626208148256e-20,4.048817565488201e-21,29.50840010338589,20,73,0.273972602739726,28980,53,365,28542
48,2,GO:0044877,,train,4.266085953098135e-07,7.164505014826025e-08,13.686065051020408,9,73,0.1232876712328767,28980,64,294,28613
48,3,GO:0003779,,train,1.1188053351602896e-05,2.059844605994206e-06,13.45984178063824,7,73,0.0958904109589041,28980,66,226,28681
48,4,GO:0051015,,train,0.0006272966749072,0.0001356689618548,16.868979651588347,4,73,0.0547945205479452,28980,69,99,28808
48,5,GO:0050839,,train,0.0012324682098325,0.0002760480397334,26.316109422492403,3,73,0.0410958904109589,28980,70,47,28860
48,6,GO:0019901,,train,0.0162772188630988,0.0043662446357148,21.97944423296536,2,73,0.0273972602739726,28980,71,37,28870
48,7,GO:0019900,,train,0.0210578098932055,0.0057769103802287,18.90861447756305,2,73,0.0273972602739726,28980,71,43,28864
48,8,GO:0005102,,train,0.0216353074271749,0.0059537181934815,4.628936751691827,5,73,0.0684931506849315,28980,68,452,28455
48,9,GO:0030674,,train,0.0218811701495041,0.0060297087499307,18.478233034571065,2,73,0.0273972602739726,28980,71,44,28863
48,10,GO:0019904,,train,0.0253453067129603,0.0070904789263488,16.936032863849764,2,73,0.0273972602739726,28980,71,48,28859
49,1,GO:0090729,,train,1.6935168324108115e-41,1.206005044260094e-42,144.58275797723456,27,50,0.54,28980,23,233,28697
49,2,GO:0008137,,train,0.0055292151104284,0.0013548901309058,14.949143746756617,3,50,0.06,28980,47,123,28807
49,3,GO:0050136,,train,0.0060055386684737,0.0014819889780362,14.476294186630929,3,50,0.06,28980,47,127,28803
49,4,GO:0003954,,train,0.0070424861363804,0.0017580943508285,13.61465721040189,3,50,0.06,28980,47,135,28795
49,5,GO:0016655,,train,0.0119462595471445,0.0031229580864961,11.060240963855422,3,50,0.06,28980,47,166,28764
50,1,GO:0004553,,train,9.300674836960708e-53,5.2147205782414367e-54,562.8624338624338,38,40,0.95,28980,2,945,27995
50,2,GO:0016798,,train,3.797038870580798e-52,2.1556262504571543e-53,936.505617977528,39,40,0.975,28980,1,1157,27783
50,3,GO:0008422,,train,6.699063485571586e-24,6.823283750573397e-25,334.7837837837838,12,40,0.3,28980,28,37,28903
50,4,GO:0015926,,train,2.9319143072948805e-21,3.1297113793779607e-22,187.4935064935065,12,40,0.3,28980,28,66,28874
50,5,GO:0015929,,train,3.102086072362294e-20,3.394965452835789e-21,344.1904761904762,10,40,0.25,28980,30,28,28912
51,1,GO:0004527,,train,8.974696264764977e-88,2.5922168078795053e-89,578.6316964285714,45,65,0.6923076923076923,28980,20,112,28803
51,2,GO:0008408,,train,8.68372076582279e-83,2.716762977970747e-84,816.8490566037735,39,65,0.6,28980,26,53,28862
51,3,GO:0004518,,train,7.974356608418838e-75,2.8685912397511e-76,206.67079889807164,53,65,0.8153846153846154,28980,12,605,28310
51,4,GO:0016796,,train,3.270049609234728e-72,1.2529586339980148e-73,902.5625,33,65,0.5076923076923077,28980,32,33,28882
51,5,GO:0004532,,train,9.60419077718992e-71,3.764363376945869e-72,1651.428571428571,30,65,0.46153846153846156,28980,35,15,28900
51,6,GO:0016896,,train,2.3759715902861305e-65,1.0398399261468432e-66,1458.018018018018,28,65,0.4307692307692308,28980,37,15,28900
51,7,GO:0016788,,train,2.123440298608301e-54,1.152008504854725e-55,78.99804049640758,53,65,0.8153846153846154,28980,12,1531,27384
51,8,GO:0004540,,train,5.407270082183406e-52,3.078531132580157e-53,143.0542521994135,34,65,0.5230769230769231,28980,31,220,28695
51,9,GO:0140098,,train,5.700912415108149e-32,4.949909013205775e-33,32.78487730907086,34,65,0.5230769230769231,28980,31,936,27979
51,10,GO:0004536,,train,9.156684675460202e-08,1.4809167792487853e-08,28.96048850574713,7,65,0.1076923076923077,28980,58,120,28795
52,1,GO:0005198,,train,2.883103537094781e-111,5.295444584346684e-113,98.91387559808612,102,124,0.8225806451612904,28980,22,1292,27564
53,1,GO:0008047,,train,7.771487635619393e-18,8.976470031709663e-19,51.86486486486486,14,84,0.16666666666666666,28980,70,111,28785
53,2,GO:0030234,,train,4.1972767818749025e-14,5.354641704035269e-15,15.909464252380063,18,84,0.21428571428571427,28980,66,487,28409
53,3,GO:0098772,,train,2.1742645678597615e-12,2.929209581271654e-13,10.632954545454544,20,84,0.23809523809523808,28980,64,825,28071
53,4,GO:0005096,,train,5.6538534452202897e-11,8.014470170612821e-12,58.388663967611336,8,84,0.09523809523809523,28980,76,52,28844
53,5,GO:0030695,,train,1.7743998130277423e-10,2.5646332945129568e-11,49.75841242450388,8,84,0.09523809523809523,28980,76,61,28835
53,6,GO:0019899,,train,1.2770611623488934e-09,1.9037889255627384e-10,15.122222222222222,12,84,0.14285714285714285,28980,72,315,28581
53,7,GO:0060589,,train,2.144424436730273e-09,3.220688428132557e-10,35.26315789473684,8,84,0.09523809523809523,28980,76,86,28810
53,8,GO:0061629,,train,3.841913883339298e-07,6.429637641127635e-08,144.43,4,84,0.047619047619047616,28980,80,10,28886
53,9,GO:0140297,,train,5.189259761161799e-07,8.74833462972322e-08,131.29545454545453,4,84,0.047619047619047616,28980,80,11,28885
53,10,GO:0032182,,train,2.155801097383791e-06,3.78529799857001e-07,84.93823529411765,4,84,0.047619047619047616,28980,80,17,28879
54,1,GO:0016887,,train,3.5518407169643647e-91,9.630543891891495e-93,276.7492354740061,57,75,0.76,28980,18,327,28578
54,2,GO:0017111,,train,9.10837859953897e-73,3.4606342219884715e-74,122.73773498395232,57,75,0.76,28980,18,727,28178
54,3,GO:0016462,,train,1.413172535285876e-68,5.7955929033020665e-70,102.16417337936323,57,75,0.76,28980,18,869,28036
54,4,GO:0016818,,train,7.432341361809145e-68,3.0851063976575437e-69,98.99014136904762,57,75,0.76,28980,18,896,28009
54,5,GO:0016817,,train,1.4391219053965354e-67,6.011623274146701e-69,97.75119441381844,57,75,0.76,28980,18,907,27998
54,6,GO:0005524,,train,3.2369302084231434e-67,1.361640384127379e-68,152.73671199011125,70,75,0.9333333333333333,28980,5,2427,26478
54,7,GO:0032559,,train,8.801531939521818e-67,3.7359521282968955e-68,150.29963459196102,70,75,0.9333333333333333,28980,5,2463,26442
54,8,GO:0030554,,train,9.810069487078232e-67,4.175537090173322e-68,150.03323875152006,70,75,0.9333333333333333,28980,5,2467,26438
54,9,GO:0035639,,train,1.7864018413891836e-62,8.299596685248397e-64,127.98947368421052,70,75,0.9333333333333333,28980,5,2850,26055
54,10,GO:0032555,,train,7.921554044266633e-62,3.719791174666612e-63,124.91864057672502,70,75,0.9333333333333333,28980,5,2913,25992
55,1,GO:0004812,,train,1.5850272736549198e-158,1.2304309913541138e-160,3851.919642857143,75,79,0.9493670886075949,28980,4,140,28761
55,2,GO:0016875,,train,2.4096079814426397e-158,1.884656914916908e-160,3824.468085106383,75,79,0.9493670886075949,28980,4,141,28760
55,3,GO:0140101,,train,1.2747483850152951e-145,1.1949482473705787e-147,6988.702194357366,78,79,0.9873417721518988,28980,1,319,28582
55,4,GO:0016874,,train,3.5302644066941487e-134,4.157267163169136e-136,inf,79,79,1.0,28980,0,520,28381
55,5,GO:0140098,,train,1.7327343553887463e-113,2.9642817574685176e-115,2449.217488789237,78,79,0.9873417721518988,28980,1,892,28009
55,6,GO:0005524,,train,2.717245804093082e-78,9.185639212360244e-80,421.2886363636364,77,79,0.9746835443037974,28980,2,2420,26481
55,7,GO:0032559,,train,8.206607170518982e-78,2.8054927404270006e-79,414.5490635179153,77,79,0.9746835443037974,28980,2,2456,26445
55,8,GO:0030554,,train,9.273330460559392e-78,3.1728769305836395e-79,413.8123983739837,77,79,0.9746835443037974,28980,2,2460,26441
55,9,GO:0035639,,train,4.8014094109340464e-73,1.8101807164871306e-74,352.8782975729863,77,79,0.9746835443037974,28980,2,2843,26058
55,10,GO:0032555,,train,2.4951941628444026e-72,9.524088215678755e-74,344.39349621472815,77,79,0.9746835443037974,28980,2,2906,25995
56,1,GO:0030170,,train,4.191318082569382e-84,1.2891829940234497e-85,130.17909276408727,58,104,0.5576923076923077,28980,46,277,28599
56,2,GO:0070279,,train,4.191318082569382e-84,1.2891829940234497e-85,130.17909276408727,58,104,0.5576923076923077,28980,46,277,28599
56,3,GO:0019842,,train,1.7209766186058543e-75,6.1504862017726865e-77,85.12643328259766,59,104,0.5673076923076923,28980,45,438,28438
56,4,GO:0008483,,train,8.926009332377674e-70,3.561304364970089e-71,134.71964905121405,46,104,0.4423076923076923,28980,58,169,28707
56,5,GO:0016769,,train,1.8053930701015973e-69,7.234899727272418e-71,132.3560545308741,46,104,0.4423076923076923,28980,58,172,28704
56,6,GO:0016846,,train,2.927473674340538e-20,3.2012945561453057e-21,108.41353383458646,13,104,0.125,28980,91,38,28838
56,7,GO:0016783,,train,4.35747031911003e-17,5.126285497128008e-18,103.3799283154122,11,104,0.10576923076923077,28980,93,33,28843
56,8,GO:0016782,,train,9.385806420556982e-13,1.2490763268181262e-13,36.60689097005434,11,104,0.10576923076923077,28980,93,93,28783
56,9,GO:0016829,,train,1.2980019634371969e-12,1.7346237095235357e-13,7.614918799889898,26,104,0.25,28980,78,1211,27665
56,10,GO:0016765,,train,1.989865671709094e-05,3.731763198371744e-06,8.220220764677652,9,104,0.08653846153846154,28980,95,329,28547
57,1,GO:0008080,,train,1.2234433430292142e-16,1.4579393383844053e-17,663.2873563218391,8,11,0.7272727272727273,28980,3,116,28853
57,2,GO:0016779,,train,1.57962593046377e-16,1.8893320075236762e-17,593.5208333333334,10,11,0.9090909090909091,28980,1,480,28489
57,3,GO:0016410,,train,5.135160473309567e-16,6.223206162838469e-17,549.1238095238095,8,11,0.7272727272727273,28980,3,140,28829
57,4,GO:0016407,,train,3.1056817921010865e-15,3.8437781795784895e-16,433.77777777777777,8,11,0.7272727272727273,28980,3,177,28792
57,5,GO:0016772,,train,4.4175075554075573e-13,5.790885640345905e-14,inf,11,11,1.0,28980,0,1808,27161
57,6,GO:0016747,,train,5.976101203101692e-12,8.166655567996424e-13,161.69645390070923,8,11,0.7272727272727273,28980,3,470,28499
57,7,GO:0016746,,train,3.8675502318005435e-11,5.452886681798641e-12,126.51505016722408,8,11,0.7272727272727273,28980,3,598,28371
57,8,GO:0000287,,train,9.221215637562268e-11,1.3206351832920856e-11,112.80518186347784,8,11,0.7272727272727273,28980,3,669,28300
58,1,GO:0016818,,train,1.635752783872903e-16,1.957900774791189e-17,56.00812899786781,15,23,0.6521739130434783,28980,8,938,28019
58,2,GO:0016817,,train,1.9338470490271946e-16,2.321824030043959e-17,55.33719704952582,15,23,0.6521739130434783,28980,8,949,28008
58,3,GO:0016462,,train,5.271969817703895e-15,6.568148236428118e-16,47.835038986354775,14,23,0.6086956521739131,28980,9,912,28045
58,4,GO:0030145,,train,7.077721567367766e-13,9.367298251565035e-14,119.18552971576229,8,23,0.34782608695652173,28980,15,129,28828
58,5,GO:0046914,,train,0.0002586133785071,5.3643885907053785e-05,7.901256144183506,8,23,0.34782608695652173,28980,15,1831,27126
58,6,GO:0004527,,train,0.0245532922225421,0.0068473311057972,17.697081413210444,2,23,0.08695652173913043,28980,21,155,28802
59,1,GO:0032559,,train,2.065713792971409e-62,9.615429642416056e-64,50.40492778681856,75,91,0.8241758241758241,28980,16,2458,26431
59,2,GO:0030554,,train,2.3194019322648645e-62,1.0816673627341784e-63,50.31541937449228,75,91,0.8241758241758241,28980,16,2462,26427
59,3,GO:0005524,,train,3.356094592363681e-61,1.5946291205477607e-62,47.546405768250345,74,91,0.8131868131868132,28980,17,2423,26466
59,4,GO:0032555,,train,1.956731961902055e-60,9.417671773750111e-62,49.176359256710256,77,91,0.8461538461538461,28980,14,2906,25983
59,5,GO:0017076,,train,2.2786863197561522e-60,1.09805753171013e-61,49.06370192307692,77,91,0.8461538461538461,28980,14,2912,25977
59,6,GO:0035639,,train,1.7720651168786613e-59,8.674226822228793e-61,46.39990623534927,76,91,0.8351648351648352,28980,15,2844,26045
59,7,GO:0032553,,train,1.494046127862861e-58,7.488393604515204e-60,46.0540233614536,77,91,0.8461538461538461,28980,14,3082,25807
59,8,GO:0097367,,train,8.633057556586423e-57,4.44841322964394e-58,43.29898648648648,77,91,0.8461538461538461,28980,14,3256,25633
59,9,GO:0016887,,train,8.639812820755394e-17,1.0247708384227844e-17,20.622374429223743,19,91,0.2087912087912088,28980,72,365,28524
59,10,GO:0003677,,train,1.8446993331806906e-15,2.2674395529853755e-16,7.574648047229791,35,91,0.38461538461538464,28980,56,2202,26687
60,1,GO:0018024,,train,4.919878874726597e-42,3.458918270306071e-43,inf,15,15,1.0,28980,0,35,28930
60,2,GO:0016278,,train,9.718496419691652e-42,6.8866751147535265e-43,inf,15,15,1.0,28980,0,37,28928
60,3,GO:0016279,,train,9.718496419691652e-42,6.8866751147535265e-43,inf,15,15,1.0,28980,0,37,28928
60,4,GO:0042054,,train,2.5563093688028117e-41,1.8286631744489757e-42,inf,15,15,1.0,28980,0,40,28925
60,5,GO:0008276,,train,3.618930638858705e-38,2.7637320723861628e-39,inf,15,15,1.0,28980,0,70,28895
60,6,GO:0008170,,train,9.101551764534499e-35,7.502641317456157e-36,inf,15,15,1.0,28980,0,124,28841
60,7,GO:0008757,,train,5.657036763254959e-30,5.087471911179285e-31,inf,15,15,1.0,28980,0,269,28696
60,8,GO:0008168,,train,3.2795895847293e-25,3.236645666272083e-26,inf,15,15,1.0,28980,0,571,28394
60,9,GO:0016741,,train,4.530698866859031e-24,4.593475928815979e-25,inf,15,15,1.0,28980,0,683,28282
60,10,GO:0140096,,train,9.462375732761749e-16,1.1550434917660664e-16,inf,15,15,1.0,28980,0,2501,26464
61,1,GO:0004177,,train,3.370376772791582e-05,6.435280137403852e-06,114.53174603174604,3,10,0.3,28980,7,108,28862
61,2,GO:0008238,,train,0.0002764464567648,5.756163150494394e-05,54.026315789473685,3,10,0.3,28980,7,228,28742
61,3,GO:0140096,,train,0.0003135704472973,6.574167886186071e-05,15.812749003984065,6,10,0.6,28980,4,2510,26460
61,4,GO:0008237,,train,0.0005012659159182,0.0001073102883536,43.59878419452888,3,10,0.3,28980,7,282,28688
61,5,GO:0008270,,train,0.0005826156750435,0.0001256642123017,22.54647435897436,4,10,0.4,28980,6,832,28138
61,6,GO:0016746,,train,0.0040756901500001,0.0009784187473782,20.16133617626155,3,10,0.3,28980,7,603,28367
61,7,GO:0046914,,train,0.0097260459865624,0.0024895623467376,9.858310626702997,4,10,0.4,28980,6,1835,27135
61,8,GO:0070011,,train,0.0261840318398377,0.0073465933433507,9.673718470301058,3,10,0.3,28980,7,1229,27741
61,9,GO:0008233,,train,0.0300192679331626,0.0085248390469974,9.144068730036349,3,10,0.3,28980,7,1297,27673
62,1,GO:0032561,,train,4.124148231867754e-43,2.8294094850263e-44,1590.736607142857,25,26,0.9615384615384616,28980,1,448,28506
62,2,GO:0019001,,train,4.583601791028577e-43,3.1526780341960633e-44,1583.5555555555557,25,26,0.9615384615384616,28980,1,450,28504
62,3,GO:0032555,,train,4.2861256179590137e-23,4.4120588866941955e-24,219.70926301555104,25,26,0.9615384615384616,28980,1,2958,25996
62,4,GO:0017076,,train,4.504291793996382e-23,4.639274086091712e-24,219.2139001349528,25,26,0.9615384615384616,28980,1,2964,25990
62,5,GO:0032553,,train,1.7734322585115998e-22,1.8478772427353784e-23,205.96681557115508,25,26,0.9615384615384616,28980,1,3134,25820
62,6,GO:0097367,,train,6.6830014887628635e-22,7.049678753562137e-23,193.8180169286578,25,26,0.9615384615384616,28980,1,3308,25646
62,7,GO:0005525,,train,2.7863680691426e-20,3.0437257315618698e-21,90.8857264231096,15,26,0.5769230769230769,28980,11,428,28526
62,8,GO:0032550,,train,2.9782442506118587e-20,3.257686390656672e-21,90.45665961945032,15,26,0.5769230769230769,28980,11,430,28524
62,9,GO:0001883,,train,3.4021072548155485e-20,3.728295761275146e-21,89.6103896103896,15,26,0.5769230769230769,28980,11,434,28520
62,10,GO:0032549,,train,3.6359311996632444e-20,3.986668564999714e-21,89.19307756463719,15,26,0.5769230769230769,28980,11,436,28518
63,1,GO:0005198,,train,1.4234501551977224e-30,1.2672071422930775e-31,25.90930805783549,37,66,0.5606060606060606,28980,29,1357,27557
63,2,GO:0046789,,train,8.65166067311853e-08,1.3979717102534436e-08,29.201651455888744,7,66,0.10606060606060606,28980,59,117,28797
63,3,GO:0046812,,train,9.64845839662869e-08,1.5624301495902802e-08,28.708873379860417,7,66,0.10606060606060606,28980,59,119,28795
63,4,GO:0004190,,train,0.0073533513680752,0.0018410842822432,13.319926028663891,3,66,0.045454545454545456,28980,63,103,28811
63,5,GO:0070001,,train,0.0075382441588824,0.0018911305321694,13.191391941391942,3,66,0.045454545454545456,28980,63,104,28810
64,1,GO:0019865,,train,1.870017464422263e-12,2.513296460371252e-13,162.8599033816425,7,61,0.11475409836065574,28980,54,23,28896
64,2,GO:0017056,,train,2.5379334274615188e-08,3.99161161556109e-09,107.49627976190476,5,61,0.08196721311475409,28980,56,24,28895
64,3,GO:0044877,,train,1.3707697202427562e-06,2.3711501297810225e-07,14.646114486728491,8,61,0.13114754098360656,28980,53,295,28624
64,4,GO:0019904,,train,2.028094454549461e-05,3.8046450733616745e-06,44.04729214340198,4,61,0.06557377049180328,28980,57,46,28873
64,5,GO:0005198,,train,0.0006449238599462,0.0001395946451399,4.380274765003615,11,61,0.18032786885245902,28980,50,1383,27536
65,1,GO:0004659,,train,9.894499818506895e-07,1.6967630997902381e-07,47.16339869281046,5,65,0.07692307692307693,28980,60,51,28864
65,2,GO:0016765,,train,4.967555757206766e-06,8.924632937560153e-07,12.157363104731523,8,65,0.12307692307692308,28980,57,330,28585
65,3,GO:0032182,,train,7.078273085285545e-05,1.3915191925286724e-05,77.68010752688173,3,65,0.046153846153846156,28980,62,18,28897
65,4,GO:0008134,,train,7.583132516690551e-05,1.496100931537946e-05,30.516129032258064,4,65,0.06153846153846154,28980,61,62,28853
65,5,GO:0003712,,train,0.0038976653342959,0.0009328308814935,17.0139653815893,3,65,0.046153846153846156,28980,62,82,28833
66,1,GO:0016301,,train,4.7403757108087076e-54,2.5939660274161953e-55,506.7964444444444,41,43,0.9534883720930233,28980,2,1125,27812
66,2,GO:0016773,,train,7.794773881409633e-54,4.276770507039355e-55,322.95725235849056,39,43,0.9069767441860465,28980,4,848,28089
66,3,GO:0016772,,train,1.3472744448130407e-48,8.264325182173324e-50,641.9358469330332,42,43,0.9767441860465116,28980,1,1777,27160
66,4,GO:0019200,,train,1.0696710352343846e-22,1.1105000875503587e-23,178.7004761904762,13,43,0.3023255813953488,28980,30,70,28867
66,5,GO:0005524,,train,2.2897516222629125e-15,2.820518959374153e-16,14.869314095649049,25,43,0.5813953488372093,28980,18,2472,26465
66,6,GO:0032559,,train,3.188768531243547e-15,3.947545423744098e-16,14.63594276094276,25,43,0.5813953488372093,28980,18,2508,26429
66,7,GO:0030554,,train,3.3073850259635502e-15,4.0964769764337047e-16,14.61042551309271,25,43,0.5813953488372093,28980,18,2512,26425
66,8,GO:0035639,,train,6.653072066626077e-15,8.3141475338274735e-16,13.763120452050895,26,43,0.6046511627906976,28980,17,2894,26043
66,9,GO:0032555,,train,1.108509955947108e-14,1.3956632951520842e-15,13.437307286797031,26,43,0.6046511627906976,28980,17,2957,25980
66,10,GO:0017076,,train,1.1627605787450514e-14,1.4653297037704577e-15,13.40700005955808,26,43,0.6046511627906976,28980,17,2963,25974
67,1,GO:0003677,,train,3.801668846742104e-168,2.6393517786503755e-170,233.45344476588448,163,172,0.9476744186046512,28980,9,2074,26734
67,2,GO:0043565,,train,0.0435327682471002,0.0129270782939583,3.248565238873475,6,172,0.03488372093023256,28980,166,317,28491
68,1,GO:0003677,,train,4.1843323463598415e-155,3.4566063850762375e-157,613.2441471571906,144,147,0.9795918367346939,28980,3,2093,26740
68,2,GO:0043565,,train,1.2886237079158055e-92,3.363399606740437e-94,96.46582278481011,68,147,0.46258503401360546,28980,79,255,28578
68,3,GO:0003690,,train,0.0001712339241236,3.4916933117282535e-05,10.720044792833146,6,147,0.04081632653061224,28980,141,114,28719
69,1,GO:0004553,,train,2.4469019249120643e-197,1.0465116472951968e-199,164.8480955259976,156,188,0.8297872340425532,28980,32,827,27965
69,2,GO:0016798,,train,2.5813504029850027e-185,1.3762362637117218e-187,135.2796112887702,157,188,0.8351063829787234,28980,31,1039,27753
69,3,GO:0030246,,train,3.9743136318337414e-43,2.7242856427017467e-44,29.41591591591592,44,188,0.23404255319148937,28980,144,296,28496
69,4,GO:0015925,,train,9.272964947238768e-36,7.467375762357376e-37,165.772132006286,22,188,0.11702127659574468,28980,166,23,28769
69,5,GO:0015926,,train,8.781538195772517e-13,1.1658297771696708e-13,29.675619834710744,12,188,0.06382978723404255,28980,176,66,28726
69,6,GO:0015929,,train,7.567082995303663e-10,1.1183154264085005e-10,42.61037037037037,8,188,0.0425531914893617,28980,180,30,28762
69,7,GO:0016758,,train,2.2382957535227337e-08,3.5098565101230903e-09,13.094715852442672,11,188,0.05851063829787234,28980,177,136,28656
69,8,GO:0030247,,train,8.215153721318362e-07,1.4030039603739654e-07,20.581747493349702,7,188,0.03723404255319149,28980,181,54,28738
69,9,GO:0016757,,train,4.8271153930071695e-06,8.658179556312182e-07,5.528735632183908,14,188,0.07446808510638298,28980,174,413,28379
69,10,GO:0004308,,train,0.0013866972190319,0.0003128670352106,13.585066162570888,4,188,0.02127659574468085,28980,184,46,28746
70,1,GO:0016836,,train,3.8994672249807e-91,1.0600537788271051e-92,262.01672025723474,57,77,0.7402597402597403,28980,20,311,28592
70,2,GO:0016835,,train,1.964963120154072e-84,6.009378379590623e-86,194.2159090909091,57,77,0.7402597402597403,28980,20,418,28485
70,3,GO:0016829,,train,1.2855189373585836e-69,5.147799711073568e-71,97.53963120567376,62,77,0.8051948051948052,28980,15,1175,27728
70,4,GO:0000287,,train,1.2807679877317114e-57,6.509454429840114e-59,74.40118414560605,48,77,0.6233766233766234,28980,29,629,28274
71,1,GO:0015631,,train,1.5453262643843855e-16,1.8478547649814167e-17,40.68060606060606,14,114,0.12280701754385964,28980,100,99,28767
71,2,GO:0008017,,train,1.7306346075221268e-15,2.126728235801424e-16,41.153795379537954,13,114,0.11403508771929824,28980,101,90,28776
71,3,GO:0030674,,train,1.6968385768907356e-14,2.145342384468587e-15,77.00320512820512,10,114,0.08771929824561403,28980,104,36,28830
71,4,GO:0060090,,train,5.70057591284765e-13,7.516270376344516e-14,51.3034188034188,10,114,0.08771929824561403,28980,104,54,28812
71,5,GO:0008092,,train,1.5110872036492985e-12,2.0246983828373586e-13,13.571996862393544,17,114,0.14912280701754385,28980,97,368,28498
71,6,GO:0017056,,train,5.617885000764583e-07,9.495619548997173e-08,55.12614678899082,5,114,0.043859649122807015,28980,109,24,28842
71,7,GO:0042277,,train,0.0119926842048696,0.003136850844107,10.96117244004568,3,114,0.02631578947368421,28980,111,71,28795
71,8,GO:0051087,,train,0.018584697368288,0.005048905392785,20.60071428571429,2,114,0.017543859649122806,28980,112,25,28841
72,1,GO:0016811,,train,1.9266782026161704e-22,2.009813715181821e-23,295.03320158102764,13,18,0.7222222222222222,28980,5,253,28709
72,2,GO:0016810,,train,1.401114168477047e-17,1.6282098328348846e-18,119.6422077922078,13,18,0.7222222222222222,28980,5,616,28346
72,3,GO:0016884,,train,1.5117766928877947e-09,2.2603357765765308e-10,209.78955007256891,5,18,0.2777777777777778,28980,13,53,28909
72,4,GO:0016879,,train,4.1594099408827e-08,6.606415531378269e-09,58.84836065573771,6,18,0.3333333333333333,28980,12,244,28718
72,5,GO:0016874,,train,6.317679095269192e-06,1.1426121432519552e-06,23.919898819561556,6,18,0.3333333333333333,28980,12,593,28369
72,6,GO:0140101,,train,1.861281094641121e-05,3.480258144269933e-06,28.03178963893249,5,18,0.2777777777777778,28980,13,392,28570
72,7,GO:0140098,,train,0.0011112000827613,0.0002476169267822,11.158628935831008,5,18,0.2777777777777778,28980,13,965,27997
73,1,GO:0004497,,train,1.699844013464994e-23,1.7433148463956833e-24,inf,12,12,1.0,28980,0,297,28671
73,2,GO:0016709,,train,3.682183950052562e-15,4.571314286645797e-16,595.0,7,12,0.5833333333333334,28980,5,68,28900
73,3,GO:0016705,,train,7.102069498542271e-11,1.0108959689901543e-11,134.69127516778522,7,12,0.5833333333333334,28980,5,298,28670
73,4,GO:0050661,,train,6.185255344626877e-09,9.47257080051244e-10,98.8896551724138,6,12,0.5,28980,6,290,28678
73,5,GO:0050660,,train,1.1650260964313965e-06,2.007065199962809e-07,58.23565323565324,5,12,0.4166666666666667,28980,7,351,28617
74,1,GO:0005524,,train,3.7067532780974015e-57,1.8969733652155023e-58,inf,54,54,1.0,28980,0,2443,26483
74,2,GO:0032559,,train,8.050114796879073e-57,4.143320062722715e-58,inf,54,54,1.0,28980,0,2479,26447
74,3,GO:0030554,,train,8.759080466883647e-57,4.515915757598858e-58,inf,54,54,1.0,28980,0,2483,26443
74,4,GO:0035639,,train,1.7463331952300003e-53,9.653252305120574e-55,inf,54,54,1.0,28980,0,2866,26060
74,5,GO:0032555,,train,5.535486469383035e-53,3.0890534388419256e-54,inf,54,54,1.0,28980,0,2929,25997
74,6,GO:0017076,,train,6.1662255835307935e-53,3.4464535294187403e-54,inf,54,54,1.0,28980,0,2935,25991
74,7,GO:0032553,,train,1.2216390190541721e-51,7.014126834069125e-53,inf,54,54,1.0,28980,0,3105,25821
74,8,GO:0097367,,train,2.2048695398428743e-50,1.299527642781692e-51,inf,54,54,1.0,28980,0,3279,25647
74,9,GO:0016887,,train,3.644333584246221e-11,5.1328341310179066e-12,21.930875576036865,12,54,0.2222222222222222,28980,42,372,28554
74,10,GO:0017111,,train,1.0541141195276157e-07,1.7100752831074597e-08,10.419689119170984,12,54,0.2222222222222222,28980,42,772,28154
75,1,GO:0052689,,train,2.1944871449939734e-109,4.172077678475228e-111,351.3932196897146,64,87,0.735632183908046,28980,23,227,28666
75,2,GO:0016788,,train,1.1483129336393457e-78,3.854956856052641e-80,103.22679572083544,74,87,0.8505747126436781,28980,13,1510,27383
75,3,GO:0016298,,train,3.419119814204447e-74,1.2519845820533611e-75,268.73466666666667,42,87,0.4827586206896552,28980,45,100,28793
75,4,GO:0004620,,train,8.701033182955165e-17,1.0322870899894079e-17,53.25376955903272,13,87,0.14942528735632185,28980,74,95,28798
75,5,GO:0016790,,train,3.472515620525846e-07,5.7931207952938735e-08,34.44563918757467,6,87,0.06896551724137931,28980,81,62,28831
75,6,GO:0004623,,train,0.0052763467151619,0.0012889080838308,15.139180672268909,3,87,0.034482758620689655,28980,84,68,28825
76,1,GO:0016836,,train,4.367188555147563e-52,2.48058663867098e-53,70.2165257540325,41,92,0.44565217391304346,28980,51,327,28561
76,2,GO:0016835,,train,1.9639220560558924e-47,1.234606653278245e-48,52.70687629890666,41,92,0.44565217391304346,28980,51,434,28454
76,3,GO:0000287,,train,4.23686781075793e-41,3.0383022529031295e-42,35.71130842274017,41,92,0.44565217391304346,28980,51,636,28252
76,4,GO:0016829,,train,7.664060890073601e-36,6.16052467479918e-37,22.24618020848208,45,92,0.4891304347826087,28980,47,1192,27696
76,5,GO:0016853,,train,5.13803408705116e-27,4.888635414577194e-28,19.383539362394277,34,92,0.3695652173913043,28980,58,848,28040
76,6,GO:0016855,,train,2.815977516943204e-14,3.582561547905303e-15,52.17168724279836,11,92,0.11956521739130435,28980,81,75,28813
76,7,GO:0016854,,train,1.0348648106540285e-13,1.3341652844972842e-14,29.179403031723705,13,92,0.14130434782608695,28980,79,162,28726
76,8,GO:0030145,,train,8.388171608412036e-08,1.352938831060628e-08,21.23218899963086,8,92,0.08695652173913043,28980,84,129,28759
76,9,GO:0036361,,train,0.0066018542617093,0.0016397786063518,13.87704654895666,3,92,0.03260869565217391,28980,89,70,28818
77,1,GO:0016817,,train,8.482722244845552e-37,6.679426251324031e-38,66.16777658431793,33,48,0.6875,28980,15,931,28001
77,2,GO:0017111,,train,4.7887078094113e-36,3.838036314424032e-37,68.24068432153739,31,48,0.6458333333333334,28980,17,753,28179
77,3,GO:0016462,,train,1.4137388608403232e-35,1.1438458955505676e-36,62.7248322147651,32,48,0.6666666666666666,28980,16,894,28038
77,4,GO:0016818,,train,3.5154636240205787e-35,2.871111282118925e-36,60.82736156351792,32,48,0.6666666666666666,28980,16,921,28011
77,5,GO:0016887,,train,5.713174102950662e-28,5.345483810769668e-29,66.78070548236295,22,48,0.4583333333333333,28980,26,362,28570
77,6,GO:0004386,,train,8.634341831938648e-28,8.098884654734615e-29,184.96153846153845,16,48,0.3333333333333333,28980,32,78,28854
77,7,GO:0003678,,train,4.9191991436140844e-20,5.415341237279705e-21,204.4980694980695,11,48,0.22916666666666666,28980,37,42,28890
77,8,GO:0008094,,train,1.2705335767431953e-17,1.474603518486258e-18,85.0117994100295,12,48,0.25,28980,36,113,28819
77,9,GO:0003774,,train,8.522347184929863e-13,1.1304211867874279e-13,69.3173076923077,9,48,0.1875,28980,39,96,28836
77,10,GO:0140097,,train,4.831094700895738e-09,7.36615634594789e-10,16.502322635135137,11,48,0.22916666666666666,28980,37,512,28420
78,1,GO:0016874,,train,2.111113354989295e-89,5.955421275609136e-91,135.04329629095108,66,92,0.717391304347826,28980,26,533,28355
78,2,GO:0005524,,train,1.4076789941785689e-78,4.738035458040179e-80,115.2041027766266,84,92,0.9130434782608695,28980,8,2413,26475
78,3,GO:0032559,,train,4.685016477435234e-78,1.5920025526041752e-79,113.35626786443446,84,92,0.9130434782608695,28980,8,2449,26439
78,4,GO:0030554,,train,5.349891601392198e-78,1.819499120958591e-79,113.15430085609458,84,92,0.9130434782608695,28980,8,2453,26435
78,5,GO:0035639,,train,6.8303518588323984e-77,2.375026410180759e-78,131.77158315690426,86,92,0.9347826086956522,28980,6,2834,26054
78,6,GO:0032555,,train,4.2721069702701324e-76,1.5080085828208422e-77,128.5942929467265,86,92,0.9347826086956522,28980,6,2897,25991
78,7,GO:0017076,,train,5.0795586154151676e-76,1.7945184668221262e-77,128.29888620966815,86,92,0.9347826086956522,28980,6,2903,25985
78,8,GO:0016879,,train,5.239114548022314e-74,1.9291580944031547e-75,154.91989198919893,48,92,0.5217391304347826,28980,44,202,28686
78,9,GO:0032553,,train,5.82212546699107e-74,2.148952189240047e-75,120.40839570452329,86,92,0.9347826086956522,28980,6,3073,25815
78,10,GO:0097367,,train,5.733319151328506e-72,2.208546352637017e-73,113.18786572220512,86,92,0.9347826086956522,28980,6,3247,25641
79,1,GO:0061733,,train,2.090817048213141e-124,2.9705195781216086e-126,28921.0,44,55,0.8,28980,11,4,28921
79,2,GO:0034212,,train,2.3612155733783213e-119,3.645196142515087e-121,11566.0,44,55,0.8,28980,11,10,28915
79,3,GO:0004402,,train,1.5108959148921079e-114,2.5228071344538232e-116,21174.30357142857,41,55,0.7454545454545455,28980,14,4,28921
79,4,GO:0008080,,train,3.424037876153962e-99,7.964045093787521e-101,1643.126582278481,45,55,0.8181818181818182,28980,10,79,28846
79,5,GO:0016410,,train,4.802263277949337e-95,1.2112220412790752e-96,1259.2135922330096,45,55,0.8181818181818182,28980,10,103,28822
79,6,GO:0016407,,train,5.11495543856361e-90,1.4189480037260857e-91,925.2321428571428,45,55,0.8181818181818182,28980,10,140,28785
79,7,GO:0016747,,train,4.676066169807989e-70,1.8533314373700704e-71,296.1062355658199,45,55,0.8181818181818182,28980,10,433,28492
79,8,GO:0016746,,train,2.786744716386151e-65,1.2220631105340446e-66,227.5187165775401,45,55,0.8181818181818182,28980,10,561,28364
79,9,GO:0003712,,train,5.553620230767035e-21,5.973838792915767e-22,124.03736772486772,13,55,0.23636363636363636,28980,42,72,28853
79,10,GO:0140110,,train,4.2621821258228736e-10,6.247754447554752e-11,13.433751743375174,14,55,0.2545454545454545,28980,41,717,28208
80,1,GO:0016874,,train,2.9233883316006837e-61,1.3856057417259593e-62,297.8325652841782,41,48,0.8541666666666666,28980,7,558,28374
80,2,GO:0140101,,train,2.7582531863032445e-45,1.8155651960111872e-46,142.32497589199613,31,48,0.6458333333333334,28980,17,366,28566
80,3,GO:0005524,,train,1.7790128967931995e-39,1.3184821832284015e-40,92.7916870415648,43,48,0.8958333333333334,28980,5,2454,26478
80,4,GO:0032559,,train,3.2797717527969805e-39,2.4365061853979973e-40,91.32578313253012,43,48,0.8958333333333334,28980,5,2490,26442
80,5,GO:0030554,,train,3.503907996474797e-39,2.607120224696366e-40,91.1655172413793,43,48,0.8958333333333334,28980,5,2494,26438
80,6,GO:0035639,,train,1.777872315095641e-38,1.3452395318545978e-39,99.65785813630042,44,48,0.9166666666666666,28980,4,2876,26056
80,7,GO:0032555,,train,4.479044641548417e-38,3.4323990925654445e-39,97.28581150051038,44,48,0.9166666666666666,28980,4,2939,25993
80,8,GO:0017076,,train,4.884353652247155e-38,3.7487203236627546e-39,97.06519524617995,44,48,0.9166666666666666,28980,4,2945,25987
80,9,GO:0004812,,train,7.40711502194977e-38,5.6957778752140345e-39,150.4764397905759,24,48,0.5,28980,24,191,28741
80,10,GO:0016875,,train,8.319994201605839e-38,6.40262025591544e-39,149.6875,24,48,0.5,28980,24,192,28740
81,1,GO:0016763,,train,2.0701959649842057e-24,2.080080897529316e-25,118.55670103092784,16,36,0.4444444444444444,28980,20,194,28750
81,2,GO:0016757,,train,1.8661813913813272e-19,2.0822816649885684e-20,55.53868613138686,16,36,0.4444444444444444,28980,20,411,28533
82,1,GO:0004519,,train,2.3627797199980396e-30,2.1151989994182296e-31,109.6346153846154,22,35,0.6285714285714286,28980,13,440,28505
82,2,GO:0004518,,train,7.447050323677412e-29,6.863057772589609e-30,85.4501312335958,23,35,0.6571428571428571,28980,12,635,28310
82,3,GO:0016788,,train,3.2051506980497394e-20,3.509638606002264e-21,33.62331838565022,23,35,0.6571428571428571,28980,12,1561,27384
82,4,GO:0140097,,train,2.60626275227206e-18,2.9859371427295973e-19,47.23429876466314,16,35,0.45714285714285713,28980,19,507,28438
82,5,GO:0004520,,train,2.057100407011952e-14,2.6056484635204266e-15,112.23163353500432,9,35,0.2571428571428571,28980,26,89,28856
82,6,GO:0003677,,train,2.5219545070391512e-14,3.205542550910413e-15,18.09273465703971,21,35,0.6,28980,14,2216,26729
82,7,GO:0004536,,train,2.2032745305570545e-13,2.8663157835204843e-14,84.5642112125163,9,35,0.2571428571428571,28980,26,118,28827
82,8,GO:0003916,,train,1.1658877465308952e-05,2.149602330803953e-06,51.74372759856631,4,35,0.11428571428571428,28980,31,72,28873
82,9,GO:0016894,,train,0.0044412257409865,0.001073845893491,46.103668261563,2,35,0.05714285714285714,28980,33,38,28907
83,1,GO:0060589,,train,0.017561366330068,0.0047503194976667,9.395604395604396,3,104,0.028846153846153848,28980,101,91,28785
83,2,GO:0008047,,train,0.0357774350144642,0.0103967002180474,7.0006492452523945,3,104,0.028846153846153848,28980,101,122,28754
84,1,GO:0036361,,train,5.983791265442644e-65,2.646842080680316e-66,15055.208333333334,25,26,0.9615384615384616,28980,1,48,28906
84,2,GO:0016855,,train,7.625224164957097e-63,3.50692853472263e-64,11841.393442622952,25,26,0.9615384615384616,28980,1,61,28893
84,3,GO:0016854,,train,5.713313102031852e-58,2.887033160794723e-59,inf,26,26,1.0,28980,0,149,28805
84,4,GO:0047661,,train,5.8207529843014044e-55,3.115246126583668e-56,3533.322222222222,22,26,0.8461538461538461,28980,4,45,28909
84,5,GO:0016853,,train,3.463105963440902e-39,2.57574656272562e-40,inf,26,26,1.0,28980,0,856,28098
84,6,GO:0042802,,train,0.0116751234865126,0.0030421602194841,7.559893048128342,4,26,0.15384615384615385,28980,22,680,28274
85,1,GO:0003924,,train,1.5211552594971273e-144,1.4571220958360738e-146,4943.023923444976,72,74,0.972972972972973,28980,2,209,28697
85,2,GO:0005525,,train,3.4247816373197325e-132,4.24373153055701e-134,5630.075675675676,73,74,0.9864864864864865,28980,1,370,28536
85,3,GO:0032550,,train,4.879557425966586e-132,6.074968233985994e-134,5599.413978494624,73,74,0.9864864864864865,28980,1,372,28534
85,4,GO:0001883,,train,9.87717469129011e-132,1.238372079524319e-133,5539.06914893617,73,74,0.9864864864864865,28980,1,376,28530
85,5,GO:0032549,,train,1.4000189882474017e-131,1.763506356581957e-133,5509.375661375661,73,74,0.9864864864864865,28980,1,378,28528
85,6,GO:0001882,,train,7.830286843209718e-131,1.0069707133518078e-132,5365.5,73,74,0.9864864864864865,28980,1,388,28518
85,7,GO:0032561,,train,5.8837830280280455e-130,7.721635751696295e-132,5202.345,73,74,0.9864864864864865,28980,1,400,28506
85,8,GO:0019001,,train,8.180759438581526e-130,1.0784022460560937e-131,5176.099502487562,73,74,0.9864864864864865,28980,1,402,28504
85,9,GO:0017111,,train,6.858832241734204e-110,1.2798652892710808e-111,1425.5393258426966,72,74,0.972972972972973,28980,2,712,28194
85,10,GO:0016462,,train,1.632687199835208e-104,3.4531451453877616e-106,1182.519906323185,72,74,0.972972972972973,28980,2,854,28052
86,1,GO:0052689,,train,1.3242703304318415e-80,4.309881762046389e-82,298.06367771280054,48,67,0.7164179104477612,28980,19,243,28670
86,2,GO:0016788,,train,8.799355529387029e-67,3.732450656634273e-68,154.04386951631045,60,67,0.8955223880597015,28980,7,1524,27389
86,3,GO:0016790,,train,1.4834485963228011e-09,2.2175464121144954e-10,55.18142076502732,7,67,0.1044776119402985,28980,60,61,28852
86,4,GO:0019213,,train,0.0003779913000851,7.984577628128149e-05,41.02272727272727,3,67,0.04477611940298507,28980,64,33,28880
87,1,GO:0016743,,train,3.0430107836402317e-93,7.888990079742229e-95,inf,32,32,1.0,28980,0,18,28930
87,2,GO:0016597,,train,5.038523790051817e-82,1.601429039519062e-83,22403.7,31,32,0.96875,28980,1,40,28908
87,3,GO:0031406,,train,2.3667478045406246e-63,1.073935128814315e-64,4283.365384615385,31,32,0.96875,28980,1,208,28740
87,4,GO:0043177,,train,1.5217632085143366e-62,7.050161530129747e-64,4011.288288288288,31,32,0.96875,28980,1,222,28726
87,5,GO:0016741,,train,1.4130691117001518e-51,8.133933282042353e-53,inf,32,32,1.0,28980,0,666,28282
88,1,GO:0008168,,train,1.620851429347449e-149,1.4386676717118582e-151,1304.792929292929,91,95,0.9578947368421052,28980,4,495,28390
88,2,GO:0016741,,train,2.8396538251717e-148,2.578705468562636e-150,2173.586776859504,93,95,0.9789473684210527,28980,2,605,28280
88,3,GO:0008757,,train,2.365046534291019e-41,1.6897643311174957e-42,60.71983035599537,33,95,0.3473684210526316,28980,62,251,28634
88,4,GO:0008170,,train,5.6013431777008e-09,8.568478212483106e-10,23.148032200357783,9,95,0.09473684210526316,28980,86,130,28755
88,5,GO:0008171,,train,0.0013712821683635,0.0003092284070674,13.463175122749591,4,95,0.042105263157894736,28980,91,94,28791
88,6,GO:0016743,,train,0.0025672408210305,0.0005981730524204,20.007863089731728,3,95,0.031578947368421054,28980,92,47,28838
88,7,GO:0008173,,train,0.0076762004341342,0.0019288879316871,8.094956325725557,4,95,0.042105263157894736,28980,91,156,28729
88,8,GO:0008276,,train,0.0107430176571682,0.0027750514017315,11.45400318133616,3,95,0.031578947368421054,28980,92,82,28803
88,9,GO:1901681,,train,0.0150085771620869,0.0040005175214301,6.568910256410256,4,95,0.042105263157894736,28980,91,192,28693
89,1,GO:0005198,,train,1.8752415356503396e-14,2.37364697411756e-15,6.543095238095238,34,139,0.2446043165467626,28980,105,1360,27481
89,2,GO:0005507,,train,6.488055057162229e-05,1.2705465640545302e-05,9.943355119825709,7,139,0.050359712230215826,28980,132,153,28688
89,3,GO:0016168,,train,0.0047769148403372,0.001158002724267,15.882904411764706,3,139,0.02158273381294964,28980,136,40,28801
89,4,GO:0017056,,train,0.0300032354420102,0.0085192419116912,15.57934576912679,2,139,0.014388489208633094,28980,137,27,28814
90,1,GO:0052689,,train,6.619894359837733e-82,2.111803895439931e-83,247.79564315352695,50,74,0.6756756756756757,28980,24,241,28665
90,2,GO:0016788,,train,4.545326931909753e-65,2.0039010553136412e-66,92.9592641261498,62,74,0.8378378378378378,28980,12,1522,27384
90,3,GO:0016790,,train,4.850965369815856e-06,8.702379214562587e-07,33.175753393144696,5,74,0.06756756756756757,28980,69,63,28843
90,4,GO:0019213,,train,0.0005016280706827,0.0001074025124826,36.96927016645326,3,74,0.04054054054054054,28980,71,33,28873
90,5,GO:0016811,,train,0.0178076702545494,0.0048284206543079,6.247328244274809,4,74,0.05405405405405406,28980,70,262,28644
90,6,GO:0016298,,train,0.0211087485435899,0.0057921213817209,8.74465498024116,3,74,0.04054054054054054,28980,71,139,28767
91,1,GO:0016799,,train,0.0001890886122918,3.86685298183534e-05,10.528419508617528,6,107,0.056074766355140186,28980,101,162,28711
91,2,GO:0003723,,train,0.0043912266754589,0.0010603416083958,2.721487372122762,15,107,0.14018691588785046,28980,92,1632,27241
91,3,GO:0016866,,train,0.0080475024436583,0.0020304402421779,7.970319001386962,4,107,0.037383177570093455,28980,103,140,28733
92,1,GO:0016829,,train,1.700665742992929e-26,1.638541649443051e-27,63.56343967730106,25,34,0.7352941176470589,28980,9,1212,27734
92,2,GO:0016835,,train,5.615370900133879e-21,6.043551772883344e-22,62.20087336244541,17,34,0.5,28980,17,458,28488
92,3,GO:0016838,,train,2.139214455765748e-14,2.71279238919938e-15,177.82153846153847,8,34,0.23529411764705882,28980,26,50,28896
92,4,GO:0016840,,train,1.451799071912909e-13,1.8797644485031075e-14,136.71479289940828,8,34,0.23529411764705882,28980,26,65,28881
92,5,GO:0016836,,train,2.056420722007641e-09,3.0873117732340744e-10,28.666629526462398,9,34,0.2647058823529412,28980,25,359,28587
92,6,GO:0016810,,train,3.700186856042338e-05,7.093190024296529e-06,11.805883053471478,7,34,0.20588235294117646,28980,27,622,28324
92,7,GO:0016811,,train,7.138817214632462e-05,1.4042580659184166e-05,18.949002510239133,5,34,0.14705882352941177,28980,29,261,28685
92,8,GO:0010181,,train,0.0002442145638928,5.057846227619909e-05,22.569411764705883,4,34,0.11764705882352941,28980,30,170,28776
92,9,GO:0016742,,train,0.0106000412199329,0.0027340821671942,28.205078125,2,34,0.058823529411764705,28980,32,64,28882
92,10,GO:0046982,,train,0.0180837111121298,0.0049080347849513,20.732040229885055,2,34,0.058823529411764705,28980,32,87,28859
93,1,GO:0004866,,train,1.6905083573787508e-45,1.1092769489200578e-46,207.49759615384616,27,51,0.5294117647058824,28980,24,156,28773
93,2,GO:0061135,,train,2.3119434411086372e-45,1.5197589365930756e-46,204.8568037974684,27,51,0.5294117647058824,28980,24,158,28771
93,3,GO:0030414,,train,2.6999583310727315e-45,1.7764028507453362e-46,203.56132075471697,27,51,0.5294117647058824,28980,24,159,28770
93,4,GO:0061134,,train,4.974967868593977e-45,3.2863322915544473e-46,198.5383435582822,27,51,0.5294117647058824,28980,24,163,28766
93,5,GO:0004857,,train,1.2549659624069776e-40,9.076693796123935e-42,131.71224489795918,27,51,0.5294117647058824,28980,24,245,28684
93,6,GO:0030234,,train,2.991463929189528e-33,2.534292317197209e-34,66.96103556485356,27,51,0.5294117647058824,28980,24,478,28451
93,7,GO:0004867,,train,5.827697941398627e-29,5.360450987489143e-30,171.69642857142858,17,51,0.3333333333333333,28980,34,84,28845
93,8,GO:0098772,,train,2.9401802383747847e-27,2.782822846233978e-28,38.66121638141809,27,51,0.5294117647058824,28980,24,818,28111
93,9,GO:0008201,,train,4.3713471128585915e-07,7.347684252741188e-08,129.49608062709967,4,51,0.0784313725490196,28980,47,19,28910
93,10,GO:0005539,,train,3.38102182668227e-06,6.00694184574742e-07,72.3279098873592,4,51,0.0784313725490196,28980,47,34,28895
94,1,GO:0016763,,train,1.6110578822104238e-21,1.710306636532377e-22,795.0954773869347,11,13,0.8461538461538461,28980,2,199,28768
94,2,GO:0016757,,train,1.0635124033742364e-20,1.1517723746300354e-21,825.6,12,13,0.9230769230769231,28980,1,415,28552
94,3,GO:0000287,,train,3.532097574844633e-08,5.5914272766969564e-09,49.27338308457711,7,13,0.5384615384615384,28980,6,670,28297
94,4,GO:0016758,,train,2.4868543052003745e-06,4.384795401763791e-07,89.58508158508158,4,13,0.3076923076923077,28980,9,143,28824
95,1,GO:0005198,,train,4.0912246102201725e-05,7.87156552711899e-06,3.333333333333333,21,147,0.14285714285714285,28980,126,1373,27460
95,2,GO:0070063,,train,0.015450148221462,0.0041294534485344,23.380121703853955,2,147,0.013605442176870748,28980,145,17,28816
95,3,GO:0060090,,train,0.0158700844109447,0.0042491306065569,9.826502732240437,3,147,0.02040816326530612,28980,144,61,28772
95,4,GO:0003712,,train,0.0324638703178711,0.0093253863062672,7.304623983739837,3,147,0.02040816326530612,28980,144,82,28751
95,5,GO:0008121,,train,0.0434296713705584,0.0128913747546026,12.414224137931036,2,147,0.013605442176870748,28980,145,32,28801
95,6,GO:0016681,,train,0.0434296713705584,0.0128913747546026,12.414224137931036,2,147,0.013605442176870748,28980,145,32,28801
96,1,GO:0003735,,train,9.344853154574584e-187,4.845296916424118e-189,4457.331626120358,124,125,0.992,28980,1,781,28074
96,2,GO:0005198,,train,2.938241615566985e-162,2.1431940776171872e-164,2693.338582677165,124,125,0.992,28980,1,1270,27585
96,3,GO:0019843,,train,1.5448409204873106e-28,1.4286735172916308e-29,28.27698087431694,29,125,0.232,28980,96,305,28550
96,4,GO:0003723,,train,1.2947014649243103e-26,1.2420972251888322e-27,10.625861942935114,48,125,0.384,28980,77,1599,27256
96,5,GO:0070180,,train,1.6172042249911974e-07,2.651993218941536e-08,75.1015625,5,125,0.04,28980,120,16,28839
96,6,GO:0003729,,train,0.0004624434429514,9.856573485997e-05,11.862211221122111,5,125,0.04,28980,120,101,28754
97,1,GO:0036459,,train,2.753705988472198e-89,7.784299378608756e-91,22038.09523809524,32,34,0.9411764705882353,28980,2,21,28925
97,2,GO:0101005,,train,6.716880380891193e-89,1.9105635673449181e-90,21035.636363636364,32,34,0.9411764705882353,28980,2,22,28924
97,3,GO:0019783,,train,1.5913529132287657e-88,4.5684326536139395e-90,20120.34782608696,32,34,0.9411764705882353,28980,2,23,28923
97,4,GO:0008242,,train,1.7830806499216298e-79,5.865774877294404e-81,7969.103448275862,32,34,0.9411764705882353,28980,2,58,28888
97,5,GO:0008234,,train,2.370613017436527e-63,1.076383448172545e-64,2070.198198198198,32,34,0.9411764705882353,28980,2,222,28724
97,6,GO:0008233,,train,1.465688075640504e-45,9.5960771276226e-47,inf,34,34,1.0,28980,0,1266,27680
97,7,GO:0070011,,train,1.7430579591786408e-43,1.1876710938423174e-44,763.6788990825688,33,34,0.9705882352941176,28980,1,1199,27747
97,8,GO:0140096,,train,8.288640499787451e-36,6.667430299210927e-37,inf,34,34,1.0,28980,0,2482,26464
97,9,GO:0032182,,train,0.0012349076877281,0.0002766667837169,95.15460526315788,2,34,0.058823529411764705,28980,32,19,28927
98,1,GO:0005509,,train,5.000660421245348e-08,7.974806026674771e-09,20.19651347068146,9,29,0.3103448275862069,28980,20,631,28320
98,2,GO:0004252,,train,0.0187452704357505,0.0050969212345735,9.483753315649867,3,29,0.10344827586206896,28980,26,348,28603
98,3,GO:0008236,,train,0.0340112506411746,0.0098316495687117,7.425247438791457,3,29,0.10344827586206896,28980,26,443,28508
98,4,GO:0016825,,train,0.0340112506411746,0.0098316495687117,7.425247438791457,3,29,0.10344827586206896,28980,26,443,28508
98,5,GO:0017171,,train,0.0340112506411746,0.0098316495687117,7.425247438791457,3,29,0.10344827586206896,28980,26,443,28508
99,1,GO:0003918,,train,7.251830439870073e-92,1.935265996051685e-93,8263.42857142857,34,41,0.8292682926829268,28980,7,17,28922
99,2,GO:0003916,,train,1.9139001694672277e-83,5.920492658866895e-85,3341.829931972789,34,41,0.8292682926829268,28980,7,42,28897
99,3,GO:0008094,,train,6.169293496369237e-81,1.9915521085622338e-82,2333.932584269663,36,41,0.8780487804878049,28980,5,89,28850
99,4,GO:0016887,,train,1.6586993167453968e-70,6.520709151572553e-72,1616.182608695652,39,41,0.9512195121951219,28980,2,345,28594
99,5,GO:0140097,,train,4.321546477272941e-65,1.9027109457015056e-66,1146.4307851239669,39,41,0.9512195121951219,28980,2,484,28455
99,6,GO:0017111,,train,4.359281906542288e-58,2.1977104494124495e-59,737.9637583892618,39,41,0.9512195121951219,28980,2,745,28194
99,7,GO:0016462,,train,3.1297371332710607e-55,1.66768955837363e-56,616.7012401352874,39,41,0.9512195121951219,28980,2,887,28052
99,8,GO:0016818,,train,9.712586742908067e-55,5.226593387445327e-56,597.9075492341357,39,41,0.9512195121951219,28980,2,914,28025
99,9,GO:0016817,,train,1.5240030157903958e-54,8.245696956864579e-56,590.5654054054054,39,41,0.9512195121951219,28980,2,925,28014
99,10,GO:0016853,,train,3.999226893539914e-44,2.674586225488948e-45,160.8985849056604,34,41,0.8292682926829268,28980,7,848,28091
100,1,GO:0046789,,train,1.0979834051421924e-132,1.3380235420193692e-134,4090.6716417910447,57,63,0.9047619047619048,28980,6,67,28850
100,2,GO:0046812,,train,3.614667052559676e-132,4.489611946818123e-134,3971.8260869565215,57,63,0.9047619047619048,28980,6,69,28848
100,3,GO:0052689,,train,0.0140599787418342,0.0037265924848731,6.763125258371228,4,63,0.06349206349206349,28980,59,287,28630
101,1,GO:0003677,,train,1.231692474758516e-21,1.3054056811308291e-22,18.466774646366485,32,53,0.6037735849056604,28980,21,2205,26722
101,2,GO:0043565,,train,4.501517546775524e-15,5.600358854367886e-16,33.24636959588416,14,53,0.2641509433962264,28980,39,309,28618
101,3,GO:0003690,,train,7.315679039129865e-12,1.003154746526259e-12,53.1007371007371,9,53,0.16981132075471697,28980,44,111,28816
101,4,GO:0000976,,train,1.1912030142916279e-11,1.6484292818682517e-12,118.81903642773209,7,53,0.1320754716981132,28980,46,37,28890
101,5,GO:0001067,,train,1.1912030142916279e-11,1.6484292818682517e-12,118.81903642773209,7,53,0.1320754716981132,28980,46,37,28890
101,6,GO:0140110,,train,2.487672787838191e-10,3.61451124225252e-11,14.12366341236634,14,53,0.2641509433962264,28980,39,717,28210
101,7,GO:1990837,,train,3.0738940697867237e-10,4.4824807919261534e-11,70.84677419354838,7,53,0.1320754716981132,28980,46,62,28865
101,8,GO:0003700,,train,8.890301400021837e-09,1.3693413235291564e-09,13.231980051429908,12,53,0.22641509433962265,28980,41,626,28301
101,9,GO:0046983,,train,2.389043964606781e-08,3.751842485941047e-09,16.33692290067591,10,53,0.18867924528301888,28980,43,406,28521
101,10,GO:0046982,,train,3.500880152090734e-06,6.2291197362976e-07,35.76760912698413,5,53,0.09433962264150944,28980,48,84,28843
102,1,GO:0008270,,train,1.3005503131840566e-93,3.364050521549996e-95,197.7475396665997,70,83,0.8433734939759037,28980,13,766,28131
102,2,GO:0046914,,train,2.5083990859598515e-69,1.0103549647581203e-70,82.57424881506283,70,83,0.8433734939759037,28980,13,1769,27128
102,3,GO:0016614,,train,5.834516349037118e-44,3.929329784818916e-45,47.15729916378916,40,83,0.4819277108433735,28980,43,559,28338
102,4,GO:0016616,,train,1.9713288308169036e-42,1.3749696652239641e-43,47.861964958970944,38,83,0.4578313253012048,28980,45,501,28396
102,5,GO:0016628,,train,2.4444515854244397e-12,3.298939114172422e-13,43.36293843143158,10,83,0.12048192771084337,28980,73,91,28806
102,6,GO:0016627,,train,1.2112799863583625e-08,1.876336106823394e-09,16.99934768427919,10,83,0.12048192771084337,28980,73,231,28666
102,7,GO:0070403,,train,6.117345842060216e-07,1.0372088271917429e-07,52.86080586080586,5,83,0.060240963855421686,28980,78,35,28862
102,8,GO:0004033,,train,5.782002201666949e-06,1.0438667594947832e-06,63.564116675839294,4,83,0.04819277108433735,28980,79,23,28874
102,9,GO:0016655,,train,4.838070798310284e-05,9.368031161739748e-06,13.736275993944703,6,83,0.07228915662650602,28980,77,163,28734
102,10,GO:0016651,,train,0.0001686832333147,3.4347398856700016e-05,8.549342105263158,7,83,0.08433734939759036,28980,76,308,28589
103,1,GO:0016278,,train,4.114840034379848e-21,4.41012685795365e-22,458.936507936508,10,25,0.4,28980,15,42,28913
103,2,GO:0016279,,train,4.114840034379848e-21,4.41012685795365e-22,458.936507936508,10,25,0.4,28980,15,42,28913
103,3,GO:0008276,,train,7.59148398838177e-19,8.588426388707385e-20,256.7111111111111,10,25,0.4,28980,15,75,28880
103,4,GO:0018024,,train,1.1119861767003866e-18,1.2638797684616398e-19,396.6859756097561,9,25,0.36,28980,16,41,28914
103,5,GO:0042054,,train,2.792007098675839e-18,3.1995581832088014e-19,353.5067934782609,9,25,0.36,28980,16,46,28909
103,6,GO:0008170,,train,1.1965748212205382e-16,1.4252199147794795e-17,148.9715762273902,10,25,0.4,28980,15,129,28826
103,7,GO:0008757,,train,1.545013981345943e-13,2.001815285318893e-14,69.78345498783455,10,25,0.4,28980,15,274,28681
103,8,GO:0008168,,train,5.3274206761251e-12,7.263033021849084e-13,38.780124223602485,11,25,0.44,28980,14,575,28380
103,9,GO:0016741,,train,3.4164362996129085e-11,4.800845103331612e-12,32.3297982948638,11,25,0.44,28980,14,687,28268
103,10,GO:0140096,,train,0.0001149626908595,2.3048441756528757e-05,7.036179835062517,10,25,0.4,28980,15,2506,26449
104,1,GO:0015144,,train,4.598124461396038e-21,4.935269070672609e-22,49.6226012793177,17,164,0.10365853658536585,28980,147,67,28749
104,2,GO:0022857,,train,3.6475287814992936e-10,5.3350063585042545e-11,5.743268242548818,25,164,0.1524390243902439,28980,139,875,27941
104,3,GO:0005215,,train,1.801447705702805e-08,2.813228379500732e-09,4.681995491786683,25,164,0.1524390243902439,28980,139,1066,27750
104,4,GO:0030234,,train,0.000697347317729,0.00015141161552,4.121907332433648,11,164,0.06707317073170732,28980,153,494,28322
104,5,GO:0017056,,train,0.0025069158021403,0.0005835296881333,20.63306258958433,3,164,0.018292682926829267,28980,161,26,28790
104,6,GO:0098772,,train,0.0044799071769553,0.0010837236273631,2.8956953642384105,13,164,0.07926829268292683,28980,151,832,27984
104,7,GO:0017016,,train,0.0077648227275497,0.0019521481746549,8.06938202247191,4,164,0.024390243902439025,28980,160,89,28727
104,8,GO:0031267,,train,0.0089491648310956,0.0022765488295173,7.721236559139785,4,164,0.024390243902439025,28980,160,93,28723
104,9,GO:0051020,,train,0.0127021926612682,0.0033376883783453,5.267755342233992,5,164,0.03048780487804878,28980,159,171,28645
104,10,GO:0031369,,train,0.0170133103396997,0.0045886149426609,22.22222222222222,2,164,0.012195121951219513,28980,162,16,28800
105,1,GO:0003899,,train,9.259492866010032e-74,3.436675004023409e-75,1063.172264355363,34,47,0.723404255319149,28980,13,71,28862
105,2,GO:0034062,,train,7.707743113627453e-66,3.332638730911949e-67,562.0929965556832,34,47,0.723404255319149,28980,13,134,28799
105,3,GO:0097747,,train,7.707743113627453e-66,3.332638730911949e-67,562.0929965556832,34,47,0.723404255319149,28980,13,134,28799
105,4,GO:0016779,,train,2.127429338279284e-51,1.2302034489742232e-52,182.55128205128204,35,47,0.7446808510638298,28980,12,455,28478
105,5,GO:0140098,,train,4.876015179035862e-39,3.6409065504767294e-40,78.22961867192636,34,47,0.723404255319149,28980,13,936,27997
105,6,GO:0016772,,train,1.7401804348464266e-31,1.5231740162642068e-32,44.38597720478326,35,47,0.7446808510638298,28980,12,1784,27149
105,7,GO:0003677,,train,2.474249495345813e-21,2.6368221179564893e-22,21.36997254724273,30,47,0.6382978723404256,28980,17,2207,26726
105,8,GO:0046983,,train,6.244836779117799e-13,8.244860228925775e-14,27.06831119544592,13,47,0.2765957446808511,28980,34,403,28530
105,9,GO:0032549,,train,0.0033765608004937,0.0007997039596915,7.603833013025838,5,47,0.10638297872340426,28980,42,446,28487
105,10,GO:0001882,,train,0.0036966787295778,0.0008821262832451,7.434471595655806,5,47,0.10638297872340426,28980,42,456,28477
106,1,GO:0008081,,train,2.2268882888962657e-73,8.356457503811455e-75,1526.3028846153843,33,41,0.8048780487804879,28980,8,78,28861
106,2,GO:0042578,,train,1.3301397251760991e-50,7.804639744346972e-52,258.81194933920705,33,41,0.8048780487804879,28980,8,454,28485
106,3,GO:0016788,,train,1.514384998857292e-41,1.0762216970524037e-42,163.7853910795087,37,41,0.9024390243902439,28980,4,1547,27392
106,4,GO:0004112,,train,7.914202525731194e-17,9.375467971426004e-18,219.69425675675677,9,41,0.21951219512195122,28980,32,37,28902
106,5,GO:0004620,,train,8.382486666981612e-05,1.6609291916531512e-05,29.97401247401248,4,41,0.0975609756097561,28980,37,104,28835
106,6,GO:0016298,,train,0.0002351259357407,4.859971885597698e-05,22.562475518997257,4,41,0.0975609756097561,28980,37,138,28801
106,7,GO:0016874,,train,0.0345260698218621,0.0099938880682097,5.149943220531456,4,41,0.0975609756097561,28980,37,595,28344
107,1,GO:1904680,,train,6.990148343291142e-20,7.725877991398624e-21,197.37142857142857,11,46,0.2391304347826087,28980,35,46,28888
107,2,GO:0042887,,train,8.602895693755928e-20,9.523491468700721e-21,193.1653495440729,11,46,0.2391304347826087,28980,35,47,28887
107,3,GO:0022857,,train,6.861969359977463e-08,1.101549406587471e-08,11.147058823529411,12,46,0.2608695652173913,28980,34,888,28046
107,4,GO:0005215,,train,5.383744023685177e-07,9.087246408434833e-08,9.111377637245816,12,46,0.2608695652173913,28980,34,1079,27855
107,5,GO:0016151,,train,0.0005071501223817,0.0001086293961055,36.63298097251586,3,46,0.06521739130434782,28980,43,55,28879
107,6,GO:0042626,,train,0.0298253668314463,0.0084634949906617,15.427272727272728,2,46,0.043478260869565216,28980,44,85,28849
107,7,GO:0015399,,train,0.0424688335829195,0.0125750642955195,12.48008658008658,2,46,0.043478260869565216,28980,44,105,28829
108,1,GO:0016301,,train,8.504508514723436e-11,1.2152500962246511e-11,3.992623063414924,39,278,0.14028776978417265,28980,239,1127,27575
108,2,GO:0017076,,train,1.3567058528572935e-09,2.0249044498075136e-10,2.690330308343449,65,278,0.23381294964028776,28980,213,2924,25778
108,3,GO:0030554,,train,2.528995487414327e-09,3.8079025120279e-10,2.788760130551175,58,278,0.20863309352517986,28980,220,2479,26223
108,4,GO:0032555,,train,3.339505925949557e-09,5.052742803271951e-10,2.641590866158875,64,278,0.2302158273381295,28980,214,2919,25783
108,5,GO:0035639,,train,3.780154161308255e-09,5.740492478021499e-10,2.6507476536617527,63,278,0.22661870503597123,28980,215,2857,25845
108,6,GO:0016773,,train,4.293646460687173e-09,6.53914167885655e-10,4.082759468765372,31,278,0.11151079136690648,28980,247,856,27846
108,7,GO:0032559,,train,6.575618517610111e-09,1.008581262507149e-09,2.731894969992471,57,278,0.20503597122302158,28980,221,2476,26226
108,8,GO:0005524,,train,1.0716335060914468e-08,1.6565632632172027e-09,2.7138043410063077,56,278,0.2014388489208633,28980,222,2441,26261
108,9,GO:0016772,,train,3.0819938950381635e-08,4.8644529708133765e-09,2.9316159499881453,45,278,0.1618705035971223,28980,233,1774,26928
108,10,GO:0032553,,train,3.149365899604496e-08,4.973557009921153e-09,2.474367762293721,64,278,0.2302158273381295,28980,214,3095,25607
109,1,GO:0016836,,train,2.4359742226535484e-38,1.848192060424961e-39,1731.50144092219,21,22,0.9545454545454546,28980,1,347,28611
109,2,GO:0016835,,train,5.572001015666021e-36,4.473988570741589e-37,1318.4669603524228,21,22,0.9545454545454546,28980,1,454,28504
109,3,GO:0000287,,train,1.0141912235435528e-32,8.675157081018174e-34,906.0091463414634,21,22,0.9545454545454546,28980,1,656,28302
109,4,GO:0016829,,train,6.813622341089569e-30,6.135593366877386e-31,inf,22,22,1.0,28980,0,1215,27743
110,1,GO:0016151,,train,2.319111822251531e-50,1.368219588720328e-51,3043.894736842105,20,25,0.8,28980,5,38,28917
110,2,GO:0046914,,train,5.8614991282125865e-21,6.313598820762716e-22,78.36592409240924,21,25,0.84,28980,4,1818,27137
110,3,GO:0051536,,train,8.284439648653705e-12,1.1386645232880212e-12,45.73557692307692,10,25,0.4,28980,15,416,28539
110,4,GO:0051540,,train,8.672237162311625e-12,1.192727933827023e-12,45.51355661881978,10,25,0.4,28980,15,418,28537
110,5,GO:0051539,,train,8.747533233795418e-11,1.2510020578079276e-11,61.46524064171123,8,25,0.32,28980,17,220,28735
110,6,GO:0016903,,train,1.709008896828073e-07,2.8065453541957933e-08,42.41170683718642,6,25,0.24,28980,19,214,28741
110,7,GO:0016661,,train,0.0074126449366447,0.001857666972288,34.882850241545896,2,25,0.08,28980,23,72,28883
111,1,GO:0016746,,train,6.625867042078497e-71,2.5950681768342124e-72,1110.6476868327402,44,46,0.9565217391304348,28980,2,562,28372
111,2,GO:0016747,,train,2.3021484471603015e-52,1.3029120309088974e-53,204.634721937205,35,46,0.7608695652173914,28980,11,443,28491
111,3,GO:0004312,,train,1.2535573762527838e-48,7.678438274437036e-50,346.97962962962964,26,46,0.5652173913043478,28980,20,108,28826
111,4,GO:0046912,,train,4.501602319369812e-16,5.4474966111013525e-17,175.70675675675676,9,46,0.1956521739130435,28980,37,40,28894
112,1,GO:0032559,,train,6.566945574612364e-59,3.2549057949568273e-60,35.53686892817328,76,99,0.7676767676767676,28980,23,2457,26424
112,2,GO:0030554,,train,7.3611905950182175e-59,3.663667815254987e-60,35.47373814108793,76,99,0.7676767676767676,28980,23,2461,26420
112,3,GO:0005524,,train,2.4368361561654525e-56,1.2649247645443892e-57,32.32178291374329,74,99,0.7474747474747475,28980,25,2423,26458
112,4,GO:0032555,,train,4.090385547168113e-55,2.184366772852761e-56,31.284411562284927,77,99,0.7777777777777778,28980,22,2906,25975
112,5,GO:0017076,,train,4.752708694980785e-55,2.5422404069001127e-56,31.212740384615383,77,99,0.7777777777777778,28980,22,2912,25969
112,6,GO:0032553,,train,2.968815684837177e-53,1.6462981783392734e-54,29.29802076573653,77,99,0.7777777777777778,28980,22,3082,25799
112,7,GO:0035639,,train,6.943532032031225e-53,3.882943038095792e-54,28.59841827768014,75,99,0.7575757575757576,28980,24,2845,26036
112,8,GO:0097367,,train,1.6091450442157956e-51,9.272016586028268e-53,27.54530098280098,77,99,0.7777777777777778,28980,22,3256,25625
112,9,GO:0016772,,train,4.96463753143799e-44,3.334772786005599e-45,22.72924715909091,59,99,0.5959595959595959,28980,40,1760,27121
112,10,GO:0016301,,train,6.596064785049939e-42,4.65088553112904e-43,25.386767610269917,50,99,0.5050505050505051,28980,49,1116,27765
113,1,GO:0016757,,train,1.3183416662694666e-86,3.8812238175610447e-88,3616.0844327176783,48,49,0.9795918367346939,28980,1,379,28552
113,2,GO:0016758,,train,6.519697969621532e-49,3.968694490105617e-50,294.6579545454546,27,49,0.5510204081632653,28980,22,120,28811
113,3,GO:0008194,,train,8.286627037868547e-26,8.076166082253466e-27,336.64874551971326,13,49,0.2653061224489796,28980,36,31,28900
113,4,GO:0046527,,train,0.0001539865401716,3.118343592602269e-05,57.11067193675889,3,49,0.061224489795918366,28980,46,33,28898
114,1,GO:0071949,,train,1.7999022350326833e-06,3.138769664923562e-07,42.63165680473373,5,31,0.16129032258064516,28980,26,130,28819
114,2,GO:0016829,,train,2.153238330043687e-06,3.7801673585704123e-07,10.758722396864206,10,31,0.3225806451612903,28980,21,1227,27722
114,3,GO:0016866,,train,2.454418422795418e-06,4.325447822461621e-07,39.85888212506917,5,31,0.16129032258064516,28980,26,139,28810
114,4,GO:0050660,,train,1.018569639839792e-05,1.8717190587090296e-06,19.610742857142856,6,31,0.1935483870967742,28980,25,350,28599
114,5,GO:0016627,,train,2.8624668560484215e-05,5.433630731228219e-06,23.397164276401565,5,31,0.16129032258064516,28980,26,236,28713
114,6,GO:0019842,,train,6.451501678067829e-05,1.2628214023742342e-05,13.91022403258656,6,31,0.1935483870967742,28980,25,491,28458
114,7,GO:0008168,,train,0.0001571810355041,3.189941160538212e-05,11.73889655172414,6,31,0.1935483870967742,28980,25,580,28369
114,8,GO:0016853,,train,0.0001613683867307,3.278231133308629e-05,9.358,7,31,0.22580645161290322,28980,24,875,28074
114,9,GO:0016836,,train,0.0002028523477196,4.160799539305677e-05,15.144098325916508,5,31,0.16129032258064516,28980,26,363,28586
114,10,GO:0016741,,train,0.000397674629745,8.414341771826109e-05,9.800115606936416,6,31,0.1935483870967742,28980,25,692,28257
115,1,GO:0016746,,train,6.464486892049074e-95,1.6342537972986352e-96,1020.0420475319928,59,62,0.9516129032258065,28980,3,547,28371
115,2,GO:0016747,,train,5.9636690276816885e-90,1.6578849656589398e-91,529.2890915231341,55,62,0.8870967741935484,28980,7,423,28495
115,3,GO:0016410,,train,7.190764272318245e-88,2.0706334123352477e-89,677.2521367521367,44,62,0.7096774193548387,28980,18,104,28814
115,4,GO:0008080,,train,3.739523285587534e-86,1.1107820287622697e-87,738.4829268292683,42,62,0.6774193548387096,28980,20,82,28836
115,5,GO:0016407,,train,1.1605044507982453e-85,3.470940751281625e-87,544.1218487394958,45,62,0.7258064516129032,28980,17,140,28778
115,6,GO:0034212,,train,1.3172524357365894e-18,1.499114073537994e-19,144.8358413132695,11,62,0.1774193548387097,28980,51,43,28875
115,7,GO:0004402,,train,2.620634750734711e-07,4.3481487032139326e-08,63.328947368421055,5,62,0.08064516129032258,28980,57,40,28878
115,8,GO:0061733,,train,3.63109786837136e-07,6.064062145936997e-08,58.90452876376989,5,62,0.08064516129032258,28980,57,43,28875
115,9,GO:0042802,,train,0.0027002896353731,0.000631467679034,5.309171478447697,7,62,0.11290322580645161,28980,55,677,28241
115,10,GO:0048029,,train,0.0034272469543614,0.0008128128231101,17.88094253823894,3,62,0.04838709677419355,28980,59,82,28836
116,1,GO:0016830,,train,7.955806871605013e-86,2.3748329385023607e-87,148.11817709235834,60,89,0.6741573033707865,28980,29,398,28493
116,2,GO:0016829,,train,5.275229198292698e-68,2.1850701837847127e-69,64.054856370876,65,89,0.7303370786516854,28980,24,1172,27719
116,3,GO:0016832,,train,7.038613224816508e-65,3.119612681005178e-66,275.7161838958278,36,89,0.4044943820224719,28980,53,71,28820
116,4,GO:0016831,,train,2.9760158990175725e-29,2.7208441341751896e-30,45.672831632653065,25,89,0.2808988764044944,28980,64,245,28646
116,5,GO:0016765,,train,1.6463588885279388e-11,2.2874535572217875e-12,16.45835390946502,14,89,0.15730337078651685,28980,75,324,28567
116,6,GO:0016833,,train,0.0040558819763443,0.0009731883079425,16.76220930232558,3,89,0.033707865168539325,28980,86,60,28831
116,7,GO:0016846,,train,0.0369441477527313,0.0107844401194003,13.531315974665729,2,89,0.02247191011235955,28980,87,49,28842
117,1,GO:0016829,,train,6.454651436141167e-39,4.8272329485509565e-40,8.830051640846243,77,284,0.2711267605633803,28980,207,1160,27536
117,2,GO:0016836,,train,2.1527058645973356e-33,1.816781086769465e-34,16.054115226337448,44,284,0.15492957746478872,28980,240,324,28372
117,3,GO:0016835,,train,7.639074905562243e-31,6.767015998599825e-32,12.73512761748056,46,284,0.1619718309859155,28980,238,429,28267
117,4,GO:0004089,,train,2.2991936626613915e-19,2.570824094202341e-20,61.48841864455248,15,284,0.0528169014084507,28980,269,26,28670
117,5,GO:0016725,,train,6.626345255390634e-16,8.051697606515027e-17,49.11491829204007,13,284,0.045774647887323945,28980,271,28,28668
117,6,GO:0046914,,train,3.529232936597553e-15,4.3741935596989328e-16,3.9651535580524335,59,284,0.20774647887323944,28980,225,1780,26916
117,7,GO:0016840,,train,2.488646081819612e-07,4.1211343411917473e-08,14.641363636363636,9,284,0.03169014084507042,28980,275,64,28632
117,8,GO:0016866,,train,1.1330161728657534e-06,1.948932526896829e-07,8.65330909691812,11,284,0.03873239436619718,28980,273,133,28563
117,9,GO:0008270,,train,1.4833543497735488e-06,2.571981836807463e-07,3.4694037706957603,26,284,0.09154929577464789,28980,258,810,27886
117,10,GO:0016701,,train,5.390569116284541e-06,9.706719500190724e-07,9.75,9,284,0.03169014084507042,28980,275,96,28600
118,1,GO:0016758,,train,2.4868543052003745e-06,4.384795401763791e-07,89.58508158508158,4,13,0.3076923076923077,28980,9,143,28824
118,2,GO:0016757,,train,0.0001480017199251,2.990643184942668e-05,29.991069083267664,4,13,0.3076923076923077,28980,9,423,28544
118,3,GO:0016705,,train,0.0013550997973841,0.0003053013604499,28.475165562913908,3,13,0.23076923076923078,28980,10,302,28665
118,4,GO:0016709,,train,0.0021919338781157,0.0005060383423684,71.9651307596513,2,13,0.15384615384615385,28980,11,73,28894
118,5,GO:0004497,,train,0.028924902240599,0.0081791628241644,16.973645247260883,2,13,0.15384615384615385,28980,11,307,28660
119,1,GO:0016836,,train,7.927449367040309e-50,4.7327362715025195e-51,138.59338465925293,34,55,0.6181818181818182,28980,21,334,28591
119,2,GO:0016835,,train,5.522195157919552e-48,3.4359031301582235e-49,113.29261363636364,35,55,0.6363636363636364,28980,20,440,28485
119,3,GO:0016829,,train,1.0793328172166426e-36,8.517803584326787e-38,47.49189814814815,37,55,0.6727272727272727,28980,18,1200,27725
119,4,GO:0000287,,train,2.8259229552282193e-30,2.532295843232598e-31,45.18221765679393,28,55,0.509090909090909,28980,27,649,28276
119,5,GO:0016853,,train,0.0010988975904859,0.0002446823266626,5.462972880860802,8,55,0.14545454545454545,28980,47,874,28051
120,1,GO:0019904,,train,1.1695306785623664e-05,2.156661575870784e-06,51.25288376220053,4,53,0.07547169811320754,28980,49,46,28881
120,2,GO:0003713,,train,0.0039977939403205,0.0009583134960202,49.28218243819267,2,53,0.03773584905660377,28980,51,23,28904
120,3,GO:0003712,,train,0.0365026195155011,0.0106330974737716,13.628159697613984,2,53,0.03773584905660377,28980,51,83,28844
120,4,GO:0140110,,train,0.0365795111680451,0.0106598456645745,4.0462867309458215,5,53,0.09433962264150944,28980,48,726,28201
121,1,GO:0005198,,train,7.33944918241518e-153,6.1919950919400415e-155,2527.3649177760376,117,118,0.9915254237288136,28980,1,1277,27585
122,1,GO:0022890,,train,0.0040013073920646,0.0009592729207797,18.387615170344976,3,16,0.1875,28980,13,359,28605
122,2,GO:0008324,,train,0.00452371357789,0.0010949833111903,17.54582651391162,3,16,0.1875,28980,13,376,28588
122,3,GO:0015318,,train,0.0126226349918235,0.0033149346076602,11.79081350304372,3,16,0.1875,28980,13,556,28408
122,4,GO:0015075,,train,0.0138878992815797,0.0036773214285437,11.353286228502869,3,16,0.1875,28980,13,577,28387
122,5,GO:0005261,,train,0.022054280881959,0.0060838727206669,19.37466307277628,2,16,0.125,28980,14,212,28752
122,6,GO:0022857,,train,0.0418070195186116,0.0123558315002276,7.2207357859531776,3,16,0.1875,28980,13,897,28067
122,7,GO:0005262,,train,0.0491260834738401,0.0148069268248896,74.2,1,16,0.0625,28980,15,26,28938
123,1,GO:0004222,,train,1.4066714754136187e-139,1.4628361419334876e-141,2902.0227272727275,62,70,0.8857142857142857,28980,8,77,28833
123,2,GO:0008237,,train,2.838088652104097e-139,2.984661294505583e-141,9166.138888888889,69,70,0.9857142857142858,28980,1,216,28694
123,3,GO:0070011,,train,9.367529876477926e-93,2.4395037818756413e-94,1646.2106620808254,69,70,0.9857142857142858,28980,1,1163,27747
123,4,GO:0008233,,train,4.039240990560336e-91,1.0992339339222988e-92,1551.463038180341,69,70,0.9857142857142858,28980,1,1231,27679
123,5,GO:0004175,,train,7.798242518892979e-88,2.247845633356971e-89,306.04901960784315,62,70,0.8857142857142857,28980,8,714,28196
123,6,GO:0140096,,train,4.043330463620989e-71,1.5776770593617357e-72,746.1982018798528,69,70,0.9857142857142858,28980,1,2447,26463
123,7,GO:0008270,,train,2.9110300596688918e-56,1.5134571768809664e-57,77.86432856483619,48,70,0.6857142857142857,28980,22,788,28122
123,8,GO:0046914,,train,5.4809056326545605e-40,4.0122984374736333e-41,33.03669864473885,48,70,0.6857142857142857,28980,22,1791,27119
123,9,GO:0004521,,train,0.0279400865305627,0.0078840342065203,7.800542740841248,3,70,0.04285714285714286,28980,67,165,28745
124,1,GO:0016765,,train,1.1339662189330556e-87,3.285269913949064e-89,313.1320949432405,53,70,0.7571428571428571,28980,17,285,28625
124,2,GO:0016832,,train,4.7646611162643714e-08,7.59146726758705e-09,32.01111111111111,7,70,0.1,28980,63,100,28810
124,3,GO:0016830,,train,0.0005554571313301,0.0001195460510262,7.011332840601133,7,70,0.1,28980,63,451,28459
124,4,GO:0004659,,train,0.001506477892037,0.0003413041572784,24.379329766263023,3,70,0.04285714285714286,28980,67,53,28857
125,1,GO:0004222,,train,1.2433669385421539e-54,6.712731838571608e-56,6018.782608695652,24,25,0.96,28980,1,115,28840
125,2,GO:0008237,,train,3.805420930840407e-50,2.250679573297824e-51,inf,25,25,1.0,28980,0,260,28695
125,3,GO:0004175,,train,3.9683088440027673e-36,3.1723686426116977e-37,900.0957446808511,24,25,0.96,28980,1,752,28203
125,4,GO:0070011,,train,4.904534112511443e-34,4.081724057077368e-35,inf,25,25,1.0,28980,0,1207,27748
125,5,GO:0008233,,train,1.8795307653678932e-33,1.5840319922557426e-34,inf,25,25,1.0,28980,0,1275,27680
125,6,GO:0140096,,train,2.706639775263713e-26,2.617282683934006e-27,inf,25,25,1.0,28980,0,2491,26464
125,7,GO:0008270,,train,6.600152836208523e-15,8.246082504739536e-16,43.559168325591685,14,25,0.56,28980,11,822,28133
125,8,GO:0046914,,train,2.5802117601813796e-10,3.7542583744385596e-11,18.9200498132005,14,25,0.56,28980,11,1825,27130
126,1,GO:0008061,,train,6.090918142251377e-121,9.11755330196108e-123,38859.90625,43,45,0.9555555555555556,28980,2,16,28919
126,2,GO:0097367,,train,3.226539507826467e-37,2.514162079508569e-38,167.588905775076,43,45,0.9555555555555556,28980,2,3290,25645
126,3,GO:0016798,,train,9.16058472782774e-32,7.977976505208974e-33,52.78172900061312,31,45,0.6888888888888889,28980,14,1165,27770
126,4,GO:0004553,,train,7.0274656650684025e-31,6.221109423744531e-32,53.16096698113208,29,45,0.6444444444444445,28980,16,954,27981
126,5,GO:0030246,,train,4.955340120823928e-06,8.90123491252668e-07,15.822190611664295,7,45,0.15555555555555556,28980,38,333,28602
127,1,GO:0046914,,train,1.0341170647005783e-24,1.0336020812486082e-25,74.79603087100331,25,30,0.8333333333333334,28980,5,1814,27136
127,2,GO:0016829,,train,2.518402702119371e-18,2.88454010759198e-19,39.327362292879535,19,30,0.6333333333333333,28980,11,1218,27732
127,3,GO:0016836,,train,1.4907606566453063e-16,1.780860051498245e-17,61.59652029826015,13,30,0.43333333333333335,28980,17,355,28595
127,4,GO:0016835,,train,3.9156520415953805e-15,4.865745660265284e-16,47.15355233002292,13,30,0.43333333333333335,28980,17,462,28488
127,5,GO:0016846,,train,8.805276286453287e-11,1.259517945535677e-11,160.58333333333334,6,30,0.2,28980,24,45,28905
127,6,GO:0016151,,train,2.3522443482872684e-08,3.691294775104694e-09,109.04528301886792,5,30,0.16666666666666666,28980,25,53,28897
127,7,GO:0005506,,train,1.1379121642195906e-05,2.096022406366343e-06,14.578877790834312,7,30,0.23333333333333334,28980,23,592,28358
127,8,GO:0016810,,train,0.0001900641338314,3.8879158875854026e-05,11.367174959871589,6,30,0.2,28980,24,623,28327
127,9,GO:0016811,,train,0.0007239400142599,0.0001575884889113,16.845566647093364,4,30,0.13333333333333333,28980,26,262,28688
127,10,GO:0050897,,train,0.0038105952615106,0.000911095835148,50.36411149825784,2,30,0.06666666666666667,28980,28,41,28909
128,1,GO:0046983,,train,1.1940655003166898e-39,8.797125503988267e-41,121.18192844147968,28,45,0.6222222222222222,28980,17,388,28547
128,2,GO:0003700,,train,9.135721613089506e-31,8.106189989175415e-32,63.3297213622291,26,45,0.5777777777777777,28980,19,612,28323
128,3,GO:0140110,,train,3.068349303283284e-29,2.806159453042274e-30,54.79507278835386,26,45,0.5777777777777777,28980,19,705,28230
129,1,GO:0005507,,train,9.976592642516126e-107,2.0048459304467482e-108,11986.66371681416,47,48,0.9791666666666666,28980,1,113,28819
129,2,GO:0046914,,train,2.477102011694026e-54,1.3475051808055208e-55,711.8191964285714,47,48,0.9791666666666666,28980,1,1792,27140
129,3,GO:0016679,,train,2.972644717790955e-30,2.664643300946282e-31,277.6923076923077,16,48,0.3333333333333333,28980,32,52,28880
130,1,GO:0016810,,train,9.944238213091722e-30,8.986722584699289e-31,inf,18,18,1.0,28980,0,611,28351
130,2,GO:0016811,,train,6.364434964434931e-25,6.320249151780888e-26,398.75,14,18,0.7777777777777778,28980,4,252,28710
131,1,GO:0004553,,train,1.7584138929007128e-248,3.451203410503201e-251,1951.20131201312,170,173,0.9826589595375722,28980,3,813,27994
131,2,GO:0016798,,train,2.3091306178091102e-239,5.208514443896695e-242,4666.67578125,172,173,0.9942196531791907,28980,1,1024,27783
131,3,GO:0097599,,train,2.889518516308306e-38,2.1956853359415728e-39,183.89138888888888,23,173,0.1329479768786127,28980,150,24,28783
131,4,GO:0008810,,train,5.0721995518033295e-12,6.907653196336433e-13,41.03866457411899,10,173,0.057803468208092484,28980,163,43,28764
131,5,GO:0015926,,train,2.5072212475012487e-06,4.423644014910514e-07,17.06702867809265,7,173,0.04046242774566474,28980,166,71,28736
131,6,GO:0015925,,train,0.0006955309773719,0.0001509712798629,16.60614807331505,4,173,0.023121387283236993,28980,169,41,28766
131,7,GO:0030247,,train,0.0021312186294836,0.000490960052209,11.938129347036227,4,173,0.023121387283236993,28980,169,57,28750
131,8,GO:0030246,,train,0.0043392512546871,0.0010471556327771,4.158451989777291,8,173,0.046242774566473986,28980,165,332,28475
132,1,GO:0016616,,train,5.0548094631445984e-43,3.485667011231913e-44,70.46875,35,63,0.5555555555555556,28980,28,504,28413
132,2,GO:0016614,,train,2.080143142873625e-41,1.4849895536171967e-42,62.83909574468085,35,63,0.5555555555555556,28980,28,564,28353
132,3,GO:0051287,,train,2.25970102124721e-31,1.9812183720282683e-32,61.31064632264701,25,63,0.3968253968253968,28980,38,307,28610
132,4,GO:0000287,,train,3.808965772576002e-25,3.763553197673743e-26,30.510897994768964,26,63,0.4126984126984127,28980,37,651,28266
132,5,GO:0016779,,train,4.099053580404215e-18,4.709402742579996e-19,26.079617834394902,19,63,0.30158730158730157,28980,44,471,28446
132,6,GO:0016772,,train,1.1507067746784648e-11,1.5900295445289036e-12,8.682948218262807,23,63,0.36507936507936506,28980,40,1796,27121
132,7,GO:0004674,,train,0.0035133242186516,0.0008356971220508,10.305084745762713,4,63,0.06349206349206349,28980,59,189,28728
133,1,GO:0008238,,train,2.251085978637403e-117,3.626848546300412e-119,1408.453488372093,59,66,0.8939393939393939,28980,7,172,28742
133,2,GO:0004177,,train,1.8923835482504856e-104,4.019035276918306e-106,1221.2063492063492,48,66,0.7272727272727273,28980,18,63,28851
133,3,GO:0008233,,train,7.289870323906718e-83,2.278551611333295e-84,716.5825242718447,64,66,0.9696969696969697,28980,2,1236,27678
133,4,GO:0070011,,train,1.0712648674086391e-76,3.7469322192515887e-78,289.0389410760034,61,66,0.9242424242424242,28980,5,1171,27743
133,5,GO:0140096,,train,6.831117079180271e-67,2.8875712409576493e-68,701.7931456548348,65,66,0.9848484848484849,28980,1,2451,26463
133,6,GO:0008237,,train,7.882891785245802e-46,5.126408226629664e-47,106.62078586375262,32,66,0.48484848484848486,28980,34,253,28661
133,7,GO:0008235,,train,3.1889366510403955e-38,2.426943615257037e-39,244.86424242424243,21,66,0.3181818181818182,28980,45,55,28859
133,8,GO:0008270,,train,9.298343558687504e-05,1.8513882640067656e-05,6.072293324109305,10,66,0.15151515151515152,28980,56,826,28088
133,9,GO:0004180,,train,0.0039329125875897,0.0009422999107682,16.950617283950617,3,66,0.045454545454545456,28980,63,81,28833
133,10,GO:0046914,,train,0.0107027525851258,0.0027633963525001,2.9634573304157548,11,66,0.16666666666666666,28980,55,1828,27086
134,1,GO:0016168,,train,4.319236423109727e-26,4.1892936687220036e-27,357.8342857142857,13,48,0.2708333333333333,28980,35,30,28902
134,2,GO:0046906,,train,1.2442792404970395e-09,1.8538255315838948e-10,14.15042471042471,13,48,0.2708333333333333,28980,35,740,28192
135,1,GO:0015078,,train,4.366624083836953e-150,3.8374409735802375e-152,2570.625,70,77,0.9090909090909091,28980,7,112,28791
135,2,GO:0015077,,train,6.411227347983999e-135,7.456007432257221e-137,1386.280193236715,70,77,0.9090909090909091,28980,7,207,28696
135,3,GO:0022890,,train,8.423568733833927e-129,1.1202801081409038e-130,1163.4891179839633,71,77,0.922077922077922,28980,6,291,28612
135,4,GO:0008324,,train,3.048458044349574e-127,4.134622475712139e-129,1098.6174242424242,71,77,0.922077922077922,28980,6,308,28595
135,5,GO:0015252,,train,3.479556869592721e-118,5.4939835155710135e-120,1667.871111111111,52,77,0.6753246753246753,28980,25,36,28867
135,6,GO:0015318,,train,3.597531221696589e-117,5.806719111681813e-119,840.2266940451746,72,77,0.935064935064935,28980,5,487,28416
135,7,GO:0015075,,train,5.970485476497059e-116,9.86423472696588e-118,804.8976377952756,72,77,0.935064935064935,28980,5,508,28395
135,8,GO:0046933,,train,3.921894681646985e-107,7.800821656379596e-109,1327.2183908045977,48,77,0.6233766233766234,28980,29,36,28867
135,9,GO:0022857,,train,2.6076201980826258e-104,5.545690200685434e-106,619.5731559854897,73,77,0.948051948051948,28980,4,827,28076
135,10,GO:0005215,,train,4.8786676846445326e-98,1.1676103636390375e-99,499.9029960707269,73,77,0.948051948051948,28980,4,1018,27885
136,1,GO:0038023,,train,1.773680375749227e-16,2.12507037431946e-17,44.02332814930016,15,30,0.5,28980,15,643,28307
136,2,GO:0060089,,train,2.690743488930305e-16,3.2411568756719733e-17,42.73111782477341,15,30,0.5,28980,15,662,28288
136,3,GO:0004888,,train,7.371603554039327e-14,9.469045781545671e-15,44.11291569992266,12,30,0.4,28980,18,431,28519
136,4,GO:0004842,,train,0.0017117814417865,0.0003903746235553,23.71604938271605,3,30,0.1,28980,27,135,28815
136,5,GO:0019787,,train,0.0020817906401209,0.0004789027125075,22.0727969348659,3,30,0.1,28980,27,145,28805
136,6,GO:0003725,,train,0.0025891555447444,0.0006034309257985,62.59090909090909,2,30,0.06666666666666667,28980,28,33,28917
136,7,GO:0061630,,train,0.0030235800702711,0.0007115869081805,57.36904761904762,2,30,0.06666666666666667,28980,28,36,28914
136,8,GO:0061659,,train,0.0030235800702711,0.0007115869081805,57.36904761904762,2,30,0.06666666666666667,28980,28,36,28914
137,1,GO:0016903,,train,4.20353411078717e-21,4.506820999349985e-22,164.1357048748353,13,24,0.5416666666666666,28980,11,207,28749
137,2,GO:1901681,,train,1.225600395466226e-09,1.825278264214868e-10,62.673202614379086,7,24,0.2916666666666667,28980,17,189,28767
137,3,GO:0019842,,train,6.618111108203854e-07,1.1246349280455389e-07,23.921008403361345,7,24,0.2916666666666667,28980,17,490,28466
137,4,GO:0016620,,train,7.82085164099298e-05,1.5457505352485466e-05,31.79558011049724,4,24,0.16666666666666666,28980,20,181,28775
137,5,GO:0051539,,train,0.003613980708435,0.0008609101889736,18.241904761904763,3,24,0.125,28980,21,225,28731
137,6,GO:0000287,,train,0.0085247555612396,0.0021620919720307,8.405052005943537,4,24,0.16666666666666666,28980,20,673,28283
137,7,GO:0051536,,train,0.0186734093687961,0.0050751938402229,9.636271529888552,3,24,0.125,28980,21,423,28533
137,8,GO:0051540,,train,0.0188892831096745,0.0051416122874035,9.590252100840337,3,24,0.125,28980,21,425,28531
138,1,GO:0032559,,train,1.119031926680645e-94,2.8388014427320467e-96,94.32002195690956,104,116,0.896551724137931,28980,12,2429,26435
138,2,GO:0030554,,train,1.3177039515134702e-94,3.350520051304134e-96,94.15070557610632,104,116,0.896551724137931,28980,12,2433,26431
138,3,GO:0005524,,train,1.6946979083653086e-91,4.5473922256279775e-93,80.52007157769162,102,116,0.8793103448275862,28980,14,2395,26469
138,4,GO:0032555,,train,3.4902468449385264e-89,9.876610282715575e-91,86.18769347400341,105,116,0.9051724137931034,28980,11,2878,25986
138,5,GO:0017076,,train,4.306555775783501e-89,1.2211811204729262e-90,85.98852603706973,105,116,0.9051724137931034,28980,11,2884,25980
138,6,GO:0032553,,train,1.4208911567449418e-86,4.187293856183647e-88,80.67065547419182,105,116,0.9051724137931034,28980,11,3054,25810
138,7,GO:0035639,,train,2.102239242253314e-86,6.213666682583688e-88,73.25963245132574,103,116,0.8879310344827587,28980,13,2817,26047
138,8,GO:0097367,,train,3.871525557974489e-84,1.1885516550245377e-85,75.80770530584657,105,116,0.9051724137931034,28980,11,3228,25636
138,9,GO:0016874,,train,2.3233872485088334e-22,2.4284048694025598e-23,16.546198830409356,29,116,0.25,28980,87,570,28294
138,10,GO:0140097,,train,4.574149774290829e-19,5.1426858932326205e-20,15.648307515777397,25,116,0.21551724137931033,28980,91,498,28366
139,1,GO:0042578,,train,9.097730511282202e-28,8.536201431771066e-29,515.2627659574468,17,19,0.8947368421052632,28980,2,470,28491
139,2,GO:0016791,,train,1.846149411100832e-22,1.9247285215771336e-23,230.21954022988507,14,19,0.7368421052631579,28980,5,348,28613
139,3,GO:0016788,,train,4.381016625827174e-19,4.9229808643621405e-20,148.59540523292915,17,19,0.8947368421052632,28980,2,1567,27394
139,4,GO:0004112,,train,0.0018094817297879,0.0004142985382436,77.31818181818181,2,19,0.10526315789473684,28980,17,44,28917
139,5,GO:0008081,,train,0.0093409818575817,0.0023825154241428,31.140852671343765,2,19,0.10526315789473684,28980,17,109,28852
139,6,GO:0004721,,train,0.022171712512313,0.0061201642500373,19.02379378717779,2,19,0.10526315789473684,28980,17,178,28783
139,7,GO:0070063,,train,0.0419015801593645,0.0123874607308289,89.33024691358025,1,19,0.05263157894736842,28980,18,18,28943
140,1,GO:0003723,,train,5.674034990711427e-07,9.592189100212569e-08,5.4802611752888,18,73,0.2465753424657534,28980,55,1629,27278
140,2,GO:0003690,,train,0.0132222397556205,0.0034873117626684,10.545787545787546,3,73,0.0410958904109589,28980,70,117,28790
140,3,GO:1990837,,train,0.0442173598181182,0.0131679315672434,12.12528904771915,2,73,0.0273972602739726,28980,71,67,28840
141,1,GO:0016866,,train,1.4113323312676818e-56,7.301206599931822e-58,6057.773109243697,25,26,0.9615384615384616,28980,1,119,28835
141,2,GO:0016853,,train,3.463105963440902e-39,2.57574656272562e-40,inf,26,26,1.0,28980,0,856,28098
141,3,GO:0003723,,train,7.645876233551794e-18,8.829142605577869e-19,45.55931905931906,19,26,0.7307692307692307,28980,7,1628,27326
141,4,GO:0140098,,train,3.138477893354352e-12,4.2475225905314205e-13,29.25496342737722,13,26,0.5,28980,13,957,27997
141,5,GO:0140101,,train,6.635698551691293e-12,9.085524513169024e-13,46.13533591731266,10,26,0.38461538461538464,28980,16,387,28567
142,1,GO:0016620,,train,5.951089774229914e-195,2.6323770568846612e-197,inf,85,85,1.0,28980,0,100,28795
142,2,GO:0016903,,train,9.70143602234331e-187,5.058603895998796e-189,inf,85,85,1.0,28980,0,135,28760
142,3,GO:0051287,,train,0.0002685342115818,5.583526287708781e-05,7.889151873767259,7,85,0.08235294117647059,28980,78,325,28570
142,4,GO:0016646,,train,0.0009498109461021,0.0002098448649706,14.970760233918128,4,85,0.047058823529411764,28980,81,95,28800
142,5,GO:0016645,,train,0.0025373080614573,0.0005910499957438,11.275328238291202,4,85,0.047058823529411764,28980,81,126,28769
143,1,GO:0008483,,train,5.2962735790362095e-62,2.4823615802378457e-63,167.51689593301435,39,77,0.5064935064935064,28980,38,176,28727
143,2,GO:0016769,,train,9.505593500919448e-62,4.48032924480165e-63,164.692149367833,39,77,0.5064935064935064,28980,38,179,28724
143,3,GO:0030170,,train,4.5058710998574533e-60,2.188456596526835e-61,117.1740614334471,42,77,0.5454545454545454,28980,35,293,28610
143,4,GO:0070279,,train,4.5058710998574533e-60,2.188456596526835e-61,117.1740614334471,42,77,0.5454545454545454,28980,35,293,28610
143,5,GO:0019842,,train,1.233634384023518e-52,6.952903169174937e-54,75.0276923076923,42,77,0.5454545454545454,28980,35,455,28448
143,6,GO:0016783,,train,1.3873379875949012e-18,1.5796885367142338e-19,145.8080808080808,11,77,0.14285714285714285,28980,66,33,28870
143,7,GO:0016782,,train,3.182045393060693e-14,4.052011402183799e-15,51.630824372759854,11,77,0.14285714285714285,28980,66,93,28810
143,8,GO:0016829,,train,7.575375015392114e-07,1.2917437960159794e-07,5.946644110578537,16,77,0.2077922077922078,28980,61,1221,27682
143,9,GO:0016846,,train,1.4315296393968625e-06,2.477929706534277e-07,43.5643115942029,5,77,0.06493506493506493,28980,72,46,28857
143,10,GO:0016832,,train,0.0113110323807045,0.0029356928521264,11.226221413721412,3,77,0.03896103896103896,28980,74,104,28799
144,1,GO:0016810,,train,1.188757009237701e-16,1.4155600206670928e-17,85.45269016697588,13,20,0.65,28980,7,616,28344
144,2,GO:0016813,,train,1.1194232738032523e-14,1.4100594889281384e-15,389.3076923076923,7,20,0.35,28980,13,40,28920
144,3,GO:0016811,,train,1.208599186193761e-07,1.9667130911639398e-08,47.30769230769231,6,20,0.3,28980,14,260,28700
144,4,GO:0016597,,train,0.0045151019183864,0.001092766559736,46.52334943639291,2,20,0.1,28980,18,69,28891
144,5,GO:0031406,,train,0.0396850477898968,0.0116694059148426,13.46601031411158,2,20,0.1,28980,18,237,28723
144,6,GO:0043177,,train,0.0437502847581219,0.0130044860251534,12.7087206728641,2,20,0.1,28980,18,251,28709
145,1,GO:0004089,,train,8.995648393541079e-30,8.124200719831019e-31,5305.116666666667,11,13,0.8461538461538461,28980,2,30,28937
145,2,GO:0016836,,train,8.0363955475211725e-19,9.094119577020326e-20,440.7703081232493,11,13,0.8461538461538461,28980,2,357,28610
145,3,GO:0016835,,train,1.333674142542244e-17,1.5486669306141298e-18,337.85883620689657,11,13,0.8461538461538461,28980,2,464,28503
145,4,GO:0008270,,train,6.3950981379108104e-15,7.988018414052698e-16,187.61333333333332,11,13,0.8461538461538461,28980,2,825,28142
145,5,GO:0016829,,train,4.511459659988725e-13,5.918011646433346e-14,124.44983686786296,11,13,0.8461538461538461,28980,2,1226,27741
145,6,GO:0046914,,train,3.2244789929372595e-11,4.5235462686166144e-12,81.65454048140043,11,13,0.8461538461538461,28980,2,1828,27139
146,1,GO:0016209,,train,1.217259708673916e-15,1.490864118688122e-16,22.410482567536366,17,78,0.21794871794871795,28980,61,355,28547
146,2,GO:0016853,,train,1.1312568626753275e-11,1.5624911701421244e-12,10.46292986625292,19,78,0.24358974358974358,28980,59,863,28039
146,3,GO:0016667,,train,3.1561811461618147e-09,4.772594860851066e-10,16.369285974309637,11,78,0.14102564102564102,28980,67,287,28615
146,4,GO:0015036,,train,0.0001008288411623,2.0123235634040227e-05,11.959166666666668,6,78,0.07692307692307693,28980,72,200,28702
147,1,GO:0005215,,train,5.5155900518120946e-12,7.527648607491154e-13,56.80074074074074,11,16,0.6875,28980,5,1080,27884
147,2,GO:0017016,,train,8.752920095673863e-05,1.7381739850769874e-05,74.03589743589744,3,16,0.1875,28980,13,90,28874
147,3,GO:0031267,,train,9.887916406079038e-05,1.972253648797263e-05,70.87561374795418,3,16,0.1875,28980,13,94,28870
147,4,GO:0051020,,train,0.0005414616287127,0.0001163435875035,38.405068919519785,3,16,0.1875,28980,13,173,28791
147,5,GO:0019888,,train,0.0007285525102725,0.0001586779129354,129.16071428571428,2,16,0.125,28980,14,32,28932
147,6,GO:0019208,,train,0.0009008831349044,0.0001985864484329,114.7936507936508,2,16,0.125,28980,14,36,28928
147,7,GO:0019899,,train,0.0030346689770613,0.0007148189133359,20.3988603988604,3,16,0.1875,28980,13,324,28640
147,8,GO:0042277,,train,0.0031939106812492,0.0007541996660968,57.32539682539682,2,16,0.125,28980,14,72,28892
147,9,GO:0033218,,train,0.021518915644716,0.0059197977801074,19.65481886534518,2,16,0.125,28980,14,209,28755
147,10,GO:0098772,,train,0.035835258704146,0.0104156029194872,7.707473049515805,3,16,0.1875,28980,13,842,28122
149,1,GO:0003735,,train,8.894299496189993e-50,5.320373662366337e-51,77.75528486723383,43,61,0.7049180327868853,28980,18,862,28057
149,2,GO:0005198,,train,9.238607645588847e-42,6.535793263642695e-43,48.746771938481785,43,61,0.7049180327868853,28980,18,1351,27568
150,1,GO:0008270,,train,2.2048755763660494e-73,8.267395312266875e-75,83.41726481002966,62,89,0.6966292134831461,28980,27,774,28117
150,2,GO:0046914,,train,2.683303330290691e-55,1.4258758066459598e-56,39.10814647887324,64,89,0.7191011235955056,28980,25,1775,27116
150,3,GO:0016616,,train,3.537844404378266e-33,3.0033901877400523e-34,33.057065217391305,33,89,0.3707865168539326,28980,56,506,28385
150,4,GO:0016614,,train,1.106030266418008e-31,9.655125505831395e-33,29.49031423523473,33,89,0.3707865168539326,28980,56,566,28325
150,5,GO:0016628,,train,2.5199056507454613e-15,3.1106665530777093e-16,50.43397052385816,12,89,0.1348314606741573,28980,77,89,28802
150,6,GO:0016627,,train,7.862641318043661e-11,1.1214576728345956e-11,19.50569954063404,12,89,0.1348314606741573,28980,77,229,28662
150,7,GO:0016651,,train,3.084210998456161e-05,5.868105116141655e-06,9.19580166485704,8,89,0.0898876404494382,28980,81,307,28584
150,8,GO:0070403,,train,3.643988503811851e-05,6.979054058037285e-06,37.71895424836601,4,89,0.0449438202247191,28980,85,36,28855
150,9,GO:0016655,,train,7.125850634539605e-05,1.401289958393074e-05,12.740631236602852,6,89,0.06741573033707865,28980,83,163,28728
150,10,GO:0016645,,train,0.0002490532213075,5.160976323430456e-05,13.698095238095238,5,89,0.056179775280898875,28980,84,125,28766
151,1,GO:0016853,,train,1.4459200756545897e-37,1.119055816234416e-38,31.73396674584323,40,82,0.4878048780487805,28980,42,842,28056
151,2,GO:0016860,,train,1.2196575472203864e-22,1.2676406765497645e-23,45.32809773123909,19,82,0.23170731707317074,28980,63,191,28707
151,3,GO:0016836,,train,0.0003987819475101,8.4447804392619e-05,7.377987072945522,7,82,0.08536585365853659,28980,75,361,28537
151,4,GO:0016835,,train,0.0017558458736963,0.0004010408142839,5.66980056980057,7,82,0.08536585365853659,28980,75,468,28430
151,5,GO:0016829,,train,0.0030290333352947,0.0007132252379851,3.496909679939342,11,82,0.13414634146341464,28980,71,1226,27672
151,6,GO:0005125,,train,0.0055979375108623,0.0013735338369213,14.791652411905575,3,82,0.036585365853658534,28980,79,74,28824
151,7,GO:0004497,,train,0.0074323999852704,0.0018630531878594,6.107740943267259,5,82,0.06097560975609756,28980,77,304,28594
151,8,GO:0016854,,train,0.045281668054696,0.0135273296078094,6.342213717986459,3,82,0.036585365853658534,28980,79,172,28726
151,9,GO:0030546,,train,0.045281668054696,0.0135273296078094,6.342213717986459,3,82,0.036585365853658534,28980,79,172,28726
151,10,GO:0048018,,train,0.045281668054696,0.0135273296078094,6.342213717986459,3,82,0.036585365853658534,28980,79,172,28726
152,1,GO:0016638,,train,4.2402311241864936e-48,2.6270875670546437e-49,2007.361111111111,20,26,0.7692307692307693,28980,6,48,28906
152,2,GO:0051287,,train,5.318458075827887e-05,1.0335603853602307e-05,20.843891073248876,5,26,0.19230769230769232,28980,21,327,28627
152,3,GO:0016616,,train,0.0004863717025036,0.0001040077753837,12.671660424469414,5,26,0.19230769230769232,28980,21,534,28420
152,4,GO:0016614,,train,0.0007796229152355,0.0001703034267484,11.367644700978037,5,26,0.19230769230769232,28980,21,594,28360
153,1,GO:0044877,,train,5.971262167811672e-10,8.777512247145024e-11,19.60410958904109,11,66,0.16666666666666666,28980,55,292,28622
153,2,GO:0032182,,train,7.397549856398546e-05,1.457103003615544e-05,76.44444444444444,3,66,0.045454545454545456,28980,63,18,28896
153,3,GO:0030234,,train,0.0006916750423141,0.0001500381898917,6.769859097406576,7,66,0.10606060606060606,28980,59,498,28416
153,4,GO:0051015,,train,0.0068079163962718,0.0016959463641765,13.72095238095238,3,66,0.045454545454545456,28980,63,100,28814
153,5,GO:0098772,,train,0.0117336513106635,0.0030584418479152,3.975001011285951,7,66,0.10606060606060606,28980,59,838,28076
153,6,GO:0061630,,train,0.0129381629494492,0.003406105186404,25.06770833333333,2,66,0.030303030303030304,28980,64,36,28878
153,7,GO:0061659,,train,0.0129381629494492,0.003406105186404,25.06770833333333,2,66,0.030303030303030304,28980,64,36,28878
153,8,GO:0019901,,train,0.0135631042072301,0.0035849632147475,24.38935810810811,2,66,0.030303030303030304,28980,64,37,28877
153,9,GO:0004842,,train,0.014602207565482,0.0038835703924484,10.151322751322752,3,66,0.045454545454545456,28980,63,135,28779
153,10,GO:0019787,,train,0.017463809752389,0.0047208611300069,9.447947454844009,3,66,0.045454545454545456,28980,63,145,28769
154,1,GO:0004869,,train,2.758104535567249e-87,8.031039365948519e-89,8264.57142857143,32,40,0.8,28980,8,14,28926
154,2,GO:0004866,,train,5.79745506449931e-69,2.347037788656897e-70,1094.9597315436242,34,40,0.85,28980,6,149,28791
154,3,GO:0061135,,train,8.64051975618481e-69,3.5258646103539977e-70,1080.381898454746,34,40,0.85,28980,6,151,28789
154,4,GO:0030414,,train,1.0555972023574915e-68,4.3136716679517845e-70,1073.2368421052631,34,40,0.85,28980,6,152,28788
154,5,GO:0061134,,train,2.3205497776314555e-68,9.550846405871034e-70,1045.5726495726497,34,40,0.85,28980,6,156,28784
154,6,GO:0004857,,train,1.0880551395078218e-62,5.020027667120191e-64,683.3809523809524,34,40,0.85,28980,6,238,28702
154,7,GO:0030234,,train,3.263818510453274e-53,1.8117983646216583e-54,342.514508138712,34,40,0.85,28980,6,471,28469
154,8,GO:0098772,,train,1.6352423185247842e-45,1.0720544596357227e-46,196.5445951500205,34,40,0.85,28980,6,811,28129
155,1,GO:0046983,,train,6.610733924196745e-08,1.0600567566292582e-08,5.253267973856209,20,292,0.0684931506849315,28980,272,396,28292
155,2,GO:0031369,,train,1.0282374628746121e-07,1.6668910916448733e-08,50.13286713286713,6,292,0.02054794520547945,28980,286,12,28676
155,3,GO:0090079,,train,1.25426368285641e-07,2.0432259250562428e-08,7.634318077452932,14,292,0.04794520547945205,28980,278,188,28500
155,4,GO:0045182,,train,1.907661557934477e-07,3.140597579046711e-08,7.358457849105331,14,292,0.04794520547945205,28980,278,195,28493
155,5,GO:0003723,,train,5.208097537497986e-07,8.78314366329083e-08,2.7545161818479507,41,292,0.1404109589041096,28980,251,1606,27082
155,6,GO:0008135,,train,5.77214084207217e-07,9.766495445941018e-08,7.338580961999248,13,292,0.04452054794520548,28980,279,181,28507
155,7,GO:0003743,,train,1.1399153153959931e-05,2.1000461137549872e-06,8.82586023534255,9,292,0.030821917808219176,28980,283,103,28585
155,8,GO:0019787,,train,0.0001023096377174,2.0427761393267156e-05,6.53178940946183,9,292,0.030821917808219176,28980,283,139,28549
155,9,GO:0004842,,train,0.000390770381043,8.262532180241542e-05,6.188082340195017,8,292,0.0273972602739726,28980,284,130,28558
155,10,GO:0017056,,train,0.0008922558223927,0.0001966062716711,15.92388888888889,4,292,0.0136986301369863,28980,288,25,28663
156,1,GO:0008171,,train,5.393865525560209e-75,1.9355787763456823e-76,276.96153846153845,42,120,0.35,28980,78,56,28804
156,2,GO:0003700,,train,6.234909745276673e-69,2.5332688334354934e-70,52.49066091954023,62,120,0.5166666666666667,28980,58,576,28284
156,3,GO:0140110,,train,3.2956298477606525e-65,1.4471538629033653e-66,45.04515231173651,62,120,0.5166666666666667,28980,58,669,28191
156,4,GO:0016741,,train,3.347748402817016e-55,1.7848381794319857e-56,37.13207321449934,55,120,0.4583333333333333,28980,65,643,28217
156,5,GO:0008168,,train,8.676358392377489e-47,5.543292513628996e-48,33.829440618090324,47,120,0.39166666666666666,28980,73,539,28321
156,6,GO:0016742,,train,1.31276635430646e-12,1.7551236608532336e-13,46.75974025974026,10,120,0.08333333333333333,28980,110,56,28804
156,7,GO:0008757,,train,1.7989593120021397e-06,3.136598361026668e-07,9.48440610484406,10,120,0.08333333333333333,28980,110,274,28586
156,8,GO:0003677,,train,2.0319757424871143e-06,3.558948637645504e-07,3.500948766603416,27,120,0.225,28980,93,2210,26650
156,9,GO:0030170,,train,7.731187496642743e-06,1.4055057446221067e-06,7.981818181818181,10,120,0.08333333333333333,28980,110,325,28535
156,10,GO:0070279,,train,7.731187496642743e-06,1.4055057446221067e-06,7.981818181818181,10,120,0.08333333333333333,28980,110,325,28535
157,1,GO:0016614,,train,6.990006161920744e-91,1.9083943354454497e-92,292.4248056775938,61,72,0.8472222222222222,28980,11,538,28370
157,2,GO:0016616,,train,1.5088479146687837e-86,4.450917919182895e-88,244.84199584199584,58,72,0.8055555555555556,28980,14,481,28427
157,3,GO:0016646,,train,1.0342148842905871e-06,1.775346170414167e-07,28.167155425219946,6,72,0.08333333333333333,28980,66,93,28815
157,4,GO:0016645,,train,4.951872826786077e-06,8.893556053849324e-07,21.10263929618768,6,72,0.08333333333333333,28980,66,124,28784
157,5,GO:0050661,,train,4.668593481119403e-05,9.022090750489117e-06,10.664519563481502,7,72,0.09722222222222222,28980,65,289,28619
157,6,GO:0042802,,train,0.0013021982185801,0.0002927342510877,5.220414201183432,8,72,0.1111111111111111,28980,64,676,28232
157,7,GO:0042803,,train,0.0057132670309652,0.0014041746606262,8.891021671826625,4,72,0.05555555555555555,28980,68,190,28718
157,8,GO:0051287,,train,0.0058121206730452,0.0014303431987067,6.5226619197590034,5,72,0.06944444444444445,28980,67,327,28581
158,1,GO:0016853,,train,6.025541042393784e-07,1.0207874020357707e-07,19.77468755500792,8,21,0.38095238095238093,28980,13,874,28085
158,2,GO:0005509,,train,1.2754426497841131e-06,2.202680451237383e-07,22.37440758293839,7,21,0.3333333333333333,28980,14,633,28326
158,3,GO:0019787,,train,0.0187711260435408,0.0051045013639801,20.773612112472964,2,21,0.09523809523809523,28980,19,146,28813
159,1,GO:0003755,,train,6.576201070752759e-186,3.467546043107176e-188,inf,74,74,1.0,28980,0,50,28856
159,2,GO:0016859,,train,5.035154078878516e-184,2.743470892789067e-186,inf,74,74,1.0,28980,0,55,28851
159,3,GO:0016853,,train,1.5746192905213243e-112,2.762975525155325e-114,inf,74,74,1.0,28980,0,808,28098
159,4,GO:0140096,,train,3.1423208759068887e-78,1.0641013951279735e-79,inf,74,74,1.0,28980,0,2442,26464
159,5,GO:0031072,,train,2.8052806758049177e-19,3.141631667575417e-20,571.6285714285714,9,74,0.12162162162162163,28980,65,7,28899
159,6,GO:0008144,,train,5.967877191504219e-17,7.04704952367036e-18,71.53349875930522,12,74,0.16216216216216217,28980,62,78,28828
160,1,GO:0071949,,train,1.2428640248286651e-76,4.350770453379779e-78,3236.3960396039606,34,37,0.918918918918919,28980,3,101,28842
160,2,GO:0050660,,train,3.543596647959634e-64,1.5840666973625106e-65,1560.3894080996886,35,37,0.9459459459459459,28980,2,321,28622
160,3,GO:0004497,,train,3.0405450127806765e-27,2.878706822892213e-28,104.2925287356322,19,37,0.5135135135135135,28980,18,290,28653
160,4,GO:0016709,,train,1.1822362355811913e-19,1.3122105330336979e-20,190.90685096153845,11,37,0.2972972972972973,28980,26,64,28879
160,5,GO:0016705,,train,7.421008761148373e-13,9.823809529727129e-14,41.22697540554683,11,37,0.2972972972972973,28980,26,294,28649
161,1,GO:0140110,,train,1.5533253191718858e-32,1.3341388627623896e-33,438.24682651622,22,24,0.9166666666666666,28980,2,709,28247
161,2,GO:0003700,,train,2.4656649199260472e-31,2.1639664001225758e-32,321.51215559157214,21,24,0.875,28980,3,617,28339
161,3,GO:0003677,,train,5.831819336665655e-20,6.435381972996902e-21,84.46750902527076,21,24,0.875,28980,3,2216,26740
161,4,GO:0003899,,train,0.0129381629494492,0.0034068069265044,25.466019417475728,2,24,0.08333333333333333,28980,22,103,28853
161,5,GO:0034062,,train,0.0298755973017879,0.0084794991433641,15.76670317634173,2,24,0.08333333333333333,28980,22,166,28790
161,6,GO:0097747,,train,0.0298755973017879,0.0084794991433641,15.76670317634173,2,24,0.08333333333333333,28980,22,166,28790
162,1,GO:0003723,,train,0.0023647186408976,0.0005483505371874,3.237709859515154,13,80,0.1625,28980,67,1634,27266
162,2,GO:0005198,,train,0.0182272465687784,0.0049485930573699,2.8402146985962013,10,80,0.125,28980,70,1384,27516
162,3,GO:0004521,,train,0.0386806534709488,0.0113468689064089,6.785123966942149,3,80,0.0375,28980,77,165,28735
163,1,GO:0071949,,train,1.6608258766136418e-32,1.4274432791353737e-33,646.2521008403361,16,22,0.7272727272727273,28980,6,119,28839
163,2,GO:0050660,,train,1.369196590525664e-25,1.3388341738215622e-26,224.45490196078435,16,22,0.7272727272727273,28980,6,340,28618
163,3,GO:0004497,,train,7.380355760008594e-14,9.482450233880453e-15,79.87458193979933,10,22,0.45454545454545453,28980,12,299,28659
163,4,GO:0016709,,train,1.654772393540683e-08,2.5793256308492173e-09,121.3781512605042,5,22,0.22727272727272727,28980,17,70,28888
163,5,GO:0016705,,train,1.5278778975488648e-05,2.841189587145969e-06,28.09607843137255,5,22,0.22727272727272727,28980,17,300,28658
164,1,GO:0016779,,train,8.347900363779639e-89,2.376939729206962e-90,229.2762385696738,59,76,0.7763157894736842,28980,17,431,28473
164,2,GO:0034061,,train,2.5213422112001484e-86,7.467196811446085e-88,578.1244755244755,43,76,0.5657894736842105,28980,33,65,28839
164,3,GO:0003887,,train,2.2634456991265638e-69,9.083752549443105e-71,473.6491557223264,35,76,0.4605263157894737,28980,41,52,28852
164,4,GO:0140097,,train,1.1584449220340316e-57,5.88435859860858e-59,86.3254150357673,45,76,0.5921052631578947,28980,31,478,28426
164,5,GO:0016772,,train,1.1854632101848408e-54,6.393173887425058e-56,53.525935828877,59,76,0.7763157894736842,28980,17,1760,27144
164,6,GO:0003677,,train,6.350575308922677e-31,5.614446577710002e-32,18.69462954510878,46,76,0.6052631578947368,28980,30,2191,26713
164,7,GO:0004527,,train,9.661529295153765e-19,1.0967110765070402e-19,49.80720387901177,15,76,0.19736842105263158,28980,61,142,28762
164,8,GO:0004518,,train,9.637121528378675e-18,1.1159604359399157e-18,18.10784998835313,22,76,0.2894736842105263,28980,54,636,28268
164,9,GO:0003684,,train,2.184983965199653e-11,3.049261390928069e-12,66.55824682814303,8,76,0.10526315789473684,28980,68,51,28853
164,10,GO:0016788,,train,5.775999402384266e-11,8.194382958592437e-12,7.601428692299324,23,76,0.3026315789473684,28980,53,1561,27343
165,1,GO:0016854,,train,5.3661624258486495e-83,1.6701967079444033e-84,398.4923076923077,45,70,0.6428571428571429,28980,25,130,28780
165,2,GO:0016853,,train,5.1519207966141633e-73,1.943836302557062e-74,149.26293706293706,57,70,0.8142857142857143,28980,13,825,28085
165,3,GO:0047661,,train,7.309936717976608e-49,4.456155581951934e-50,381.8518518518519,25,70,0.35714285714285715,28980,45,42,28868
165,4,GO:0036361,,train,9.818451698492524e-48,6.126285882704712e-49,334.0509259259259,25,70,0.35714285714285715,28980,45,48,28862
165,5,GO:0016855,,train,1.2174838291576989e-45,7.96391420016153e-47,262.74134790528234,25,70,0.35714285714285715,28980,45,61,28849
165,6,GO:0016857,,train,2.7688487202169394e-35,2.2572885691079304e-36,206.1,20,70,0.2857142857142857,28980,50,56,28854
165,7,GO:0030170,,train,3.290833062527282e-28,3.0645804569160226e-29,47.97819096882427,24,70,0.34285714285714286,28980,46,311,28599
165,8,GO:0070279,,train,3.290833062527282e-28,3.0645804569160226e-29,47.97819096882427,24,70,0.34285714285714286,28980,46,311,28599
165,9,GO:0019842,,train,1.275392166960018e-25,1.2459890666466471e-26,33.47222222222222,25,70,0.35714285714285715,28980,45,472,28438
165,10,GO:0016861,,train,9.464280879872058e-06,1.7355478896212052e-06,18.72786458333333,6,70,0.08571428571428572,28980,64,144,28766
166,1,GO:0003735,,train,1.875212359824217e-140,1.928111838469403e-142,842.4774133663366,97,101,0.9603960396039604,28980,4,808,28071
166,2,GO:0005198,,train,1.3076230860113224e-121,1.934410341962439e-123,515.7004626060138,97,101,0.9603960396039604,28980,4,1297,27582
166,3,GO:0019843,,train,3.303508655736196e-48,2.042858708222489e-49,60.95002733734281,39,101,0.38613861386138615,28980,62,295,28584
166,4,GO:0003723,,train,8.872873271452668e-46,5.780610526909434e-47,24.14191255847427,59,101,0.5841584158415841,28980,42,1588,27291
166,5,GO:0000049,,train,2.018846362720679e-10,2.923858692120291e-11,26.558315633945885,10,101,0.09900990099009901,28980,91,119,28760
166,6,GO:0003729,,train,5.50262086001308e-07,9.295958783635185e-08,21.648398882441438,7,101,0.06930693069306931,28980,94,99,28780
167,1,GO:0004364,,train,7.090689801524491e-119,1.1071089035980181e-120,3835.1463414634154,49,58,0.8448275862068966,28980,9,41,28881
167,2,GO:0016765,,train,1.6371587819766294e-85,4.915744651041525e-87,539.4144559784698,49,58,0.8448275862068966,28980,9,289,28633
167,3,GO:0072341,,train,1.3172288754006278e-12,1.7614757641866208e-13,98.29787234042551,8,58,0.13793103448275862,28980,50,47,28875
167,4,GO:0042277,,train,1.525786324648593e-11,2.117695054101132e-12,69.9539393939394,8,58,0.13793103448275862,28980,50,66,28856
167,5,GO:1901681,,train,3.442221438021639e-08,5.4441086047042304e-09,24.454468085106384,8,58,0.13793103448275862,28980,50,188,28734
167,6,GO:0033218,,train,6.05498730695724e-08,9.69699024727868e-09,22.63566502463054,8,58,0.13793103448275862,28980,50,203,28719
167,7,GO:0016209,,train,0.0004647345920594,9.906768686224563e-05,9.002522068095839,6,58,0.10344827586206896,28980,52,366,28556
167,8,GO:0015036,,train,0.0032945650135439,0.0007792224835033,10.531719838650533,4,58,0.06896551724137931,28980,54,202,28720
167,9,GO:0016667,,train,0.0115517622151453,0.0030056171308234,7.212899974804737,4,58,0.06896551724137931,28980,54,294,28628
167,10,GO:0004601,,train,0.0262157031156509,0.0073562474776582,8.035524475524475,3,58,0.05172413793103448,28980,55,195,28727
168,1,GO:0005198,,train,7.869477652692396e-35,6.475484877526713e-36,19.21591685226429,47,97,0.4845360824742268,28980,50,1347,27536
168,2,GO:0003735,,train,3.60000212064929e-32,3.1194323674841376e-33,21.754061479652783,39,97,0.4020618556701031,28980,58,866,28017
168,3,GO:0003723,,train,1.325366983596881e-10,1.907469312010861e-11,6.158709195332389,26,97,0.26804123711340205,28980,71,1621,27262
168,4,GO:0019843,,train,6.652171006274765e-10,9.803753209880287e-11,13.770434653612224,13,97,0.13402061855670103,28980,84,321,28562
168,5,GO:0003729,,train,0.0019662555196983,0.0004511530874184,12.136200716845876,4,97,0.041237113402061855,28980,93,102,28781
168,6,GO:0008137,,train,0.0036250039051189,0.0008638546670223,10.139608672659968,4,97,0.041237113402061855,28980,93,122,28761
168,7,GO:0050136,,train,0.0040453329278377,0.0009704201114937,9.816350913125106,4,97,0.041237113402061855,28980,93,126,28757
168,8,GO:0003954,,train,0.0049826280148235,0.0012107361333146,9.22773230621088,4,97,0.041237113402061855,28980,93,134,28749
168,9,GO:0016655,,train,0.0099011573154784,0.0025375758078659,7.485956337569241,4,97,0.041237113402061855,28980,93,165,28718
169,1,GO:0003723,,train,1.9783090789716204e-06,3.459157773788441e-07,4.052909551986475,22,113,0.19469026548672566,28980,91,1625,27242
169,2,GO:0003712,,train,0.0015341204419839,0.0003479263105088,13.041567561445238,4,113,0.035398230088495575,28980,109,81,28786
169,3,GO:0030234,,train,0.0035036321076592,0.0008332062200731,4.349142473890965,8,113,0.07079646017699115,28980,105,497,28370
169,4,GO:0004842,,train,0.0083843487978589,0.0021220603337581,7.868821032452416,4,113,0.035398230088495575,28980,109,134,28733
169,5,GO:0019787,,train,0.0106000412199329,0.0027332838310312,7.319826707441386,4,113,0.035398230088495575,28980,109,144,28723
169,6,GO:0140110,,train,0.0281567158944318,0.0079462694708661,2.965843377461635,8,113,0.07079646017699115,28980,105,723,28144
169,7,GO:0061630,,train,0.0335273320323151,0.009667209455842,14.42992992992993,2,113,0.017699115044247787,28980,111,36,28831
169,8,GO:0061659,,train,0.0335273320323151,0.009667209455842,14.42992992992993,2,113,0.017699115044247787,28980,111,36,28831
170,1,GO:0004930,,train,1.1293525001104541e-45,7.37418848389197e-47,543.1654381654382,23,34,0.6764705882352942,28980,11,111,28835
170,2,GO:0004888,,train,1.2298340220283264e-37,9.496565257833635e-39,189.5800106326422,25,34,0.7352941176470589,28980,9,418,28528
170,3,GO:0005506,,train,1.8076287443169577e-36,1.4339451737441257e-37,160.92888307155323,26,34,0.7647058823529411,28980,8,573,28373
170,4,GO:0038023,,train,2.6092713269001046e-33,2.207451033215426e-34,124.2452167807618,25,34,0.7352941176470589,28980,9,633,28313
170,5,GO:0060089,,train,5.3219097075619626e-33,4.530412634436261e-34,120.54362644853444,25,34,0.7352941176470589,28980,9,652,28294
170,6,GO:0009055,,train,1.0653434865819779e-31,9.293707423151214e-33,111.86052631578949,24,34,0.7058823529411765,28980,10,608,28338
170,7,GO:0046906,,train,7.125490039158122e-30,6.418514184143664e-31,92.8954732510288,24,34,0.7058823529411765,28980,10,729,28217
170,8,GO:0020037,,train,4.4122057978112966e-29,4.0494011672211366e-30,91.0220979020979,23,34,0.6764705882352942,28980,11,650,28296
170,9,GO:0046914,,train,1.3809394932096532e-25,1.350721202163937e-26,57.75922421948912,27,34,0.7941176470588235,28980,7,1812,27134
170,10,GO:0140375,,train,0.0001463680233105,2.9563450822463187e-05,58.26209677419355,3,34,0.08823529411764706,28980,31,48,28898
172,1,GO:0005198,,train,4.359580551129853e-06,7.800427104403181e-07,23.198750300408555,7,13,0.5384615384615384,28980,6,1387,27580
172,2,GO:0008201,,train,0.0354041287459507,0.0102705887152107,109.64015151515152,1,13,0.07692307692307693,28980,12,22,28945
173,1,GO:0070566,,train,2.3684900720222767e-11,3.3102106610476266e-12,65.76182336182336,8,62,0.12903225806451613,28980,54,65,28853
173,2,GO:0016874,,train,2.413953463535522e-09,3.6318554614402085e-10,12.827053005502542,13,62,0.20967741935483872,28980,49,586,28332
173,3,GO:0016779,,train,4.246558947128787e-08,6.7498107177317274e-09,12.805640836710468,11,62,0.1774193548387097,28980,51,479,28439
173,4,GO:0005524,,train,1.4105248920890486e-07,2.3056299317036912e-08,5.469896371015406,21,62,0.3387096774193548,28980,41,2476,26442
173,5,GO:0016772,,train,1.6613285612932566e-07,2.726297741560425e-08,6.1595325829084855,18,62,0.2903225806451613,28980,44,1801,27117
173,6,GO:0032559,,train,1.8004393498411477e-07,2.95827527704807e-08,5.384165760447414,21,62,0.3387096774193548,28980,41,2512,26406
173,7,GO:0030554,,train,1.8495103771985537e-07,3.0405285282357223e-08,5.374791577804491,21,62,0.3387096774193548,28980,41,2516,26402
173,8,GO:0016877,,train,2.620634750734711e-07,4.3481487032139326e-08,63.328947368421055,5,62,0.08064516129032258,28980,57,40,28878
173,9,GO:0035639,,train,4.0875054057548377e-07,6.849029182680867e-08,4.938233264320221,22,62,0.3548387096774194,28980,40,2898,26020
173,10,GO:0032555,,train,5.915168384485925e-07,1.0015429962307365e-07,4.82146234380277,22,62,0.3548387096774194,28980,40,2961,25957
174,1,GO:0003700,,train,3.143183256174889e-35,2.564304235418187e-36,10.441269486921904,60,339,0.17699115044247787,28980,279,578,28063
174,2,GO:0140110,,train,7.929484908836944e-35,6.527185339611512e-36,9.558594766987763,63,339,0.18584070796460178,28980,276,668,27973
174,3,GO:0008137,,train,1.1131966097710432e-22,1.1563392150007676e-23,22.497950431985878,25,339,0.07374631268436578,28980,314,101,28540
174,4,GO:0050136,,train,2.5186416324043995e-22,2.6346982070234964e-23,21.637852593266604,25,339,0.07374631268436578,28980,314,105,28536
174,5,GO:0003954,,train,1.1856704857724449e-21,1.2559347559988169e-22,20.100332562989685,25,339,0.07374631268436578,28980,314,113,28528
174,6,GO:0016655,,train,2.0141224192794225e-19,2.2497140301468894e-20,15.756037685774947,25,339,0.07374631268436578,28980,314,144,28497
174,7,GO:0047429,,train,2.1109597278124154e-16,2.5365898595326266e-17,29.50773993808049,16,339,0.0471976401179941,28980,323,48,28593
174,8,GO:0016651,,train,9.049438083200337e-16,1.1038421706197442e-16,8.89467492745667,28,339,0.08259587020648967,28980,311,287,28354
174,9,GO:0003677,,train,5.804319350889075e-12,7.925105455808648e-13,3.004806519381946,67,339,0.1976401179941003,28980,272,2170,26471
174,10,GO:0016866,,train,4.194664451261566e-05,8.074271350511103e-06,6.466225105475662,10,339,0.029498525073746312,28980,329,134,28507
175,1,GO:0016853,,train,7.511395276352264e-52,4.292917416340999e-53,95.95303933253874,43,58,0.7413793103448276,28980,15,839,28083
175,2,GO:0016861,,train,1.0615490514290186e-43,7.198892855430113e-45,188.69657258064515,26,58,0.4482758620689655,28980,32,124,28798
175,3,GO:0016860,,train,1.1485575806798112e-39,8.451758041619607e-41,126.90013586956522,26,58,0.4482758620689655,28980,32,184,28738
175,4,GO:0016857,,train,7.222241042363778e-28,6.772239381494111e-29,183.25079365079364,16,58,0.27586206896551724,28980,42,60,28862
175,5,GO:0016854,,train,9.419469519838672e-22,9.958363505023222e-23,68.91404612159329,16,58,0.27586206896551724,28980,42,159,28763
175,6,GO:0004807,,train,6.234831625320327e-06,1.1272631101583928e-06,61.13650793650794,4,58,0.06896551724137931,28980,54,35,28887
175,7,GO:0019239,,train,0.0001470734082618,2.971023298396267e-05,25.430335097001763,4,58,0.06896551724137931,28980,54,84,28838
175,8,GO:0016763,,train,0.0035180589182072,0.0008370294558303,10.325782092772384,4,58,0.06896551724137931,28980,54,206,28716
175,9,GO:0005507,,train,0.0152818313163942,0.0040799897652874,9.993630573248408,3,58,0.05172413793103448,28980,55,157,28765
175,10,GO:0016757,,train,0.0362370845284517,0.0105440712605416,4.990631293231767,4,58,0.06896551724137931,28980,54,423,28499
176,1,GO:0016881,,train,3.669099297775723e-83,1.1382301187405136e-84,1242.5116279069769,37,57,0.6491228070175439,28980,20,43,28880
176,2,GO:0016874,,train,1.3610623446898076e-78,4.573156719568824e-80,440.12317518248176,51,57,0.8947368421052632,28980,6,548,28375
176,3,GO:0016879,,train,3.159502799393913e-69,1.274463296354518e-70,321.7142857142857,40,57,0.7017543859649122,28980,17,210,28713
176,4,GO:0005524,,train,7.651505209377638e-53,4.281095277825024e-54,195.10437986082684,54,57,0.9473684210526315,28980,3,2443,26480
176,5,GO:0032559,,train,1.6507227150907053e-52,9.313331427087025e-54,192.00968132311417,54,57,0.9473684210526315,28980,3,2479,26444
176,6,GO:0030554,,train,1.7974337501578183e-52,1.014633634049306e-53,191.67136528393075,54,57,0.9473684210526315,28980,3,2483,26440
176,7,GO:0035639,,train,3.4282603939570354e-49,2.077824868939012e-50,163.65177948360085,54,57,0.9473684210526315,28980,3,2866,26057
176,8,GO:0032555,,train,1.0793585920608871e-48,6.601929695705928e-50,159.7446227381359,54,57,0.9473684210526315,28980,3,2929,25994
176,9,GO:0017076,,train,1.2022708491778583e-48,7.360770058240982e-50,159.38126064735945,54,57,0.9473684210526315,28980,3,2935,25988
176,10,GO:0032553,,train,2.326616680639509e-47,1.4694277656088065e-48,149.6695652173913,54,57,0.9473684210526315,28980,3,3105,25818
177,1,GO:0019865,,train,3.1974949715463976e-06,5.676192848689449e-07,74.07692307692308,4,64,0.0625,28980,60,26,28890
177,2,GO:0051020,,train,0.0026903491852737,0.000628749034775,11.141085271317827,4,64,0.0625,28980,60,172,28744
177,3,GO:0044877,,train,0.016885506789801,0.0045496936301546,6.380602006688963,4,64,0.0625,28980,60,299,28617
177,4,GO:0019899,,train,0.0216008449885969,0.0059429690990099,5.901547987616099,4,64,0.0625,28980,60,323,28593
178,1,GO:0016701,,train,3.386946123145128e-29,3.1015008878787445e-30,634.4615384615385,14,21,0.6666666666666666,28980,7,91,28868
178,2,GO:0016702,,train,6.924727237620771e-28,6.491234484690063e-29,670.6375,13,21,0.6190476190476191,28980,8,70,28889
178,3,GO:0051213,,train,6.774009023250167e-23,7.000821347519287e-24,258.3660220994475,13,21,0.6190476190476191,28980,8,181,28778
178,4,GO:0005506,,train,0.0034454355993857,0.000817503112077,11.216608996539792,4,21,0.19047619047619047,28980,17,595,28364
178,5,GO:0046983,,train,0.0122992784059548,0.0032228094250012,11.519774011299434,3,21,0.14285714285714285,28980,18,413,28546
178,6,GO:0005344,,train,0.0169951779617939,0.0045817330984676,21.983981693363845,2,21,0.09523809523809523,28980,19,138,28821
178,7,GO:0046914,,train,0.0310299550277282,0.0088507681432167,4.621898854961832,5,21,0.23809523809523808,28980,16,1834,27125
179,1,GO:0016857,,train,1.0302013411675505e-21,1.089743399524277e-22,208.25480769230768,12,38,0.3157894736842105,28980,26,64,28878
179,2,GO:0016854,,train,3.234441618218975e-17,3.789006658832845e-18,81.48843794242568,12,38,0.3157894736842105,28980,26,163,28779
179,3,GO:0016836,,train,5.8854947518435e-15,7.348032525516888e-16,41.87391549295775,13,38,0.34210526315789475,28980,25,355,28587
179,4,GO:0016835,,train,1.5078121170239302e-13,1.9527308695441294e-14,32.05541125541126,13,38,0.34210526315789475,28980,25,462,28480
179,5,GO:0016829,,train,1.1177418520830084e-10,1.6057081883630877e-11,14.793994164946987,15,38,0.39473684210526316,28980,23,1222,27720
179,6,GO:0016853,,train,3.2316199313482564e-10,4.717216544484976e-11,16.798573072497124,13,38,0.34210526315789475,28980,25,869,28073
179,7,GO:0050661,,train,1.2263512348436662e-05,2.2635964293142165e-06,18.525,6,38,0.15789473684210525,28980,32,290,28652
179,8,GO:0016616,,train,2.9825551697505117e-05,5.669449716293484e-06,12.058573853989811,7,38,0.18421052631578946,28980,31,532,28410
179,9,GO:0016614,,train,5.777124459778557e-05,1.12591056715314e-05,10.81353530950305,7,38,0.18421052631578946,28980,31,592,28350
180,1,GO:0060090,,train,4.909140695284396e-32,4.259564325931506e-33,209.14492753623188,18,72,0.25,28980,54,46,28862
180,2,GO:0030674,,train,1.750975182708615e-12,2.3512523764643324e-13,94.96710526315788,8,72,0.1111111111111111,28980,64,38,28870
180,3,GO:0042277,,train,4.481534421839422e-09,6.827917077653818e-10,46.35752009184845,7,72,0.09722222222222222,28980,65,67,28841
180,4,GO:0033218,,train,5.379417558000158e-06,9.685063219225172e-07,15.152941176470588,7,72,0.09722222222222222,28980,65,204,28704
180,5,GO:0019899,,train,8.652425883240717e-05,1.7164433922519885e-05,9.620961538461538,7,72,0.09722222222222222,28980,65,320,28588
180,6,GO:0051020,,train,0.0003722366443229,7.857565863993625e-05,12.541241162608012,5,72,0.06944444444444445,28980,67,171,28737
180,7,GO:0051015,,train,0.0005958308051004,0.0001285843964371,17.11764705882353,4,72,0.05555555555555555,28980,68,99,28809
180,8,GO:0098772,,train,0.001079938075711,0.0002403025931716,4.796992481203008,9,72,0.125,28980,63,836,28072
180,9,GO:0003779,,train,0.0012927952964952,0.0002905068611598,9.3872741555381,5,72,0.06944444444444445,28980,67,228,28680
180,10,GO:0005085,,train,0.0014705981335732,0.0003328737668254,13.226102941176473,4,72,0.05555555555555555,28980,68,128,28780
181,1,GO:0030170,,train,1.1284744969496329e-52,6.350292962592626e-54,563.4098360655738,30,35,0.8571428571428571,28980,5,305,28640
181,2,GO:0070279,,train,1.1284744969496329e-52,6.350292962592626e-54,563.4098360655738,30,35,0.8571428571428571,28980,5,305,28640
181,3,GO:0019842,,train,2.1105873385163886e-47,1.3292798950728638e-48,365.8843683083512,30,35,0.8571428571428571,28980,5,467,28478
181,4,GO:0016742,,train,1.9517390021279011e-41,1.392179884049987e-42,730.1356382978723,19,35,0.5428571428571428,28980,16,47,28898
181,5,GO:0016741,,train,3.725660586438133e-21,3.986828989735038e-22,49.43427835051546,19,35,0.5428571428571428,28980,16,679,28266
181,6,GO:0016597,,train,1.4336743587077674e-07,2.3447297491476892e-08,72.92676767676768,5,35,0.14285714285714285,28980,30,66,28879
181,7,GO:0050897,,train,1.232384012103237e-06,2.1269481362688365e-07,95.63606286186932,4,35,0.11428571428571428,28980,31,39,28906
181,8,GO:0016747,,train,7.876031254908037e-06,1.433452915802315e-06,15.113588110403397,7,35,0.2,28980,28,471,28474
181,9,GO:0016746,,train,3.568571743286061e-05,6.828341865759895e-06,11.830550918196996,7,35,0.2,28980,28,599,28346
181,10,GO:0031406,,train,5.001395636290763e-05,9.70479089984182e-06,20.4494301994302,5,35,0.14285714285714285,28980,30,234,28711
182,1,GO:0016836,,train,4.978001645109067e-50,2.9573153283185954e-51,65.71329958582605,40,93,0.43010752688172044,28980,53,328,28559
182,2,GO:0016835,,train,1.679969288782823e-45,1.1018693023946864e-46,49.3636955107352,40,93,0.43010752688172044,28980,53,435,28452
182,3,GO:0000287,,train,7.366586427319818e-41,5.31718339541144e-42,35.02331277213353,41,93,0.44086021505376344,28980,52,636,28251
182,4,GO:0016829,,train,1.4152333649113958e-35,1.1454696626095399e-36,21.78193162751678,45,93,0.4838709677419355,28980,48,1192,27695
182,5,GO:0016853,,train,9.658837679088325e-31,8.573183984426759e-32,21.926331360946744,37,93,0.3978494623655914,28980,56,845,28042
182,6,GO:0016855,,train,2.054881524997317e-21,2.185083614769974e-22,78.0498374864572,15,93,0.16129032258064516,28980,78,71,28816
182,7,GO:0016854,,train,8.937516751429942e-20,9.897409188040341e-21,40.6723017988008,17,93,0.1827956989247312,28980,76,158,28729
182,8,GO:0030145,,train,1.7519811524490418e-06,3.053662552969446e-07,18.005277280858675,7,93,0.07526881720430108,28980,86,130,28757
182,9,GO:0036361,,train,0.0067936374959569,0.0016913942372832,13.722380952380952,3,93,0.03225806451612903,28980,90,70,28817
184,1,GO:0046906,,train,0.0002683626988088,5.577623540581992e-05,15.716911764705882,5,17,0.29411764705882354,28980,12,748,28215
184,2,GO:0019842,,train,0.0110106742567195,0.0028503186690872,12.34919028340081,3,17,0.17647058823529413,28980,14,494,28469
185,1,GO:0003735,,train,1.5066102302342516e-152,1.284306110666336e-154,1802.6926433915207,103,105,0.9809523809523809,28980,2,802,28073
185,2,GO:0005198,,train,1.867995466227253e-132,2.298263162596146e-134,1100.3687064291248,103,105,0.9809523809523809,28980,2,1291,27584
185,3,GO:0019843,,train,9.744377993218556e-12,1.342181952840427e-12,14.919540229885058,15,105,0.14285714285714285,28980,90,319,28556
185,4,GO:0003723,,train,0.0004086962194858,8.66144914520079e-05,3.2289807585052985,17,105,0.1619047619047619,28980,88,1630,27245
186,1,GO:0004252,,train,1.2094004134156536e-135,1.3781432487292064e-137,972.1807065217392,75,83,0.9036144578313253,28980,8,276,28621
186,2,GO:0008236,,train,7.80501155223066e-133,9.488472315012226e-135,992.1662149954832,77,83,0.927710843373494,28980,6,369,28528
186,3,GO:0016825,,train,7.80501155223066e-133,9.488472315012226e-135,992.1662149954832,77,83,0.927710843373494,28980,6,369,28528
186,4,GO:0017171,,train,7.80501155223066e-133,9.488472315012226e-135,992.1662149954832,77,83,0.927710843373494,28980,6,369,28528
186,5,GO:0004175,,train,5.480742653358941e-108,1.0724832564208257e-109,377.08630527817405,75,83,0.9036144578313253,28980,8,701,28196
186,6,GO:0070011,,train,2.737325370504357e-102,6.070115433318095e-104,475.2333044232437,79,83,0.9518072289156626,28980,4,1153,27744
186,7,GO:0008233,,train,2.094153338439586e-100,4.803357248727761e-102,447.6666666666667,79,83,0.9518072289156626,28980,4,1221,27676
186,8,GO:0140096,,train,1.7142476145830503e-77,5.920549367529123e-79,214.43783340172345,79,83,0.9518072289156626,28980,4,2437,26460
187,1,GO:0003755,,train,2.195082095745805e-105,4.539730965218205e-107,15870.25,44,45,0.9777777777777777,28980,1,80,28855
187,2,GO:0016859,,train,1.7957757576682222e-104,3.8085996090804487e-106,14934.117647058823,44,45,0.9777777777777777,28980,1,85,28850
187,3,GO:0016853,,train,6.360782445677421e-65,2.8154618963056457e-66,1475.2601431980906,44,45,0.9777777777777777,28980,1,838,28097
187,4,GO:0140096,,train,1.9164275150705318e-47,1.2036267370627823e-48,inf,45,45,1.0,28980,0,2471,26464
187,5,GO:0042277,,train,0.0009502023992486,0.0002099591849761,29.038229376257544,3,45,0.06666666666666667,28980,42,71,28864
187,6,GO:0008144,,train,0.0016429970042113,0.0003739662747963,23.68472906403941,3,45,0.06666666666666667,28980,42,87,28848
187,7,GO:0051082,,train,0.0021447044129783,0.0004944436749022,21.457589285714285,3,45,0.06666666666666667,28980,42,96,28839
187,8,GO:0033218,,train,0.0160845273689199,0.0043112583245633,9.865041208791208,3,45,0.06666666666666667,28980,42,208,28727
188,1,GO:0004672,,train,0.0,0.0,8913.739255014327,219,221,0.9909502262443439,28980,2,349,28410
188,2,GO:0016773,,train,0.0,0.0,4604.737275449102,219,221,0.9909502262443439,28980,2,668,28091
188,3,GO:0016301,,train,5.897869197057509e-308,4.1464938550365e-311,3215.8542766631467,219,221,0.9909502262443439,28980,2,947,27812
188,4,GO:0016772,,train,1.7132001755603904e-262,2.8606031580672653e-265,1858.6940625,219,221,0.9909502262443439,28980,2,1600,27159
188,5,GO:0005524,,train,5.456204306416614e-234,1.3266102980126511e-236,2558.647342995169,220,221,0.995475113122172,28980,1,2277,26482
188,6,GO:0140096,,train,3.085023368346656e-233,7.591234230925947e-236,2535.6533101045297,220,221,0.995475113122172,28980,1,2296,26463
188,7,GO:0032559,,train,1.4350981137135099e-232,3.573346798653905e-235,2515.399913532209,220,221,0.995475113122172,28980,1,2313,26446
188,8,GO:0030554,,train,2.0389757132554905e-232,5.1367112323863316e-235,2510.677600345274,220,221,0.995475113122172,28980,1,2317,26442
188,9,GO:0035639,,train,1.716627393101114e-218,5.129214462205632e-221,2123.3259259259257,220,221,0.995475113122172,28980,1,2700,26059
188,10,GO:0032555,,train,2.1645230622745883e-216,6.731911114559073e-219,2069.895041621426,220,221,0.995475113122172,28980,1,2763,25996
189,1,GO:0051537,,train,3.7131248941749616e-240,8.26661663172795e-243,3310.563909774436,107,126,0.8492063492063492,28980,19,49,28805
189,2,GO:0051536,,train,1.9339966337680086e-216,5.948667034175261e-219,1865.8823529411768,120,126,0.9523809523809523,28980,6,306,28548
189,3,GO:0051540,,train,3.566595586959875e-216,1.1492676994627126e-218,1853.636363636364,120,126,0.9523809523809523,28980,6,308,28546
189,4,GO:0009055,,train,5.866235375115188e-76,2.0775928079544963e-77,56.85804709764512,67,126,0.5317460317460317,28980,59,565,28289
189,5,GO:0016679,,train,9.64712903716559e-27,9.241032296783982e-28,96.01333333333334,18,126,0.14285714285714285,28980,108,50,28804
189,6,GO:0008121,,train,5.2094810272813176e-24,5.295397710597349e-25,180.2125,14,126,0.1111111111111111,28980,112,20,28834
189,7,GO:0016681,,train,5.2094810272813176e-24,5.295397710597349e-25,180.2125,14,126,0.1111111111111111,28980,112,20,28834
189,8,GO:0005506,,train,1.1877083297091484e-11,1.6425494403599877e-12,9.2139994134324,20,126,0.15873015873015872,28980,106,579,28275
189,9,GO:0016661,,train,9.136303166983608e-05,1.8175186690976268e-05,17.238591448077614,5,126,0.03968253968253968,28980,121,69,28785
189,10,GO:0046914,,train,0.0002121884079266,4.362241107387921e-05,2.9742574257425742,21,126,0.16666666666666666,28980,105,1818,27036
190,1,GO:0030170,,train,5.86414064563688e-26,5.706616054370834e-27,20.467631925332057,30,167,0.17964071856287425,28980,137,305,28508
190,2,GO:0070279,,train,5.86414064563688e-26,5.706616054370834e-27,20.467631925332057,30,167,0.17964071856287425,28980,137,305,28508
190,3,GO:0019842,,train,3.999586437627192e-22,4.201457938697341e-23,13.865769376420095,31,167,0.18562874251497005,28980,136,466,28347
190,4,GO:0004784,,train,1.9178773028116935e-16,2.3017673813221752e-17,40.46978381096028,14,167,0.08383233532934131,28980,153,65,28748
190,5,GO:0016209,,train,2.564873119236202e-16,3.0880360078685275e-17,13.026743075453677,23,167,0.1377245508982036,28980,144,349,28464
190,6,GO:0016721,,train,5.625059092644753e-16,6.823496412292208e-17,37.04206940992359,14,167,0.08383233532934131,28980,153,71,28742
190,7,GO:0022804,,train,1.4200024627768676e-15,1.7412573773864042e-16,18.79639626495477,18,167,0.10778443113772455,28980,149,184,28629
190,8,GO:0016846,,train,5.0865548865040984e-14,6.5070115093193295e-15,50.721634615384616,11,167,0.0658682634730539,28980,156,40,28773
190,9,GO:0016783,,train,4.907511000221108e-13,6.446166717928185e-14,53.91345073061071,10,167,0.059880239520958084,28980,157,34,28779
190,10,GO:0042626,,train,8.275271036414527e-13,1.0971636848818625e-13,29.66503225806452,12,167,0.0718562874251497,28980,155,75,28738
191,1,GO:0004672,,train,0.0,0.0,7253.617021276596,192,194,0.9896907216494846,28980,2,376,28410
191,2,GO:0016773,,train,3.9430301041230345e-297,3.2341694617407794e-300,7812.328530259366,193,194,0.9948453608247423,28980,1,694,28092
191,3,GO:0016301,,train,6.81366942359628e-272,8.38310676951823e-275,5516.864337101747,193,194,0.9948453608247423,28980,1,973,27813
191,4,GO:0016772,,train,3.227597793500118e-232,8.225708411240304e-235,3223.7884378843787,193,194,0.9948453608247423,28980,1,1626,27160
191,5,GO:0005524,,train,1.4944548904252689e-204,5.4722694232990185e-207,2218.3272569444443,193,194,0.9948453608247423,28980,1,2304,26482
191,6,GO:0032559,,train,2.5604028503345723e-203,9.67548313247092e-206,2181.2299145299144,193,194,0.9948453608247423,28980,1,2340,26446
191,7,GO:0030554,,train,3.4601703878658437e-203,1.327832910948313e-205,2177.178327645051,193,194,0.9948453608247423,28980,1,2344,26442
191,8,GO:0140096,,train,6.913612525283435e-201,2.754346613465001e-203,1093.0946643717728,192,194,0.9896907216494846,28980,2,2324,26462
191,9,GO:0035639,,train,4.512460224121658e-191,2.1810819257113206e-193,1844.2929959662636,193,194,0.9948453608247423,28980,1,2727,26059
191,10,GO:0032555,,train,3.093509906821624e-189,1.5405474533780826e-191,1798.289605734767,193,194,0.9948453608247423,28980,1,2790,25996
192,1,GO:0003677,,train,7.680410316546033e-47,4.9002354247406796e-48,117.2612151667428,48,53,0.9056603773584906,28980,5,2189,26738
192,2,GO:0140097,,train,5.7064721980096774e-11,8.092401766577278e-12,18.10887254901961,13,53,0.24528301886792453,28980,40,510,28417
192,3,GO:0003916,,train,0.0016241108485461,0.0003694772490204,23.715616438356165,3,53,0.05660377358490566,28980,50,73,28854
193,1,GO:0008138,,train,9.131351169316854e-126,1.2732586801988522e-127,59231.47619047619,43,50,0.86,28980,7,3,28927
193,2,GO:0004721,,train,1.4472369812817846e-108,2.798067808085004e-110,10772.14503816794,49,50,0.98,28980,1,131,28799
193,3,GO:0016791,,train,8.177061711296835e-96,2.0288751997739752e-97,inf,50,50,1.0,28980,0,312,28618
193,4,GO:0042578,,train,5.0740899006049844e-89,1.4403120115084014e-90,inf,50,50,1.0,28980,0,437,28493
193,5,GO:0016788,,train,7.922050785166377e-63,3.645763184666602e-64,inf,50,50,1.0,28980,0,1534,27396
193,6,GO:0140096,,train,4.929087035306394e-50,2.926812379695363e-51,525.6128901499798,49,50,0.98,28980,1,2467,26463
193,7,GO:0004725,,train,1.7883228047059102e-47,1.1215980094546546e-48,347.5542168674699,25,50,0.5,28980,25,83,28847
194,1,GO:0016829,,train,5.261929854163211e-27,5.0096001482351805e-28,91.46578730420444,24,30,0.8,28980,6,1213,27737
194,2,GO:0016835,,train,3.7747594275060336e-24,3.818216100764079e-25,93.5218818380744,18,30,0.6,28980,12,457,28493
194,3,GO:0030170,,train,6.318574618396038e-19,7.135397121573871e-20,78.03855140186916,14,30,0.4666666666666667,28980,16,321,28629
194,4,GO:0070279,,train,6.318574618396038e-19,7.135397121573871e-20,78.03855140186916,14,30,0.4666666666666667,28980,16,321,28629
194,5,GO:0019842,,train,1.5033827155359446e-16,1.7963787376369096e-17,51.57065217391305,14,30,0.4666666666666667,28980,16,483,28467
194,6,GO:0016836,,train,8.254112256370938e-15,1.0353607136473723e-15,53.546816479400746,12,30,0.4,28980,18,356,28594
194,7,GO:0016838,,train,1.9460055615988782e-10,2.816654503869718e-11,138.93269230769232,6,30,0.2,28980,24,52,28898
194,8,GO:0016840,,train,7.441800554705087e-08,1.197027473002479e-08,84.94705882352942,5,30,0.16666666666666666,28980,25,68,28882
194,9,GO:0047661,,train,0.0086551594464994,0.002196686921653,31.74175824175824,2,30,0.06666666666666667,28980,28,65,28885
194,10,GO:0036361,,train,0.0101218219931132,0.0026009497765939,29.053319919517104,2,30,0.06666666666666667,28980,28,71,28879
196,1,GO:0004553,,train,1.5889359716990028e-111,2.881188641303227e-113,815.4594395280236,79,82,0.9634146341463414,28980,3,904,27994
196,2,GO:0016798,,train,2.0654877969616548e-107,4.090194659009517e-109,995.7706093189964,80,82,0.975609756097561,28980,2,1116,27782
196,3,GO:0030246,,train,4.0750928634989784e-20,4.477743601073517e-21,28.808467741935484,20,82,0.24390243902439024,28980,62,320,28578
196,4,GO:0015925,,train,4.531196074122915e-16,5.484636077650609e-17,114.53571428571428,10,82,0.12195121951219512,28980,72,35,28863
196,5,GO:0015926,,train,1.5469041636278366e-05,2.87792961982611e-06,25.640455434975983,5,82,0.06097560975609756,28980,77,73,28825
196,6,GO:0015929,,train,2.172111352636896e-05,4.083724598302017e-06,43.535444947209655,4,82,0.04878048780487805,28980,78,34,28864
196,7,GO:0016758,,train,0.003445950438772,0.0008177533029994,10.31199569661108,4,82,0.04878048780487805,28980,78,143,28755
196,8,GO:0008422,,train,0.0300361344188407,0.0085329827340984,15.346276595744682,2,82,0.024390243902439025,28980,80,47,28851
197,1,GO:0003707,,train,2.607992007538077e-42,1.8236157020222603e-43,7442.909090909091,17,18,0.9444444444444444,28980,1,66,28896
197,2,GO:0038023,,train,2.244001734420819e-29,2.0450213538926e-30,inf,18,18,1.0,28980,0,640,28322
197,3,GO:0060089,,train,3.7491448878786086e-29,3.4364690377514625e-30,inf,18,18,1.0,28980,0,659,28303
197,4,GO:0008270,,train,5.93147558257094e-18,6.830310371469773e-19,119.81751824817518,14,18,0.7777777777777778,28980,4,822,28140
197,5,GO:0003677,,train,1.6620178084604718e-17,1.9357831111224877e-18,204.78108108108108,17,18,0.9444444444444444,28980,1,2220,26742
197,6,GO:0046914,,train,3.016104132616084e-13,3.9361232418796783e-14,52.043561643835616,14,18,0.7777777777777778,28980,4,1825,27137
198,1,GO:0016668,,train,1.2010680062973963e-136,1.32642774225655e-138,2217.493489583333,59,91,0.6483516483516484,28980,32,24,28865
198,2,GO:0050660,,train,1.4714216502878808e-115,2.435343563912038e-117,333.3682983682984,70,91,0.7692307692307693,28980,21,286,28603
198,3,GO:0016651,,train,1.1010691146687944e-97,2.6480878318044358e-99,229.23031496062995,61,91,0.6703296703296703,28980,30,254,28635
198,4,GO:0016667,,train,1.306907983622839e-94,3.319240770427986e-96,221.0185669456067,59,91,0.6483516483516484,28980,32,239,28650
198,5,GO:0015036,,train,2.6551473125337985e-63,1.2086882044929324e-64,142.74957575757577,41,91,0.45054945054945056,28980,50,165,28724
198,6,GO:0016209,,train,3.191017540278153e-43,2.1808137567650737e-44,55.62272727272728,36,91,0.3956043956043956,28980,55,336,28553
198,7,GO:0009055,,train,2.1219138538371915e-36,1.6851241930317914e-37,32.582570806100215,37,91,0.4065934065934066,28980,54,595,28294
198,8,GO:0050661,,train,7.7839703979387475e-25,7.764132526285682e-26,35.45399698340875,23,91,0.25274725274725274,28980,68,273,28616
198,9,GO:0016730,,train,3.3572341445190808e-15,4.1600317635749213e-16,91.32636910414688,10,91,0.10989010989010989,28980,81,39,28850
198,10,GO:0016860,,train,0.0163267425083783,0.0043809638039882,6.401740877134248,4,91,0.04395604395604396,28980,87,206,28683
199,1,GO:0016747,,train,1.5629571338556143e-60,7.508714003934756e-62,inf,34,34,1.0,28980,0,444,28502
199,2,GO:0016746,,train,6.034834077201823e-57,3.100770123740222e-58,inf,34,34,1.0,28980,0,572,28374
199,3,GO:0004312,,train,0.0370139451047953,0.0108069833570464,13.642992424242424,2,34,0.058823529411764705,28980,32,132,28814
200,1,GO:0032559,,train,5.574023739304831e-41,4.0118863190883696e-42,inf,39,39,1.0,28980,0,2494,26447
200,2,GO:0030554,,train,5.925754091284963e-41,4.26851489892777e-42,inf,39,39,1.0,28980,0,2498,26443
200,3,GO:0005524,,train,1.2773478017498622e-38,9.623981445647378e-40,409.2379015860106,38,39,0.9743589743589743,28980,1,2459,26482
200,4,GO:0032555,,train,3.242047915173506e-38,2.468313715773484e-39,inf,39,39,1.0,28980,0,2944,25997
200,5,GO:0017076,,train,3.50001756784429e-38,2.6708690758515325e-39,inf,39,39,1.0,28980,0,2950,25991
200,6,GO:0032553,,train,3.008967136393978e-37,2.341101067540324e-38,inf,39,39,1.0,28980,0,3120,25821
200,7,GO:0097367,,train,2.4120049277364243e-36,1.9183271461476965e-37,inf,39,39,1.0,28980,0,3294,25647
200,8,GO:0035639,,train,4.713564780298267e-36,3.776430170816346e-37,343.59541984732823,38,39,0.9743589743589743,28980,1,2882,26059
200,9,GO:0016879,,train,1.6065192771791162e-30,1.4334762042029435e-31,131.4004576659039,20,39,0.5128205128205128,28980,19,230,28711
200,10,GO:0016874,,train,6.846414335182374e-23,7.077656557066702e-24,51.562585219525495,20,39,0.5128205128205128,28980,19,579,28362
201,1,GO:0016774,,train,1.2013409134895878e-66,5.116881062231188e-68,1247.0863095238096,29,61,0.47540983606557374,28980,32,21,28898
201,2,GO:0016772,,train,1.9184336296089856e-60,9.227723642434762e-62,172.51684628474192,56,61,0.9180327868852459,28980,5,1763,27156
201,3,GO:0016301,,train,2.9874151530114073e-60,1.4439567045929116e-61,127.1752466367713,51,61,0.8360655737704918,28980,10,1115,27804
201,4,GO:0005524,,train,2.5459478562804e-59,1.2499659041878162e-60,320.42227235438884,59,61,0.9672131147540983,28980,2,2438,26481
201,5,GO:0032559,,train,5.924741944346729e-59,2.929655330596501e-60,315.3304365400162,59,61,0.9672131147540983,28980,2,2474,26445
201,6,GO:0030554,,train,6.496365091098985e-59,3.2180195591435645e-60,314.7738095238095,59,61,0.9672131147540983,28980,2,2478,26441
201,7,GO:0035639,,train,2.58009211313219e-55,1.370274775495404e-56,268.6861237329605,59,61,0.9672131147540983,28980,2,2861,26058
201,8,GO:0032555,,train,9.061652568409753e-55,4.865690938833254e-56,262.2614569083447,59,61,0.9672131147540983,28980,2,2924,25995
201,9,GO:0017076,,train,1.0181723481588012e-54,5.482030570688334e-56,261.66399317406143,59,61,0.9672131147540983,28980,2,2930,25989
201,10,GO:0032553,,train,2.635306495122531e-53,1.459813276584558e-54,245.69693548387096,59,61,0.9672131147540983,28980,2,3100,25819
202,1,GO:0016829,,train,6.813622341089569e-30,6.135593366877386e-31,inf,22,22,1.0,28980,0,1215,27743
202,2,GO:0016835,,train,1.9194819417445264e-21,2.0405425100597256e-22,132.75465838509317,15,22,0.6818181818181818,28980,7,460,28498
203,1,GO:0016758,,train,8.840142649151064e-69,3.60991266160371e-70,1043.0098684210527,33,41,0.8048780487804879,28980,8,114,28825
203,2,GO:0016757,,train,1.1028650875395568e-65,4.794363271256121e-67,929.6486718080548,38,41,0.926829268292683,28980,3,389,28550
203,3,GO:0008194,,train,1.8142442949614129e-12,2.436743150364144e-13,160.82193958664547,7,41,0.17073170731707318,28980,34,37,28902
203,4,GO:0046527,,train,9.133094740776718e-05,1.816612862579428e-05,69.1531100478469,3,41,0.07317073170731707,28980,38,33,28906
204,1,GO:0004553,,train,8.247026303739167e-194,3.7929025095557584e-196,176.40300427403628,152,181,0.8397790055248618,28980,29,831,27968
204,2,GO:0016798,,train,6.532719304864825e-191,3.176703883198761e-193,174.78023740776388,157,181,0.8674033149171271,28980,24,1039,27760
204,3,GO:0030246,,train,8.056251805827084e-20,8.911271294725098e-21,15.216971440312308,26,181,0.143646408839779,28980,155,314,28485
204,4,GO:0030247,,train,2.3361423377495583e-19,2.612822288287727e-20,56.481796752226295,15,181,0.08287292817679558,28980,166,46,28753
204,5,GO:0015926,,train,4.1842022211042585e-10,6.130995550271992e-11,24.70846233230134,10,181,0.055248618784530384,28980,171,68,28731
204,6,GO:0005509,,train,3.498286749331385e-06,6.223480513428098e-07,4.688094585600751,17,181,0.09392265193370165,28980,164,623,28176
204,7,GO:0008422,,train,6.985110920024163e-05,1.372317602188142e-05,18.565986570247933,5,181,0.027624309392265192,28980,176,44,28755
204,8,GO:0015925,,train,0.0008194096231333,0.0001795466497066,15.851178172798678,4,181,0.022099447513812154,28980,177,41,28758
204,9,GO:0008810,,train,0.0014985277141265,0.000339415188377,13.259541104577425,4,181,0.022099447513812154,28980,177,49,28750
204,10,GO:0008061,,train,0.0218780198197517,0.0060275588483102,8.650581861958267,3,181,0.016574585635359115,28980,178,56,28743
205,1,GO:0008092,,train,1.007707488058971e-58,5.033076331079316e-60,253.24976053639847,37,49,0.7551020408163265,28980,12,348,28583
205,2,GO:0015631,,train,2.7518111663936145e-42,1.9249861046219498e-43,283.47991452991454,23,49,0.46938775510204084,28980,26,90,28841
205,3,GO:0008017,,train,7.51943302065753e-41,5.429710401007943e-42,290.21490626428897,22,49,0.4489795918367347,28980,27,81,28850
205,4,GO:0003779,,train,1.4399382957696928e-17,1.6741702832439617e-18,52.44200913242009,14,49,0.2857142857142857,28980,35,219,28712
205,5,GO:0005516,,train,2.681165832498565e-05,5.074556183546659e-06,110.923273657289,3,49,0.061224489795918366,28980,46,17,28914
205,6,GO:0017056,,train,8.131041245926124e-05,1.6092015894037816e-05,72.50418060200668,3,49,0.061224489795918366,28980,46,26,28905
205,7,GO:0016709,,train,0.0012549348175589,0.0002815580094233,26.14039855072464,3,49,0.061224489795918366,28980,46,72,28859
205,8,GO:0051015,,train,0.0443058832365512,0.0131968896138867,12.14661891721087,2,49,0.04081632653061224,28980,47,101,28830
205,9,GO:0016705,,train,0.0493764784365728,0.0148865663669686,6.182479124676073,3,49,0.061224489795918366,28980,46,302,28629
206,1,GO:0004896,,train,2.391039726519226e-71,9.287631242828876e-73,945.0833333333334,33,96,0.34375,28980,63,16,28868
206,2,GO:0140375,,train,1.9546379058946475e-70,7.707011809280827e-72,840.015873015873,33,96,0.34375,28980,63,18,28866
206,3,GO:0038023,,train,8.456860697973259e-57,4.355145767652984e-58,52.79615595826469,51,96,0.53125,28980,45,607,28277
206,4,GO:0060089,,train,3.671267687117877e-56,1.9121521948898805e-57,51.15931842385517,51,96,0.53125,28980,45,626,28258
206,5,GO:0004888,,train,4.826455580099622e-46,3.128847350019177e-47,50.480326125487416,40,96,0.4166666666666667,28980,56,403,28481
206,6,GO:0030414,,train,4.275444090311295e-09,6.508914941953833e-10,18.96670190274841,10,96,0.10416666666666667,28980,86,176,28708
206,7,GO:0061134,,train,5.241727262310348e-09,8.007618617027993e-10,18.54263565891473,10,96,0.10416666666666667,28980,86,180,28704
206,8,GO:0004866,,train,6.610316473880496e-08,1.0596025352278778e-08,17.06896551724138,9,96,0.09375,28980,87,174,28710
206,9,GO:0061135,,train,7.246367689659497e-08,1.1647426403363404e-08,16.87382445141066,9,96,0.09375,28980,87,176,28708
206,10,GO:0004857,,train,1.5234436506303876e-07,2.4955610904078052e-08,12.702822652227942,10,96,0.10416666666666667,28980,86,262,28622
207,1,GO:0016887,,train,1.5028689979380435e-172,9.685419912305403e-175,1853.4855172413795,94,99,0.9494949494949495,28980,5,290,28591
207,2,GO:0017111,,train,9.161220874055234e-141,9.392821003366821e-143,768.1026086956522,94,99,0.9494949494949495,28980,5,690,28191
207,3,GO:0016462,,train,1.2057948616210923e-133,1.4411468598336285e-135,633.7995192307692,94,99,0.9494949494949495,28980,5,832,28049
207,4,GO:0016818,,train,2.0004598093366964e-132,2.467098982718895e-134,613.2870779976718,94,99,0.9494949494949495,28980,5,859,28022
207,5,GO:0016817,,train,6.12314120589451e-132,7.659083384354091e-134,605.2951724137931,94,99,0.9494949494949495,28980,5,870,28011
207,6,GO:0005524,,train,5.668993238672921e-97,1.3783473615427615e-98,352.91961682632234,96,99,0.9696969696969697,28980,3,2401,26480
207,7,GO:0032559,,train,2.2723226056457777e-96,5.571473828765024e-98,347.233483791547,96,99,0.9696969696969697,28980,3,2437,26444
207,8,GO:0030554,,train,2.641024848226023e-96,6.4986989850012e-98,346.61204424416223,96,99,0.9696969696969697,28980,3,2441,26440
207,9,GO:0035639,,train,2.093978188443076e-90,5.766000225961541e-92,295.2634560906516,96,99,0.9696969696969697,28980,3,2824,26057
207,10,GO:0032555,,train,1.6359228034952772e-89,4.595746458540501e-91,288.1219258746103,96,99,0.9696969696969697,28980,3,2887,25994
209,1,GO:0052689,,train,1.4973113679868255e-58,7.509145683549947e-60,3297.4712643678163,30,31,0.967741935483871,28980,1,261,28688
209,2,GO:0140101,,train,1.0402108734840412e-57,5.274643413307776e-59,inf,31,31,1.0,28980,0,366,28583
209,3,GO:0140098,,train,1.753980935130605e-45,1.1519539668286074e-46,inf,31,31,1.0,28980,0,939,28010
209,4,GO:0016788,,train,3.818964374661917e-36,3.0507413802334845e-37,528.8610038610038,30,31,0.967741935483871,28980,1,1554,27395
209,5,GO:0000049,,train,2.9481329093035945e-08,4.649719537068446e-09,56.24585365853658,6,31,0.1935483870967742,28980,25,123,28826
209,6,GO:0003723,,train,0.0060278970193476,0.0014882962679721,4.8567835365853655,7,31,0.22580645161290322,28980,24,1640,27309
210,1,GO:0005198,,train,3.5487913485154697e-06,6.317486898359114e-07,2.9092165500561458,32,253,0.12648221343873517,28980,221,1362,27365
210,2,GO:0016646,,train,0.0001328178442776,2.674487686569653e-05,8.856707317073171,7,253,0.02766798418972332,28980,246,92,28635
210,3,GO:0019865,,train,0.00060209379386,0.0001300241804592,17.733086190917515,4,253,0.015810276679841896,28980,249,26,28701
210,4,GO:0016645,,train,0.0006955309773719,0.000150976493023,6.617357393086126,7,253,0.02766798418972332,28980,246,123,28604
210,5,GO:0019200,,train,0.0220437678900959,0.0060803268726936,5.8254282954603225,4,253,0.015810276679841896,28980,249,79,28648
210,6,GO:0008289,,train,0.0230256553933765,0.0063700351237873,3.052953813104189,8,253,0.03162055335968379,28980,245,304,28423
210,7,GO:0003678,,train,0.0381335022847494,0.0111718415897641,6.88248,3,253,0.011857707509881422,28980,250,50,28677
210,8,GO:0051082,,train,0.0381710498647177,0.0111839599480594,4.841597970830692,4,253,0.015810276679841896,28980,249,95,28632
211,1,GO:0008137,,train,1.7513251460873504e-47,1.097367808384112e-48,2885.2,21,23,0.9130434782608695,28980,2,105,28852
211,2,GO:0050136,,train,3.528666265472443e-47,2.239980020880213e-48,2778.935779816514,21,23,0.9130434782608695,28980,2,109,28848
211,3,GO:0003954,,train,1.3571021598086891e-46,8.710228878169839e-48,2588.2051282051284,21,23,0.9130434782608695,28980,2,117,28840
211,4,GO:0016655,,train,1.2522182022123768e-44,8.330513921036728e-46,2043.8817567567569,21,23,0.9130434782608695,28980,2,148,28809
211,5,GO:0016651,,train,9.69504431394941e-39,7.281862384206664e-40,1023.6785714285714,21,23,0.9130434782608695,28980,2,294,28663
211,6,GO:0048038,,train,1.8857430823147082e-20,2.052182544101456e-21,396.9917582417583,10,23,0.43478260869565216,28980,13,56,28901
212,1,GO:0005524,,train,9.729453635150226e-68,4.044319860643341e-69,365.0672839506173,67,69,0.9710144927536232,28980,2,2430,26481
212,2,GO:0032559,,train,2.5412321166512612e-67,1.0660117734553726e-68,359.24878345498786,67,69,0.9710144927536232,28980,2,2466,26445
212,3,GO:0030554,,train,2.823780105151607e-67,1.18619113301913e-68,358.61275303643725,67,69,0.9710144927536232,28980,2,2470,26441
212,4,GO:0035639,,train,3.4994093365504043e-63,1.5971174228390103e-64,305.9737118822292,67,69,0.9710144927536232,28980,2,2853,26058
212,5,GO:0032555,,train,1.4588317263526188e-62,6.752069975794997e-64,298.63940329218104,67,69,0.9710144927536232,28980,2,2916,25995
212,6,GO:0017076,,train,1.6666106465762007e-62,7.733284307867422e-64,297.9573921971253,67,69,0.9710144927536232,28980,2,2922,25989
212,7,GO:0032553,,train,6.762808039074444e-61,3.2351013644457822e-62,279.7336675291074,67,69,0.9710144927536232,28980,2,3092,25819
212,8,GO:0097367,,train,2.4536445703269543e-59,1.2032108886918362e-60,263.0457746478873,67,69,0.9710144927536232,28980,2,3266,25645
212,9,GO:0003724,,train,6.22885069906195e-05,1.21796228187124e-05,82.08806818181819,3,69,0.043478260869565216,28980,66,16,28895
212,10,GO:0042393,,train,0.0055808412621464,0.0013685216101423,41.066098081023455,2,69,0.028985507246376812,28980,67,21,28890
213,1,GO:0004812,,train,3.44615484163212e-264,5.350388335427904e-267,inf,117,117,1.0,28980,0,98,28765
213,2,GO:0016875,,train,7.379644711373832e-264,1.167357455002452e-266,inf,117,117,1.0,28980,0,99,28764
213,3,GO:0140101,,train,2.348166648201642e-224,6.534722781121833e-227,inf,117,117,1.0,28980,0,280,28583
213,4,GO:0016874,,train,1.2919525756923951e-200,5.260608958644372e-203,inf,117,117,1.0,28980,0,482,28381
213,5,GO:0140098,,train,3.32367379281976e-174,2.0933001302289257e-176,inf,117,117,1.0,28980,0,853,28010
213,6,GO:0005524,,train,1.897465066982344e-121,2.8180999764479838e-123,1290.177236455271,116,117,0.9914529914529915,28980,1,2381,26482
213,7,GO:0032559,,train,1.0227629693686824e-120,1.5399717791707026e-122,1269.2329333884982,116,117,0.9914529914529915,28980,1,2417,26446
213,8,GO:0030554,,train,1.2285004083950122e-120,1.8569476249577475e-122,1266.9442379182155,116,117,0.9914529914529915,28980,1,2421,26442
213,9,GO:0035639,,train,1.844931057380569e-113,3.1616271745250977e-115,1078.0470756062768,116,117,0.9914529914529915,28980,1,2804,26059
213,10,GO:0032555,,train,2.23924507535509e-112,3.9423097820207084e-114,1051.8088594349497,116,117,0.9914529914529915,28980,1,2867,25996
214,1,GO:0005524,,train,8.632473312476294e-140,8.951857376502353e-142,312.16641221374044,139,144,0.9652777777777778,28980,5,2358,26478
214,2,GO:0032559,,train,6.471888599085446e-139,6.881962566915713e-141,307.0541353383459,139,144,0.9652777777777778,28980,5,2394,26442
214,3,GO:0030554,,train,8.080813969704135e-139,8.616504921265211e-141,306.4955796497081,139,144,0.9652777777777778,28980,5,2398,26438
214,4,GO:0035639,,train,1.2774326632695403e-132,1.567930063889438e-134,328.0431654676259,140,144,0.9722222222222222,28980,4,2780,26056
214,5,GO:0032555,,train,2.602011578325932e-131,3.3156839692175062e-133,319.9982412944073,140,144,0.9722222222222222,28980,4,2843,25993
214,6,GO:0017076,,train,3.4595704464110575e-131,4.4185860346111864e-133,319.25061425061426,140,144,0.9722222222222222,28980,4,2849,25987
214,7,GO:0032553,,train,8.85462535921746e-128,1.1905770981283692e-129,299.3027492547201,140,144,0.9722222222222222,28980,4,3019,25817
214,8,GO:0097367,,train,1.7554276203714916e-124,2.488874149045909e-126,281.08518634513,140,144,0.9722222222222222,28980,4,3193,25643
214,9,GO:0016887,,train,7.358194396608667e-45,4.8800281553510925e-46,35.576347957376385,43,144,0.2986111111111111,28980,101,341,28495
214,10,GO:0017111,,train,1.2727606429243248e-36,1.0062925785079978e-37,18.473513407657123,47,144,0.3263888888888889,28980,97,737,28099
215,1,GO:0016887,,train,1.06324047335109e-131,1.3361753026558209e-133,3243.0894568690096,71,73,0.9726027397260274,28980,2,313,28594
215,2,GO:0017111,,train,1.945710236221628e-111,3.545220045492728e-113,2851.179775280899,72,73,0.9863013698630136,28980,1,712,28195
215,3,GO:0016462,,train,4.728479938238786e-106,9.612927548225436e-108,2365.12412177986,72,73,0.9863013698630136,28980,1,854,28053
215,4,GO:0016818,,train,3.976596610153764e-105,8.25909422796092e-107,2290.433598183882,72,73,0.9863013698630136,28980,1,881,28026
215,5,GO:0016817,,train,9.301069792980728e-105,1.94811052581692e-106,2261.3004484304934,72,73,0.9863013698630136,28980,1,892,28015
215,6,GO:0005524,,train,1.5756015576601438e-74,5.732481280176636e-76,786.2696907216495,72,73,0.9863013698630136,28980,1,2425,26482
215,7,GO:0032559,,train,4.433306071334281e-74,1.628545511747719e-75,773.7147501015847,72,73,0.9863013698630136,28980,1,2461,26446
215,8,GO:0030554,,train,4.966095969623048e-74,1.827171848096361e-75,772.3423935091278,72,73,0.9863013698630136,28980,1,2465,26442
215,9,GO:0035639,,train,1.2829902833555878e-69,5.1339154789926856e-71,658.7949438202247,72,73,0.9863013698630136,28980,1,2848,26059
215,10,GO:0032555,,train,5.985942887663667e-69,2.426852083231249e-70,642.9790450017176,72,73,0.9863013698630136,28980,1,2911,25996
216,1,GO:0004784,,train,1.1052526199288312e-55,5.805190694942128e-57,1028.7749287749289,25,38,0.6578947368421053,28980,13,54,28888
216,2,GO:0016721,,train,9.41507110753327e-55,5.058218475910599e-56,925.7051282051282,25,38,0.6578947368421053,28980,13,60,28882
216,3,GO:0016209,,train,1.3725373767908375e-37,1.0606537188312475e-38,158.47373088007097,25,38,0.6578947368421053,28980,13,347,28595
216,4,GO:0005507,,train,0.0049761055307954,0.0012090054566135,15.715195632393083,3,38,0.07894736842105263,28980,35,157,28785
217,1,GO:0016791,,train,5.189774166622649e-45,3.432788489976841e-46,553.5446428571429,26,30,0.8666666666666667,28980,4,336,28614
217,2,GO:0042578,,train,3.4384081778516843e-44,2.29851699383588e-45,557.4130434782609,27,30,0.9,28980,3,460,28490
217,3,GO:0016788,,train,2.584041300871507e-30,2.314032942778861e-31,158.34104046242774,27,30,0.9,28980,3,1557,27393
218,1,GO:0030170,,train,2.740100900908797e-50,1.6181982647075418e-51,inf,26,26,1.0,28980,0,309,28645
218,2,GO:0070279,,train,2.740100900908797e-50,1.6181982647075418e-51,inf,26,26,1.0,28980,0,309,28645
218,3,GO:0019842,,train,9.828662968241372e-46,6.406179542530701e-47,inf,26,26,1.0,28980,0,471,28483
218,4,GO:0016846,,train,1.1667510841918624e-23,1.1924874865235401e-24,530.09,11,26,0.4230769230769231,28980,15,40,28914
218,5,GO:0016829,,train,2.7401304114835774e-12,3.703594843889395e-13,26.45366584900518,14,26,0.5384615384615384,28980,12,1223,27731
218,6,GO:0016765,,train,9.273146400962609e-08,1.5002955026076248e-08,31.858960089044363,7,26,0.2692307692307692,28980,19,331,28623
218,7,GO:0016783,,train,4.0245521957631e-07,6.741186822325747e-08,131.42727272727274,4,26,0.15384615384615385,28980,22,40,28914
218,8,GO:0016782,,train,1.1935210235761165e-05,2.201599989881596e-06,52.46181818181818,4,26,0.15384615384615385,28980,22,100,28854
219,1,GO:0008236,,train,2.145899238648172e-40,1.5589624489109958e-41,183.80620525059663,27,37,0.7297297297297297,28980,10,419,28524
219,2,GO:0016825,,train,2.145899238648172e-40,1.5589624489109958e-41,183.80620525059663,27,37,0.7297297297297297,28980,10,419,28524
219,3,GO:0017171,,train,2.145899238648172e-40,1.5589624489109958e-41,183.80620525059663,27,37,0.7297297297297297,28980,10,419,28524
219,4,GO:0004252,,train,1.0945235502765457e-38,8.233695043823914e-40,182.87960122699383,25,37,0.6756756756756757,28980,12,326,28617
219,5,GO:0016887,,train,1.5649183228022836e-35,1.267539374446587e-36,146.5794871794872,24,37,0.6486486486486487,28980,13,360,28583
219,6,GO:0070011,,train,4.7336235184479836e-34,3.938099655034793e-35,98.91014975041595,30,37,0.8108108108108109,28980,7,1202,27741
219,7,GO:0004175,,train,7.348649716540539e-34,6.143787178430061e-35,101.63391188251002,27,37,0.7297297297297297,28980,10,749,28194
219,8,GO:0008233,,train,2.340380974200331e-33,1.97791226837975e-34,93.38470191226097,30,37,0.8108108108108109,28980,7,1270,27673
219,9,GO:0017111,,train,4.574111592380623e-28,4.2716898838531284e-29,68.46072874493927,24,37,0.6486486486486487,28980,13,760,28183
219,10,GO:0016462,,train,2.383509161893016e-26,2.3027252587875807e-27,57.392461197339244,24,37,0.6486486486486487,28980,13,902,28041
220,1,GO:0003677,,train,1.645449308344753e-13,2.1338735354724257e-14,4.99764169904864,42,144,0.2916666666666667,28980,102,2195,26641
220,2,GO:0140110,,train,1.3511648827179474e-11,1.8721650687687528e-12,7.551757949292618,23,144,0.1597222222222222,28980,121,708,28128
220,3,GO:0003700,,train,5.739127061985035e-11,8.140391139857498e-12,7.808554374036447,21,144,0.14583333333333334,28980,123,617,28219
220,4,GO:0003678,,train,0.0006543774879366,0.0001416984032231,16.78542274052478,4,144,0.027777777777777776,28980,140,49,28787
220,5,GO:0004386,,train,0.0051716932896586,0.0012609193323909,9.125714285714286,4,144,0.027777777777777776,28980,140,90,28746
220,6,GO:0008094,,train,0.0134740612236289,0.0035602434964154,6.780401416765053,4,144,0.027777777777777776,28980,140,121,28715
221,1,GO:1904680,,train,4.0560239594831537e-20,4.454414220377404e-21,209.34782608695653,11,44,0.25,28980,33,46,28890
221,2,GO:0042887,,train,4.9854457469342623e-20,5.4911902066592915e-21,204.88652482269504,11,44,0.25,28980,33,47,28889
221,3,GO:0022857,,train,4.358261474499441e-07,7.324412244545008e-08,10.51631046119235,11,44,0.25,28980,33,889,28047
221,4,GO:0005215,,train,2.832447344433633e-06,5.013225197020244e-07,8.59753086419753,11,44,0.25,28980,33,1080,27856
221,5,GO:0015399,,train,0.000106421120345,2.1279859609089595e-05,27.993203883495145,4,44,0.09090909090909091,28980,40,103,28833
221,6,GO:0016151,,train,0.0004466610965418,9.504485471131028e-05,38.42261640798226,3,44,0.06818181818181818,28980,41,55,28881
221,7,GO:0022804,,train,0.0011218191895279,0.0002500489853566,14.514141414141417,4,44,0.09090909090909091,28980,40,198,28738
221,8,GO:0008320,,train,0.0050376178992533,0.0012254263419573,43.01190476190476,2,44,0.045454545454545456,28980,42,32,28904
221,9,GO:0140318,,train,0.0055979375108623,0.0013734973641689,40.47899159663866,2,44,0.045454545454545456,28980,42,34,28902
221,10,GO:0022884,,train,0.0064914371711083,0.0016108317742173,37.19305019305019,2,44,0.045454545454545456,28980,42,37,28899
222,1,GO:0016757,,train,1.777761913095606e-99,4.114104670432459e-101,1099.5222972972972,57,61,0.9344262295081968,28980,4,370,28549
222,2,GO:0016758,,train,5.726077751205005e-83,1.784734079527236e-84,606.6105263157895,42,61,0.6885245901639344,28980,19,105,28814
222,3,GO:0008194,,train,4.546800228320605e-22,4.7816190115332263e-23,221.07397959183675,12,61,0.19672131147540983,28980,49,32,28887
222,4,GO:0046527,,train,1.676480635087363e-18,1.912553383360885e-19,217.89592760180997,10,61,0.16393442622950818,28980,51,26,28893
223,1,GO:0070008,,train,3.4265014738818075e-92,8.983562759247203e-94,2408.25,38,62,0.6129032258064516,28980,24,19,28899
223,2,GO:0008238,,train,9.481150708499428e-89,2.705170574472989e-90,538.360655737705,48,62,0.7741935483870968,28980,14,183,28735
223,3,GO:0004185,,train,1.2434422276747533e-84,3.78092108951107e-86,4699.817733990148,33,62,0.532258064516129,28980,29,7,28911
223,4,GO:0008236,,train,1.998139743894349e-76,7.018102214398817e-78,270.78647548924624,49,62,0.7903225806451613,28980,13,397,28521
223,5,GO:0016825,,train,1.998139743894349e-76,7.018102214398817e-78,270.78647548924624,49,62,0.7903225806451613,28980,13,397,28521
223,6,GO:0017171,,train,1.998139743894349e-76,7.018102214398817e-78,270.78647548924624,49,62,0.7903225806451613,28980,13,397,28521
223,7,GO:0004180,,train,2.729760784390684e-74,9.979615838883243e-76,763.7301587301587,35,62,0.5645161290322581,28980,27,49,28869
223,8,GO:0070011,,train,5.547185413360181e-69,2.244093814878405e-70,220.1746031746032,56,62,0.9032258064516129,28980,6,1176,27742
223,9,GO:0008233,,train,1.1515389568747474e-67,4.793440717459108e-69,207.62915326902464,56,62,0.9032258064516129,28980,6,1244,27674
223,10,GO:0140096,,train,1.3158446281356029e-51,7.566578800217327e-53,100.38265582655826,56,62,0.9032258064516129,28980,6,2460,26458
224,1,GO:0140104,,train,8.557839132303537e-54,4.7029634157077174e-55,2664.4210526315787,21,40,0.525,28980,19,12,28928
224,2,GO:0072341,,train,0.0002910287681413,6.0802565380198935e-05,45.04365904365904,3,40,0.075,28980,37,52,28888
224,3,GO:0008121,,train,0.0042079190514889,0.0010133668020707,47.54605263157895,2,40,0.05,28980,38,32,28908
224,4,GO:0016681,,train,0.0042079190514889,0.0010133668020707,47.54605263157895,2,40,0.05,28980,38,32,28908
224,5,GO:0033218,,train,0.011813773389951,0.0030827868107239,11.20010395010395,3,40,0.075,28980,37,208,28732
224,6,GO:0016679,,train,0.0149890903061308,0.0039948074993461,23.025518341307816,2,40,0.05,28980,38,66,28874
225,1,GO:0008092,,train,4.531693503716497e-22,4.764404600532709e-23,15.447659176029962,29,179,0.16201117318435754,28980,150,356,28445
225,2,GO:0003779,,train,3.8474426916585183e-20,4.2242186508293415e-21,20.0730463980464,23,179,0.12849162011173185,28980,156,210,28591
225,3,GO:0060090,,train,8.241659264715348e-07,1.4077720705555612e-07,20.523051815585475,7,179,0.03910614525139665,28980,172,57,28744
225,4,GO:0003723,,train,1.8303261969714023e-05,3.420233415496551e-06,2.980372807017544,27,179,0.15083798882681565,28980,152,1620,27181
225,5,GO:0019787,,train,2.1742668541696344e-05,4.088414019074577e-06,9.577610693400167,8,179,0.0446927374301676,28980,171,140,28661
225,6,GO:0004842,,train,0.0001245487311413,2.5025038723336283e-05,8.90688798153737,7,179,0.03910614525139665,28980,172,131,28670
225,7,GO:0019899,,train,0.0001911698671744,3.911654574841039e-05,5.316857372183749,10,179,0.055865921787709494,28980,169,317,28484
225,8,GO:0031625,,train,0.000214892900994,4.420988498349456e-05,23.488163265306124,4,179,0.0223463687150838,28980,175,28,28773
225,9,GO:0044389,,train,0.0003031409914506,6.344852751895422e-05,21.212903225806453,4,179,0.0223463687150838,28980,175,31,28770
225,10,GO:0015631,,train,0.0003542894237199,7.466262747872562e-05,9.300632056614983,6,179,0.0335195530726257,28980,173,107,28694
226,1,GO:0003697,,train,5.427860347883306e-82,1.728354629331562e-83,2728.7833333333333,34,42,0.8095238095238095,28980,8,45,28893
226,2,GO:0003677,,train,1.0033723580937491e-43,6.795549966056621e-45,499.28142076502735,41,42,0.9761904761904762,28980,1,2196,26742
227,1,GO:0097367,,train,1.3821713034922315e-25,1.3523309469678216e-26,38.87204366282595,35,42,0.8333333333333334,28980,7,3298,25640
227,2,GO:0016853,,train,1.4006550336224276e-14,1.7680002753256117e-15,22.06894797687861,17,42,0.40476190476190477,28980,25,865,28073
227,3,GO:0016868,,train,4.6010106926020855e-08,7.328029743585418e-09,92.97297297297295,5,42,0.11904761904761904,28980,37,42,28896
227,4,GO:0008483,,train,1.48358429652719e-07,2.42765968901804e-08,27.625,7,42,0.16666666666666666,28980,35,208,28730
227,5,GO:0016769,,train,1.627666016552904e-07,2.6701027309653048e-08,27.229383886255924,7,42,0.16666666666666666,28980,35,211,28727
227,6,GO:0016866,,train,3.672350311302738e-07,6.13618249279984e-08,34.78260869565217,6,42,0.14285714285714285,28980,36,138,28800
227,7,GO:0008270,,train,0.0248643447340153,0.0069435450786351,4.570689823397404,5,42,0.11904761904761904,28980,37,831,28107
227,8,GO:0009055,,train,0.0438053632991901,0.0130234242060954,4.745222929936306,4,42,0.09523809523809523,28980,38,628,28310
229,1,GO:0008168,,train,9.10894605908195e-141,9.31254115657381e-143,716.5966724039013,88,95,0.9263157894736842,28980,7,498,28387
229,2,GO:0008173,,train,6.4189337419162034e-139,6.806848916347851e-141,839.7235841081995,69,95,0.7263157894736842,28980,26,91,28794
229,3,GO:0016741,,train,1.1664010632624818e-133,1.390647194386824e-135,582.7166276346604,88,95,0.9263157894736842,28980,7,610,28275
229,4,GO:0008757,,train,2.539193839730126e-113,4.381126553595935e-115,316.12179065174456,67,95,0.7052631578947368,28980,28,217,28668
229,5,GO:0140098,,train,4.824579935770924e-87,1.4104727351259285e-88,103.53319144623492,73,95,0.7684210526315789,28980,22,897,27988
229,6,GO:0008649,,train,1.3830279428310044e-77,4.760400248488239e-79,927.0080285459412,36,95,0.37894736842105264,28980,59,19,28866
229,7,GO:0140102,,train,2.904900348692694e-63,1.3232328682125374e-64,240.82470397028092,36,95,0.37894736842105264,28980,59,73,28812
229,8,GO:0008170,,train,1.8059583343720095e-54,9.792392058243519e-56,152.7743950039032,34,95,0.35789473684210527,28980,61,105,28780
229,9,GO:0008175,,train,3.4617343775949002e-53,1.9226787298004886e-54,344.4776119402985,28,95,0.29473684210526313,28980,67,35,28850
229,10,GO:0140101,,train,2.8017080270232415e-33,2.371894483433567e-34,37.74287056010929,31,95,0.3263157894736842,28980,64,366,28519
230,1,GO:0051020,,train,4.250866492849518e-68,1.7570297979935756e-69,316.9860869565217,38,63,0.6031746031746031,28980,25,138,28779
230,2,GO:0019899,,train,9.998616873308604e-64,4.519397086889644e-65,186.565638906548,41,63,0.6507936507936508,28980,22,286,28631
230,3,GO:0005085,,train,1.1160058602065084e-60,5.3549450713837196e-62,320.2,33,63,0.5238095238095238,28980,30,99,28818
230,4,GO:0098772,,train,1.9494808086344723e-46,1.2540820387735598e-47,65.16468792401628,41,63,0.6507936507936508,28980,22,804,28113
230,5,GO:0060589,,train,4.053443594501008e-12,5.50005880122116e-13,56.53333333333333,9,63,0.14285714285714285,28980,54,85,28832
230,6,GO:0017016,,train,1.915707437099572e-10,2.7716785399521888e-11,49.338181818181816,8,63,0.12698412698412698,28980,55,85,28832
230,7,GO:0031267,,train,2.6833637122692116e-10,3.906704645978845e-11,47.114198161389176,8,63,0.12698412698412698,28980,55,89,28828
230,8,GO:0008047,,train,2.0214685148170303e-09,3.0324692457972325e-10,35.80419580419581,8,63,0.12698412698412698,28980,55,117,28800
230,9,GO:0017048,,train,1.7620443517665367e-08,2.7511780164969504e-09,59.578947368421055,6,63,0.09523809523809523,28980,57,51,28866
230,10,GO:0005096,,train,2.4042371491183537e-08,3.776406712239685e-09,56.26315789473684,6,63,0.09523809523809523,28980,57,54,28863
231,1,GO:0004518,,train,1.3314005771385742e-161,9.807449093452602e-164,664.4079422382672,104,112,0.9285714285714286,28980,8,554,28314
231,2,GO:0004519,,train,1.2223509593444746e-136,1.3535127944230934e-138,279.3529411764706,88,112,0.7857142857142857,28980,24,374,28494
231,3,GO:0016788,,train,1.744068517937872e-122,2.544295403617952e-124,277.7789046653144,105,112,0.9375,28980,7,1479,27389
231,4,GO:0004520,,train,5.509764279387889e-21,5.924772641159939e-22,58.50813008130081,16,112,0.14285714285714285,28980,96,82,28786
231,5,GO:0004536,,train,9.380948563385756e-21,1.014572519436981e-21,46.78334928229665,17,112,0.15178571428571427,28980,95,110,28758
231,6,GO:0140097,,train,1.3206460435052642e-11,1.8294915018122257e-12,10.754876764272172,18,112,0.16071428571428573,28980,94,505,28363
231,7,GO:0016888,,train,1.2357519489365156e-09,1.8407589009995554e-10,38.20954907161804,8,112,0.07142857142857142,28980,104,58,28810
231,8,GO:0004527,,train,3.78557861398136e-09,5.749838917741263e-10,19.15499533146592,10,112,0.08928571428571429,28980,102,147,28721
231,9,GO:0016893,,train,4.256048883134979e-07,7.146401909403197e-08,16.874339401056957,8,112,0.07142857142857142,28980,104,131,28737
231,10,GO:0003677,,train,1.7456198335949764e-06,3.042063564477404e-07,3.644999105950165,26,112,0.23214285714285715,28980,86,2211,26657
232,1,GO:0004252,,train,3.560494017486366e-31,3.134219328747848e-32,1457.11377245509,17,18,0.9444444444444444,28980,1,334,28628
232,2,GO:0008236,,train,2.1907014559853496e-29,1.9958055857616187e-30,1130.6783216783217,17,18,0.9444444444444444,28980,1,429,28533
232,3,GO:0016825,,train,2.1907014559853496e-29,1.9958055857616187e-30,1130.6783216783217,17,18,0.9444444444444444,28980,1,429,28533
232,4,GO:0017171,,train,2.1907014559853496e-29,1.9958055857616187e-30,1130.6783216783217,17,18,0.9444444444444444,28980,1,429,28533
232,5,GO:0004175,,train,2.80649457224399e-25,2.7653175517188246e-26,631.6877470355731,17,18,0.9444444444444444,28980,1,759,28203
232,6,GO:0008233,,train,4.7635599348074694e-24,4.832354352824872e-25,inf,18,18,1.0,28980,0,1282,27680
232,7,GO:0070011,,train,7.126362210957687e-22,7.521540570665421e-23,388.2296296296296,17,18,0.9444444444444444,28980,1,1215,27747
232,8,GO:0140096,,train,6.57382882358657e-19,7.427500299549872e-20,inf,18,18,1.0,28980,0,2498,26464
232,9,GO:0019899,,train,8.894400342067816e-13,1.1813343630352837e-13,90.0754716981132,9,18,0.5,28980,9,318,28644
232,10,GO:0016887,,train,3.701554976790208e-12,5.019333271102286e-13,76.232,9,18,0.5,28980,9,375,28587
233,1,GO:0071949,,train,1.2655767783928155e-75,4.511840347142562e-77,inf,32,32,1.0,28980,0,103,28845
233,2,GO:0050660,,train,3.6707969379932734e-61,1.7495347037276435e-62,inf,32,32,1.0,28980,0,324,28624
233,3,GO:0016645,,train,3.770488890101518e-08,5.973226680044822e-09,53.64267990074442,6,32,0.1875,28980,26,124,28824
233,4,GO:0016614,,train,0.0153712585732787,0.0041052161705065,6.807442977190877,4,32,0.125,28980,28,595,28353
234,1,GO:0016831,,train,3.2698686907285748e-25,3.22609419409258e-26,70.02968770080966,19,50,0.38,28980,31,251,28679
234,2,GO:0019842,,train,5.156366685142478e-25,5.106973595355983e-26,47.06842105263158,22,50,0.44,28980,28,475,28455
234,3,GO:0016830,,train,7.398053748302465e-21,7.9881729842232455e-22,39.77727974134764,19,50,0.38,28980,31,439,28491
234,4,GO:0016829,,train,3.7798799887732404e-14,4.8178288247004015e-15,15.18104628868803,20,50,0.4,28980,30,1217,27713
234,5,GO:0030170,,train,2.832886082483443e-12,3.8314541532138313e-13,27.96838846341861,12,50,0.24,28980,38,323,28607
234,6,GO:0070279,,train,2.832886082483443e-12,3.8314541532138313e-13,27.96838846341861,12,50,0.24,28980,38,323,28607
234,7,GO:0046906,,train,3.025149561181723e-07,5.0308386966718346e-08,10.71490773377566,11,50,0.22,28980,39,742,28188
234,8,GO:0050897,,train,5.117930355855457e-06,9.205288216583916e-07,64.41694537346712,4,50,0.08,28980,46,39,28891
234,9,GO:0016765,,train,0.0001236482712306,2.4833246845274287e-05,11.746166484118293,6,50,0.12,28980,44,332,28598
234,10,GO:0008168,,train,0.002156850673199,0.0004975193023633,6.665360501567398,6,50,0.12,28980,44,580,28350
235,1,GO:0004129,,train,1.5757268771972294e-55,8.322452352540072e-57,19951.72413793104,20,21,0.9523809523809523,28980,1,29,28930
235,2,GO:0015002,,train,1.5757268771972294e-55,8.322452352540072e-57,19951.72413793104,20,21,0.9523809523809523,28980,1,29,28930
235,3,GO:0016676,,train,1.5757268771972294e-55,8.322452352540072e-57,19951.72413793104,20,21,0.9523809523809523,28980,1,29,28930
235,4,GO:0016675,,train,6.920391619501571e-55,3.707823262755477e-56,18079.375,20,21,0.9523809523809523,28980,1,32,28927
235,5,GO:0015078,,train,9.356172210950898e-43,6.481924972580741e-44,3555.185185185185,20,21,0.9523809523809523,28980,1,162,28797
235,6,GO:0015077,,train,5.6306112006008575e-39,4.206010651648413e-40,2233.6186770428017,20,21,0.9523809523809523,28980,1,257,28702
235,7,GO:0022890,,train,1.3245521019638173e-36,1.0476288705223968e-37,1673.508771929825,20,21,0.9523809523809523,28980,1,342,28617
235,8,GO:0008324,,train,3.370307996041977e-36,2.6864129997452085e-37,1593.3147632311975,20,21,0.9523809523809523,28980,1,359,28600
235,9,GO:0015318,,train,8.75985778101653e-33,7.485281409387237e-34,1054.5454545454545,20,21,0.9523809523809523,28980,1,539,28420
235,10,GO:0015075,,train,1.8395943093121016e-32,1.583785240375038e-33,1014.25,20,21,0.9523809523809523,28980,1,560,28399
236,1,GO:0051020,,train,1.3306238645697427e-09,1.9851971005810998e-10,21.629518072289155,10,90,0.1111111111111111,28980,80,166,28724
236,2,GO:0005085,,train,2.2030101923689643e-09,3.311904475272438e-10,25.986449864498645,9,90,0.1,28980,81,123,28767
236,3,GO:0005543,,train,1.818059299964865e-08,2.840767585321672e-09,26.24390243902439,8,90,0.08888888888888889,28980,82,107,28783
236,4,GO:0019899,,train,4.466787681488229e-07,7.510724812298222e-08,11.266955835962143,10,90,0.1111111111111111,28980,80,317,28573
236,5,GO:0042277,,train,6.960613666586357e-07,1.1844686055951065e-07,30.275210084033613,6,90,0.06666666666666667,28980,84,68,28822
236,6,GO:0098772,,train,1.9154774359953244e-06,3.3470495080739695e-07,6.219931597947938,14,90,0.15555555555555556,28980,76,831,28059
236,7,GO:0060090,,train,9.29587278101428e-06,1.7035761817976196e-06,28.744765702891325,5,90,0.05555555555555555,28980,85,59,28831
236,8,GO:0008289,,train,3.1257072931569694e-05,5.949804022302484e-06,9.173940949935815,8,90,0.08888888888888889,28980,82,304,28586
236,9,GO:0035091,,train,0.0002319529342503,4.792348610797278e-05,22.348837209302324,4,90,0.044444444444444446,28980,86,60,28830
236,10,GO:0033218,,train,0.0002505684185865,5.193108830594838e-05,9.994773519163765,6,90,0.06666666666666667,28980,84,205,28685
237,1,GO:0016661,,train,7.727521245077436e-32,6.720863162151011e-33,3079.934426229508,13,15,0.8666666666666667,28980,2,61,28904
237,2,GO:0005507,,train,2.2793220263972416e-30,2.039150912094553e-31,2763.4657534246576,14,15,0.9333333333333333,28980,1,146,28819
237,3,GO:0046914,,train,8.929151841673084e-18,1.0326710452273293e-18,inf,15,15,1.0,28980,0,1824,27141
238,1,GO:0005496,,train,2.304654968365712e-15,2.839552039413593e-16,502.4888337468983,7,20,0.35,28980,13,31,28929
238,2,GO:0043178,,train,4.619729555518221e-14,5.904408720955562e-15,311.3384615384616,7,20,0.35,28980,13,50,28910
238,3,GO:0008289,,train,1.291218221798083e-10,1.8579441384633048e-11,62.8421052631579,8,20,0.4,28980,12,304,28656
238,4,GO:0090729,,train,4.344692881557864e-06,7.767425566437485e-07,37.52287581699346,5,20,0.25,28980,15,255,28705
239,1,GO:0016836,,train,1.1300832030583251e-46,7.243231825560582e-48,566.2873900293255,27,31,0.8709677419354839,28980,4,341,28608
239,2,GO:0016835,,train,3.0551409579337833e-46,1.972502173971368e-47,595.1200596569724,28,31,0.9032258064516129,28980,3,447,28502
239,3,GO:0016829,,train,3.430944037779382e-42,2.4030779489499673e-43,inf,31,31,1.0,28980,0,1206,27743
239,4,GO:0016832,,train,0.0213105879359956,0.005856244703037,18.94515599343185,2,31,0.06451612903225806,28980,29,105,28844
240,1,GO:0016616,,train,3.0918255099533116e-54,1.684622388760922e-55,927.358695652174,33,35,0.9428571428571428,28980,2,506,28439
240,2,GO:0016614,,train,1.076078902701798e-52,6.049141442671442e-54,827.3030035335689,33,35,0.9428571428571428,28980,2,566,28379
240,3,GO:0051287,,train,1.4124147766507152e-47,8.845952463541697e-49,376.85526315789474,28,35,0.8,28980,7,304,28641
240,4,GO:0000287,,train,1.3296128337238114e-36,1.0520210516120381e-37,146.91634615384615,27,35,0.7714285714285715,28980,8,650,28295
241,1,GO:0016746,,train,1.839049568132827e-43,1.2541545521320625e-44,inf,26,26,1.0,28980,0,580,28374
241,2,GO:0016747,,train,5.3681644516794834e-43,3.7048936485798e-44,1572.9028697571744,25,26,0.9615384615384616,28980,1,453,28501
241,3,GO:0004312,,train,9.936732788395227e-31,8.822754513175129e-32,390.99661016949153,16,26,0.6153846153846154,28980,10,118,28836
241,4,GO:0030170,,train,8.730226750226454e-08,1.4111782291282062e-08,32.15372272143774,7,26,0.2692307692307692,28980,19,328,28626
241,5,GO:0070279,,train,8.730226750226454e-08,1.4111782291282062e-08,32.15372272143774,7,26,0.2692307692307692,28980,19,328,28626
241,6,GO:0019842,,train,1.2031760059713747e-06,2.0749032273349984e-07,21.401503759398494,7,26,0.2692307692307692,28980,19,490,28464
241,7,GO:0008374,,train,0.0031692212004973,0.0007482767342182,56.02906976744186,2,26,0.07692307692307693,28980,24,43,28911
242,1,GO:0030170,,train,3.7385479540668804e-24,3.7804925850071385e-25,102.03563941299792,17,32,0.53125,28980,15,318,28630
242,2,GO:0070279,,train,3.7385479540668804e-24,3.7804925850071385e-25,102.03563941299792,17,32,0.53125,28980,15,318,28630
242,3,GO:0016829,,train,4.915811426476231e-24,4.992564729060285e-25,58.382024528647264,23,32,0.71875,28980,9,1214,27734
242,4,GO:0016835,,train,1.4234168922584022e-21,1.5098551621020225e-22,70.49927219796216,17,32,0.53125,28980,15,458,28490
242,5,GO:0019842,,train,3.058437166809527e-21,3.2665617688102456e-22,67.2161111111111,17,32,0.53125,28980,15,480,28468
242,6,GO:0016836,,train,2.084276900694333e-14,2.6419035501960863e-15,48.188764044943824,12,32,0.375,28980,20,356,28592
242,7,GO:0016838,,train,3.2911159099747616e-08,5.200304425814765e-09,100.96086652690428,5,32,0.15625,28980,27,53,28895
242,8,GO:0016840,,train,1.0389837141986821e-07,1.6849207141236498e-08,78.64923747276688,5,32,0.15625,28980,27,68,28880
242,9,GO:0047661,,train,0.0097506064872771,0.0024972772217319,29.623589743589744,2,32,0.0625,28980,30,65,28883
242,10,GO:0036361,,train,0.0113856109909063,0.0029560497469725,27.11455399061033,2,32,0.0625,28980,30,71,28877
243,1,GO:0004842,,train,1.7448683201221424e-50,1.025851925618871e-51,190.47619047619048,30,72,0.4166666666666667,28980,42,108,28800
243,2,GO:0019787,,train,1.754869148238056e-49,1.0569209270813028e-50,174.27360774818402,30,72,0.4166666666666667,28980,42,118,28790
243,3,GO:0140096,,train,4.0530933160741224e-13,5.3084278689303105e-14,7.59165613147914,30,72,0.4166666666666667,28980,42,2486,26422
243,4,GO:0061630,,train,2.3408040930719158e-07,3.8701404052195255e-08,65.29850746268657,5,72,0.06944444444444445,28980,67,33,28875
243,5,GO:0061659,,train,2.3408040930719158e-07,3.8701404052195255e-08,65.29850746268657,5,72,0.06944444444444445,28980,67,33,28875
243,6,GO:0008047,,train,0.0012092974876874,0.0002705040166382,13.994652406417112,4,72,0.05555555555555555,28980,68,121,28787
244,1,GO:0050661,,train,1.7640158445071776e-61,8.335113094853319e-63,189.10150566739972,39,62,0.6290322580645161,28980,23,257,28661
244,2,GO:0016616,,train,8.381145397434335e-33,7.1567621154527616e-34,48.950207961972666,29,62,0.46774193548387094,28980,33,510,28408
244,3,GO:0016614,,train,1.7635690785436707e-31,1.5441626316802978e-32,43.70505050505051,29,62,0.46774193548387094,28980,33,570,28348
244,4,GO:0051287,,train,4.928396859133501e-23,5.0818633576910464e-24,43.65995115995116,20,62,0.3225806451612903,28980,42,312,28606
244,5,GO:0016628,,train,3.2539597362770064e-10,4.7507793085521866e-11,45.91796097172441,8,62,0.12903225806451613,28980,54,93,28825
244,6,GO:0016646,,train,1.1921043990379404e-08,1.8459336946171461e-09,39.87786561264822,7,62,0.11290322580645161,28980,55,92,28826
244,7,GO:0016645,,train,7.722855696924847e-08,1.2440455657318962e-08,29.79526977087953,7,62,0.11290322580645161,28980,55,123,28795
244,8,GO:0070403,,train,1.4431536221877076e-07,2.3610782962528482e-08,72.38847117794487,5,62,0.08064516129032258,28980,57,35,28883
244,9,GO:0016627,,train,2.814154338146805e-07,4.6758307425868336e-08,18.23875377523446,8,62,0.12903225806451613,28980,54,233,28685
244,10,GO:0000287,,train,0.0004449716527074,9.467232368440247e-05,6.255660742955213,8,62,0.12903225806451613,28980,54,669,28249
245,1,GO:0046933,,train,3.6767790762030817e-56,1.916099826160847e-57,1926.0,24,30,0.8,28980,6,60,28890
245,2,GO:0015252,,train,1.3348312383067862e-55,7.026662375830608e-57,1805.375,24,30,0.8,28980,6,64,28886
245,3,GO:0015078,,train,4.179711732537475e-53,2.3251230571194495e-54,1199.75,26,30,0.8666666666666667,28980,4,156,28794
245,4,GO:0015077,,train,3.98314391662193e-48,2.4666392007905675e-49,743.2011952191235,26,30,0.8666666666666667,28980,4,251,28699
245,5,GO:0005261,,train,1.5943905514096058e-45,1.0448052446035936e-46,605.4736842105264,24,30,0.8,28980,6,190,28760
245,6,GO:0016776,,train,3.578496639499522e-45,2.360715479436659e-46,583.8172588832488,24,30,0.8,28980,6,197,28753
245,7,GO:0022890,,train,5.189774166622649e-45,3.432788489976841e-46,553.5446428571429,26,30,0.8666666666666667,28980,4,336,28614
245,8,GO:0008324,,train,1.766234437744421e-44,1.1781105002618997e-45,526.5736543909348,26,30,0.8666666666666667,28980,4,353,28597
245,9,GO:0015318,,train,5.118707725035551e-40,3.7441524414605176e-41,346.5487804878049,26,30,0.8666666666666667,28980,4,533,28417
245,10,GO:0015075,,train,1.3488404120835199e-39,9.953214980925055e-41,333.16606498194943,26,30,0.8666666666666667,28980,4,554,28396
246,1,GO:0046982,,train,3.1769223603847714e-151,2.7360786652404217e-153,7469.741379310345,60,68,0.8823529411764706,28980,8,29,28883
246,2,GO:0046983,,train,3.2260965409072146e-113,5.585209759721605e-115,1298.1818181818182,64,68,0.9411764705882353,28980,4,352,28560
246,3,GO:0003677,,train,1.9448832407357023e-38,1.47331870420439e-39,31.49898970460887,49,68,0.7205882352941176,28980,19,2188,26724
246,4,GO:0003690,,train,8.525911530043236e-08,1.3756545890815871e-08,29.24604671405774,7,68,0.10294117647058823,28980,61,113,28799
246,5,GO:0000977,,train,2.3425168200017777e-05,4.4150784251373695e-06,121.26293706293708,3,68,0.04411764705882353,28980,65,11,28901
246,6,GO:0043565,,train,5.571124547731643e-05,1.0841310124082756e-05,10.384519609877568,7,68,0.10294117647058823,28980,61,316,28596
246,7,GO:0000976,,train,0.0007027288399349,0.000152744763521,32.500187617260785,3,68,0.04411764705882353,28980,65,41,28871
246,8,GO:0001067,,train,0.0007027288399349,0.000152744763521,32.500187617260785,3,68,0.04411764705882353,28980,65,41,28871
246,9,GO:1990837,,train,0.0024913586513139,0.0005794698924361,20.172027972027973,3,68,0.04411764705882353,28980,65,66,28846
246,10,GO:0042393,,train,0.0054307737099386,0.0013294951487816,41.68975468975469,2,68,0.029411764705882353,28980,66,21,28891
247,1,GO:0016788,,train,1.3298059227048571e-27,1.2520128410737355e-28,210.7230769230769,24,26,0.9230769230769231,28980,2,1560,27394
248,1,GO:0003723,,train,3.090196691243236e-86,9.17001859633066e-88,69.23243006993007,87,109,0.7981651376146789,28980,22,1560,27311
248,2,GO:0003729,,train,1.3024273521523054e-31,1.1377210546088335e-32,86.66037219485496,22,109,0.2018348623853211,28980,87,84,28787
248,3,GO:0017069,,train,1.2896137944184983e-08,1.9995681559179522e-09,138.75480769230768,5,109,0.045871559633027525,28980,104,10,28861
248,4,GO:0045182,,train,5.996441309856318e-07,1.0154796031367543e-07,12.90195,9,109,0.08256880733944955,28980,100,200,28671
248,5,GO:0090079,,train,0.0005521747691412,0.0001187910919112,8.522389538339608,6,109,0.05504587155963303,28980,103,196,28675
248,6,GO:0031369,,train,0.0081665484026087,0.0020619117286839,33.70911214953271,2,109,0.01834862385321101,28980,107,16,28855
248,7,GO:0003727,,train,0.0099345265288751,0.0025480121733392,29.96157840083074,2,109,0.01834862385321101,28980,107,18,28853
248,8,GO:0008135,,train,0.0226920265033007,0.0062717658276545,5.750576441102757,4,109,0.03669724770642202,28980,105,190,28681
248,9,GO:0003743,,train,0.0307641531007801,0.0087668418831294,7.468063008481911,3,109,0.027522935779816515,28980,106,109,28762
248,10,GO:0016896,,train,0.0389934396238057,0.0114477620151091,13.14337816275359,2,109,0.01834862385321101,28980,107,41,28830
249,1,GO:0005509,,train,5.687333952659549e-135,6.597487316557345e-137,4164.512544802868,82,83,0.9879518072289156,28980,1,558,28339
249,2,GO:0044877,,train,0.0072178596633893,0.0018046234943617,6.151910170366547,5,83,0.060240963855421686,28980,78,298,28599
250,1,GO:0004930,,train,8.487411966569984e-187,4.37585173306476e-189,19482.35087719298,77,79,0.9746835443037974,28980,2,57,28844
250,2,GO:0004888,,train,1.5083497138919018e-141,1.5155518993025821e-143,6098.104109589041,78,79,0.9873417721518988,28980,1,365,28536
250,3,GO:0038023,,train,3.2646465355618918e-127,4.437402210213897e-129,3808.686206896552,78,79,0.9873417721518988,28980,1,580,28321
250,4,GO:0060089,,train,3.394432936054669e-126,4.693360124843436e-128,3685.4023372287143,78,79,0.9873417721518988,28980,1,599,28302
250,5,GO:0003796,,train,4.502831368975956e-58,2.272718296495173e-59,276.46388972130654,32,79,0.4050632911392405,28980,47,71,28830
250,6,GO:0061783,,train,1.1701471858874877e-52,6.58822653213742e-54,173.454340048955,32,79,0.4050632911392405,28980,47,113,28788
250,7,GO:0004553,,train,1.6875043917244723e-25,1.6535437180532444e-26,20.01029151844643,32,79,0.4050632911392405,28980,47,951,27950
250,8,GO:0016798,,train,6.589768145619926e-23,6.808481193309746e-24,16.22402573663815,32,79,0.4050632911392405,28980,47,1164,27737
250,9,GO:0005506,,train,1.749808222388312e-19,1.9488446147934392e-20,20.197017609126984,23,79,0.2911392405063291,28980,56,576,28325
250,10,GO:0009055,,train,2.844260368568041e-15,3.516061386576773e-16,15.669103799711976,20,79,0.25316455696202533,28980,59,612,28289
251,1,GO:0004930,,train,3.198339163755966e-204,1.1898792330814299e-206,16152.08,84,87,0.9655172413793104,28980,3,50,28843
251,2,GO:0004888,,train,4.080898642856298e-153,3.4309339148131287e-155,3387.534916201117,85,87,0.9770114942528736,28980,2,358,28535
251,3,GO:0038023,,train,2.398123129421579e-137,2.6062737821583787e-139,2100.523560209424,85,87,0.9770114942528736,28980,2,573,28320
251,4,GO:0060089,,train,3.072382013189972e-136,3.456058508553621e-138,2031.744087837838,85,87,0.9770114942528736,28980,2,592,28301
251,5,GO:0003796,,train,3.5581002645162654e-61,1.693737859167159e-62,267.9835931091058,34,87,0.39080459770114945,28980,53,69,28824
251,6,GO:0061783,,train,2.3391307845917937e-55,1.2395604737752458e-56,166.3416624171341,34,87,0.39080459770114945,28980,53,111,28782
251,7,GO:0004553,,train,1.9349935907259374e-26,1.865443333356493e-27,18.889715092351437,34,87,0.39080459770114945,28980,53,949,27944
251,8,GO:0016798,,train,1.0770350421577573e-23,1.1001614646876114e-24,15.309550871951418,34,87,0.39080459770114945,28980,53,1162,27731
251,9,GO:0005506,,train,1.3070698160324456e-23,1.3370500622741601e-24,22.280506993006995,27,87,0.3103448275862069,28980,60,572,28321
251,10,GO:0009055,,train,6.260705650027021e-18,7.213098784766171e-19,16.69057881773399,23,87,0.26436781609195403,28980,64,609,28284
252,1,GO:0016877,,train,1.5010243613828433e-36,1.1894047214285352e-37,886.3448275862069,16,34,0.47058823529411764,28980,18,29,28917
252,2,GO:0016874,,train,3.035422913543645e-30,2.723584493125988e-31,102.98453282828282,23,34,0.6764705882352942,28980,11,576,28370
252,3,GO:0005524,,train,5.486167170543251e-15,6.841437046314151e-16,19.60814814814815,22,34,0.6470588235294118,28980,12,2475,26471
252,4,GO:0032559,,train,7.379666232697812e-15,9.241606803404853e-16,19.30074339572548,22,34,0.6470588235294118,28980,12,2511,26435
252,5,GO:0030554,,train,7.624704868884975e-15,9.55293749427924e-16,19.267130550033134,22,34,0.6470588235294118,28980,12,2515,26431
252,6,GO:0035639,,train,1.394995262450585e-13,1.804983369992237e-14,16.47849091327352,22,34,0.6470588235294118,28980,12,2898,26048
252,7,GO:0032555,,train,2.1627941455127199e-13,2.8130198922214823e-14,16.088877631430822,22,34,0.6470588235294118,28980,12,2961,25985
252,8,GO:0017076,,train,2.2539475080411162e-13,2.9328982718805507e-14,16.052634535445456,22,34,0.6470588235294118,28980,12,2967,25979
252,9,GO:0032553,,train,6.975010152991275e-13,9.229317415432401e-14,15.083359897991713,22,34,0.6470588235294118,28980,12,3137,25809
252,10,GO:0097367,,train,2.075392997436894e-12,2.790536326635423e-13,14.19435215946844,22,34,0.6470588235294118,28980,12,3311,25635
253,1,GO:0003735,,train,2.9283882059368138e-18,3.3592782653568163e-19,409.1502242152466,13,14,0.9285714285714286,28980,1,892,28074
253,2,GO:0005198,,train,7.694049376574407e-16,9.362592234317628e-17,259.670528602462,13,14,0.9285714285714286,28980,1,1381,27585
253,3,GO:0003729,,train,8.48262013710712e-05,1.6812668906953388e-05,76.42453662842013,3,14,0.21428571428571427,28980,11,103,28863
253,4,GO:0003723,,train,0.0236660944510975,0.0065701021505419,6.651978088861839,4,14,0.2857142857142857,28980,10,1643,27323
254,1,GO:0016866,,train,1.4645753981629468e-33,1.2304544165952872e-34,94.31376460530066,23,81,0.2839506172839506,28980,58,121,28778
254,2,GO:0016853,,train,1.295154384042061e-30,1.152614177789431e-31,25.199425080848005,35,81,0.43209876543209874,28980,46,847,28052
254,3,GO:0016829,,train,1.884534328466737e-14,2.3865137246863244e-15,10.19824080622348,25,81,0.30864197530864196,28980,56,1212,27687
254,4,GO:0048029,,train,2.6918199368214725e-08,4.2352183497870734e-09,34.9527027027027,7,81,0.08641975308641975,28980,74,78,28821
254,5,GO:0016831,,train,5.595209723633648e-05,1.0889818497179588e-05,10.299660877607646,7,81,0.08641975308641975,28980,74,263,28636
254,6,GO:0016838,,train,0.0001071031224448,2.1419369509075508e-05,27.748917748917748,4,81,0.04938271604938271,28980,77,54,28845
254,7,GO:0030246,,train,0.0002303055619847,4.75358991634965e-05,8.114682249817385,7,81,0.08641975308641975,28980,74,333,28566
254,8,GO:0016830,,train,0.0013281758969862,0.000298846385586,5.966800503385869,7,81,0.08641975308641975,28980,74,451,28448
254,9,GO:0016765,,train,0.0016461085361897,0.0003747709389596,6.883614457831325,6,81,0.07407407407407407,28980,75,332,28567
254,10,GO:0004659,,train,0.002264717052548,0.0005240355039422,20.933236574746008,3,81,0.037037037037037035,28980,78,53,28846
255,1,GO:0008237,,train,1.1213362100562232e-46,7.18388344433594e-48,919.6153846153846,25,28,0.8928571428571429,28980,3,260,28692
255,2,GO:0070011,,train,2.3397641283109167e-35,1.9047381177537682e-36,621.7170124481328,27,28,0.9642857142857143,28980,1,1205,27747
255,3,GO:0008233,,train,9.972251336790022e-35,8.22914492068357e-36,587.064414768264,27,28,0.9642857142857143,28980,1,1273,27679
255,4,GO:0004222,,train,2.8194195507135102e-27,2.666047487975865e-28,268.25062034739454,15,28,0.5357142857142857,28980,13,124,28828
255,5,GO:0140096,,train,5.2244853056657476e-27,4.972420762840325e-28,287.0634793089594,27,28,0.9642857142857143,28980,1,2489,26463
255,6,GO:0004175,,train,2.2971746021793083e-19,2.5678935705879947e-20,57.40579710144928,17,28,0.6071428571428571,28980,11,759,28193
255,7,GO:0008238,,train,1.0129586895166918e-15,1.2382683338761915e-16,84.50588235294117,11,28,0.39285714285714285,28980,17,220,28732
255,8,GO:0008235,,train,5.338166432352995e-12,7.279246782846528e-13,139.53140096618358,7,28,0.25,28980,21,69,28883
255,9,GO:0004180,,train,1.1899100579122066e-09,1.7700334751378815e-10,100.95804195804196,6,28,0.21428571428571427,28980,22,78,28874
255,10,GO:0042277,,train,0.0002415933103025,5.000727452903133e-05,48.81295774647887,3,28,0.10714285714285714,28980,25,71,28881
256,1,GO:0032559,,train,4.976171404512959e-140,5.131125565774853e-142,148.06416215804313,147,158,0.930379746835443,28980,11,2386,26436
256,2,GO:0030554,,train,6.290706353872144e-140,6.505021949547022e-142,147.7939901103081,147,158,0.930379746835443,28980,11,2390,26432
256,3,GO:0005524,,train,9.470973955399446e-137,1.0404005135995523e-138,125.52819204604918,145,158,0.9177215189873418,28980,13,2352,26470
256,4,GO:0032555,,train,1.4582405200837785e-131,1.8411156931075033e-133,135.66405643738975,148,158,0.9367088607594937,28980,10,2835,25987
256,5,GO:0017076,,train,1.9645595143479401e-131,2.491883498001166e-133,135.3462865188314,148,158,0.9367088607594937,28980,10,2841,25981
256,6,GO:0035639,,train,8.100234057082863e-129,1.0749058288246e-130,114.24561403508773,146,158,0.9240506329113924,28980,12,2774,26048
256,7,GO:0032553,,train,7.655755892735054e-128,1.027136596324415e-129,126.86908003985388,148,158,0.9367088607594937,28980,10,3011,25811
256,8,GO:0097367,,train,2.2692085150624557e-124,3.230615866421635e-126,119.12954474097332,148,158,0.9367088607594937,28980,10,3185,25637
256,9,GO:0016874,,train,7.320294066498033e-40,5.37597832987977e-41,21.685109022065543,47,158,0.2974683544303797,28980,111,552,28270
256,10,GO:0016887,,train,1.0629832699266306e-23,1.0854965811185032e-24,18.026924336717983,29,158,0.18354430379746836,28980,129,355,28467
257,1,GO:0003677,,train,5.010108432059676e-70,1.9871947789813986e-71,91.45825242718446,74,84,0.8809523809523809,28980,10,2163,26733
257,2,GO:0043565,,train,3.0063272048669727e-31,2.64199596174266e-32,45.76813655761024,27,84,0.32142857142857145,28980,57,296,28600
257,3,GO:0140110,,train,0.001200292073907,0.0002683489793496,4.6826592797783935,9,84,0.10714285714285714,28980,75,722,28174
257,4,GO:0003712,,train,0.0077730097214138,0.0019550359278219,13.014453477868113,3,84,0.03571428571428571,28980,81,82,28814
257,5,GO:0003713,,train,0.0093494518529278,0.0023849496656207,30.61823966065748,2,84,0.023809523809523808,28980,82,23,28873
257,6,GO:0003700,,train,0.036463791009627,0.0106196505322,3.4401168451801363,6,84,0.07142857142857142,28980,78,632,28264
258,1,GO:0004553,,train,6.028614109368985e-180,3.4260513144610924e-182,278.4076503537736,135,151,0.8940397350993378,28980,16,848,27981
258,2,GO:0016798,,train,2.491614127483178e-177,1.4816699413512764e-179,304.3446862188584,139,151,0.9205298013245033,28980,12,1057,27772
258,3,GO:0015925,,train,5.790704676813881e-38,4.4494297587025234e-39,213.5935288169869,22,151,0.1456953642384106,28980,129,23,28806
258,4,GO:0015929,,train,3.827866429157384e-24,3.8730558181180544e-25,138.13618925831202,15,151,0.09933774834437085,28980,136,23,28806
258,5,GO:0015926,,train,6.472688794920577e-14,8.302986270895864e-15,37.62328319162852,12,151,0.07947019867549669,28980,139,66,28763
258,6,GO:0008422,,train,1.1406527279557782e-09,1.6960931678540966e-10,39.28091420774348,8,151,0.052980132450331126,28980,143,41,28788
258,7,GO:0030246,,train,2.1274197730348473e-08,3.3322534277813892e-09,8.93470959652501,14,151,0.09271523178807947,28980,137,326,28503
258,8,GO:0016758,,train,0.0043904879549022,0.0010600346171106,6.918531738375458,5,151,0.033112582781456956,28980,146,142,28687
258,9,GO:0030247,,train,0.0150085771620869,0.0040008803402463,10.055102516309413,3,151,0.019867549668874173,28980,148,58,28771
259,1,GO:0140097,,train,3.6934016975369427e-65,1.622902582624546e-66,78.43333333333334,52,92,0.5652173913043478,28980,40,471,28417
259,2,GO:0003677,,train,6.037882585362823e-50,3.5922721770723543e-51,29.611554464224813,65,92,0.7065217391304348,28980,27,2172,26716
259,3,GO:0004518,,train,3.648370346809466e-43,2.4955165245335275e-44,38.55272727272728,42,92,0.45652173913043476,28980,50,616,28272
259,4,GO:0004527,,train,3.2869400311529684e-31,2.890527572288488e-32,71.5273631840796,23,92,0.25,28980,69,134,28754
259,5,GO:0016788,,train,5.219147813425892e-30,4.6921418517749256e-31,16.27857142857143,44,92,0.4782608695652174,28980,48,1540,27348
259,6,GO:0003887,,train,3.1239659940028997e-27,2.9595178324414503e-28,101.5945945945946,18,92,0.1956521739130435,28980,74,69,28819
259,7,GO:0034061,,train,2.0732077462985718e-25,2.0357361120171115e-26,77.83243243243243,18,92,0.1956521739130435,28980,74,90,28798
259,8,GO:0003684,,train,4.4875866114828294e-20,4.937567833356624e-21,103.17721518987342,13,92,0.14130434782608695,28980,79,46,28842
259,9,GO:0004519,,train,5.103032256413397e-19,5.744779260449566e-20,20.32,22,92,0.2391304347826087,28980,70,440,28448
259,10,GO:0016779,,train,3.2496847773823116e-17,3.8087672596615496e-18,17.922430103006096,21,92,0.22826086956521738,28980,71,469,28419
260,1,GO:0004812,,train,8.219079062691268e-160,6.259954173769604e-162,5136.071428571428,75,78,0.9615384615384616,28980,3,140,28762
260,2,GO:0016875,,train,1.249352976527866e-159,9.588730112496732e-162,5099.468085106383,75,78,0.9615384615384616,28980,3,141,28761
260,3,GO:0140101,,train,7.499672131361997e-137,8.216531555583053e-139,2218.944099378882,75,78,0.9615384615384616,28980,3,322,28580
260,4,GO:0016874,,train,1.4599119664771866e-125,2.044227436435818e-127,2061.9541108986614,76,78,0.9743589743589743,28980,2,523,28379
260,5,GO:0140098,,train,4.465814207410995e-106,9.065850091501361e-108,782.31843575419,75,78,0.9615384615384616,28980,3,895,28007
260,6,GO:0005524,,train,1.597021812322352e-72,6.081753979608804e-74,202.1714816343376,74,78,0.9487179487179487,28980,4,2423,26479
260,7,GO:0032559,,train,4.611404540025008e-72,1.7723182343242844e-73,198.9408296055307,74,78,0.9487179487179487,28980,4,2459,26443
260,8,GO:0030554,,train,5.184400030050742e-72,1.9940584232523723e-73,198.58769792935445,74,78,0.9487179487179487,28980,4,2463,26439
260,9,GO:0035639,,train,1.7137429817086315e-67,7.163814145643193e-69,169.3731553056922,74,78,0.9487179487179487,28980,4,2846,26056
260,10,GO:0032555,,train,8.298447523173287e-67,3.5126861384964704e-68,165.3044001375043,74,78,0.9487179487179487,28980,4,2909,25993
261,1,GO:0016705,,train,5.4654970589017386e-48,3.3990245938566343e-49,2560.178571428572,25,26,0.9615384615384616,28980,1,280,28674
261,2,GO:0005506,,train,1.3554902317995704e-43,9.21210808733926e-45,inf,26,26,1.0,28980,0,573,28381
261,3,GO:0020037,,train,2.8926008246003645e-42,2.02432064035219e-43,inf,26,26,1.0,28980,0,647,28307
261,4,GO:0046906,,train,5.500262041537883e-41,3.957185333807025e-42,inf,26,26,1.0,28980,0,727,28227
261,5,GO:0004497,,train,1.5296227396310335e-36,1.2125140268452346e-37,418.04583333333335,21,26,0.8076923076923077,28980,5,288,28666
261,6,GO:0046914,,train,7.004949251362642e-31,6.199124612111941e-32,inf,26,26,1.0,28980,0,1813,27141
261,7,GO:0016709,,train,0.0081692093092196,0.0020630621746135,32.96917808219178,2,26,0.07692307692307693,28980,24,73,28881
262,1,GO:0003682,,train,6.964107496094061e-06,1.2613889232229834e-06,180.83125,3,23,0.13043478260869565,28980,20,24,28933
263,1,GO:0016857,,train,5.754016124436457e-38,4.4195536450983954e-39,1926.6666666666667,16,20,0.8,28980,4,60,28900
263,2,GO:0016854,,train,8.442009817239888e-32,7.347221831742599e-33,724.5534591194969,16,20,0.8,28980,4,159,28801
263,3,GO:0016853,,train,2.5996890355851597e-27,2.4567468813304403e-28,618.5898030127462,19,20,0.95,28980,1,863,28097
264,1,GO:0019199,,train,6.472489001664085e-79,2.151997837211453e-80,1785.6181818181817,34,45,0.7555555555555555,28980,11,50,28885
264,2,GO:0004713,,train,6.992791493481893e-79,2.329086893426169e-80,1294.6407766990292,37,45,0.8222222222222222,28980,8,103,28832
264,3,GO:0004672,,train,7.03012534949223e-77,2.446550345723634e-78,inf,45,45,1.0,28980,0,523,28412
264,4,GO:0016773,,train,5.839923440769603e-68,2.420684790312268e-69,inf,45,45,1.0,28980,0,842,28093
264,5,GO:0016301,,train,1.5217632085143366e-62,7.052258241408678e-64,inf,45,45,1.0,28980,0,1121,27814
264,6,GO:0004714,,train,6.761778709500556e-59,3.3554363693042564e-60,1068.773826458037,26,45,0.5777777777777777,28980,19,37,28898
264,7,GO:0004888,,train,3.6954442798879696e-54,2.0156771975133725e-55,244.71691176470588,35,45,0.7777777777777778,28980,10,408,28527
264,8,GO:0016772,,train,8.596679456481376e-54,4.726826417030068e-55,inf,45,45,1.0,28980,0,1774,27161
264,9,GO:0038023,,train,4.9281137992133966e-48,3.059048287937777e-49,159.0561797752809,35,45,0.7777777777777778,28980,10,623,28312
264,10,GO:0060089,,train,1.3504935193023212e-47,8.450227486978229e-49,154.24532710280374,35,45,0.7777777777777778,28980,10,642,28293
265,1,GO:0047661,,train,1.9753646939904297e-42,1.3783632718414637e-43,1516.932944606414,18,25,0.72,28980,7,49,28906
265,2,GO:0036361,,train,1.1396997323779269e-41,8.082763722901724e-43,1351.1688311688313,18,25,0.72,28980,7,55,28900
265,3,GO:0016855,,train,3.0728659432083773e-40,2.2359899824031428e-41,1092.3655462184877,18,25,0.72,28980,7,68,28887
265,4,GO:0016854,,train,5.501936913738767e-37,4.3161927102535134e-38,584.5950854700855,19,25,0.76,28980,6,156,28799
265,5,GO:0016853,,train,8.659926015071568e-35,7.133524315077849e-36,785.93006993007,24,25,0.96,28980,1,858,28097
265,6,GO:0016860,,train,0.0032470465330708,0.0007669372292864,18.938076416337285,3,25,0.12,28980,22,207,28748
266,1,GO:0003677,,train,1.3884291477926635e-39,1.025347828334448e-40,85.26605922551254,42,48,0.875,28980,6,2195,26737
266,2,GO:0003887,,train,1.8893634691023516e-35,1.5353119088642593e-36,278.10141987829616,19,48,0.3958333333333333,28980,29,68,28864
266,3,GO:0034061,,train,1.688216572988575e-33,1.4208179436377468e-34,212.32739248353352,19,48,0.3958333333333333,28980,29,89,28843
266,4,GO:0008408,,train,1.4406649195473782e-32,1.2361096608824068e-33,233.9837837837838,18,48,0.375,28980,30,74,28858
266,5,GO:0004527,,train,4.030120464595834e-28,3.7613040982518456e-29,124.2863309352518,18,48,0.375,28980,30,139,28793
266,6,GO:0030234,,train,2.352290855303963e-25,2.312531303395172e-26,49.838987099856666,22,48,0.4583333333333333,28980,26,483,28449
266,7,GO:0016779,,train,2.5625132094529607e-22,2.6813419996385085e-23,43.255319148936174,20,48,0.4166666666666667,28980,28,470,28462
266,8,GO:0140097,,train,9.288090034233074e-22,9.816746885641074e-23,40.37063334280034,20,48,0.4166666666666667,28980,28,503,28429
266,9,GO:0098772,,train,1.582097494626723e-20,1.71710203520872e-21,28.89980371997383,22,48,0.4583333333333333,28980,26,823,28109
266,10,GO:0004518,,train,6.705746372746783e-17,7.92620517738327e-18,26.52375,18,48,0.375,28980,30,640,28292
267,1,GO:0005126,,train,7.6320264270889e-17,9.036719928023356e-18,706.0550458715596,8,11,0.7272727272727273,28980,3,109,28860
267,2,GO:0005102,,train,4.197427653258518e-12,5.696658264506756e-13,169.38381588715666,8,11,0.7272727272727273,28980,3,449,28520
267,3,GO:0004842,,train,6.693000905380785e-09,1.027761981017842e-09,180.6766917293233,5,11,0.45454545454545453,28980,6,133,28836
267,4,GO:0019787,,train,9.488941318487416e-09,1.462937521141262e-09,167.983682983683,5,11,0.45454545454545453,28980,6,143,28826
267,5,GO:0061630,,train,0.0004301069905459,9.139631805431133e-05,178.59876543209876,2,11,0.18181818181818182,28980,9,36,28933
267,6,GO:0061659,,train,0.0004301069905459,9.139631805431133e-05,178.59876543209876,2,11,0.18181818181818182,28980,9,36,28933
267,7,GO:0140096,,train,0.0058927342688792,0.0014519081329801,8.780698260985,5,11,0.45454545454545453,28980,6,2511,26458
268,1,GO:0018024,,train,1.40335713579678e-59,6.848853116083533e-61,inf,21,21,1.0,28980,0,29,28930
268,2,GO:0016278,,train,3.9590563972145683e-59,1.9530277918122075e-60,inf,21,21,1.0,28980,0,31,28928
268,3,GO:0016279,,train,3.9590563972145683e-59,1.9530277918122075e-60,inf,21,21,1.0,28980,0,31,28928
268,4,GO:0042054,,train,1.704351373090889e-58,8.562447212264917e-60,inf,21,21,1.0,28980,0,34,28925
268,5,GO:0008276,,train,8.048072510929723e-54,4.4204634144749785e-55,inf,21,21,1.0,28980,0,64,28895
268,6,GO:0008170,,train,6.710717797014278e-49,4.086938600343523e-50,inf,21,21,1.0,28980,0,118,28841
268,7,GO:0008757,,train,4.4026760087652876e-42,3.0875608181691717e-43,inf,21,21,1.0,28980,0,263,28696
268,8,GO:0008168,,train,2.274799100982912e-35,1.85118548862833e-36,inf,21,21,1.0,28980,0,565,28394
268,9,GO:0016741,,train,9.231002475191382e-34,7.728331450946765e-35,inf,21,21,1.0,28980,0,677,28282
268,10,GO:0140096,,train,4.529293799966927e-22,4.760554868407105e-23,inf,21,21,1.0,28980,0,2495,26464
269,1,GO:0019001,,train,1.2082334939296238e-69,4.82769571350736e-71,inf,39,39,1.0,28980,0,436,28505
269,2,GO:0005525,,train,1.8519771519176977e-67,7.757938094273978e-69,2677.451851851852,38,39,0.9743589743589743,28980,1,405,28536
269,3,GO:0032550,,train,2.2127121438254868e-67,9.275539964889334e-69,2664.108108108108,38,39,0.9743589743589743,28980,1,407,28534
269,4,GO:0001883,,train,3.146378305978422e-67,1.3226273161317735e-68,2637.810218978102,38,39,0.9743589743589743,28980,1,411,28530
269,5,GO:0032549,,train,3.7420895911566136e-67,1.577428280655701e-68,2624.8523002421307,38,39,0.9743589743589743,28980,1,413,28528
269,6,GO:0001882,,train,8.847667296886998e-67,3.760718647737948e-68,2561.900709219858,38,39,0.9743589743589743,28980,1,423,28518
269,7,GO:0032561,,train,2.424514115790724e-66,1.0397775626205051e-67,2490.179310344828,38,39,0.9743589743589743,28980,1,435,28506
269,8,GO:0017076,,train,3.50001756784429e-38,2.6708690758515325e-39,inf,39,39,1.0,28980,0,2950,25991
269,9,GO:0003924,,train,5.048156804550633e-38,3.8759173286250134e-39,178.57743190661478,24,39,0.6153846153846154,28980,15,257,28684
269,10,GO:0035639,,train,4.713564780298267e-36,3.776430170816346e-37,343.59541984732823,38,39,0.9743589743589743,28980,1,2882,26059
270,1,GO:0016829,,train,2.2972227638159496e-69,9.226037464310476e-71,43.90201386596237,72,111,0.6486486486486487,28980,39,1165,27704
270,2,GO:0016830,,train,5.561433434584931e-44,3.7372728414734256e-45,39.9634121274409,41,111,0.36936936936936937,28980,70,417,28452
270,3,GO:0016833,,train,7.011759593336679e-35,5.759432258170327e-36,160.15,21,111,0.1891891891891892,28980,90,42,28827
270,4,GO:0016836,,train,4.6410839480483984e-26,4.506268367268826e-27,26.89065772936741,27,111,0.24324324324324326,28980,84,341,28528
270,5,GO:0016835,,train,1.925614341446338e-24,1.9325525774951388e-25,21.449987870946877,28,111,0.25225225225225223,28980,83,447,28422
270,6,GO:0046912,,train,1.7163653895078693e-12,2.3042747107579945e-13,63.59338235294118,9,111,0.08108108108108109,28980,102,40,28829
270,7,GO:0016832,,train,8.112124186169471e-11,1.1577546074645597e-11,29.36817393079514,10,111,0.09009009009009009,28980,101,97,28772
270,8,GO:0016645,,train,4.013512748899935e-06,7.16241019020371e-07,15.73030018761726,7,111,0.06306306306306306,28980,104,123,28746
270,9,GO:0016831,,train,5.665708523165103e-06,1.0217096308581417e-06,9.671399594320487,9,111,0.08108108108108109,28980,102,261,28608
270,10,GO:0042802,,train,0.0013532441755222,0.0003048040093034,4.141816258777213,10,111,0.09009009009009009,28980,101,674,28195
271,1,GO:0008135,,train,4.645471271594856e-111,8.573239889576584e-113,459.8827292110874,60,88,0.6818181818181818,28980,28,134,28758
271,2,GO:0090079,,train,8.108750096795065e-110,1.5154766270484376e-111,433.85311871227367,60,88,0.6818181818181818,28980,28,142,28750
271,3,GO:0045182,,train,8.73705574701212e-109,1.6764131336359198e-110,413.37008628954936,60,88,0.6818181818181818,28980,28,149,28743
271,4,GO:0003743,,train,7.139754959998364e-87,2.0935919134541292e-88,450.2342936480389,45,88,0.5113636363636364,28980,43,67,28825
271,5,GO:0003723,,train,1.3628375859806559e-78,4.583113773049163e-80,100.26423957721669,75,88,0.8522727272727273,28980,13,1572,27320
271,6,GO:0043021,,train,1.028355841789048e-16,1.223049687337357e-17,67.93008641005498,12,88,0.13636363636363635,28980,76,67,28825
271,7,GO:0003746,,train,1.151657312917989e-15,1.4101788581296522e-16,72.26817042606517,11,88,0.125,28980,77,57,28835
271,8,GO:0043022,,train,3.656446307236911e-15,4.537219602617557e-16,90.2157598499062,10,88,0.11363636363636363,28980,78,41,28851
271,9,GO:0044877,,train,9.375182507224163e-10,1.3888243823134018e-10,15.518719479110146,12,88,0.13636363636363635,28980,76,291,28601
271,10,GO:0000049,,train,1.4704963439784472e-09,2.1968923321586789e-10,27.31518987341772,9,88,0.10227272727272728,28980,79,120,28772
272,1,GO:0099094,,train,5.4615319490242426e-48,3.3949587825026933e-49,2348.692307692308,19,28,0.6785714285714286,28980,9,26,28926
272,2,GO:0005261,,train,9.456593571261247e-39,7.099993942977584e-40,447.03108808290153,21,28,0.75,28980,7,193,28759
272,3,GO:0015276,,train,2.845294416589365e-38,2.1612468647556093e-39,569.1121495327103,19,28,0.6785714285714286,28980,9,107,28845
272,4,GO:0022834,,train,3.332014247989916e-38,2.5407133279191936e-39,563.8230452674898,19,28,0.6785714285714286,28980,9,108,28844
272,5,GO:0022836,,train,9.448840099373296e-37,7.448466094681295e-38,397.3895027624309,20,28,0.7142857142857143,28980,8,181,28771
272,6,GO:0022890,,train,7.788333781736859e-34,6.518226444743885e-35,251.70967741935485,21,28,0.75,28980,7,341,28611
272,7,GO:0005216,,train,1.4764987165418712e-33,1.2409042440046367e-34,243.75,21,28,0.75,28980,7,352,28600
272,8,GO:0008324,,train,2.073333398662265e-33,1.748579797506711e-34,239.6145251396648,21,28,0.75,28980,7,358,28594
272,9,GO:0015267,,train,9.609001272763692e-32,8.374133282500509e-33,197.5912240184757,21,28,0.75,28980,7,433,28519
272,10,GO:0022803,,train,9.609001272763692e-32,8.374133282500509e-33,197.5912240184757,21,28,0.75,28980,7,433,28519
273,1,GO:0030170,,train,1.2861211868815021e-223,3.654502596230064e-226,1229.2808586762076,120,133,0.9022556390977443,28980,13,215,28632
273,2,GO:0070279,,train,1.2861211868815021e-223,3.654502596230064e-226,1229.2808586762076,120,133,0.9022556390977443,28980,13,215,28632
273,3,GO:0008483,,train,1.2389509254363496e-206,4.318925509767279e-209,979.6704545454544,105,133,0.7894736842105263,28980,28,110,28737
273,4,GO:0016769,,train,8.910734258552243e-206,3.1323435305570767e-208,953.5619469026548,105,133,0.7894736842105263,28980,28,113,28734
273,5,GO:0019842,,train,1.868578835868451e-199,7.718007319256278e-202,697.0822281167109,120,133,0.9022556390977443,28980,13,377,28470
273,6,GO:0016829,,train,2.9802633354808285e-07,4.954446620632657e-08,4.5075000926852775,22,133,0.16541353383458646,28980,111,1215,27632
273,7,GO:0016846,,train,7.438212684142881e-07,1.267919255032001e-07,30.238320209973757,6,133,0.045112781954887216,28980,127,45,28802
273,8,GO:0016830,,train,7.894237363106014e-06,1.437228965981307e-06,6.315309639402587,12,133,0.09022556390977443,28980,121,446,28401
273,9,GO:0016831,,train,2.440800360156201e-05,4.605324170186628e-06,7.949388209121245,9,133,0.06766917293233082,28980,124,261,28586
273,10,GO:0042802,,train,0.0163835575003457,0.0043971688730166,3.029247311827957,9,133,0.06766917293233082,28980,124,675,28172
274,1,GO:0016746,,train,1.1041841227187179e-29,9.985108201753762e-31,169.72307692307692,21,27,0.7777777777777778,28980,6,585,28368
274,2,GO:0016410,,train,1.272969668862606e-29,1.1533805506611712e-30,317.58677685950414,16,27,0.5925925925925926,28980,11,132,28821
274,3,GO:0016747,,train,2.466732731722694e-25,2.427206622098172e-26,123.88260869565218,18,27,0.6666666666666666,28980,9,460,28493
274,4,GO:0008080,,train,5.847718026128826e-07,9.899511519172302e-08,55.06875477463713,5,27,0.18518518518518517,28980,22,119,28834
274,5,GO:0016407,,train,4.052083598862895e-06,7.233616735937687e-07,36.32954545454545,5,27,0.18518518518518517,28980,22,180,28773
275,1,GO:0016891,,train,1.800439628372598e-139,1.8828747321938585e-141,64093.69565217391,51,52,0.9807692307692307,28980,1,23,28905
275,2,GO:0016893,,train,4.996975682399002e-120,7.611762471358003e-122,16714.090909090908,51,52,0.9807692307692307,28980,1,88,28840
275,3,GO:0004521,,train,5.619311416673157e-115,9.3334199644189e-117,12558.641025641024,51,52,0.9807692307692307,28980,1,117,28811
275,4,GO:0004540,,train,1.4017822947473328e-104,2.956566928019684e-106,7216.625615763547,51,52,0.9807692307692307,28980,1,203,28725
275,5,GO:0004519,,train,2.363859115078036e-90,6.516071790984658e-92,3538.605839416058,51,52,0.9807692307692307,28980,1,411,28517
275,6,GO:0004518,,train,3.348693936058296e-82,1.058452927031345e-83,2379.5238879736407,51,52,0.9807692307692307,28980,1,607,28321
275,7,GO:0140098,,train,2.113719434063049e-73,7.919404623038461e-75,1554.3623503808487,51,52,0.9807692307692307,28980,1,919,28009
275,8,GO:0016788,,train,2.0486341441782365e-62,9.52992653412731e-64,911.3796477495108,51,52,0.9807692307692307,28980,1,1533,27395
275,9,GO:0003723,,train,1.710325416764287e-10,2.4685160759286528e-11,9.654902836721018,19,52,0.36538461538461536,28980,33,1628,27300
275,10,GO:0003725,,train,2.620747575638431e-06,4.630087186535249e-07,77.68010752688173,4,52,0.07692307692307693,28980,48,31,28897
276,1,GO:0008483,,train,1.0866553323110062e-148,9.772481091469049e-151,1642.5571205007825,73,82,0.8902439024390244,28980,9,142,28756
276,2,GO:0016769,,train,3.6557531245806325e-148,3.3412279194690733e-150,1608.4053639846743,73,82,0.8902439024390244,28980,9,145,28753
276,3,GO:0030170,,train,1.5965462710695425e-144,1.5386932746927952e-146,1709.5193798449611,77,82,0.9390243902439024,28980,5,258,28640
276,4,GO:0070279,,train,1.5965462710695425e-144,1.5386932746927952e-146,1709.5193798449611,77,82,0.9390243902439024,28980,5,258,28640
276,5,GO:0019842,,train,4.67810863161395e-130,6.125654153356872e-132,1044.1933333333334,77,82,0.9390243902439024,28980,5,420,28478
276,6,GO:0016866,,train,7.403648556435879e-11,1.0544728383100812e-11,29.81343283582089,10,82,0.12195121951219512,28980,72,134,28764
276,7,GO:0016853,,train,3.589750700627491e-05,6.86991865928447e-06,5.522758620689655,12,82,0.14634146341463414,28980,70,870,28028
276,8,GO:0016831,,train,6.048275542566561e-05,1.181235991513351e-05,10.161977186311788,7,82,0.08536585365853659,28980,75,263,28635
276,9,GO:0016830,,train,0.0014259841889132,0.0003223575588318,5.887036215816703,7,82,0.08536585365853659,28980,75,451,28447
277,1,GO:0016742,,train,1.1685338655040108e-93,3.012302784789318e-95,16321.290322580646,35,37,0.9459459459459459,28980,2,31,28912
277,2,GO:0016741,,train,1.138260149186909e-53,6.2786532528310914e-55,746.4555052790347,35,37,0.9459459459459459,28980,2,663,28280
277,3,GO:0016811,,train,5.736104987398952e-06,1.034908475184994e-06,21.35210918114144,6,37,0.16216216216216217,28980,31,260,28683
277,4,GO:0016810,,train,5.782002201666949e-06,1.0437050979780637e-06,12.58126492309401,8,37,0.21621621621621623,28980,29,621,28322
277,5,GO:0140101,,train,0.006463488795162,0.0016027604256685,8.805613385766058,4,37,0.10810810810810811,28980,33,393,28550
277,6,GO:0016814,,train,0.0268167403470634,0.0075398269868797,16.481714285714286,2,37,0.05405405405405406,28980,35,100,28843
278,1,GO:0030246,,train,7.492478593403849e-27,7.159523441334433e-28,inf,14,14,1.0,28980,0,326,28640
278,2,GO:0016853,,train,4.926530191514216e-21,5.290640560708649e-22,inf,14,14,1.0,28980,0,868,28098
278,3,GO:0016857,,train,3.860876033798739e-17,4.5364190677466496e-18,566.6274509803922,8,14,0.5714285714285714,28980,6,68,28898
278,4,GO:0016854,,train,3.439080283803478e-14,4.381334081571704e-15,229.9321357285429,8,14,0.5714285714285714,28980,6,167,28799
279,1,GO:0005506,,train,1.3866600738004301e-10,1.9969009938784638e-11,34.40092165898618,10,24,0.4166666666666667,28980,14,589,28367
279,2,GO:0046914,,train,3.437250843563267e-08,5.4352403707281015e-09,14.848932676518883,12,24,0.5,28980,12,1827,27129
279,3,GO:0005344,,train,5.715327326366162e-07,9.667018186260721e-08,56.1812865497076,5,24,0.20833333333333334,28980,19,135,28821
279,4,GO:0003714,,train,0.0011009703928237,0.0002452083632609,101.15384615384616,2,24,0.08333333333333333,28980,22,26,28930
279,5,GO:0016722,,train,0.0034454355993857,0.0008175301975869,53.63079777365492,2,24,0.08333333333333333,28980,22,49,28907
279,6,GO:0005215,,train,0.0070216765736936,0.0017522823543749,6.753416690898517,5,24,0.20833333333333334,28980,19,1086,27870
279,7,GO:0003712,,train,0.0088564759279151,0.0022501161708061,31.62431544359255,2,24,0.08333333333333333,28980,22,83,28873
279,8,GO:0008199,,train,0.0104270638239431,0.002685495068111,28.83616383616384,2,24,0.08333333333333333,28980,22,91,28865
280,1,GO:0003735,,train,2.2373395176084717e-105,4.6336791134229415e-107,264.7001209189843,78,88,0.8863636363636364,28980,10,827,28065
280,2,GO:0005198,,train,2.0689647210861437e-90,5.6910621117845415e-92,163.44437689969604,78,88,0.8863636363636364,28980,10,1316,27576
281,1,GO:0016301,,train,9.375225445710295e-39,7.036156543313639e-40,709.3905013192613,29,30,0.9666666666666667,28980,1,1137,27813
281,2,GO:0016772,,train,8.481898961685799e-36,6.825373186791718e-37,inf,30,30,1.0,28980,0,1789,27161
281,3,GO:0016774,,train,4.5040827066351885e-31,3.972754790895085e-32,702.7708333333334,14,30,0.4666666666666667,28980,16,36,28914
281,4,GO:0005524,,train,3.4463228959851787e-29,3.156883058190718e-30,311.1742301458671,29,30,0.9666666666666667,28980,1,2468,26482
281,5,GO:0032559,,train,5.208276793574781e-29,4.786116032880479e-30,306.2835463258786,29,30,0.9666666666666667,28980,1,2504,26446
281,6,GO:0030554,,train,5.449260714595611e-29,5.0107594056641255e-30,305.7488038277512,29,30,0.9666666666666667,28980,1,2508,26442
281,7,GO:0035639,,train,3.141520662977697e-27,2.97706867760285e-28,261.4012452438603,29,30,0.9666666666666667,28980,1,2891,26059
281,8,GO:0032555,,train,5.8037612849128256e-27,5.532249237222467e-28,255.2078537576168,29,30,0.9666666666666667,28980,1,2954,25996
281,9,GO:0017076,,train,6.148550710059124e-27,5.864510974002549e-28,254.63175675675677,29,30,0.9666666666666667,28980,1,2960,25990
281,10,GO:0032553,,train,3.0177714884950004e-26,2.9199107204789484e-27,239.22683706070288,29,30,0.9666666666666667,28980,1,3130,25820
282,1,GO:0003677,,train,5.218868303863116e-13,6.865845725356432e-14,8.058246567074091,28,70,0.4,28980,42,2209,26701
282,2,GO:0003727,,train,7.573642856258105e-05,1.49384506417346e-05,76.1009657594381,3,70,0.04285714285714286,28980,67,17,28893
282,3,GO:0008270,,train,0.0001548532240411,3.138162708840533e-05,5.666666666666667,10,70,0.14285714285714285,28980,60,826,28084
282,4,GO:0003723,,train,0.0023258967361871,0.000538668881164,3.451439417905726,12,70,0.17142857142857143,28980,58,1635,27275
282,5,GO:0003725,,train,0.0123939807984566,0.0032501659814214,25.73707664884136,2,70,0.02857142857142857,28980,68,33,28877
282,6,GO:0003684,,train,0.0314966852071466,0.0090041934246285,14.888028895768834,2,70,0.02857142857142857,28980,68,57,28853
282,7,GO:0046914,,train,0.0425053102346336,0.0125871102077485,2.467741935483871,10,70,0.14285714285714285,28980,60,1829,27081
283,1,GO:0016772,,train,7.831824051576283e-12,1.0748482784554848e-12,30.08753462603878,14,21,0.6666666666666666,28980,7,1805,27154
283,2,GO:0016776,,train,9.76943363320407e-10,1.4480866562384684e-10,67.16121495327103,7,21,0.3333333333333333,28980,14,214,28745
283,3,GO:0003954,,train,0.0006105375295428,0.0001319549431106,35.58518518518518,3,21,0.14285714285714285,28980,18,135,28824
283,4,GO:0016651,,train,0.0059332933212235,0.0014631331868411,15.302884615384617,3,21,0.14285714285714285,28980,18,312,28647
283,5,GO:0016301,,train,0.0315473435307543,0.0090223720564418,5.628632175761871,4,21,0.19047619047619047,28980,17,1162,27797
283,6,GO:0042802,,train,0.0428126774466832,0.0126844016666887,6.920704845814978,3,21,0.14285714285714285,28980,18,681,28278
284,1,GO:0008289,,train,5.765256683647603e-05,1.1234287564702186e-05,20.283954114148138,5,28,0.17857142857142858,28980,23,307,28645
284,2,GO:0019904,,train,0.0044331881579123,0.0010715626900648,46.32051282051282,2,28,0.07142857142857142,28980,26,48,28904
284,3,GO:0005543,,train,0.0201695098905421,0.0055160835556171,19.63172226004085,2,28,0.07142857142857142,28980,26,113,28839
285,1,GO:0016788,,train,4.1793514399066365e-08,6.640537308507951e-09,31.304,9,14,0.6428571428571429,28980,5,1575,27391
285,2,GO:0016791,,train,0.043219507889364,0.0128226609222684,13.24351851851852,2,14,0.14285714285714285,28980,12,360,28606
286,1,GO:0016798,,train,4.3451028644053234e-13,5.693425055653692e-14,5.85496849373083,33,167,0.19760479041916168,28980,134,1163,27650
286,2,GO:0004553,,train,5.419151632682026e-13,7.14044703512428e-14,6.401605379860754,30,167,0.17964071856287425,28980,137,953,27860
286,3,GO:0008238,,train,3.3421855205390866e-12,4.5271306344941664e-13,14.094193747112277,16,167,0.09580838323353294,28980,151,215,28598
286,4,GO:0015929,,train,2.9758264896178554e-10,4.3359876261414915e-11,48.27337526205451,8,167,0.04790419161676647,28980,159,30,28783
286,5,GO:0004177,,train,3.290530018433673e-10,4.8051358179956826e-11,20.246346153846154,11,167,0.0658682634730539,28980,156,100,28713
286,6,GO:0070011,,train,1.056952911491305e-06,1.8149977933509187e-07,3.835270689575325,24,167,0.1437125748502994,28980,143,1208,27605
286,7,GO:0008233,,train,2.7044574688678238e-06,4.781146798083404e-07,3.621939189337308,24,167,0.1437125748502994,28980,143,1276,27537
286,8,GO:0016861,,train,1.4549901233861632e-05,2.699682878263456e-06,10.158915758703165,8,167,0.04790419161676647,28980,159,142,28671
286,9,GO:0030145,,train,7.72884388211157e-05,1.5264336483345403e-05,9.652932692307692,7,167,0.041916167664670656,28980,160,130,28683
286,10,GO:0008658,,train,9.06488880763751e-05,1.8025153126005044e-05,17.40619704671992,5,167,0.029940119760479042,28980,162,51,28762
287,1,GO:0005198,,train,7.042367679841174e-55,3.775238847616764e-56,9.257587919530428,108,356,0.30337078651685395,28980,248,1286,27338
287,2,GO:0003735,,train,7.523306657838642e-46,4.888154837005626e-47,10.10936488368174,82,356,0.2303370786516854,28980,274,823,27801
287,3,GO:0003723,,train,9.439499266332e-10,1.3986286811702039e-10,2.966135383927351,53,356,0.14887640449438203,28980,303,1594,27030
287,4,GO:0019843,,train,5.506435028420596e-06,9.921809725463598e-07,4.477997078064078,17,356,0.047752808988764044,28980,339,317,28307
287,5,GO:0008137,,train,0.0001333476838141,2.685938055206816e-05,6.319441365550875,9,356,0.025280898876404494,28980,347,117,28507
287,6,GO:0050136,,train,0.000168893990901,3.440515606894746e-05,6.1096768047252725,9,356,0.025280898876404494,28980,347,121,28503
287,7,GO:0003954,,train,0.000264656612524,5.4967202237913845e-05,5.729173647878828,9,356,0.025280898876404494,28980,347,129,28495
287,8,GO:0048038,,train,0.0007383703729894,0.0001609460100598,8.161142857142858,6,356,0.016853932584269662,28980,350,60,28564
287,9,GO:0016655,,train,0.00115092781776,0.000256941761114,4.614121037463977,9,356,0.025280898876404494,28980,347,160,28464
287,10,GO:0004674,,train,0.0028770413108802,0.0006755825980026,4.008896128304723,9,356,0.025280898876404494,28980,347,184,28440
288,1,GO:0008236,,train,2.4795308135467627e-145,2.353364336611744e-147,3165.8794520547945,81,83,0.9759036144578314,28980,2,365,28532
288,2,GO:0016825,,train,2.4795308135467627e-145,2.353364336611744e-147,3165.8794520547945,81,83,0.9759036144578314,28980,2,365,28532
288,3,GO:0017171,,train,2.4795308135467627e-145,2.353364336611744e-147,3165.8794520547945,81,83,0.9759036144578314,28980,2,365,28532
288,4,GO:0070011,,train,5.795132625056564e-114,9.778235908347485e-116,inf,83,83,1.0,28980,0,1149,27748
288,5,GO:0008233,,train,5.527435122669687e-112,9.828494359376925e-114,inf,83,83,1.0,28980,0,1217,27680
288,6,GO:0004252,,train,1.592688323865902e-108,3.0839469844314414e-110,361.25,65,83,0.7831325301204819,28980,18,286,28611
288,7,GO:0140096,,train,7.974844050378345e-88,2.3010872043889826e-89,inf,83,83,1.0,28980,0,2433,26464
288,8,GO:0004175,,train,4.906844305177519e-87,1.4359602369488653e-88,154.12941176470588,66,83,0.7951807228915663,28980,17,710,28187
288,9,GO:0008238,,train,0.0164578450819567,0.0044199995228455,6.39491440361345,4,83,0.04819277108433735,28980,79,227,28670
288,10,GO:0070008,,train,0.0397091581972042,0.0116799852786749,12.948148148148148,2,83,0.024096385542168676,28980,81,55,28842
289,1,GO:0020037,,train,9.841676652435982e-108,1.9373719748182265e-109,344.2801666666667,73,83,0.8795180722891566,28980,10,600,28297
289,2,GO:0009055,,train,2.574076781310281e-107,5.104871491188622e-109,331.2116883116883,72,83,0.8674698795180723,28980,11,560,28337
289,3,GO:0046906,,train,5.004648759582304e-104,1.0702151901148554e-105,302.9177941176471,73,83,0.8795180722891566,28980,10,680,28217
289,4,GO:0005506,,train,4.3306061872001206e-14,5.527272800079364e-15,14.494154094827586,19,83,0.2289156626506024,28980,64,580,28317
289,5,GO:0046914,,train,4.579130334828364e-06,8.20399013616026e-07,4.416749656593407,19,83,0.2289156626506024,28980,64,1820,27077
289,6,GO:0004601,,train,0.0099391569259483,0.0025502263091185,7.491321936578363,4,83,0.04819277108433735,28980,79,194,28703
289,7,GO:0016684,,train,0.0138254330014671,0.0036587562391321,6.754665881660289,4,83,0.04819277108433735,28980,79,215,28682
290,1,GO:0016741,,train,1.9149305733810937e-13,2.4878334630884817e-14,7.165125591554423,28,192,0.14583333333333334,28980,164,670,28118
290,2,GO:0008168,,train,9.547758028134276e-12,1.3145403149729356e-12,7.1748856126080325,24,192,0.125,28980,168,562,28226
290,3,GO:0008175,,train,8.492557898695403e-11,1.2132936365801763e-11,29.78955007256894,10,192,0.052083333333333336,28980,182,53,28735
290,4,GO:0016684,,train,1.8249222197314156e-08,2.8530948491978094e-09,10.076639366491294,13,192,0.06770833333333333,28980,179,206,28582
290,5,GO:0051920,,train,6.449474494293642e-08,1.0336313957957793e-08,22.30745341614907,8,192,0.041666666666666664,28980,184,56,28732
290,6,GO:0016874,,train,1.298494827132271e-07,2.11718141834907e-08,5.341359378114411,19,192,0.09895833333333333,28980,173,580,28208
290,7,GO:0010181,,train,1.5532449769331873e-07,2.545743810510936e-08,10.67264345998712,11,192,0.057291666666666664,28980,181,163,28625
290,8,GO:0008173,,train,7.278892338631219e-07,1.2399085727843844e-07,10.49010989010989,10,192,0.052083333333333336,28980,182,150,28638
290,9,GO:0016646,,train,1.8789408461956933e-06,3.281404547588576e-07,13.710941232680364,8,192,0.041666666666666664,28980,184,91,28697
290,10,GO:0016209,,train,7.426530963613384e-06,1.3488148335941348e-06,5.75118656728031,13,192,0.06770833333333333,28980,179,359,28429
291,1,GO:0005525,,train,6.902263504102486e-114,1.16867572000212e-115,2409.287598944591,64,66,0.9696969696969697,28980,2,379,28535
291,2,GO:0032550,,train,9.369528168956955e-114,1.5946614717649449e-115,2396.472440944882,64,66,0.9696969696969697,28980,2,381,28533
291,3,GO:0001883,,train,1.7306851812330178e-113,2.955706303010954e-115,2371.2415584415585,64,66,0.9696969696969697,28980,2,385,28529
291,4,GO:0032549,,train,2.3349596147884315e-113,4.0150607665606507e-115,2358.8217054263564,64,66,0.9696969696969697,28980,2,387,28527
291,5,GO:0001882,,train,1.042658941927011e-112,1.817330375974959e-114,2298.5994962216623,64,66,0.9696969696969697,28980,2,397,28517
291,6,GO:0032561,,train,5.9662488704792035e-112,1.0626239309990202e-113,2230.2200488997555,64,66,0.9696969696969697,28980,2,409,28505
291,7,GO:0019001,,train,7.944405279175348e-112,1.4195996192685244e-113,2219.211678832117,64,66,0.9696969696969697,28980,2,411,28503
291,8,GO:0003924,,train,9.997381425319277e-112,1.7952353205380426e-113,1089.3359073359072,59,66,0.8939393939393939,28980,7,222,28692
291,9,GO:0008135,,train,1.772400493491508e-90,4.859732436675899e-92,525.4429223744293,48,66,0.7272727272727273,28980,18,146,28768
291,10,GO:0090079,,train,1.5787259093129108e-89,4.430440346608573e-91,498.008658008658,48,66,0.7272727272727273,28980,18,154,28760
293,1,GO:0016829,,train,8.631500554599978e-19,9.780192795264001e-20,29.92737458881579,21,37,0.5675675675675675,28980,16,1216,27727
293,2,GO:0016840,,train,3.3069711823636315e-11,4.642178839935121e-12,102.09040404040404,7,37,0.1891891891891892,28980,30,66,28877
293,3,GO:0016831,,train,2.7520668148606696e-07,4.57105745679468e-08,25.44486692015209,7,37,0.1891891891891892,28980,30,263,28680
293,4,GO:0016853,,train,6.306582700639661e-07,1.0707722803089749e-07,11.922782874617736,10,37,0.2702702702702703,28980,27,872,28071
293,5,GO:0016830,,train,8.799732623030032e-06,1.607497221115367e-06,14.740872135994088,7,37,0.1891891891891892,28980,30,451,28492
293,6,GO:0016835,,train,1.1115155912722782e-05,2.046097775303921e-06,14.19693732193732,7,37,0.1891891891891892,28980,30,468,28475
293,7,GO:0016836,,train,3.509457674742682e-05,6.711116882186551e-06,15.281233291748352,6,37,0.16216216216216217,28980,31,362,28581
293,8,GO:0016860,,train,3.592163050464552e-05,6.87558759461446e-06,21.903963414634145,5,37,0.13513513513513514,28980,32,205,28738
293,9,GO:0071949,,train,0.0001312109221996,2.6398236917920697e-05,26.659264399722414,4,37,0.10810810810810811,28980,33,131,28812
293,10,GO:0030145,,train,0.0001387368819346,2.7965213246392096e-05,26.25655046707678,4,37,0.10810810810810811,28980,33,133,28810
294,1,GO:0016799,,train,7.171440864900873e-06,1.3005943813047808e-06,14.355322338830584,7,94,0.07446808510638298,28980,87,161,28725
294,2,GO:0046789,,train,0.0002581696550182,5.354428208481317e-05,13.580870550467376,5,94,0.05319148936170213,28980,89,119,28767
294,3,GO:0046812,,train,0.000277439984807,5.778475823821963e-05,13.355464759959142,5,94,0.05319148936170213,28980,89,121,28765
294,4,GO:0005198,,train,0.000723875478456,0.0001575532356366,3.488079710144928,14,94,0.14893617021276595,28980,80,1380,27506
294,5,GO:0090729,,train,0.0064664424792246,0.0016036822810767,6.307777043401631,5,94,0.05319148936170213,28980,89,255,28631
294,6,GO:0016877,,train,0.0327398330791292,0.009412330369938,14.581900910010113,2,94,0.02127659574468085,28980,92,43,28843
295,1,GO:0005509,,train,0.0002001655244288,4.1039297696850445e-05,4.456335210822761,12,133,0.09022556390977443,28980,121,628,28219
295,2,GO:0019865,,train,0.0295001707347962,0.0083599804226621,15.713740458015268,2,133,0.015037593984962405,28980,131,28,28819
295,3,GO:0051082,,train,0.0368790828175031,0.0107589649289484,6.911298076923077,3,133,0.022556390977443608,28980,130,96,28751
295,4,GO:0042802,,train,0.0461617529380018,0.0138132321604619,2.667076923076923,8,133,0.06015037593984962,28980,125,676,28171
296,1,GO:0004672,,train,5.990626345273288e-130,7.879401321228305e-132,1147.357873210634,79,83,0.9518072289156626,28980,4,489,28408
296,2,GO:0016773,,train,7.202223793193107e-114,1.2215741208245625e-115,686.5813737623762,79,83,0.9518072289156626,28980,4,808,28089
296,3,GO:0016301,,train,1.0491978171244882e-112,1.831800975499297e-114,2103.9354243542434,82,83,0.9879518072289156,28980,1,1084,27813
296,4,GO:0016772,,train,1.4555943812188528e-96,3.560422146989314e-98,1282.1646516983303,82,83,0.9879518072289156,28980,1,1737,27160
296,5,GO:0005524,,train,3.672453619288023e-85,1.1059209422702894e-86,899.1817805383023,82,83,0.9879518072289156,28980,1,2415,26482
296,6,GO:0032559,,train,1.199948956600902e-84,3.641641383362728e-86,884.7702978376172,82,83,0.9879518072289156,28980,1,2451,26446
296,7,GO:0030554,,train,1.361812115959126e-84,4.152814871586402e-86,883.1951120162933,82,83,0.9879518072289156,28980,1,2455,26442
296,8,GO:0035639,,train,1.508454608341877e-79,4.957922695490481e-81,752.937984496124,82,83,0.9879518072289156,28980,1,2838,26059
296,9,GO:0032555,,train,8.722133053598334e-79,2.9178533401322014e-80,734.8059289900034,82,83,0.9879518072289156,28980,1,2901,25996
296,10,GO:0017076,,train,1.0278536315343306e-78,3.447556633877636e-80,733.1200550395597,82,83,0.9879518072289156,28980,1,2907,25990
297,1,GO:0008168,,train,9.57731389654104e-193,4.488883684701546e-195,3428.694915254237,114,116,0.9827586206896551,28980,2,472,28392
297,2,GO:0016741,,train,1.0342617522926036e-186,5.423231498385213e-189,5578.584905660377,115,116,0.9913793103448276,28980,1,583,28281
297,3,GO:0008757,,train,3.3795701879337076e-33,2.867046097857462e-34,39.29225416590368,30,116,0.25862068965517243,28980,86,254,28610
297,4,GO:0008276,,train,3.314008838537287e-13,4.3297534698058697e-14,40.75804375804376,11,116,0.09482758620689655,28980,105,74,28790
297,5,GO:0008170,,train,1.643705098760795e-09,2.459033289208595e-10,21.014333772122274,10,116,0.08620689655172414,28980,106,129,28735
297,6,GO:0042054,,train,0.0057298176059923,0.0014087459110962,14.71000680735194,3,116,0.02586206896551724,28980,113,52,28812
297,7,GO:0008171,,train,0.0257371451497338,0.0072121607201088,8.03977643223102,3,116,0.02586206896551724,28980,113,95,28769
298,1,GO:0008237,,train,1.8390086569011744e-111,3.34002802612628e-113,2391.0,57,60,0.95,28980,3,228,28692
298,2,GO:0008238,,train,1.498965803106275e-98,3.534778895335124e-100,904.7777777777778,51,60,0.85,28980,9,180,28740
298,3,GO:0008235,,train,3.669667415987335e-89,1.0395079799805939e-90,1449.7258687258686,39,60,0.65,28980,21,37,28883
298,4,GO:0004180,,train,7.295514427952577e-81,2.361526625915457e-82,988.2525439407956,37,60,0.6166666666666667,28980,23,47,28873
298,5,GO:0070011,,train,3.56517052885017e-76,1.2563787521477443e-77,685.3781942078365,58,60,0.9666666666666667,28980,2,1174,27746
298,6,GO:0008233,,train,8.394962017181288e-75,3.0321903410330513e-76,646.2657004830918,58,60,0.9666666666666667,28980,2,1242,27678
298,7,GO:0140096,,train,4.4274809075734905e-58,2.233389613276372e-59,312.2042310821806,58,60,0.9666666666666667,28980,2,2458,26462
298,8,GO:0008270,,train,7.260884070216876e-50,4.328411718338267e-51,82.65407220822838,42,60,0.7,28980,18,794,28126
298,9,GO:0046914,,train,3.458784727848592e-37,2.700196648714444e-38,38.20031442421067,43,60,0.7166666666666667,28980,17,1796,27124
298,10,GO:0004177,,train,3.693137347821428e-15,4.585994439293152e-16,64.69795918367348,11,60,0.18333333333333332,28980,49,100,28820
299,1,GO:0019887,,train,2.338821454402873e-08,3.66886044125945e-09,108.96681749622924,5,56,0.08928571428571429,28980,51,26,28898
299,2,GO:0019207,,train,4.3818498161100454e-08,6.968703357547948e-09,94.4248366013072,5,56,0.08928571428571429,28980,51,30,28894
299,3,GO:0019899,,train,7.83903859480306e-08,1.2632202979175566e-08,17.225612203934162,9,56,0.16071428571428573,28980,47,318,28606
299,4,GO:0031267,,train,2.0672965621154306e-07,3.4100673583712665e-08,38.02153846153846,6,56,0.10714285714285714,28980,50,91,28833
299,5,GO:0030234,,train,2.479485135874645e-07,4.103785047804945e-08,12.485287659200702,10,56,0.17857142857142858,28980,46,495,28429
299,6,GO:0019888,,train,3.129448260451615e-06,5.55264613573408e-07,74.08717948717948,4,56,0.07142857142857142,28980,52,30,28894
299,7,GO:0019208,,train,4.895134213651064e-06,8.787351689150692e-07,65.36199095022624,4,56,0.07142857142857142,28980,52,34,28890
299,8,GO:0017016,,train,5.681124067799574e-06,1.0246559711000375e-06,32.12566844919786,5,56,0.08928571428571429,28980,51,88,28836
299,9,GO:0051020,,train,6.427019903544562e-06,1.1627640075077252e-06,20.29694117647059,6,56,0.10714285714285714,28980,50,170,28754
299,10,GO:0098772,,train,2.362124111591467e-05,4.452725388315051e-06,7.312939338713877,10,56,0.17857142857142858,28980,46,835,28089
300,1,GO:0008236,,train,7.755812137675164e-106,1.588104603285274e-107,inf,58,58,1.0,28980,0,388,28534
300,2,GO:0016825,,train,7.755812137675164e-106,1.588104603285274e-107,inf,58,58,1.0,28980,0,388,28534
300,3,GO:0017171,,train,7.755812137675164e-106,1.588104603285274e-107,inf,58,58,1.0,28980,0,388,28534
300,4,GO:0004252,,train,6.0871056448865714e-102,1.3623191002997746e-103,1773.0067567567569,55,58,0.9482758620689655,28980,3,296,28626
300,5,GO:0004175,,train,4.504354201124546e-82,1.4290112194445564e-83,717.0850670365234,55,58,0.9482758620689655,28980,3,721,28201
300,6,GO:0070011,,train,2.3324899099817928e-79,7.700489581830507e-81,inf,58,58,1.0,28980,0,1174,27748
300,7,GO:0008233,,train,5.486141189060015e-78,1.867444726158637e-79,inf,58,58,1.0,28980,0,1242,27680
300,8,GO:0140096,,train,3.167739066601176e-61,1.502349224837362e-62,inf,58,58,1.0,28980,0,2458,26464
301,1,GO:0008134,,train,3.904498865588349e-05,7.498577661422274e-06,98.29931972789116,3,17,0.17647058823529413,28980,14,63,28900
301,2,GO:0000287,,train,0.024284536127585,0.006759576479606,8.993959304790165,3,17,0.17647058823529413,28980,14,674,28289
302,1,GO:0016772,,train,1.6938755272522043e-06,2.9504009974636336e-07,10.322006360619469,11,27,0.4074074074074074,28980,16,1808,27145
302,2,GO:0016301,,train,0.0003482956837422,7.333829495091773e-05,8.393356341673856,7,27,0.25925925925925924,28980,20,1159,27794
302,3,GO:0016773,,train,0.0006374998846048,0.0001379130166038,9.103940327549862,6,27,0.2222222222222222,28980,21,881,28072
302,4,GO:0015144,,train,0.0107582255825798,0.0027799252384198,28.166829268292684,2,27,0.07407407407407407,28980,25,82,28871
303,1,GO:0004659,,train,2.716786780532743e-05,5.147545741127159e-06,22.770398481973437,5,129,0.03875968992248062,28980,124,51,28800
303,2,GO:0017056,,train,0.001287525464744,0.0002892849493097,26.396520146520142,3,129,0.023255813953488372,28980,126,26,28825
303,3,GO:0032182,,train,0.0146764080871491,0.0039063140838338,23.89722337339412,2,129,0.015503875968992248,28980,127,19,28832
303,4,GO:0016765,,train,0.0154468738776735,0.0041281257985767,4.190273288275051,6,129,0.046511627906976744,28980,123,332,28519
303,5,GO:0003712,,train,0.0235180986609391,0.0065248824565062,8.353368176538908,3,129,0.023255813953488372,28980,126,82,28769
303,6,GO:0004721,,train,0.030495164832837,0.0086812552903158,5.213636363636364,4,129,0.031007751937984496,28980,125,176,28675
304,1,GO:0003712,,train,0.0020854175689543,0.0004797981541016,11.94148770619359,4,123,0.032520325203252036,28980,119,81,28776
304,2,GO:0060589,,train,0.0029842963671291,0.0007017297049812,10.743977591036414,4,123,0.032520325203252036,28980,119,90,28767
304,3,GO:0003968,,train,0.0112995187094193,0.0029323735608502,11.247265625,3,123,0.024390243902439025,28980,120,64,28793
304,4,GO:0042393,,train,0.0159220690696001,0.0042644484724303,22.696576151121604,2,123,0.016260162601626018,28980,121,21,28836
305,1,GO:0030246,,train,2.537049519377364e-136,2.831578249063408e-138,336.8168245765145,82,109,0.7522935779816514,28980,27,258,28613
305,2,GO:0030247,,train,6.218906781763323e-47,3.956840240791498e-48,258.0846815834768,26,109,0.23853211009174313,28980,83,35,28836
305,3,GO:0016798,,train,1.2784685942076882e-05,2.362041604027269e-06,4.340118744698898,17,109,0.1559633027522936,28980,92,1179,27692
305,4,GO:0004553,,train,2.243558166255157e-05,4.223307489338736e-06,4.5997999824160365,15,109,0.13761467889908258,28980,94,968,27903
305,5,GO:0048029,,train,8.917558914253272e-05,1.7719132353569423e-05,17.302283653846153,5,109,0.045871559633027525,28980,104,80,28791
306,1,GO:0005509,,train,8.75016363883912e-105,1.830159896338616e-106,1601.713043478261,65,67,0.9701492537313433,28980,2,575,28338
306,2,GO:0008092,,train,0.0412756294182231,0.0121858324263304,4.754738990959464,4,67,0.05970149253731343,28980,63,381,28532
307,1,GO:0016838,,train,7.797273462170036e-54,4.280426067934103e-55,4103.22972972973,21,25,0.84,28980,4,37,28918
307,2,GO:0016835,,train,2.90332234956124e-33,2.458770516618784e-34,329.58204845814976,21,25,0.84,28980,4,454,28501
307,3,GO:0016829,,train,2.947759389523746e-31,2.5896623631782863e-32,548.8936521022259,24,25,0.96,28980,1,1213,27742
308,1,GO:0016772,,train,4.107937863367131e-41,2.944641870011826e-42,44.01684997179921,46,62,0.7419354838709677,28980,16,1773,27145
308,2,GO:0000287,,train,3.729783669582315e-33,3.1685188041681213e-34,43.76470588235294,31,62,0.5,28980,31,646,28272
308,3,GO:0016774,,train,5.228813403462738e-19,5.887910104259532e-20,159.71292106586225,11,62,0.1774193548387097,28980,51,39,28879
308,4,GO:0016301,,train,7.129958425712758e-16,8.667817168089739e-17,14.33082082688382,23,62,0.3709677419354839,28980,39,1143,27775
308,5,GO:0005524,,train,0.0028380701861918,0.000665600079405,3.105198684387166,14,62,0.22580645161290322,28980,48,2483,26435
308,6,GO:0032559,,train,0.0032470667936517,0.0007670371334331,3.056652772264126,14,62,0.22580645161290322,28980,48,2519,26399
308,7,GO:0030554,,train,0.0032943790855894,0.0007790820036313,3.0513442991148105,14,62,0.22580645161290322,28980,48,2523,26395
308,8,GO:0035639,,train,0.0114683102430402,0.0029813612026946,2.610747877953659,14,62,0.22580645161290322,28980,48,2906,26012
308,9,GO:0032555,,train,0.0137069660895032,0.0036241929848509,2.5491607724261818,14,62,0.22580645161290322,28980,48,2969,25949
308,10,GO:0017076,,train,0.0139348222311755,0.0036909705777979,2.54343137254902,14,62,0.22580645161290322,28980,48,2975,25943
309,1,GO:0019239,,train,5.425921258650195e-16,6.580342153912708e-17,361.05,8,16,0.5,28980,8,80,28884
309,2,GO:0030145,,train,0.0099371260805284,0.0025491230362125,30.506878306878303,2,16,0.125,28980,14,135,28829
309,3,GO:0000287,,train,0.0206859762497336,0.0056639956647116,9.686144715818306,3,16,0.1875,28980,13,674,28290
311,1,GO:0038023,,train,8.442876073873629e-30,7.617558164903414e-31,37.26200317965024,29,64,0.453125,28980,35,629,28287
311,2,GO:0060089,,train,1.904018437317552e-29,1.7307230310209925e-30,36.14514991181658,29,64,0.453125,28980,35,648,28268
311,3,GO:0005102,,train,1.5744313978247964e-18,1.7950279756083157e-19,27.452156265854896,19,64,0.296875,28980,45,438,28478
311,4,GO:0050839,,train,1.2851873243279272e-14,1.6211197874904225e-15,115.2439024390244,9,64,0.140625,28980,55,41,28875
311,5,GO:0004888,,train,5.425576641936995e-12,7.40320942031887e-13,18.592913752913752,14,64,0.21875,28980,50,429,28487
311,6,GO:0044877,,train,8.047369403732177e-09,1.2385645735480231e-09,18.09063329541145,10,64,0.15625,28980,54,293,28623
311,7,GO:0004930,,train,0.0124877050754617,0.0032780363002376,10.806532348892503,3,64,0.046875,28980,61,131,28785
311,8,GO:0030546,,train,0.024676817072963,0.0068853936379873,8.218833396873809,3,64,0.046875,28980,61,172,28744
311,9,GO:0048018,,train,0.024676817072963,0.0068853936379873,8.218833396873809,3,64,0.046875,28980,61,172,28744
311,10,GO:0030545,,train,0.0261169541066148,0.007325477797429,8.030923994038748,3,64,0.046875,28980,61,176,28740
312,1,GO:0016811,,train,5.010875719005078e-34,4.171693116973499e-35,441.6769230769231,19,24,0.7916666666666666,28980,5,247,28709
312,2,GO:0016810,,train,7.620135025477375e-27,7.283739223755068e-28,176.5816393442623,19,24,0.7916666666666666,28980,5,610,28346
312,3,GO:0019213,,train,1.87045562699828e-05,3.4996045609274434e-06,125.2077922077922,3,24,0.125,28980,21,33,28923
313,1,GO:0004553,,train,2.41520487928682e-21,2.572482919145466e-22,6.55599151994183,50,277,0.18050541516245489,28980,227,933,27770
313,2,GO:0016798,,train,9.282766121183169e-18,1.0741109698764833e-18,5.296530356497605,50,277,0.18050541516245489,28980,227,1146,27557
313,3,GO:0003887,,train,3.8735095333135664e-14,4.9404635756063106e-15,22.76638040712468,15,277,0.05415162454873646,28980,262,72,28631
313,4,GO:0034061,,train,1.0316795113064299e-12,1.3744846991304581e-13,17.61265698103915,15,277,0.05415162454873646,28980,262,93,28610
313,5,GO:0030246,,train,2.145107402505456e-12,2.88615821534041e-13,8.108472639658213,23,277,0.08303249097472924,28980,254,317,28386
313,6,GO:0016779,,train,9.168619748594187e-11,1.3128339728484752e-11,6.024492234169654,25,277,0.09025270758122744,28980,252,465,28238
313,7,GO:0051539,,train,5.0207099673860445e-09,7.661153065622025e-10,8.238559965300368,16,277,0.05776173285198556,28980,261,212,28491
313,8,GO:0008422,,train,1.242474091450771e-07,2.0229284940924465e-08,20.7902801704597,8,277,0.02888086642599278,28980,269,41,28662
313,9,GO:0015926,,train,3.592628211610775e-07,5.995606796598e-08,13.936080467229072,9,277,0.032490974729241874,28980,268,69,28634
313,10,GO:0016168,,train,9.473209370595418e-07,1.6225588275246038e-07,20.644958847736625,7,277,0.02527075812274368,28980,270,36,28667
314,1,GO:0003723,,train,4.090488347876533e-06,7.304571862980151e-07,3.46628486411022,25,146,0.17123287671232876,28980,121,1622,27212
314,2,GO:0016866,,train,0.0004369156248019,9.28687281706984e-05,8.911801242236026,6,146,0.0410958904109589,28980,140,138,28696
314,3,GO:0042802,,train,0.0098289428344525,0.0025182041195805,3.072089369872578,10,146,0.0684931506849315,28980,136,674,28160
314,4,GO:0016888,,train,0.0168714337626728,0.0045454075142895,9.58075258075258,3,146,0.02054794520547945,28980,143,63,28771
314,5,GO:0016779,,train,0.0416935056275979,0.0123149549533664,2.956000417057658,7,146,0.04794520547945205,28980,139,483,28351
314,6,GO:0004520,,train,0.0450544995097036,0.0134462677155245,6.346485093853515,3,146,0.02054794520547945,28980,143,95,28739
315,1,GO:0008092,,train,1.264911440767274e-17,1.4677078292993442e-18,31.40534420289855,17,59,0.288135593220339,28980,42,368,28553
315,2,GO:0015631,,train,6.87950064780511e-07,1.1704642986335087e-07,30.485628636924705,6,59,0.1016949152542373,28980,53,107,28814
315,3,GO:0017056,,train,0.0001398389644231,2.8203900637218627e-05,59.5364010989011,3,59,0.05084745762711865,28980,56,26,28895
315,4,GO:0008017,,train,0.0050416473603606,0.0012267019062939,15.43982142857143,3,59,0.05084745762711865,28980,56,100,28821
315,5,GO:0042277,,train,0.0345939170995782,0.0100183221855004,14.05896686159844,2,59,0.03389830508474576,28980,57,72,28849
315,6,GO:0003779,,train,0.0406750202499794,0.0119819551698682,6.682686335403727,3,59,0.05084745762711865,28980,56,230,28691
315,7,GO:0003712,,train,0.0438860044098655,0.0130538268968501,12.191080109913338,2,59,0.03389830508474576,28980,57,83,28838
316,1,GO:0090729,,train,2.3366509072760444e-49,1.4114228464139218e-50,554.5622317596567,27,33,0.8181818181818182,28980,6,233,28714
316,2,GO:0030246,,train,0.0241890776261325,0.0067301713475995,8.489614243323443,3,33,0.09090909090909091,28980,30,337,28610
317,1,GO:0045296,,train,4.330735441923119e-17,5.092296354067258e-18,993.1764705882352,7,24,0.2916666666666667,28980,17,12,28944
317,2,GO:0050839,,train,7.729027906298557e-14,9.934960439651424e-15,276.8686730506156,7,24,0.2916666666666667,28980,17,43,28913
317,3,GO:0008047,,train,0.0176803371400667,0.0047871622048111,21.31042128603104,2,24,0.08333333333333333,28980,22,123,28833
317,4,GO:0004674,,train,0.0377961379846368,0.0110597188484206,13.69109947643979,2,24,0.08333333333333333,28980,22,191,28765
317,5,GO:0061629,,train,0.0392708851428685,0.0115345707495455,96.79933110367892,1,24,0.041666666666666664,28980,23,13,28943
317,6,GO:0140297,,train,0.0418035154529616,0.0123535713123436,89.88198757763975,1,24,0.041666666666666664,28980,23,14,28942
318,1,GO:0004842,,train,4.3144468084648636e-10,6.325630921395156e-11,24.4140625,10,102,0.09803921568627451,28980,92,128,28750
318,2,GO:0019787,,train,8.55512049592268e-10,1.2658380532825219e-10,22.637051039697543,10,102,0.09803921568627451,28980,92,138,28740
318,3,GO:0030695,,train,0.0004904442860451,0.0001048930407597,18.092935635792777,4,102,0.0392156862745098,28980,98,65,28813
318,4,GO:0003714,,train,0.0006022660885903,0.0001300790307049,34.973333333333336,3,102,0.029411764705882353,28980,99,25,28853
318,5,GO:0061630,,train,0.0014438209341179,0.0003265166128069,24.97229437229437,3,102,0.029411764705882353,28980,99,35,28843
318,6,GO:0061659,,train,0.0014438209341179,0.0003265166128069,24.97229437229437,3,102,0.029411764705882353,28980,99,35,28843
318,7,GO:0060589,,train,0.0015255277576763,0.0003459328696772,13.05578231292517,4,102,0.0392156862745098,28980,98,90,28788
318,8,GO:0030234,,train,0.0018400952513747,0.0004214695131528,4.859968320561668,8,102,0.0784313725490196,28980,94,497,28381
318,9,GO:0008047,,train,0.0042037921398012,0.001011607113316,9.700455388767075,4,102,0.0392156862745098,28980,98,121,28757
318,10,GO:0005096,,train,0.0051405489065474,0.001252271866504,15.322169059011165,3,102,0.029411764705882353,28980,99,57,28821
319,1,GO:0004672,,train,7.561494785346541e-23,7.82574950248391e-24,35.73489010989011,22,54,0.4074074074074074,28980,32,546,28380
319,2,GO:0005516,,train,1.984974888660096e-19,2.2165756438973206e-20,525.7272727272727,9,54,0.16666666666666666,28980,45,11,28915
319,3,GO:0016773,,train,1.0279919824013272e-18,1.1675088366786612e-19,22.302817919075142,22,54,0.4074074074074074,28980,32,865,28061
319,4,GO:0004674,,train,4.677365552487988e-18,5.380676252928004e-19,56.20921787709497,14,54,0.25925925925925924,28980,40,179,28747
319,5,GO:0016301,,train,3.1177248792579614e-16,3.7627871525156855e-17,16.69591346153846,22,54,0.4074074074074074,28980,32,1144,27782
319,6,GO:0016772,,train,2.576888585371587e-12,3.479180797954607e-13,10.379069282136896,22,54,0.4074074074074074,28980,32,1797,27129
319,7,GO:0140096,,train,1.8479411846033408e-10,2.673091826924245e-11,7.866658902992897,23,54,0.42592592592592593,28980,31,2493,26433
319,8,GO:0004713,,train,1.400583042788663e-09,2.0912123997696976e-10,37.93675889328063,8,54,0.14814814814814814,28980,46,132,28794
319,9,GO:0030674,,train,1.8542158231376758e-09,2.7793954849563483e-10,90.26875,6,54,0.1111111111111111,28980,48,40,28886
319,10,GO:0060090,,train,1.3964648829154092e-08,2.1685152017853304e-09,62.21551724137931,6,54,0.1111111111111111,28980,48,58,28868
320,1,GO:0016853,,train,5.8837481266039975e-37,4.619165415619039e-38,184.21639344262292,28,33,0.8484848484848485,28980,5,854,28093
320,2,GO:0016860,,train,8.237338851287703e-32,7.16668025553636e-33,204.32460732984293,19,33,0.5757575757575758,28980,14,191,28756
320,3,GO:0016861,,train,6.508261478519535e-30,5.856806181566047e-31,230.187030075188,17,33,0.5151515151515151,28980,16,133,28814
321,1,GO:0016616,,train,1.603057347630056e-95,4.0009516365843745e-97,109.46852248394003,72,112,0.6428571428571429,28980,40,467,28401
321,2,GO:0016614,,train,4.664556386406946e-92,1.235245913030401e-93,96.80037950664136,72,112,0.6428571428571429,28980,40,527,28341
321,3,GO:0050661,,train,1.216283011473331e-70,4.774348171703031e-72,97.67634660421544,51,112,0.45535714285714285,28980,61,245,28623
321,4,GO:0051287,,train,2.1102236090641678e-51,1.2196359318872785e-52,59.12689655172414,42,112,0.375,28980,70,290,28578
321,5,GO:0016628,,train,2.3807014649898418e-17,2.7770317349472865e-18,47.25944170771757,14,112,0.125,28980,98,87,28781
321,6,GO:0070403,,train,3.119643483602704e-17,3.6517840936451375e-18,108.30624786616592,11,112,0.09821428571428571,28980,101,29,28839
321,7,GO:0016627,,train,4.446851904754365e-12,6.044290019058574e-13,18.024543738200126,14,112,0.125,28980,98,227,28641
321,8,GO:0016646,,train,4.0849727569506256e-11,5.7654154562463345e-12,31.70191672174488,10,112,0.08928571428571429,28980,102,89,28779
321,9,GO:0016645,,train,6.067193158413849e-10,8.925636125480956e-11,23.486928104575163,10,112,0.08928571428571429,28980,102,120,28748
321,10,GO:0000287,,train,0.005227922708832,0.0012757007400934,3.688739026800768,9,112,0.08035714285714286,28980,103,668,28200
322,1,GO:0005507,,train,1.0838332751539524e-98,2.5463112947050706e-100,478.0114942528736,52,81,0.6419753086419753,28980,29,108,28791
322,2,GO:0009055,,train,1.3947527323553102e-43,9.483027482780196e-45,46.64963744232037,40,81,0.49382716049382713,28980,41,592,28307
322,3,GO:0046914,,train,1.8576253522727938e-42,1.2929425072502442e-43,28.73518237082067,53,81,0.654320987654321,28980,28,1786,27113
323,1,GO:0016705,,train,4.123518480423512e-228,1.0750597438488812e-230,8437.627604166666,113,115,0.9826086956521739,28980,2,192,28673
323,2,GO:0004497,,train,4.0736201862953836e-185,2.1837668632043097e-187,914.066985645933,100,115,0.8695652173913043,28980,15,209,28656
323,3,GO:0020037,,train,3.655052837897348e-177,2.184230538509708e-179,1397.5235765124555,111,115,0.9652173913043478,28980,4,562,28303
323,4,GO:0005506,,train,2.194655190221504e-171,1.4400877716542666e-173,771.3188516260162,107,115,0.9304347826086956,28980,8,492,28373
323,5,GO:0046906,,train,2.498978455501617e-171,1.6470989029143268e-173,1219.9193925233644,111,115,0.9652173913043478,28980,4,642,28223
323,6,GO:0046914,,train,8.53776552747939e-117,1.3930736147892377e-118,209.52879618937644,107,115,0.9304347826086956,28980,8,1732,27133
323,7,GO:0016709,,train,7.258305926218749e-14,9.321385353294958e-15,47.59780649038461,11,115,0.09565217391304348,28980,104,64,28801
323,8,GO:0071949,,train,0.0082646261446784,0.0020883693682513,7.904270682896637,4,115,0.034782608695652174,28980,111,131,28734
323,9,GO:0019825,,train,0.0176193853439848,0.0047685942289327,6.230109627699989,4,115,0.034782608695652174,28980,111,166,28699
323,10,GO:0051213,,train,0.0268637785173641,0.0075569869965798,5.43859649122807,4,115,0.034782608695652174,28980,111,190,28675
324,1,GO:0015267,,train,1.859992070552177e-19,2.0748307714979903e-20,74.94217627475031,15,28,0.5357142857142857,28980,13,439,28513
324,2,GO:0022803,,train,1.859992070552177e-19,2.0748307714979903e-20,74.94217627475031,15,28,0.5357142857142857,28980,13,439,28513
324,3,GO:0022857,,train,1.184362286647073e-16,1.4099798848562278e-17,42.33484162895928,16,28,0.5714285714285714,28980,12,884,28068
324,4,GO:0005215,,train,2.3586078731720845e-15,2.9067180251442597e-16,34.57612403100775,16,28,0.5714285714285714,28980,12,1075,27877
324,5,GO:0022829,,train,2.893324358466478e-06,5.122668196552536e-07,76.42592592592592,4,28,0.14285714285714285,28980,24,63,28889
324,6,GO:0042802,,train,0.0150570569878864,0.0040142448266325,6.929411764705883,4,28,0.14285714285714285,28980,24,680,28272
325,1,GO:0004308,,train,4.36423463182234e-44,2.923808361302309e-45,3725.318181818182,17,21,0.8095238095238095,28980,4,33,28926
325,2,GO:0016997,,train,4.36423463182234e-44,2.923808361302309e-45,3725.318181818182,17,21,0.8095238095238095,28980,4,33,28926
325,3,GO:0004553,,train,2.0308326101449768e-25,1.992937060663114e-26,275.8843360995851,19,21,0.9047619047619048,28980,2,964,27995
325,4,GO:0016798,,train,8.252528896456335e-24,8.417642328693485e-25,224.23874256584537,19,21,0.9047619047619048,28980,2,1177,27782
327,1,GO:0004553,,train,1.5889359716990028e-111,2.881188641303227e-113,815.4594395280236,79,82,0.9634146341463414,28980,3,904,27994
327,2,GO:0016798,,train,2.0654877969616548e-107,4.090194659009517e-109,995.7706093189964,80,82,0.975609756097561,28980,2,1116,27782
327,3,GO:0015929,,train,2.428368944598042e-28,2.2542992018722188e-29,281.0674886437378,15,82,0.18292682926829268,28980,67,23,28875
327,4,GO:0030246,,train,4.0750928634989784e-20,4.477743601073517e-21,28.808467741935484,20,82,0.24390243902439024,28980,62,320,28578
327,5,GO:0015925,,train,4.220916280721563e-12,5.729772986748608e-13,84.327246165084,8,82,0.0975609756097561,28980,74,37,28861
327,6,GO:0015926,,train,0.0057941391444486,0.001425578541589,14.59392405063291,3,82,0.036585365853658534,28980,79,75,28823
327,7,GO:0016758,,train,0.0297944314821494,0.0084538437278056,7.582805907172996,3,82,0.036585365853658534,28980,79,144,28754
328,1,GO:0004888,,train,3.486538427320392e-22,3.6584294597245353e-23,49.13906023222061,19,45,0.4222222222222222,28980,26,424,28511
328,2,GO:0038023,,train,5.632033517955115e-19,6.353505310263101e-20,32.35969664138678,19,45,0.4222222222222222,28980,26,639,28296
328,3,GO:0060089,,train,9.530770419310972e-19,1.0813098349002956e-19,31.404196866962824,19,45,0.4222222222222222,28980,26,658,28277
328,4,GO:0004857,,train,7.534460951157268e-11,1.0742075006380886e-11,31.268266085059977,10,45,0.2222222222222222,28980,35,262,28673
328,5,GO:0030234,,train,2.7719175514407812e-08,4.3644892166840095e-09,16.415584415584416,10,45,0.2222222222222222,28980,35,495,28440
328,6,GO:0030414,,train,2.421054434497559e-06,4.265231675035393e-07,24.57692307692308,6,45,0.13333333333333333,28980,39,180,28755
328,7,GO:0061134,,train,2.7327967082607776e-06,4.832047611407579e-07,24.039297658862875,6,45,0.13333333333333333,28980,39,184,28751
328,8,GO:0098772,,train,3.0075274509913325e-06,5.329271333464151e-07,9.615055603079556,10,45,0.2222222222222222,28980,35,835,28100
328,9,GO:0004866,,train,4.884777479060451e-05,9.462762828903174e-06,20.194522471910112,5,45,0.1111111111111111,28980,40,178,28757
328,10,GO:0061135,,train,5.134093361916982e-05,9.974311502543698e-06,19.96875,5,45,0.1111111111111111,28980,40,180,28755
329,1,GO:0008134,,train,3.184742769931804e-20,3.4863590037891885e-21,145.8080808080808,12,56,0.21428571428571427,28980,44,54,28870
329,2,GO:0003712,,train,5.342055914686414e-13,7.034168596102596e-14,72.68533034714446,9,56,0.16071428571428573,28980,47,76,28848
329,3,GO:0140110,,train,7.586532213201444e-07,1.2938685457204446e-07,9.575432098765432,11,56,0.19642857142857142,28980,45,720,28204
329,4,GO:0018024,,train,0.0005823737789915,0.0001255949779106,34.77759935768768,3,56,0.05357142857142857,28980,53,47,28877
329,5,GO:0016278,,train,0.0006522918838352,0.000141227680037,33.35579514824798,3,56,0.05357142857142857,28980,53,49,28875
329,6,GO:0016279,,train,0.0006522918838352,0.000141227680037,33.35579514824798,3,56,0.05357142857142857,28980,53,49,28875
329,7,GO:0042054,,train,0.0007650591561241,0.0001669651906472,31.428156748911466,3,56,0.05357142857142857,28980,53,52,28872
329,8,GO:0008276,,train,0.0025890942436318,0.0006033407946829,19.909341923607915,3,56,0.05357142857142857,28980,53,82,28842
329,9,GO:0003713,,train,0.0044258571348212,0.0010692788568236,46.53945249597424,2,56,0.03571428571428571,28980,54,23,28901
329,10,GO:0003714,,train,0.0054797680200796,0.0013422919466826,41.16524216524216,2,56,0.03571428571428571,28980,54,26,28898
330,1,GO:0016646,,train,7.266595555022526e-73,2.754481837360972e-74,1202.875,33,45,0.7333333333333333,28980,12,66,28869
330,2,GO:0016645,,train,2.587973164968506e-68,1.0666661520082867e-69,817.5721649484536,33,45,0.7333333333333333,28980,12,97,28838
330,3,GO:0050661,,train,2.050256588348156e-48,1.2624540377619074e-49,215.5563909774436,30,45,0.6666666666666666,28980,15,266,28669
330,4,GO:0016616,,train,5.0820107301803886e-08,8.109005608955847e-09,15.342155009451796,10,45,0.2222222222222222,28980,35,529,28406
330,5,GO:0016614,,train,1.3458968440128414e-07,2.1980182515662158e-08,13.75018190637885,10,45,0.2222222222222222,28980,35,589,28346
330,6,GO:0008168,,train,0.0082449790177248,0.0020831632547639,6.1002581755593805,5,45,0.1111111111111111,28980,40,581,28354
330,7,GO:0016741,,train,0.0164082945385339,0.0044052500057317,5.0941558441558445,5,45,0.1111111111111111,28980,40,693,28242
331,1,GO:0004553,,train,1.5137320142301016e-58,7.5959309264908e-60,inf,40,40,1.0,28980,0,943,27997
331,2,GO:0015925,,train,4.230376653495484e-56,2.2145130151438112e-57,1778.3796791443851,23,40,0.575,28980,17,22,28918
331,3,GO:0016798,,train,4.195663838476944e-55,2.2418170434958977e-56,inf,40,40,1.0,28980,0,1156,27784
331,4,GO:0015929,,train,0.0051877716410423,0.0012654472992635,42.25730994152047,2,40,0.05,28980,38,36,28904
332,1,GO:0003755,,train,7.349791699701209e-42,5.1887974913671145e-43,365.8927335640138,22,39,0.5641025641025641,28980,17,102,28839
332,2,GO:0016859,,train,1.8795792636319296e-41,1.3396069802315625e-42,348.7344694887301,22,39,0.5641025641025641,28980,17,107,28834
332,3,GO:0016853,,train,3.863487354092754e-35,3.158740722756211e-36,95.4926143024619,29,39,0.7435897435897436,28980,10,853,28088
332,4,GO:0140096,,train,5.168527357959134e-18,5.948719568040964e-19,21.24578313253012,26,39,0.6666666666666666,28980,13,2490,26451
332,5,GO:0031072,,train,1.0185504509466369e-10,1.4611247497687792e-11,386.7647058823529,5,39,0.1282051282051282,28980,34,11,28930
332,6,GO:0008144,,train,1.4640822269950136e-08,2.275659928065015e-09,62.46103896103896,6,39,0.15384615384615385,28980,33,84,28857
332,7,GO:0016667,,train,1.484597557858508e-05,2.757227792958649e-06,17.8387297633873,6,39,0.15384615384615385,28980,33,292,28649
332,8,GO:0016860,,train,0.0008240348163148,0.0001806566647713,15.941747572815531,4,39,0.10256410256410256,28980,35,206,28735
332,9,GO:0043022,,train,0.0085103570135638,0.0021581908388675,31.87203530060673,2,39,0.05128205128205128,28980,37,49,28892
332,10,GO:0015036,,train,0.0104039922991684,0.0026792482146055,11.79720853858785,3,39,0.07692307692307693,28980,36,203,28738
333,1,GO:0051020,,train,1.0246222358617496e-21,1.0835416912619491e-22,46.103940096273845,18,89,0.20224719101123595,28980,71,158,28733
333,2,GO:0019899,,train,2.8418712029887523e-18,3.2583659631771907e-19,25.18910018552876,19,89,0.21348314606741572,28980,70,308,28583
333,3,GO:0017048,,train,1.3468876789420132e-14,1.6997369777315502e-15,77.68381362779424,10,89,0.11235955056179775,28980,79,47,28844
333,4,GO:0008092,,train,2.199853964299961e-14,2.790979734418119e-15,18.300535929951693,17,89,0.19101123595505617,28980,72,368,28523
333,5,GO:0098772,,train,6.84363261031893e-13,9.05146944242024e-14,10.519114077669904,21,89,0.23595505617977527,28980,68,824,28067
333,6,GO:0017016,,train,2.16003352421994e-12,2.9081389920950415e-13,43.93472624675919,10,89,0.11235955056179775,28980,79,83,28808
333,7,GO:0005085,,train,2.2948050204192648e-12,3.094965085980109e-13,33.53146853146853,11,89,0.12359550561797752,28980,78,121,28770
333,8,GO:0031267,,train,3.309629467685472e-12,4.482062579930849e-13,41.9089189582424,10,89,0.11235955056179775,28980,79,87,28804
333,9,GO:0019888,,train,3.779883604962333e-07,6.3236122881155e-08,59.24055829228243,5,89,0.056179775280898875,28980,84,29,28862
333,10,GO:0019208,,train,6.645846356590031e-07,1.1297374229514003e-07,52.05266955266956,5,89,0.056179775280898875,28980,84,33,28858
334,1,GO:0016791,,train,5.3044611323453794e-64,2.380535622565873e-65,314.00872502110894,39,50,0.78,28980,11,323,28607
334,2,GO:0042578,,train,8.42646181149472e-59,4.203727470186457e-60,225.4054383116883,39,50,0.78,28980,11,448,28482
334,3,GO:0016788,,train,3.2299574010898557e-46,2.0891542729608347e-47,109.18021692778343,43,50,0.86,28980,7,1541,27389
334,4,GO:0000287,,train,5.8066360509493065e-15,7.246175579882253e-16,22.065656565656564,17,50,0.34,28980,33,660,28270
334,5,GO:0016779,,train,0.0061989378575502,0.0015335275568155,6.516609392898053,5,50,0.1,28980,45,485,28445
335,1,GO:0010181,,train,1.0238195930372857e-71,3.958877062451935e-73,inf,32,32,1.0,28980,0,142,28806
335,2,GO:0032553,,train,1.5390019980863928e-30,1.3723297542768784e-31,inf,32,32,1.0,28980,0,3127,25821
335,3,GO:0097367,,train,8.525447733647349e-30,7.694555604583732e-31,inf,32,32,1.0,28980,0,3301,25647
335,4,GO:0016628,,train,5.159736060688402e-07,8.694027542279545e-08,55.65586419753087,5,32,0.15625,28980,27,96,28852
335,5,GO:0016661,,train,7.349673299361429e-06,1.3339946615942646e-06,58.93469387755102,4,32,0.125,28980,28,70,28878
335,6,GO:0016627,,train,3.351525554651087e-05,6.396340917055345e-06,22.529817953546768,5,32,0.15625,28980,27,236,28712
335,7,GO:0016651,,train,0.0001159828229729,2.3263156952745936e-05,17.107526881720432,5,32,0.15625,28980,27,310,28638
335,8,GO:0016667,,train,0.0013907892938579,0.0003139939973566,13.923226433430514,4,32,0.125,28980,28,294,28654
335,9,GO:0016645,,train,0.001742553951794,0.0003977587634128,23.476242193863698,3,32,0.09375,28980,29,127,28821
335,10,GO:0051539,,train,0.007995540977083,0.0020142851569532,13.205977011494252,3,32,0.09375,28980,29,225,28723
336,1,GO:0004623,,train,6.395161475735244e-195,2.847539456635782e-197,484209.0,67,68,0.9852941176470589,28980,1,4,28908
336,2,GO:0004620,,train,4.800163644762819e-171,3.177891975617064e-173,47179.439024390245,67,68,0.9852941176470589,28980,1,41,28871
336,3,GO:0016298,,train,1.1390845694826098e-159,8.709056819139383e-162,25761.053333333333,67,68,0.9852941176470589,28980,1,75,28837
336,4,GO:0052689,,train,2.1397354010943723e-134,2.5009650087490248e-136,8580.785714285714,67,68,0.9852941176470589,28980,1,224,28688
336,5,GO:0102567,,train,1.3398607357159085e-116,2.197972909162811e-118,24862.6,43,68,0.6323529411764706,28980,25,2,28910
336,6,GO:0102568,,train,1.3398607357159085e-116,2.197972909162811e-118,24862.6,43,68,0.6323529411764706,28980,25,2,28910
336,7,GO:0005509,,train,1.8812881009825572e-103,4.067113743226198e-105,1067.7710144927537,65,68,0.9558823529411765,28980,3,575,28337
336,8,GO:0016788,,train,1.4248957897681164e-82,4.474582671680057e-84,1209.9307844429795,67,68,0.9852941176470589,28980,1,1517,27395
336,9,GO:0090729,,train,5.557936344049076e-66,2.394974474059287e-67,198.95366142398103,41,68,0.6029411764705882,28980,27,219,28693
339,1,GO:0016830,,train,8.774021019095728e-54,4.8269067211125115e-55,714.0907668231612,32,35,0.9142857142857143,28980,3,426,28519
339,2,GO:0016829,,train,1.1528812468227502e-47,7.203608106959972e-49,inf,35,35,1.0,28980,0,1202,27743
339,3,GO:0016831,,train,4.602563266053327e-45,3.038983390949468e-46,339.8114754098361,26,35,0.7428571428571429,28980,9,244,28701
339,4,GO:0000287,,train,1.8024900211052074e-32,1.551312558809239e-33,108.48542944785277,25,35,0.7142857142857143,28980,10,652,28293
339,5,GO:0004497,,train,1.785337285460469e-16,2.1395596668772242e-17,57.192414004914006,13,35,0.37142857142857144,28980,22,296,28649
339,6,GO:0016832,,train,2.089069323103592e-08,3.270959818375574e-09,59.08637760327757,6,35,0.17142857142857143,28980,29,101,28844
339,7,GO:0016860,,train,0.0005470431038835,0.0001176390258549,18.00125274036956,4,35,0.11428571428571428,28980,31,206,28739
339,8,GO:0016773,,train,0.0150917310861466,0.0040243732043586,5.302910052910053,5,35,0.14285714285714285,28980,30,882,28063
339,9,GO:0016301,,train,0.0420864536394124,0.0124458139112947,3.988515647430376,5,35,0.14285714285714285,28980,30,1161,27784
340,1,GO:0017111,,train,1.2926979518608486e-05,2.390981887116442e-06,14.933227344992051,7,24,0.2916666666666667,28980,17,777,28179
340,2,GO:0003725,,train,1.7211756079641456e-05,3.2097149486773155e-06,129.125,3,24,0.125,28980,21,32,28924
340,3,GO:0016462,,train,3.72801604462091e-05,7.14763014091568e-06,12.562183959546822,7,24,0.2916666666666667,28980,17,919,28037
340,4,GO:0016818,,train,4.470312486215078e-05,8.623197035980399e-06,12.191891555776644,7,24,0.2916666666666667,28980,17,946,28010
340,5,GO:0016817,,train,4.801560614497941e-05,9.293116260944986e-06,12.047021943573668,7,24,0.2916666666666667,28980,17,957,27999
340,6,GO:0016887,,train,6.995538287108721e-05,1.3746395649859478e-05,19.842383002360783,5,24,0.20833333333333334,28980,19,379,28577
340,7,GO:0003777,,train,0.0048144915130783,0.0011674828117662,44.52542372881356,2,24,0.08333333333333333,28980,22,59,28897
340,8,GO:0003723,,train,0.0073934817722978,0.0018515650370968,5.548446069469835,6,24,0.25,28980,18,1641,27315
340,9,GO:0003774,,train,0.0129381629494492,0.0034068069265044,25.466019417475728,2,24,0.08333333333333333,28980,22,103,28853
340,10,GO:0003729,,train,0.0131638791669044,0.0034705718868717,25.22027972027972,2,24,0.08333333333333333,28980,22,104,28852
341,1,GO:0033293,,train,4.192225463236619e-43,2.877342549246682e-44,341.10751028806584,23,41,0.5609756097560976,28980,18,108,28831
341,2,GO:1901681,,train,7.944644795227522e-39,5.953189028383279e-40,212.46563904945407,23,41,0.5609756097560976,28980,18,173,28766
341,3,GO:0033218,,train,4.632016433473897e-38,3.5523388179496336e-39,195.41164302600475,23,41,0.5609756097560976,28980,18,188,28751
341,4,GO:0031406,,train,9.05262254217696e-37,7.133478231378276e-38,169.91486625514403,23,41,0.5609756097560976,28980,18,216,28723
341,5,GO:0043177,,train,3.4971721063457655e-36,2.7885585943325936e-37,159.49444444444444,23,41,0.5609756097560976,28980,18,230,28709
341,6,GO:0019842,,train,2.448985024995327e-29,2.234697938559464e-30,76.73406000937646,23,41,0.5609756097560976,28980,18,474,28465
341,7,GO:0016840,,train,1.869135858693282e-05,3.496040207914171e-06,45.23305914610263,4,41,0.0975609756097561,28980,37,69,28870
341,8,GO:0016829,,train,0.0013022075688137,0.0002927744995355,5.465887516335035,8,41,0.1951219512195122,28980,33,1229,27710
341,9,GO:0016831,,train,0.0236516455355567,0.0065653980459599,8.477823772915436,3,41,0.07317073170731707,28980,38,267,28672
341,10,GO:0016746,,train,0.0357774350144642,0.0103966875134197,5.088803088803089,4,41,0.0975609756097561,28980,37,602,28337
342,1,GO:0016765,,train,6.3890603005825585e-34,5.334042785441102e-35,237.11119873817037,21,29,0.7241379310344828,28980,8,317,28634
342,2,GO:0016829,,train,8.712548891654608e-13,1.1564155909449284e-13,24.312310030395132,15,29,0.5172413793103449,28980,14,1222,27729
342,3,GO:0016846,,train,7.089910547497184e-11,1.0089575955632108e-11,167.57101449275362,6,29,0.20689655172413793,28980,23,45,28906
342,4,GO:0030170,,train,6.6379081056747494e-09,1.0191076070492823e-09,33.34673074122615,8,29,0.27586206896551724,28980,21,327,28624
342,5,GO:0070279,,train,6.6379081056747494e-09,1.0191076070492823e-09,33.34673074122615,8,29,0.27586206896551724,28980,21,327,28624
342,6,GO:0019842,,train,1.3544108389404384e-07,2.2127161873541388e-08,22.173142467620995,8,29,0.27586206896551724,28980,21,489,28462
342,7,GO:0016836,,train,3.6922350756616877e-07,6.171571415685498e-08,25.19894233190632,7,29,0.2413793103448276,28980,22,361,28590
342,8,GO:0016835,,train,1.985747636523709e-06,3.473909507373111e-07,19.36489898989899,7,29,0.2413793103448276,28980,22,468,28483
343,1,GO:0022857,,train,1.711353772526073e-85,5.14353625278071e-87,170.85611510791367,66,79,0.8354430379746836,28980,13,834,28067
343,2,GO:0005215,,train,7.314464072284797e-80,2.39551537417301e-81,138.07249530956847,66,79,0.8354430379746836,28980,13,1025,27876
343,3,GO:0022804,,train,4.842193703912212e-67,2.0425810509516318e-68,192.60215756783265,41,79,0.5189873417721519,28980,38,161,28740
343,4,GO:0015075,,train,6.683041461498137e-66,2.883709779062822e-67,97.68917094247908,51,79,0.6455696202531646,28980,28,529,28372
343,5,GO:0015291,,train,8.805914897733607e-66,3.815199968874829e-67,578.0625782227785,32,79,0.4050632911392405,28980,47,34,28867
343,6,GO:0015318,,train,6.870900199549762e-61,3.2908345274229898e-62,86.02487216716116,48,79,0.6075949367088608,28980,31,511,28390
343,7,GO:0022853,,train,3.532534490493706e-60,1.7105426700606664e-61,396.4867021276596,31,79,0.3924050632911392,28980,48,47,28854
343,8,GO:0008324,,train,4.509502005709962e-57,2.3130732085415077e-58,96.21364985163204,42,79,0.5316455696202531,28980,37,337,28564
343,9,GO:0022890,,train,5.139321181457322e-54,2.816788215281557e-55,91.03041885650582,40,79,0.5063291139240507,28980,39,322,28579
343,10,GO:0015077,,train,4.819304782201437e-43,3.320445513002836e-44,79.63456361267912,32,79,0.4050632911392405,28980,47,245,28656
344,1,GO:0015926,,train,2.09838640879244e-10,3.040899189822245e-11,141.59313725490196,6,23,0.2608695652173913,28980,17,72,28885
344,2,GO:0004553,,train,4.11215526487161e-10,6.023017934897048e-11,26.391889574759944,11,23,0.4782608695652174,28980,12,972,27985
344,3,GO:0016798,,train,3.199593909774833e-09,4.840115695602203e-10,21.483263009845288,11,23,0.4782608695652174,28980,12,1185,27772
344,4,GO:0016866,,train,0.0008976328957913,0.0001978173909552,30.65531914893617,3,23,0.13043478260869565,28980,20,141,28816
344,5,GO:0016853,,train,0.0175783507559656,0.0047558480228448,6.73276585541302,4,23,0.17391304347826086,28980,19,878,28079
344,6,GO:0016758,,train,0.0218811701495041,0.0060291326911325,18.924137931034483,2,23,0.08695652173913043,28980,21,145,28812
345,1,GO:0004298,,train,5.0959882397255385e-09,7.781992176725908e-10,31.4805904866047,8,132,0.06060606060606061,28980,124,59,28789
345,2,GO:0016832,,train,1.0205456008989494e-08,1.5754973538206236e-09,21.46590343454455,9,132,0.06818181818181818,28980,123,98,28750
345,3,GO:0070003,,train,3.087824719658302e-08,4.8754651079351585e-09,24.424448217317487,8,132,0.06060606060606061,28980,124,76,28772
345,4,GO:0016830,,train,1.1034876174740375e-06,1.897169882226068e-07,6.972693796619772,13,132,0.09848484848484848,28980,119,445,28403
345,5,GO:0016857,,train,7.385024391983387e-06,1.34084369398345e-06,19.57687074829932,6,132,0.045454545454545456,28980,126,70,28778
345,6,GO:0016646,,train,3.308832540895478e-05,6.309046198754625e-06,14.723502304147466,6,132,0.045454545454545456,28980,126,93,28755
345,7,GO:0016854,,train,8.196835512105821e-05,1.6227030609254222e-05,9.56,7,132,0.05303030303030303,28980,125,168,28680
345,8,GO:0016645,,train,0.00014807324689,2.9925222787438365e-05,11.030721966205835,6,132,0.045454545454545456,28980,126,124,28724
345,9,GO:0016782,,train,0.0005418716992379,0.000116447572593,11.432832259603911,5,132,0.03787878787878788,28980,127,99,28749
345,10,GO:0016829,,train,0.0022724128913772,0.0005259493879008,2.8983591422216626,15,132,0.11363636363636363,28980,117,1222,27626
346,1,GO:0003700,,train,5.082053174929914e-64,2.27923467522562e-65,128.0180790960452,48,66,0.7272727272727273,28980,18,590,28324
346,2,GO:0140110,,train,3.633376354386366e-63,1.6603881749546624e-64,119.317578057616,49,66,0.7424242424242424,28980,17,682,28232
346,3,GO:0003677,,train,5.4096079313968884e-27,5.15178117144778e-28,18.708728685970375,40,66,0.6060606060606061,28980,26,2197,26717
346,4,GO:0046983,,train,0.0016295297467493,0.0003707577567742,6.95219512195122,6,66,0.09090909090909091,28980,60,410,28504
346,5,GO:0042802,,train,0.0038548480589819,0.000922128167374,4.948526650476929,7,66,0.10606060606060606,28980,59,677,28237
346,6,GO:0003690,,train,0.0101918565510224,0.0026201404075276,11.72039072039072,3,66,0.045454545454545456,28980,63,117,28797
346,7,GO:0000976,,train,0.016867535224126,0.0045433689658094,21.482142857142858,2,66,0.030303030303030304,28980,64,42,28872
346,8,GO:0001067,,train,0.016867535224126,0.0045433689658094,21.482142857142858,2,66,0.030303030303030304,28980,64,42,28872
346,9,GO:1990837,,train,0.0371876512656082,0.0108631472718939,13.454757462686567,2,66,0.030303030303030304,28980,64,67,28847
347,1,GO:0050660,,train,4.48881709883215e-114,7.547766396372424e-116,5801.959459459459,60,61,0.9836065573770492,28980,1,296,28623
347,2,GO:0016668,,train,9.294378525151125e-90,2.600149834935503e-91,1279.1140642303433,40,61,0.6557377049180327,28980,21,43,28876
347,3,GO:0016651,,train,1.1682541828516307e-67,4.866442417362448e-69,231.95141700404855,42,61,0.6885245901639344,28980,19,273,28646
347,4,GO:0016667,,train,4.572759992239804e-64,2.049483782443361e-65,211.5983757844223,40,61,0.6557377049180327,28980,21,258,28661
347,5,GO:0009055,,train,1.3856371406124937e-50,8.138390798629198e-52,91.14221364221363,40,61,0.6557377049180327,28980,21,592,28327
347,6,GO:0015036,,train,3.427803676843208e-31,3.015406872765665e-32,88.09503901895206,22,61,0.36065573770491804,28980,39,184,28735
347,7,GO:0050661,,train,1.0813680868118104e-17,1.2534708731037685e-18,36.36698412698413,16,61,0.26229508196721313,28980,45,280,28639
347,8,GO:0016209,,train,1.3389457505693464e-17,1.5551805668358258e-18,31.087580025608197,17,61,0.2786885245901639,28980,44,355,28564
347,9,GO:0016627,,train,0.0067485260041463,0.0016791744992008,8.492708564660596,4,61,0.06557377049180328,28980,57,237,28682
347,10,GO:0016730,,train,0.0177483475139115,0.0048092162317626,20.82365668950595,2,61,0.03278688524590164,28980,59,47,28872
348,1,GO:0072341,,train,2.9254285237726523e-55,1.5571091858379205e-56,2754.095238095238,22,29,0.7586206896551724,28980,7,33,28918
348,2,GO:0033218,,train,6.246251057577258e-41,4.501209128406145e-42,478.2796674225245,22,29,0.7586206896551724,28980,7,189,28762
348,3,GO:0019842,,train,1.4580845908643174e-32,1.2519102252170122e-33,188.41263157894736,22,29,0.7586206896551724,28980,7,475,28476
348,4,GO:0140104,,train,0.0021697194691574,0.0005007827195562,69.10394265232975,2,29,0.06896551724137931,28980,27,31,28920
348,5,GO:0016407,,train,0.0488096488987526,0.0146956549017599,11.644606354988868,2,29,0.06896551724137931,28980,27,183,28768
349,1,GO:0016779,,train,3.074942274696131e-16,3.7102519932839326e-17,163.5417536534447,11,15,0.7333333333333333,28980,4,479,28486
349,2,GO:0016772,,train,4.2618065634875567e-10,6.245955484409365e-11,41.30627765486726,11,15,0.7333333333333333,28980,4,1808,27157
349,3,GO:0070566,,train,0.0027462589763011,0.0006433439679374,62.608884073672805,2,15,0.13333333333333333,28980,13,71,28894
350,1,GO:0016705,,train,1.5199503232128788e-33,1.2783130849061647e-34,476.1791958041958,19,23,0.8260869565217391,28980,4,286,28671
350,2,GO:0004497,,train,1.9558721568909294e-33,1.648943980880597e-34,469.5456896551724,19,23,0.8260869565217391,28980,4,290,28667
350,3,GO:0016709,,train,2.156185979647295e-17,2.5132448700871747e-18,281.40584415584414,9,23,0.391304347826087,28980,14,66,28891
350,4,GO:0005506,,train,2.154976709205416e-12,2.900699528019125e-13,44.22604875283447,11,23,0.4782608695652174,28980,12,588,28369
350,5,GO:0046914,,train,2.610572815276064e-07,4.328395036020307e-08,13.604075492341355,11,23,0.4782608695652174,28980,12,1828,27129
350,6,GO:0020037,,train,5.67690921527671e-05,1.1052154156700651e-05,14.969574036511156,6,23,0.2608695652173913,28980,17,667,28290
350,7,GO:0046906,,train,0.0001044135589905,2.086619502104905e-05,13.328608551854476,6,23,0.2608695652173913,28980,17,747,28210
350,8,GO:0051213,,train,0.0354412988021753,0.0102834480076031,14.268353174603174,2,23,0.08695652173913043,28980,21,192,28765
351,1,GO:0016616,,train,6.806944772414589e-115,1.1345904957974926e-116,4037.0338983050847,67,68,0.9852941176470589,28980,1,472,28440
351,2,GO:0016614,,train,1.1547118394824634e-111,2.0836701910572037e-113,3574.1729323308277,67,68,0.9852941176470589,28980,1,532,28380
351,3,GO:0051287,,train,0.0045675430653771,0.0011059938183908,6.937770011164506,5,68,0.07352941176470588,28980,63,327,28585
352,1,GO:0016620,,train,9.822324712455827e-119,1.5422462565182419e-120,181.104797979798,75,183,0.4098360655737705,28980,108,110,28687
352,2,GO:0016903,,train,8.273481836030017e-112,1.4808264937792832e-113,137.22222222222223,75,183,0.4098360655737705,28980,108,145,28652
352,3,GO:0051287,,train,1.2861165829079638e-64,5.719087713783547e-66,46.91930735930736,57,183,0.3114754098360656,28980,126,275,28522
352,4,GO:0016616,,train,3.745650342721901e-36,2.98888347938438e-37,18.682670304523853,45,183,0.2459016393442623,28980,138,494,28303
352,5,GO:0016614,,train,3.7920293933062014e-34,3.152526413628321e-35,16.623960131847433,45,183,0.2459016393442623,28980,138,554,28243
352,6,GO:0016747,,train,1.4891909010979068e-29,1.3505976007848144e-30,16.88974921630094,38,183,0.20765027322404372,28980,145,440,28357
352,7,GO:0016746,,train,6.374990921087126e-27,6.086092923169272e-28,13.484347442680775,39,183,0.21311475409836064,28980,144,567,28230
352,8,GO:0004312,,train,1.282311519974617e-12,1.7132796797036142e-13,19.796745562130177,14,183,0.07650273224043716,28980,169,120,28677
352,9,GO:0016407,,train,1.5588346272730935e-05,2.901038868988477e-06,8.411344043887148,9,183,0.04918032786885246,28980,174,176,28621
352,10,GO:0050661,,train,0.0392904334852684,0.011541859770638,3.332203389830509,6,183,0.03278688524590164,28980,177,290,28507
353,1,GO:0016829,,train,1.4083806841547214e-08,2.187431346453506e-09,5.502139013250124,22,113,0.19469026548672566,28980,91,1215,27652
353,2,GO:0016830,,train,2.0981412859324272e-08,3.285778865921069e-09,9.052734552734552,14,113,0.12389380530973451,28980,99,444,28423
353,3,GO:0016866,,train,3.4914851319431795e-08,5.5261136502589555e-09,18.41794871794872,9,113,0.07964601769911504,28980,104,135,28732
353,4,GO:0016831,,train,6.566399521842381e-07,1.115270364344908e-07,10.682225541448842,10,113,0.08849557522123894,28980,103,260,28607
353,5,GO:0050660,,train,9.161018542288276e-07,1.568029743169886e-07,8.915657857345836,11,113,0.09734513274336283,28980,102,345,28522
353,6,GO:0045296,,train,4.533594820346081e-06,8.118424330426104e-07,70.58593272171254,4,113,0.035398230088495575,28980,109,15,28852
353,7,GO:0016868,,train,6.143011900851368e-06,1.1097622636010893e-06,31.77358906525573,5,113,0.04424778761061947,28980,108,42,28825
353,8,GO:0019842,,train,2.168104283330659e-05,4.075555903018086e-06,6.297728556443153,11,113,0.09734513274336283,28980,102,486,28381
353,9,GO:0030170,,train,3.5973898296065444e-05,6.887699541936425e-06,7.57636267107126,9,113,0.07964601769911504,28980,104,326,28541
353,10,GO:0070279,,train,3.5973898296065444e-05,6.887699541936425e-06,7.57636267107126,9,113,0.07964601769911504,28980,104,326,28541
354,1,GO:0016705,,train,2.295156829726576e-217,6.9923048390767756e-220,7859.604060913705,108,110,0.9818181818181818,28980,2,197,28673
354,2,GO:0004497,,train,9.000323561067313e-190,4.429370941381224e-192,1371.3397129186603,100,110,0.9090909090909091,28980,10,209,28661
354,3,GO:0005506,,train,4.872782701361885e-181,2.7549200614079844e-183,3121.112016293279,108,110,0.9818181818181818,28980,2,491,28379
354,4,GO:0020037,,train,4.2328520122670306e-175,2.641115149582206e-177,2705.2566371681414,108,110,0.9818181818181818,28980,2,565,28305
354,5,GO:0046906,,train,1.9710334998103254e-169,1.3453168276527108e-171,2363.0232558139537,108,110,0.9818181818181818,28980,2,645,28225
354,6,GO:0046914,,train,8.792452917977027e-126,1.2234276989890992e-127,846.6239168110918,108,110,0.9818181818181818,28980,2,1731,27139
354,7,GO:0016709,,train,8.468620481802906e-16,1.0322503390685148e-16,55.99028182701653,12,110,0.10909090909090909,28980,98,63,28807
355,1,GO:0004308,,train,3.3619916989354295e-07,5.603811924581128e-08,139.67149758454107,4,22,0.18181818181818182,28980,18,46,28912
355,2,GO:0016997,,train,3.3619916989354295e-07,5.603811924581128e-08,139.67149758454107,4,22,0.18181818181818182,28980,18,46,28912
355,3,GO:0004553,,train,0.0214795926460439,0.0059077216906496,6.350924980138463,4,22,0.18181818181818182,28980,18,979,27979
355,4,GO:0016798,,train,0.0396230954634345,0.0116500280975625,5.176360924683072,4,22,0.18181818181818182,28980,18,1192,27766
356,1,GO:0016705,,train,2.1167924047234405e-14,2.683738327223555e-15,63.07282913165266,11,28,0.39285714285714285,28980,17,294,28658
356,2,GO:0004497,,train,6.454332319347438e-11,9.16807493819484e-12,45.24,9,28,0.32142857142857145,28980,19,300,28652
356,3,GO:0016709,,train,5.998861123097642e-10,8.819838877706611e-11,114.16205533596838,6,28,0.21428571428571427,28980,22,69,28883
356,4,GO:0016627,,train,1.7202754513239443e-05,3.2075323688891545e-06,26.451731761238023,5,28,0.17857142857142858,28980,23,236,28716
356,5,GO:0016701,,train,0.017122430059275,0.0046220579721773,21.54518297236744,2,28,0.07142857142857142,28980,26,103,28849
356,6,GO:0051213,,train,0.0498345150760587,0.0150319595083978,11.522435897435898,2,28,0.07142857142857142,28980,26,192,28760
357,1,GO:0016836,,train,6.60724001754513e-65,2.9264864828567943e-66,3007.162162162162,35,36,0.9722222222222222,28980,1,333,28611
357,2,GO:0016835,,train,6.790172364381475e-61,3.2501806378414422e-62,2267.3636363636365,35,36,0.9722222222222222,28980,1,440,28504
357,3,GO:0016829,,train,4.928520791273117e-49,2.991444789969212e-50,inf,36,36,1.0,28980,0,1201,27743
358,1,GO:0140110,,train,1.206747279027586e-84,3.665808150545176e-86,214.23594527363184,61,73,0.8356164383561644,28980,12,670,28237
358,2,GO:0003700,,train,1.0037111849682796e-83,3.0990174560054106e-85,206.18702195904268,59,73,0.8082191780821918,28980,14,579,28328
358,3,GO:0003677,,train,1.606051487366532e-23,1.6461827794754944e-24,13.938486859712038,39,73,0.5342465753424658,28980,34,2198,26709
358,4,GO:0070063,,train,7.331395551482489e-05,1.4434282304102235e-05,77.38660714285714,3,73,0.0410958904109589,28980,70,16,28891
359,1,GO:0051213,,train,1.7321015302624924e-70,6.81434324967785e-72,361.8948387096774,39,59,0.6610169491525424,28980,20,155,28766
359,2,GO:0016702,,train,1.5852857533704423e-38,1.1985887832700918e-39,257.2321731748727,21,59,0.3559322033898305,28980,38,62,28859
359,3,GO:0016701,,train,3.8011967015986856e-36,3.034320828384573e-37,189.7171052631579,21,59,0.3559322033898305,28980,38,84,28837
359,4,GO:0005506,,train,1.1011723543973872e-35,8.883699985383614e-37,55.26553068410463,31,59,0.5254237288135594,28980,28,568,28353
359,5,GO:0051537,,train,3.0774428531633133e-30,2.762189091628553e-31,108.54072398190046,20,59,0.3389830508474576,28980,39,136,28785
359,6,GO:0008198,,train,1.9806226437435344e-25,1.942503621071961e-26,314.0760869565217,13,59,0.22033898305084745,28980,46,26,28895
359,7,GO:0046914,,train,9.17954109800704e-25,9.172280717491876e-26,20.430891966759003,34,59,0.576271186440678,28980,25,1805,27116
359,8,GO:0051536,,train,2.207730111881301e-21,2.3495572242624625e-22,36.01743084501705,20,59,0.3389830508474576,28980,39,406,28515
359,9,GO:0051540,,train,2.4207875534125103e-21,2.5791382757012325e-22,35.83836098541981,20,59,0.3389830508474576,28980,39,408,28513
359,10,GO:0016705,,train,6.948327525127811e-08,1.1156159933569304e-08,17.407094594594593,9,59,0.15254237288135594,28980,50,296,28625
360,1,GO:0051287,,train,3.445489519429715e-11,4.844699210025085e-12,35.55652173913043,10,35,0.2857142857142857,28980,25,322,28623
360,2,GO:0016746,,train,1.1009107391857767e-08,1.702788382957173e-09,19.02617449664429,10,35,0.2857142857142857,28980,25,596,28349
360,3,GO:0050897,,train,1.1473381931955437e-08,1.7759425294681e-09,126.78508771929825,5,35,0.14285714285714285,28980,30,38,28907
360,4,GO:0016616,,train,1.1930540121926592e-06,2.05709813860796e-07,15.854920834205204,8,35,0.22857142857142856,28980,27,531,28414
360,5,GO:0016614,,train,2.591329629655443e-06,4.575077973440359e-07,14.215203359027386,8,35,0.22857142857142856,28980,27,591,28354
360,6,GO:0016747,,train,7.876031254908037e-06,1.433452915802315e-06,15.113588110403397,7,35,0.2,28980,28,471,28474
360,7,GO:0016407,,train,1.5017476115902534e-05,2.790838927828622e-06,26.63425925925926,5,35,0.14285714285714285,28980,30,180,28765
360,8,GO:0000287,,train,0.0051141474758585,0.0012455406776895,7.012152777777778,5,35,0.14285714285714285,28980,30,672,28273
360,9,GO:0008270,,train,0.0119531354812133,0.0031258060298441,5.638588046530285,5,35,0.14285714285714285,28980,30,831,28114
360,10,GO:0016866,,train,0.0440311609339879,0.0131047425107454,12.293213828425095,2,35,0.05714285714285714,28980,33,142,28803
361,1,GO:0003700,,train,2.9895825576901867e-21,3.1921458894398255e-22,39.84663008301674,20,43,0.46511627906976744,28980,23,618,28319
361,2,GO:0140110,,train,4.271172495824627e-20,4.694448605423441e-21,34.52088301840641,20,43,0.46511627906976744,28980,23,711,28226
361,3,GO:0003677,,train,5.517510277117532e-19,6.219462620133071e-20,20.40805995475113,27,43,0.627906976744186,28980,16,2210,26727
361,4,GO:0032561,,train,2.36947828787818e-06,4.170898155039981e-07,13.995453149001536,8,43,0.18604651162790697,28980,35,465,28472
361,5,GO:0019001,,train,2.4436998691543e-06,4.305842550008235e-07,13.934536555521566,8,43,0.18604651162790697,28980,35,467,28470
361,6,GO:0032555,,train,1.4375383615307293e-05,2.666880640822013e-06,5.186932804054476,16,43,0.37209302325581395,28980,27,2967,25970
361,7,GO:0017076,,train,1.4749384296475344e-05,2.738424515073402e-06,5.175268777017852,16,43,0.37209302325581395,28980,27,2973,25964
361,8,GO:0005525,,train,1.9877886165657164e-05,3.727285623996588e-06,12.710690621814477,7,43,0.16279069767441862,28980,36,436,28501
361,9,GO:0032550,,train,2.0461446737807e-05,3.8391061415957415e-06,12.651763064434297,7,43,0.16279069767441862,28980,36,438,28499
361,10,GO:0001883,,train,2.1661062534620584e-05,4.071165516071291e-06,12.535507792860734,7,43,0.16279069767441862,28980,36,442,28495
362,1,GO:0008374,,train,2.80649457224399e-25,2.765634865696688e-26,2066.5,10,14,0.7142857142857143,28980,4,35,28931
362,2,GO:0016746,,train,1.6270127428789204e-20,1.768233083188562e-21,622.0050590219224,13,14,0.9285714285714286,28980,1,593,28373
362,3,GO:0016747,,train,1.0193300954354166e-14,1.2809930894390069e-15,152.23290598290598,10,14,0.7142857142857143,28980,4,468,28498
363,1,GO:0003677,,train,6.425928642398763e-61,3.0720671249362223e-62,56.71070110701107,69,84,0.8214285714285714,28980,15,2168,26728
363,2,GO:0140097,,train,4.797709187100312e-33,4.0813625917155295e-34,35.60081466395112,32,84,0.38095238095238093,28980,52,491,28405
363,3,GO:0003887,,train,2.8960816123299993e-18,3.321369631857499e-19,71.3144271031595,13,84,0.15476190476190477,28980,71,74,28822
363,4,GO:0034061,,train,5.4050133794997636e-17,6.3713196353244436e-18,55.50971089696071,13,84,0.15476190476190477,28980,71,95,28801
363,5,GO:0003690,,train,2.1931495814991255e-16,2.6366364596983948e-17,49.26378833750165,13,84,0.15476190476190477,28980,71,107,28789
363,6,GO:0003916,,train,2.4517577532290458e-15,3.0229511624750433e-16,66.83688092729189,11,84,0.13095238095238096,28980,73,65,28831
363,7,GO:0003684,,train,7.831498581107286e-13,1.0374091626026641e-13,69.2304,9,84,0.10714285714285714,28980,75,50,28846
363,8,GO:0000976,,train,4.243431267462923e-12,5.762822554986703e-13,84.3859649122807,8,84,0.09523809523809523,28980,76,36,28860
363,9,GO:0001067,,train,4.243431267462923e-12,5.762822554986703e-13,84.3859649122807,8,84,0.09523809523809523,28980,76,36,28860
363,10,GO:0016779,,train,7.615686571359979e-11,1.0860111383361272e-11,13.007322654462245,15,84,0.17857142857142858,28980,69,475,28421
364,1,GO:0051082,,train,8.517417019284513e-07,1.4561222639524396e-07,49.50240219629375,5,36,0.1388888888888889,28980,31,94,28850
364,2,GO:0042803,,train,0.0004552395005966,9.69769355344262e-05,18.917105263157893,4,36,0.1111111111111111,28980,32,190,28754
364,3,GO:0042802,,train,0.0060153529589326,0.0014847632783187,6.71409568150506,5,36,0.1388888888888889,28980,31,679,28265
364,4,GO:0046983,,train,0.0068761485699117,0.0017143539408418,8.656553398058252,4,36,0.1111111111111111,28980,32,412,28532
365,1,GO:0004553,,train,1.8754849672603541e-31,1.6438032111910768e-32,146.09603340292276,25,30,0.8333333333333334,28980,5,958,27992
365,2,GO:0016798,,train,2.4715401227416337e-29,2.2560034632401592e-30,118.6122971818958,25,30,0.8333333333333334,28980,5,1171,27779
365,3,GO:0016758,,train,5.170013833479923e-08,8.255483904941578e-09,51.07978723404256,6,30,0.2,28980,24,141,28809
365,4,GO:0016757,,train,2.3069746793062565e-05,4.347414275412938e-06,16.94121140142518,6,30,0.2,28980,24,421,28529
365,5,GO:0015926,,train,0.0114094303049234,0.0029625681876802,27.137218045112785,2,30,0.06666666666666667,28980,28,76,28874
365,6,GO:0004177,,train,0.0214420707888884,0.0058967257306663,18.899737876802096,2,30,0.06666666666666667,28980,28,109,28841
366,1,GO:0016705,,train,6.3341151563795296e-239,1.4472888133040491e-241,9046.561497326204,118,120,0.9833333333333333,28980,2,187,28673
366,2,GO:0004497,,train,1.4585067874236263e-207,4.998836866993711e-210,1419.9727272727273,109,120,0.9083333333333333,28980,11,200,28660
366,3,GO:0005506,,train,1.4382310383803396e-198,6.0668854769537125e-201,3481.0,118,120,0.9833333333333333,28980,2,481,28379
366,4,GO:0020037,,train,5.0814564900193296e-192,2.396562366034251e-194,3009.0,118,120,0.9833333333333333,28980,2,555,28305
366,5,GO:0046906,,train,8.742171756859223e-186,4.635243542172772e-188,2622.48031496063,118,120,0.9833333333333333,28980,2,635,28225
366,6,GO:0046914,,train,7.897868760378617e-138,8.537110972199402e-140,930.3898895990704,118,120,0.9833333333333333,28980,2,1721,27139
366,7,GO:0016709,,train,2.4588347452406098e-15,3.0323971870589003e-16,50.78835978835979,12,120,0.1,28980,108,63,28797
367,1,GO:0008168,,train,9.375225445710295e-39,7.03437253217417e-40,inf,23,23,1.0,28980,0,563,28394
367,2,GO:0016741,,train,5.3803214392854405e-37,4.217634874630998e-38,inf,23,23,1.0,28980,0,675,28282
367,3,GO:0008757,,train,1.1367014030343931e-26,1.0895178225176596e-27,244.682302771855,16,23,0.6956521739130435,28980,7,268,28689
367,4,GO:0140097,,train,2.1072587521407457e-22,2.200655432926666e-23,128.26148210763594,16,23,0.6956521739130435,28980,7,507,28450
367,5,GO:0008170,,train,1.1135414594823137e-21,1.1788788805604126e-22,247.64495347172516,12,23,0.5217391304347826,28980,11,127,28830
367,6,GO:0003677,,train,7.29084859952859e-10,1.0759965797939199e-10,18.707252461638426,14,23,0.6086956521739131,28980,9,2223,26734
368,1,GO:0003723,,train,9.385376118414746e-05,1.870091934190383e-05,2.7412382293715734,26,185,0.14054054054054055,28980,159,1621,27174
368,2,GO:0003968,,train,0.0037695129051622,0.0009003898476343,10.078751205823028,4,185,0.021621621621621623,28980,181,63,28732
368,3,GO:0016866,,train,0.0092682149669661,0.0023628694629729,5.726618705035971,5,185,0.02702702702702703,28980,180,139,28656
368,4,GO:0016168,,train,0.0101862043652612,0.0026180905498667,11.849587912087912,3,185,0.016216216216216217,28980,182,40,28755
368,5,GO:0016888,,train,0.0306202479011784,0.0087231423628016,7.517530088958661,3,185,0.016216216216216217,28980,182,63,28732
369,1,GO:0038023,,train,1.5843238039383673e-15,1.9441463557716906e-16,20.933881578947368,18,56,0.32142857142857145,28980,38,640,28284
369,2,GO:0060089,,train,2.582915488057336e-15,3.189204904403337e-16,20.31666799776376,18,56,0.32142857142857145,28980,38,659,28265
369,3,GO:0050839,,train,4.5190363800031295e-11,6.385983389616868e-12,95.9501661129568,7,56,0.125,28980,49,43,28881
369,4,GO:0044877,,train,9.3195361447006e-11,1.3349893589825096e-11,23.9689497716895,11,56,0.19642857142857142,28980,45,292,28632
369,5,GO:0005102,,train,9.914575299035945e-08,1.6058144192040815e-08,13.849333722400544,10,56,0.17857142857142858,28980,46,447,28477
369,6,GO:0008201,,train,0.0037825304147334,0.0009039969379922,50.97530864197531,2,56,0.03571428571428571,28980,54,21,28903
369,7,GO:0005509,,train,0.005853290636007,0.0014415037752852,5.354574132492114,6,56,0.10714285714285714,28980,50,634,28290
369,8,GO:0005539,,train,0.0096414959574399,0.0024656607114992,29.720164609053494,2,56,0.03571428571428571,28980,54,36,28888
370,1,GO:0016903,,train,3.759711023214864e-17,4.415350350665959e-18,16.94489300434758,21,199,0.10552763819095477,28980,178,199,28582
370,2,GO:0016620,,train,6.656893029877676e-15,8.320872530828147e-16,17.039468025275415,18,199,0.09045226130653267,28980,181,167,28614
370,3,GO:0016861,,train,1.1296902426134665e-12,1.5070478849523173e-13,17.29830917874396,15,199,0.07537688442211055,28980,184,135,28646
370,4,GO:0016831,,train,4.386156969310308e-12,5.959221965509918e-13,11.25848460931334,18,199,0.09045226130653267,28980,181,252,28529
370,5,GO:0016860,,train,1.1426233741677847e-11,1.5785253046768237e-12,12.883555856008112,16,199,0.08040201005025126,28980,183,194,28587
370,6,GO:0016830,,train,4.6052114526442644e-10,6.758681014074981e-11,7.230172699676029,20,199,0.10050251256281408,28980,179,438,28343
370,7,GO:1901681,,train,6.555137391528335e-10,9.653067248795426e-11,11.891476091476092,14,199,0.07035175879396985,28980,185,182,28599
370,8,GO:0051536,,train,9.795345342378026e-10,1.452214394286996e-10,7.358804258804259,19,199,0.09547738693467336,28980,180,407,28374
370,9,GO:0051540,,train,1.0590136067839363e-09,1.5715976600074468e-10,7.322303721814724,19,199,0.09547738693467336,28980,180,409,28372
370,10,GO:0016730,,train,9.862578545203773e-09,1.5211200761782775e-09,29.36023496360618,8,199,0.04020100502512563,28980,191,41,28740
371,1,GO:0016758,,train,1.9119495113366012e-32,1.6477591652319423e-33,704.1954198473283,16,21,0.7619047619047619,28980,5,131,28828
371,2,GO:0016757,,train,7.122142398791677e-25,7.093559526581628e-26,222.27153284671533,16,21,0.7619047619047619,28980,5,411,28548
371,3,GO:0046527,,train,1.248480981115224e-05,2.305540646498044e-06,146.0909090909091,3,21,0.14285714285714285,28980,18,33,28926
371,4,GO:0008194,,train,2.262334652380972e-05,4.260640794491979e-06,117.55284552845528,3,21,0.14285714285714285,28980,18,41,28918
371,5,GO:0030170,,train,0.0004230356891663,8.985651293742645e-05,20.35045317220544,4,21,0.19047619047619047,28980,17,331,28628
371,6,GO:0070279,,train,0.0004230356891663,8.985651293742645e-05,20.35045317220544,4,21,0.19047619047619047,28980,17,331,28628
371,7,GO:0019842,,train,0.0017748628151705,0.0004056962986429,13.585968261543968,4,21,0.19047619047619047,28980,17,493,28466
372,1,GO:0016775,,train,1.466617846336756e-57,7.4712143269168905e-59,2262.605442176871,23,37,0.6216216216216216,28980,14,21,28922
372,2,GO:0016773,,train,2.569993895057125e-38,1.9506266461883035e-39,140.45340890148358,30,37,0.8108108108108109,28980,7,857,28086
372,3,GO:0004672,,train,1.5752416575635404e-37,1.220065894073293e-38,141.7475046210721,27,37,0.7297297297297297,28980,10,541,28402
372,4,GO:0016772,,train,8.140735131543274e-37,6.405370877149495e-38,172.43174603174603,34,37,0.918918918918919,28980,3,1785,27158
372,5,GO:0016301,,train,6.1634727438761865e-31,5.447226548400402e-32,76.01445030267526,28,37,0.7567567567567568,28980,9,1138,27805
372,6,GO:0140096,,train,2.601934417736589e-20,2.8399706009568885e-21,28.69658497388509,27,37,0.7297297297297297,28980,10,2489,26454
372,7,GO:0004674,,train,0.007617833115429,0.0019126592152896,13.35278637770898,3,37,0.08108108108108109,28980,34,190,28753
374,1,GO:0017056,,train,2.235846766121513e-12,3.014139150391424e-13,66.70438144329897,9,203,0.04433497536945813,28980,194,20,28757
374,2,GO:0019904,,train,0.0001308741513922,2.6326648434566795e-05,16.123456790123456,5,203,0.024630541871921183,28980,198,45,28732
374,3,GO:0005198,,train,0.0014710532413632,0.000333019874308,2.427838538730409,22,203,0.10837438423645321,28980,181,1372,27405
374,4,GO:0032182,,train,0.0017944271050773,0.000410378545547,23.96583333333333,3,203,0.014778325123152709,28980,200,18,28759
374,5,GO:0008092,,train,0.0018042039914301,0.0004130372965704,3.924283246977548,10,203,0.04926108374384237,28980,193,375,28402
374,6,GO:0008017,,train,0.0034020168231788,0.0008061315898495,7.38997113997114,5,203,0.024630541871921183,28980,198,98,28679
374,7,GO:0003774,,train,0.0036850059173533,0.0008792328909055,7.241666666666666,5,203,0.024630541871921183,28980,198,100,28677
374,8,GO:0060090,,train,0.0044258571348212,0.0010693520124207,9.620435510887772,4,203,0.019704433497536946,28980,199,60,28717
374,9,GO:0015631,,train,0.0050247426972752,0.0012218528028263,6.703376356154134,5,203,0.024630541871921183,28980,198,108,28669
374,10,GO:0030234,,train,0.0119423486634073,0.0031215858781844,2.960381012194484,10,203,0.04926108374384237,28980,193,495,28282
375,1,GO:0004672,,train,0.0,0.0,5266.691324200913,203,206,0.9854368932038835,28980,3,365,28409
375,2,GO:0016773,,train,9.1376685227e-313,5.0858512e-316,4195.142020497804,204,206,0.9902912621359223,28980,2,683,28091
375,3,GO:0016301,,train,1.0234018586271189e-282,1.079253212367117e-285,1954.1824160609208,203,206,0.9854368932038835,28980,3,963,27811
375,4,GO:0016772,,train,7.249821773717936e-244,1.5290950221392956e-246,1715.3052631578948,204,206,0.9902912621359223,28980,2,1615,27159
375,5,GO:0005524,,train,1.2964537723423085e-217,3.911730338086468e-220,2368.5907504363004,205,206,0.9951456310679612,28980,1,2292,26482
375,6,GO:0032559,,train,2.6343175286529152e-216,8.334250024738988e-219,2328.7929553264603,205,206,0.9951456310679612,28980,1,2328,26446
375,7,GO:0030554,,train,3.590555271426118e-216,1.16750632782113e-218,2324.4468267581474,205,206,0.9951456310679612,28980,1,2332,26442
375,8,GO:0140096,,train,7.009740402079694e-214,2.3203581610422863e-216,1167.4411764705883,204,206,0.9902912621359223,28980,2,2312,26462
375,9,GO:0035639,,train,3.108284433107092e-203,1.183692112089293e-205,1967.622467771639,205,206,0.9951456310679612,28980,1,2715,26059
375,10,GO:0032555,,train,2.803037114980164e-201,1.1002928593823179e-203,1918.3513318934488,205,206,0.9951456310679612,28980,1,2778,25996
376,1,GO:0016705,,train,1.6398030903560339e-174,1.0279692454995787e-176,11443.29357798165,87,88,0.9886363636363636,28980,1,218,28674
376,2,GO:0004497,,train,1.005840512123714e-156,8.043895474405305e-159,1725.7929515418502,82,88,0.9318181818181818,28980,6,227,28665
376,3,GO:0005506,,train,4.031132064266426e-146,3.7433543204512914e-148,4822.3828125,87,88,0.9886363636363636,28980,1,512,28380
376,4,GO:0020037,,train,1.9825205456197897e-141,2.0036019223681854e-143,4202.42662116041,87,88,0.9886363636363636,28980,1,586,28306
376,5,GO:0046906,,train,6.100447328291515e-137,6.6656907562256055e-139,3687.18018018018,87,88,0.9886363636363636,28980,1,666,28226
376,6,GO:0046914,,train,3.5085998323376203e-102,7.80099971510166e-104,1347.7054794520548,87,88,0.9886363636363636,28980,1,1752,27140
376,7,GO:0016709,,train,1.1134838047211005e-11,1.5376168542798921e-12,49.75719217491369,9,88,0.10227272727272728,28980,79,66,28826
377,1,GO:0016838,,train,4.272167776132842e-62,1.997357638547036e-63,1677.696428571429,26,40,0.65,28980,14,32,28908
377,2,GO:0016835,,train,4.493759067855188e-36,3.59637629943474e-37,117.84377982818962,26,40,0.65,28980,14,449,28491
377,3,GO:0016829,,train,2.2703132983321208e-30,2.030426370157883e-31,60.52287778446719,29,40,0.725,28980,11,1208,27732
377,4,GO:0000287,,train,5.2907593295636665e-14,6.7697913558701984e-15,25.62960725075529,15,40,0.375,28980,25,662,28278
377,5,GO:0004659,,train,0.0003064347862783,6.418281401089951e-05,44.19224885262621,3,40,0.075,28980,37,53,28887
377,6,GO:0016661,,train,0.0006805846332946,0.0001475327734241,32.96802436239056,3,40,0.075,28980,37,71,28869
377,7,GO:0016765,,train,0.0049165431286223,0.0011929497827688,9.516300731869594,4,40,0.1,28980,36,334,28606
378,1,GO:0005198,,train,2.616083181552206e-07,4.338947887840678e-08,5.714908637873754,18,81,0.2222222222222222,28980,63,1376,27523
378,2,GO:0004197,,train,5.7235697078619406e-05,1.1146348952124142e-05,19.138755980861244,5,81,0.06172839506172839,28980,76,99,28800
378,3,GO:0008234,,train,0.0031396103926146,0.0007407335765333,7.569752694990488,5,81,0.06172839506172839,28980,76,249,28650
378,4,GO:0005179,,train,0.0052408829306863,0.001279323826388,43.011169024571856,2,81,0.024691358024691357,28980,79,17,28882
378,5,GO:0004175,,train,0.0059480082680286,0.0014672669974202,4.014126712328767,8,81,0.09876543209876543,28980,73,768,28131
378,6,GO:0003723,,train,0.0080023789471417,0.0020167110783683,2.9000398883127243,12,81,0.14814814814814814,28980,69,1635,27264
378,7,GO:0070011,,train,0.0263211616253363,0.0073889238027828,2.828699918233851,9,81,0.1111111111111111,28980,72,1223,27676
378,8,GO:0008270,,train,0.0311719905707247,0.0088985865222987,3.202979819385127,7,81,0.08641975308641975,28980,74,829,28070
378,9,GO:0008233,,train,0.0355033891270221,0.0103045706858974,2.6731216111541443,9,81,0.1111111111111111,28980,72,1291,27608
379,1,GO:0016853,,train,8.28555389906677e-50,4.951381185838302e-51,1126.5306603773586,34,35,0.9714285714285714,28980,1,848,28097
379,2,GO:0016857,,train,4.1464167753429423e-32,3.5965492198466326e-33,405.4035087719298,16,35,0.45714285714285713,28980,19,60,28885
379,3,GO:0016861,,train,2.4728542515250238e-29,2.2579273814346605e-30,204.59649122807016,17,35,0.4857142857142857,28980,18,133,28812
379,4,GO:0016860,,train,6.387642441024721e-29,5.877372032474632e-30,158.56433823529412,18,35,0.5142857142857142,28980,17,192,28753
379,5,GO:0016854,,train,5.857127323792744e-26,5.6963595849055004e-27,152.45812644819597,16,35,0.45714285714285713,28980,19,159,28786
379,6,GO:0019239,,train,2.0604344055696074e-05,3.867124596913752e-06,44.333333333333336,4,35,0.11428571428571428,28980,31,84,28861
380,1,GO:0016742,,train,1.1563407041591333e-73,4.3019383492459755e-75,852.3020833333334,34,70,0.4857142857142857,28980,36,32,28878
380,2,GO:0016741,,train,1.5169521561109123e-38,1.1460349798195629e-39,45.18073573840413,36,70,0.5142857142857142,28980,34,662,28248
380,3,GO:0016620,,train,3.064405340282886e-05,5.828626966182376e-06,15.04766061452514,6,70,0.08571428571428572,28980,64,179,28731
380,4,GO:0050661,,train,3.890630406800377e-05,7.470803619701927e-06,11.003844675124952,7,70,0.1,28980,63,289,28621
380,5,GO:0016903,,train,7.902488088488119e-05,1.5632745133304117e-05,12.57126168224299,6,70,0.08571428571428572,28980,64,214,28696
380,6,GO:0016835,,train,0.0042174024893599,0.0010157741824857,5.6851679104477615,6,70,0.08571428571428572,28980,64,469,28441
380,7,GO:0051287,,train,0.0051705014389196,0.0012604772819723,6.723829687132439,5,70,0.07142857142857142,28980,65,327,28583
380,8,GO:0016616,,train,0.0076789389058095,0.0019298010039822,4.991264071294559,6,70,0.08571428571428572,28980,64,533,28377
380,9,GO:0016814,,train,0.0077663614044043,0.0019529087586901,13.030755314337403,3,70,0.04285714285714286,28980,67,99,28811
380,10,GO:0016836,,train,0.0078630525214818,0.0019788348188783,6.049374867556685,5,70,0.07142857142857142,28980,65,363,28547
381,1,GO:0016840,,train,6.004269568551326e-24,6.112088569796953e-25,95.1810113519092,16,101,0.15841584158415842,28980,85,57,28822
381,2,GO:0003918,,train,3.4082707614066714e-09,5.16277590509825e-10,48.80198259187621,7,101,0.06930693069306931,28980,94,44,28835
381,3,GO:0016829,,train,5.371224289541725e-08,8.581497283053745e-09,5.6122624953082365,20,101,0.19801980198019803,28980,81,1217,27662
381,4,GO:0003916,,train,5.67635181836351e-08,9.080633119513468e-09,31.093123650940488,7,101,0.06930693069306931,28980,94,69,28810
381,5,GO:0008094,,train,8.554379419444812e-08,1.3804984685743172e-08,21.14658579174708,8,101,0.07920792079207921,28980,93,117,28762
381,6,GO:0016853,,train,2.340356434043846e-06,4.118950539220033e-07,5.635310211635954,15,101,0.1485148514851485,28980,86,867,28012
381,7,GO:0140097,,train,7.546420827731077e-05,1.4881947743587784e-05,6.07630186577555,10,101,0.09900990099009901,28980,91,513,28366
381,8,GO:0017111,,train,9.351066843609696e-05,1.862707752191052e-05,4.908948011876347,12,101,0.1188118811881188,28980,89,772,28107
381,9,GO:0016887,,train,0.0002923116239284,6.109627198433593e-05,6.520933424845573,8,101,0.07920792079207921,28980,93,376,28503
381,10,GO:0016462,,train,0.0004355882534188,9.257382835496776e-05,4.125341135396947,12,101,0.1188118811881188,28980,89,914,27965
382,1,GO:0032559,,train,3.500548740818455e-56,1.8211836317466607e-57,586.9774011299435,55,56,0.9821428571428571,28980,1,2478,26446
382,2,GO:0030554,,train,3.8059307298428704e-56,1.9878649240735383e-57,585.9427880741338,55,56,0.9821428571428571,28980,1,2482,26442
382,3,GO:0005524,,train,4.492375343074066e-54,2.4569425448982862e-55,292.6676217765043,54,56,0.9642857142857143,28980,2,2443,26481
382,4,GO:0032555,,train,2.7844265886305536e-52,1.5774909987437355e-53,488.3128415300546,55,56,0.9821428571428571,28980,1,2928,25996
382,5,GO:0017076,,train,3.1106328573630603e-52,1.7632113480966462e-53,487.2017723244717,55,56,0.9821428571428571,28980,1,2934,25990
382,6,GO:0032553,,train,6.470503969788497e-51,3.771949175346137e-52,457.5064432989691,55,56,0.9821428571428571,28980,1,3104,25820
382,7,GO:0035639,,train,2.057457599740293e-50,1.2114391350962265e-51,245.4870900209351,54,56,0.9642857142857143,28980,2,2866,26058
382,8,GO:0097367,,train,1.2232059871401266e-49,7.33128116029147e-51,430.3020134228188,55,56,0.9821428571428571,28980,1,3278,25646
382,9,GO:0003677,,train,1.7338963253025965e-08,2.705705165915848e-09,6.692477321706009,20,56,0.35714285714285715,28980,36,2217,26707
382,10,GO:0003916,,train,2.128236378658799e-06,3.734404285135251e-07,39.84120408726871,5,56,0.08928571428571429,28980,51,71,28853
383,1,GO:0005102,,train,1.2475521134373932e-05,2.3034598737428272e-06,13.849791666666668,7,39,0.1794871794871795,28980,32,450,28491
383,2,GO:0090729,,train,0.0001248656036497,2.509602210624963e-05,16.54325259515571,5,39,0.1282051282051282,28980,34,255,28686
383,3,GO:0030674,,train,0.0070468518990982,0.0017593906534263,35.5,2,39,0.05128205128205128,28980,37,44,28897
383,4,GO:0030247,,train,0.0117744306171484,0.0030714856210477,26.460833715071004,2,39,0.05128205128205128,28980,37,59,28882
383,5,GO:0060090,,train,0.0128330412546151,0.0033750781962074,25.17785527462947,2,39,0.05128205128205128,28980,37,62,28879
383,6,GO:0030246,,train,0.036721840625822,0.01070663736558,7.073194856577646,3,39,0.07692307692307693,28980,36,337,28604
383,7,GO:0046789,,train,0.0411234802433324,0.0121357453780745,12.768719539211345,2,39,0.05128205128205128,28980,37,122,28819
383,8,GO:0046812,,train,0.0422688107682153,0.0125108844948896,12.561900610287706,2,39,0.05128205128205128,28980,37,124,28817
384,1,GO:0034061,,train,4.225020897589444e-58,2.128785758518277e-59,410.8974358974359,30,57,0.5263157894736842,28980,27,78,28845
384,2,GO:0003887,,train,7.977726489212729e-51,4.659925189527545e-52,396.8334214701216,26,57,0.45614035087719296,28980,31,61,28862
384,3,GO:0140097,,train,9.532023995213153e-44,6.452971102597649e-45,85.95678847692719,34,57,0.5964912280701754,28980,23,489,28434
384,4,GO:0016779,,train,8.538939359282385e-43,5.913247398817576e-44,85.64715536105032,33,57,0.5789473684210527,28980,24,457,28466
384,5,GO:0004518,,train,2.467570778373054e-40,1.793374667118829e-41,67.04055183946488,34,57,0.5964912280701754,28980,23,624,28299
384,6,GO:0004527,,train,1.5488330352160007e-30,1.3815498117095007e-31,113.57664233576642,20,57,0.3508771929824561,28980,37,137,28786
384,7,GO:0016788,,train,5.388150016183708e-29,4.952987887273186e-30,28.1146194025471,35,57,0.6140350877192983,28980,22,1549,27374
384,8,GO:0016772,,train,2.728988266418512e-24,2.7492136532833183e-25,20.89214725643897,33,57,0.5789473684210527,28980,24,1786,27137
384,9,GO:0003677,,train,5.740478424005331e-24,5.841044164544571e-25,19.30548674758484,35,57,0.6140350877192983,28980,22,2202,26721
384,10,GO:0008408,,train,1.3017714675510585e-12,1.7400425363785571e-13,65.15060240963855,9,57,0.15789473684210525,28980,48,83,28840
385,1,GO:0017016,,train,5.906479111063769e-128,7.90714167547278e-130,8768.05357142857,51,55,0.9272727272727272,28980,4,42,28883
385,2,GO:0031267,,train,1.2213469022065878e-126,1.677979017297623e-128,8004.505434782609,51,55,0.9272727272727272,28980,4,46,28879
385,3,GO:0017048,,train,2.63247336151914e-125,3.693806544710044e-127,13434.787878787878,46,55,0.8363636363636363,28980,9,11,28914
385,4,GO:0005088,,train,8.312636901277652e-117,1.3514700999528653e-118,11512.851851851852,43,55,0.7818181818181819,28980,12,9,28916
385,5,GO:0051020,,train,1.9412068395902058e-113,3.3322998740365605e-115,4025.94623655914,52,55,0.9454545454545454,28980,3,124,28801
385,6,GO:0019899,,train,8.161095252886988e-98,1.9603650313054253e-99,1805.8181818181815,52,55,0.9454545454545454,28980,3,275,28650
385,7,GO:0005085,,train,1.31823335884804e-94,3.355727769982561e-96,1310.7727272727273,44,55,0.8,28980,11,88,28837
385,8,GO:0098772,,train,1.590730343597417e-56,8.233941228393342e-58,140.44444444444446,44,55,0.8,28980,11,801,28124
385,9,GO:0017137,,train,5.5266046367482185e-09,8.44929243905116e-10,152.13684210526316,5,55,0.09090909090909091,28980,50,19,28906
385,10,GO:0001664,,train,0.0001978082086125,4.055019022967698e-05,52.09074519230769,3,55,0.05454545454545454,28980,52,32,28893
386,1,GO:0008483,,train,1.3332273031605114e-84,4.0578350996976054e-86,739.8947368421053,44,54,0.8148148148148148,28980,10,171,28755
386,2,GO:0016769,,train,2.610906665104406e-84,8.000141698740979e-86,727.0620689655173,44,54,0.8148148148148148,28980,10,174,28752
386,3,GO:0030170,,train,1.1360839535892113e-29,1.028023356662001e-30,68.04404466501241,23,54,0.42592592592592593,28980,31,312,28614
386,4,GO:0070279,,train,1.1360839535892113e-29,1.028023356662001e-30,68.04404466501241,23,54,0.42592592592592593,28980,31,312,28614
386,5,GO:0019842,,train,1.0024426349195026e-25,9.775702409839836e-27,44.53491220906493,23,54,0.42592592592592593,28980,31,474,28452
387,1,GO:0008199,,train,1.2800382039961484e-179,7.349429884970709e-182,39283.6,68,70,0.9714285714285714,28980,2,25,28885
387,2,GO:0016722,,train,1.4345348393421466e-117,2.2986511911420282e-119,8671.2,45,70,0.6428571428571429,28980,25,6,28904
387,3,GO:0005506,,train,7.494520696069221e-112,1.3370135348466927e-113,1817.111111111111,68,70,0.9714285714285714,28980,2,531,28379
387,4,GO:0046914,,train,1.414767855069182e-80,4.6085533434013835e-82,1058.0,69,70,0.9857142857142858,28980,1,1770,27140
387,5,GO:0008198,,train,2.323926836015794e-07,3.8401943000161387e-08,65.33031674208145,5,70,0.07142857142857142,28980,65,34,28876
387,6,GO:0042802,,train,0.0001899196836971,3.884404697464144e-05,6.171584699453552,9,70,0.12857142857142856,28980,61,675,28235
388,1,GO:0016746,,train,1.480063509000525e-109,2.8008349498032613e-111,382.43595505617975,72,82,0.8780487804878049,28980,10,534,28364
388,2,GO:0016747,,train,1.885151160968308e-79,6.212599396810928e-81,145.3386802770689,56,82,0.6829268292682927,28980,26,422,28476
388,3,GO:0016410,,train,1.3624531991294447e-67,5.687365054806981e-69,239.5500320034137,39,82,0.47560975609756095,28980,43,109,28789
388,4,GO:0008080,,train,3.4406155411634097e-66,1.477558772986952e-67,272.28786717752234,37,82,0.45121951219512196,28980,45,87,28811
388,5,GO:0016407,,train,1.3378819102660284e-65,5.827783345242944e-67,188.85385878489328,40,82,0.4878048780487805,28980,42,145,28753
388,6,GO:0034212,,train,8.526430526252126e-05,1.6904497115058264e-05,29.587692307692308,4,82,0.04878048780487805,28980,78,50,28848
388,7,GO:0048029,,train,0.0004742434228061,0.0001012613969837,18.24438113327002,4,82,0.04878048780487805,28980,78,81,28817
388,8,GO:0042802,,train,0.0124208569498849,0.0032593970342171,3.890635155096012,7,82,0.08536585365853659,28980,75,677,28221
389,1,GO:0016798,,train,6.018913904401272e-115,1.0014773113337209e-116,80.93367219398384,105,138,0.7608695652173914,28980,33,1091,27751
389,2,GO:0004553,,train,1.2445945689758368e-87,3.61671445183827e-89,49.90629070891289,85,138,0.6159420289855072,28980,53,898,27944
389,3,GO:0016799,,train,1.676480635087363e-18,1.9128488366480005e-19,28.692,18,138,0.13043478260869565,28980,120,150,28692
389,4,GO:0015926,,train,2.9373945445828314e-11,4.115639366886277e-12,33.05836397058823,10,138,0.07246376811594203,28980,128,68,28774
389,5,GO:0016758,,train,8.777766455460786e-10,1.2992956000657158e-10,18.281959240389067,11,138,0.07971014492753623,28980,127,136,28706
389,6,GO:0015929,,train,1.5532449769331873e-07,2.5453541418208426e-08,40.92329545454545,6,138,0.043478260869565216,28980,132,32,28810
389,7,GO:0016757,,train,3.520786349755956e-05,6.733812015571561e-06,5.918496365838886,11,138,0.07971014492753623,28980,127,416,28426
389,8,GO:0005509,,train,0.0011469549386083,0.0002560212271785,3.884969267553797,11,138,0.07971014492753623,28980,127,629,28213
389,9,GO:0008422,,train,0.0066711042190544,0.0016583469667192,13.911111111111111,3,138,0.021739130434782608,28980,135,46,28796
390,1,GO:0004553,,train,3.8807118058645685e-28,3.6184508533459066e-29,20.63597046413502,35,85,0.4117647058823529,28980,50,948,27947
390,2,GO:0016798,,train,1.6079157026030955e-26,1.5482376642518016e-27,17.566150598170303,36,85,0.4235294117647059,28980,49,1160,27735
390,3,GO:0015929,,train,1.1832020072357952e-10,1.7011323348604983e-11,83.55996691480563,7,85,0.08235294117647059,28980,78,31,28864
390,4,GO:0008061,,train,2.898629326093817e-09,4.3763469392997425e-10,49.77835305719921,7,85,0.08235294117647059,28980,78,52,28843
390,5,GO:0008810,,train,6.81567893374617e-08,1.0939187649176926e-08,46.616751952598975,6,85,0.07058823529411765,28980,79,47,28848
390,6,GO:0030246,,train,3.995735379175124e-06,7.129514659916127e-07,10.21927174431547,9,85,0.10588235294117647,28980,76,331,28564
390,7,GO:0061783,,train,0.0314514445288635,0.0089848108224354,7.408021298522844,3,85,0.03529411764705882,28980,82,142,28753
390,8,GO:0016835,,train,0.043775448360393,0.0130132480874496,3.7799202127659575,5,85,0.058823529411764705,28980,80,470,28425
391,1,GO:0016646,,train,2.3569301862660106e-26,2.2763566875000838e-27,995.7586206896552,12,16,0.75,28980,4,87,28877
391,2,GO:0016645,,train,7.101745706801849e-25,7.069083959256139e-26,733.3728813559322,12,16,0.75,28980,4,118,28846
391,3,GO:0016814,,train,5.620751577386873e-18,6.470853824041481e-19,399.1382488479263,9,16,0.5625,28980,7,93,28871
391,4,GO:0016810,,train,7.089910547497184e-11,1.008956135850025e-11,58.7778801843318,9,16,0.5625,28980,7,620,28344
392,1,GO:0016782,,train,3.817568900980984e-19,4.286475553639778e-20,85.79761904761905,13,61,0.21311475409836064,28980,48,91,28828
392,2,GO:0046912,,train,3.7123200429486206e-07,6.206230918097012e-08,58.59375,5,61,0.08196721311475409,28980,56,44,28875
392,3,GO:0016701,,train,0.0003442495920101,7.243591467933822e-05,20.02292860865034,4,61,0.06557377049180328,28980,57,101,28818
392,4,GO:0016725,,train,0.0004208117225684,8.934714137668552e-05,39.31170598911071,3,61,0.04918032786885246,28980,58,38,28881
392,5,GO:0016746,,train,0.0012365327339856,0.000277110523073,6.1287330736412535,7,61,0.11475409836065574,28980,54,599,28320
392,6,GO:0051539,,train,0.0055891987639342,0.0013707347468042,8.989661654135338,4,61,0.06557377049180328,28980,57,224,28695
392,7,GO:0016835,,train,0.0123715858920999,0.0032428435586756,5.4044452887538,5,61,0.08196721311475409,28980,56,470,28449
392,8,GO:0016829,,train,0.0159014234926071,0.0042579872907965,3.400832092359181,8,61,0.13114754098360656,28980,53,1229,27690
392,9,GO:0016616,,train,0.0201931482533459,0.0055231398553326,4.7460205992509366,5,61,0.08196721311475409,28980,56,534,28385
392,10,GO:0016614,,train,0.0300192679331626,0.0085255735519906,4.2576058201058204,5,61,0.08196721311475409,28980,56,594,28325
393,1,GO:0051213,,train,1.5955326772359238e-42,1.1091188572753451e-43,178.0442857142857,26,51,0.5098039215686274,28980,25,168,28761
393,2,GO:0016702,,train,2.8846784898544995e-35,2.3525631765400963e-36,267.79052734375,19,51,0.37254901960784315,28980,32,64,28865
393,3,GO:0016701,,train,3.882913298193706e-33,3.299742648170589e-34,199.1340843023256,19,51,0.37254901960784315,28980,32,86,28843
393,4,GO:0008198,,train,8.057380363891301e-24,8.213868724944116e-25,329.36752136752136,12,51,0.23529411764705882,28980,39,27,28902
393,5,GO:0046914,,train,5.596456412136761e-21,6.0215556146639495e-22,19.75015067805123,29,51,0.5686274509803921,28980,22,1810,27119
393,6,GO:0005506,,train,5.73221909765978e-20,6.322115271608246e-21,31.58950359351496,20,51,0.39215686274509803,28980,31,579,28350
393,7,GO:0016860,,train,6.223535589331448e-13,8.214913837047046e-14,39.70226130653266,11,51,0.21568627450980393,28980,40,199,28730
393,8,GO:0016861,,train,8.189162620923196e-13,1.0852673549830549e-13,50.15505226480836,10,51,0.19607843137254902,28980,41,140,28789
393,9,GO:0016853,,train,1.897709039100659e-07,3.123656762664148e-08,9.923607427055703,12,51,0.23529411764705882,28980,39,870,28059
393,10,GO:0016813,,train,7.881379912589497e-06,1.4346572568424623e-06,57.17169717961405,4,51,0.0784313725490196,28980,47,43,28886
394,1,GO:0003723,,train,1.3728906343831258e-38,1.0355899415697188e-39,28.645870535714284,47,75,0.6266666666666667,28980,28,1600,27305
394,2,GO:0003727,,train,9.883875428921461e-09,1.5246942616135103e-09,137.57142857142858,5,75,0.06666666666666667,28980,70,15,28890
394,3,GO:0017069,,train,3.317021351091536e-07,5.5259397204375216e-08,147.98463508322664,4,75,0.05333333333333334,28980,71,11,28894
394,4,GO:0045182,,train,4.249516425321874e-07,7.134188309904109e-08,17.051459122298954,8,75,0.10666666666666667,28980,67,201,28704
394,5,GO:0003743,,train,2.669283423177672e-06,4.71818149674959e-07,23.62510254306809,6,75,0.08,28980,69,106,28799
394,6,GO:0090079,,train,5.3189425239382095e-06,9.574626302721476e-07,15.156108597285067,7,75,0.09333333333333334,28980,68,195,28710
394,7,GO:0008135,,train,5.8584162033687175e-05,1.1426116847417442e-05,13.282608695652174,6,75,0.08,28980,69,188,28717
394,8,GO:0019843,,train,0.0001279102033751,2.572292662419369e-05,8.996492174851593,7,75,0.09333333333333334,28980,68,327,28578
394,9,GO:0043021,,train,0.0002586695700241,5.3663119047113257e-05,21.656338028169014,4,75,0.05333333333333334,28980,71,75,28830
394,10,GO:0043022,,train,0.0014029611582658,0.0003170707834906,25.049479166666668,3,75,0.04,28980,72,48,28857
395,1,GO:0016151,,train,8.372122447408101e-06,1.527175981486664e-06,56.30409356725146,4,42,0.09523809523809523,28980,38,54,28884
395,2,GO:0003899,,train,8.271299230969679e-05,1.6379290154774888e-05,30.054194893173527,4,42,0.09523809523809523,28980,38,101,28837
395,3,GO:0034062,,train,0.0004805447103004,0.0001027053990201,18.468549422336327,4,42,0.09523809523809523,28980,38,164,28774
395,4,GO:0097747,,train,0.0004805447103004,0.0001027053990201,18.468549422336327,4,42,0.09523809523809523,28980,38,164,28774
395,5,GO:0051082,,train,0.0017637220538526,0.00040299475701,23.110576923076923,3,42,0.07142857142857142,28980,39,96,28842
395,6,GO:0016779,,train,0.0029263234373194,0.0006876692918,7.927835051546392,5,42,0.11904761904761904,28980,37,485,28453
395,7,GO:0016765,,train,0.0058280671097764,0.0014346090143671,9.014812480302552,4,42,0.09523809523809523,28980,38,334,28604
395,8,GO:0016874,,train,0.0067455245446464,0.0016782300717017,6.448266448266448,5,42,0.11904761904761904,28980,37,594,28344
395,9,GO:0140098,,train,0.0100975012387208,0.002594108617148,4.836445366528354,6,42,0.14285714285714285,28980,36,964,27974
395,10,GO:0003677,,train,0.0154792700440504,0.004138143903155,3.2695446384853923,9,42,0.21428571428571427,28980,33,2228,26710
396,1,GO:0020037,,train,9.828001276287691e-178,5.786765845076679e-180,648.0027877339705,115,124,0.9274193548387096,28980,9,558,28298
396,2,GO:0046906,,train,1.1232029709002022e-171,7.337324970288693e-174,565.1462904911181,115,124,0.9274193548387096,28980,9,638,28218
396,3,GO:0009055,,train,7.639091145873623e-141,7.78745560173425e-143,210.42979362101315,99,124,0.7983870967741935,28980,25,533,28323
396,4,GO:0005506,,train,4.666601037431871e-50,2.7682183849780413e-51,34.838527051641805,50,124,0.4032258064516129,28980,74,549,28307
396,5,GO:0046914,,train,1.0534763025879418e-27,9.899967714509527e-29,10.576353774018571,51,124,0.4112903225806452,28980,73,1788,27068
396,6,GO:0008121,,train,0.0324357247725481,0.0093163512140737,14.76639344262295,2,124,0.016129032258064516,28980,122,32,28824
396,7,GO:0016681,,train,0.0324357247725481,0.0093163512140737,14.76639344262295,2,124,0.016129032258064516,28980,122,32,28824
397,1,GO:0005524,,train,2.616262454684143e-35,2.1313606604202484e-36,102.29788531923546,38,42,0.9047619047619048,28980,4,2459,26479
397,2,GO:0032559,,train,4.4759067213253017e-35,3.6673143801584415e-36,100.68476953907816,38,42,0.9047619047619048,28980,4,2495,26443
397,3,GO:0030554,,train,4.7484044558022647e-35,3.893366163339058e-36,100.50840336134452,38,42,0.9047619047619048,28980,4,2499,26439
397,4,GO:0035639,,train,1.09324176605069e-34,9.024680835254544e-36,117.57757723012844,39,42,0.9285714285714286,28980,3,2881,26057
397,5,GO:0032555,,train,2.4968468194166397e-34,2.071380083952288e-35,114.78328804347828,39,42,0.9285714285714286,28980,3,2944,25994
397,6,GO:0017076,,train,2.6970684868872787e-34,2.2398538712615155e-35,114.52338983050848,39,42,0.9285714285714286,28980,3,2950,25988
397,7,GO:0032553,,train,2.281434121467563e-33,1.9260899136038656e-34,107.575,39,42,0.9285714285714286,28980,3,3120,25818
397,8,GO:0097367,,train,1.798618543641514e-32,1.5474536903287126e-33,101.20582877959929,39,42,0.9285714285714286,28980,3,3294,25644
397,9,GO:0016874,,train,2.4780812936964425e-17,2.891348915485523e-18,33.130721649484535,17,42,0.40476190476190477,28980,25,582,28356
397,10,GO:0016879,,train,1.8255877548768594e-16,2.1883308705967448e-17,54.28677433435181,13,42,0.30952380952380953,28980,29,237,28701
398,1,GO:0016614,,train,2.1688753697916832e-170,1.4485853599100788e-172,403.2421875,111,127,0.8740157480314961,28980,16,488,28365
398,2,GO:0016616,,train,3.1795363631534643e-168,2.1888011405251315e-170,374.8413725729637,108,127,0.8503937007874016,28980,19,431,28422
398,3,GO:0004312,,train,3.5692516343658507e-56,1.8579723333239933e-57,121.875372279496,37,127,0.29133858267716534,28980,90,97,28756
398,4,GO:0016747,,train,1.2487581356315486e-34,1.0315780362893539e-35,26.48636936255984,37,127,0.29133858267716534,28980,90,441,28412
398,5,GO:0016746,,train,6.950814093369663e-31,6.149180819045722e-32,20.435618043350907,37,127,0.29133858267716534,28980,90,569,28284
398,6,GO:0051287,,train,8.197150709544417e-23,8.493224964015176e-24,22.790125822315897,25,127,0.1968503937007874,28980,102,307,28546
398,7,GO:0050661,,train,2.8796228011244283e-11,4.0321636316532695e-12,13.617819013726487,15,127,0.11811023622047244,28980,112,281,28572
398,8,GO:0016646,,train,2.669504173971284e-05,5.050138546300656e-06,15.334577446014396,6,127,0.047244094488188976,28980,121,93,28760
398,9,GO:0016645,,train,0.0001198647776383,2.40628444548682e-05,11.488536390295922,6,127,0.047244094488188976,28980,121,124,28729
398,10,GO:0016628,,train,0.0042894296875843,0.0010343786855375,9.640767747883665,4,127,0.031496062992125984,28980,123,97,28756
399,1,GO:0016209,,train,8.954086417248854e-112,1.6052672722724018e-113,550.430855789162,65,76,0.8552631578947368,28980,11,307,28597
399,2,GO:0016684,,train,1.3439751743187284e-108,2.5944858654130183e-110,575.256728778468,58,76,0.7631578947368421,28980,18,161,28743
399,3,GO:0051920,,train,1.6131741501856877e-106,3.255930484453639e-108,2206.833616298812,45,76,0.5921052631578947,28980,31,19,28885
399,4,GO:0004601,,train,1.965869764105133e-75,7.031452623172416e-77,256.69642857142856,44,76,0.5789473684210527,28980,32,154,28750
400,1,GO:0003777,,train,4.9505730341067736e-126,6.859481047345999e-128,inf,44,44,1.0,28980,0,17,28919
400,2,GO:0008017,,train,1.886807827080329e-111,3.4323685754954584e-113,inf,44,44,1.0,28980,0,59,28877
400,3,GO:0003774,,train,5.5402767980118196e-111,1.0240837389183165e-112,inf,44,44,1.0,28980,0,61,28875
400,4,GO:0015631,,train,3.281428470323503e-109,6.2673678491107134e-111,inf,44,44,1.0,28980,0,69,28867
400,5,GO:0008092,,train,6.884060922928334e-83,2.1496935711520063e-84,inf,44,44,1.0,28980,0,341,28595
400,6,GO:0017111,,train,7.720689376841343e-69,3.145993767228025e-70,inf,44,44,1.0,28980,0,740,28196
400,7,GO:0016462,,train,1.3278690927666333e-65,5.78027791502246e-67,inf,44,44,1.0,28980,0,882,28054
400,8,GO:0016818,,train,4.77790067671537e-65,2.1092352344406548e-66,inf,44,44,1.0,28980,0,909,28027
400,9,GO:0016817,,train,7.962076949762203e-65,3.535901999542872e-66,inf,44,44,1.0,28980,0,920,28016
400,10,GO:0005524,,train,1.565890374609363e-46,1.0064046289635709e-47,inf,44,44,1.0,28980,0,2453,26483
401,1,GO:0052689,,train,2.2684057907010313e-24,2.283888655312255e-25,362.4458483754513,14,18,0.7777777777777778,28980,4,277,28685
401,2,GO:0016788,,train,6.265327598788165e-16,7.609352967330383e-17,87.2944550669216,15,18,0.8333333333333334,28980,3,1569,27393
401,3,GO:0016298,,train,1.3131509413851398e-07,2.1418473918717103e-08,80.92363840539024,5,18,0.2777777777777778,28980,13,137,28825
401,4,GO:0005102,,train,0.0007203877100888,0.0001567097031115,17.981078524124882,4,18,0.2222222222222222,28980,14,453,28509
402,1,GO:0016829,,train,2.880292000561725e-71,1.1204932409836749e-72,27.99898814686325,84,156,0.5384615384615384,28980,72,1153,27671
402,2,GO:0016830,,train,3.781678191816318e-64,1.6927100439685192e-65,43.331912254863965,59,156,0.3782051282051282,28980,97,399,28425
402,3,GO:0016831,,train,8.194731064538347e-64,3.696835058554956e-65,63.44227005870842,51,156,0.3269230769230769,28980,105,219,28605
402,4,GO:0030170,,train,7.023287490346282e-27,6.709125144570179e-28,22.263075722092115,30,156,0.19230769230769232,28980,126,305,28519
402,5,GO:0070279,,train,7.023287490346282e-27,6.709125144570179e-28,22.263075722092115,30,156,0.19230769230769232,28980,126,305,28519
402,6,GO:0019842,,train,3.0605053286712374e-24,3.088566909005599e-25,15.738605619146725,32,156,0.20512820512820512,28980,124,465,28359
402,7,GO:0000287,,train,2.0793283797091134e-12,2.796436884097765e-13,7.8437978560490045,24,156,0.15384615384615385,28980,132,653,28171
402,8,GO:0016614,,train,1.0837787758934228e-11,1.495962032987611e-12,8.037378100830336,22,156,0.14102564102564102,28980,134,577,28247
402,9,GO:0016616,,train,1.1912030142916279e-11,1.647914899813432e-12,8.5003003003003,21,156,0.1346153846153846,28980,135,518,28306
402,10,GO:0004497,,train,9.8128891623593e-10,1.4551028192243834e-10,10.323491098567086,15,156,0.09615384615384616,28980,141,294,28530
403,1,GO:0004601,,train,6.596666089172566e-81,2.1333800165352885e-82,inf,37,37,1.0,28980,0,161,28782
403,2,GO:0016684,,train,3.8693052475375615e-79,1.2819475158815896e-80,inf,37,37,1.0,28980,0,182,28761
403,3,GO:0016209,,train,4.172527440388954e-70,1.6525345224846549e-71,inf,37,37,1.0,28980,0,335,28608
403,4,GO:0020037,,train,2.6755039838936395e-60,1.2916280181201389e-61,inf,37,37,1.0,28980,0,636,28307
403,5,GO:0046906,,train,1.8269875925980426e-58,9.189260030145705e-60,inf,37,37,1.0,28980,0,716,28227
404,1,GO:0016746,,train,3.444233797958543e-67,1.4498532289499448e-68,2058.925663716814,41,42,0.9761904761904762,28980,1,565,28373
404,2,GO:0016747,,train,9.38568117933214e-63,4.3248312666870134e-64,615.2977272727272,38,42,0.9047619047619048,28980,4,440,28498
404,3,GO:0008374,,train,3.1764868483290232e-43,2.1699526409184411e-44,918.608695652174,19,42,0.4523809523809524,28980,23,26,28912
404,4,GO:0016407,,train,2.00441783805068e-41,1.4303429866395574e-42,238.31884057971016,24,42,0.5714285714285714,28980,18,161,28777
404,5,GO:0016410,,train,1.4110498144904657e-25,1.3809993350946614e-26,134.2937062937063,16,42,0.38095238095238093,28980,26,132,28806
404,6,GO:0008080,,train,0.0032865058798846,0.0007770275348316,18.319771137952955,3,42,0.07142857142857142,28980,39,121,28817
406,1,GO:0030170,,train,3.05015746597569e-277,3.663369836394625e-280,1399.0900930851064,147,163,0.901840490797546,28980,16,188,28629
406,2,GO:0070279,,train,3.05015746597569e-277,3.663369836394625e-280,1399.0900930851064,147,163,0.901840490797546,28980,16,188,28629
406,3,GO:0019842,,train,3.0678622804285545e-246,6.200969544762873e-249,747.25875,147,163,0.901840490797546,28980,16,350,28467
406,4,GO:0008483,,train,4.334184080252851e-235,1.0284117248161259e-237,880.31484295846,121,163,0.7423312883435583,28980,42,94,28723
406,5,GO:0016769,,train,4.923725163385067e-234,1.1827209871915382e-236,852.9995090819833,121,163,0.7423312883435583,28980,42,97,28720
406,6,GO:0016831,,train,3.1536839114052056e-22,3.306393273843405e-23,21.126885536823423,25,163,0.15337423312883436,28980,138,245,28572
406,7,GO:0016830,,train,5.0515364782800405e-20,5.56694502483801e-21,13.69226528854436,28,163,0.17177914110429449,28980,135,430,28387
406,8,GO:0016829,,train,9.035327013686461e-14,1.1637909857099148e-14,6.049965525462829,34,163,0.2085889570552147,28980,129,1203,27614
406,9,GO:0016866,,train,2.5025642574538943e-10,3.6376142735115046e-11,17.26971703792896,12,163,0.0736196319018405,28980,151,132,28685
406,10,GO:0016846,,train,0.0008905200868395,0.0001961716335071,15.39943797671618,4,163,0.024539877300613498,28980,159,47,28770
407,1,GO:0004714,,train,3.053973240057285e-51,1.7668796757515714e-52,658.4615384615385,24,51,0.47058823529411764,28980,27,39,28890
407,2,GO:0019199,,train,1.137685083198844e-47,7.105324420364809e-49,427.68888888888887,24,51,0.47058823529411764,28980,27,60,28869
407,3,GO:0004713,,train,9.509866678910463e-42,6.7304795079379215e-43,220.78927203065132,24,51,0.47058823529411764,28980,27,116,28813
407,4,GO:0004888,,train,1.1096141590477589e-36,8.760026243178108e-38,83.64504976427449,28,51,0.5490196078431373,28980,23,415,28514
407,5,GO:0038023,,train,1.344246474964972e-33,1.1281794389590895e-34,59.30770342535048,29,51,0.5686274509803921,28980,22,629,28300
407,6,GO:0060089,,train,3.050176206043136e-33,2.5849253783527528e-34,57.5300925925926,29,51,0.5686274509803921,28980,22,648,28281
407,7,GO:0004672,,train,9.342772997755496e-27,8.946751304936787e-28,46.380718954248366,24,51,0.47058823529411764,28980,27,544,28385
407,8,GO:0016773,,train,3.368605657145777e-22,3.533695655224252e-23,28.90794386507017,24,51,0.47058823529411764,28980,27,863,28066
407,9,GO:0016301,,train,1.8702650467538945e-19,2.0873860702851263e-20,21.6283323603814,24,51,0.47058823529411764,28980,27,1142,27787
407,10,GO:0016772,,train,4.27592134324396e-15,5.318440994643306e-16,13.436830702568864,24,51,0.47058823529411764,28980,27,1795,27134
408,1,GO:0016614,,train,7.463179795577666e-18,8.613799805072503e-19,125.90034129692832,13,18,0.7222222222222222,28980,5,586,28376
408,2,GO:0005509,,train,1.6282630857940325e-15,1.9994958126515464e-16,90.23566878980893,12,18,0.6666666666666666,28980,6,628,28334
408,3,GO:0048038,,train,4.649400045188094e-05,8.983637313782896e-06,91.74285714285716,3,18,0.16666666666666666,28980,15,63,28899
408,4,GO:0016638,,train,5.064997044829131e-05,9.831171578943027e-06,88.91384615384615,3,18,0.16666666666666666,28980,15,65,28897
408,5,GO:0031406,,train,0.0018022712279949,0.0004124364423674,24.34406779661017,3,18,0.16666666666666666,28980,15,236,28726
408,6,GO:0043177,,train,0.0021150712018665,0.0004869304442531,22.9696,3,18,0.16666666666666666,28980,15,250,28712
408,7,GO:0009055,,train,0.023762207709252,0.0065981769597797,9.008903020667727,3,18,0.16666666666666666,28980,15,629,28333
408,8,GO:0020037,,train,0.0278139448437714,0.007843830653279,8.445373134328358,3,18,0.16666666666666666,28980,15,670,28292
408,9,GO:0046906,,train,0.0365728016091885,0.0106556840028411,7.5232,3,18,0.16666666666666666,28980,15,750,28212
409,1,GO:0003735,,train,1.669972541408141e-179,9.63718518491384e-182,92.703023969695,152,213,0.7136150234741784,28980,61,753,28014
409,2,GO:0005198,,train,2.457950717817593e-167,1.7280609669163143e-169,70.99360198624905,162,213,0.7605633802816901,28980,51,1232,27535
409,3,GO:0003723,,train,3.306578783029531e-40,2.4070212015784585e-41,9.807835331584863,77,213,0.3615023474178404,28980,136,1570,27197
409,4,GO:0019843,,train,2.0662317459401808e-26,1.9931748950935977e-27,17.33809523809524,33,213,0.15492957746478872,28980,180,301,28466
409,5,GO:0017056,,train,3.6300343358878506e-07,6.060159264207418e-08,36.22432262129804,6,213,0.028169014084507043,28980,207,23,28744
409,6,GO:0003729,,train,7.031945485641065e-05,1.3820312015044123e-05,9.839952927331568,7,213,0.03286384976525822,28980,206,99,28668
409,7,GO:0000049,,train,0.0017288792404534,0.0003944763864397,6.750088370448922,6,213,0.028169014084507043,28980,207,123,28644
409,8,GO:0046982,,train,0.0022275121632071,0.0005147741001125,8.208276098901099,5,213,0.023474178403755867,28980,208,84,28683
409,9,GO:0008137,,train,0.0471793255959919,0.0141550415313047,4.493685779276806,4,213,0.018779342723004695,28980,209,122,28645
410,1,GO:0004386,,train,0.002865214343169,0.0006726375412648,62.77391304347826,2,12,0.16666666666666666,28980,10,92,28876
410,2,GO:0016887,,train,0.0363603153744722,0.0105863190821361,14.966492146596858,2,12,0.16666666666666666,28980,10,382,28586
411,1,GO:0015288,,train,1.0487046539955733e-104,2.205729682071716e-106,1900.0,45,81,0.5555555555555556,28980,36,19,28880
411,2,GO:0022829,,train,3.1283198251034384e-103,6.836355243656928e-105,1640.7386363636365,45,81,0.5555555555555556,28980,36,22,28877
411,3,GO:0015267,,train,1.0148421919290116e-58,5.074656887315296e-60,87.0721271393643,45,81,0.5555555555555556,28980,36,409,28490
411,4,GO:0022803,,train,1.0148421919290116e-58,5.074656887315296e-60,87.0721271393643,45,81,0.5555555555555556,28980,36,409,28490
411,5,GO:0022857,,train,3.408440822019577e-55,1.8181945504577586e-56,56.1660777385159,51,81,0.6296296296296297,28980,30,849,28050
411,6,GO:0005215,,train,6.046570493688182e-51,3.521276662112108e-52,45.53875,51,81,0.6296296296296297,28980,30,1040,27859
411,7,GO:0005506,,train,7.088944411650513e-10,1.0457838725450969e-10,11.019224782067248,15,81,0.18518518518518517,28980,66,584,28315
411,8,GO:0038023,,train,2.540678853399092e-09,3.826238388061263e-10,9.987275554927187,15,81,0.18518518518518517,28980,66,643,28256
411,9,GO:0060089,,train,3.7231793705964574e-09,5.652880650848475e-10,9.694108761329304,15,81,0.18518518518518517,28980,66,662,28237
411,10,GO:0046914,,train,0.0007207510633886,0.0001568309722251,3.3735795454545454,15,81,0.18518518518518517,28980,66,1824,27075
412,1,GO:0015036,,train,2.0427217829327224e-25,2.00520276960704e-26,349.6111111111111,14,20,0.7,28980,6,192,28768
412,2,GO:0016667,,train,3.877651218335469e-23,3.9881751259852454e-24,235.60093896713616,14,20,0.7,28980,6,284,28676
412,3,GO:0015035,,train,1.9640829632559209e-22,2.0499831848378142e-23,322.679104477612,12,20,0.6,28980,8,134,28826
412,4,GO:0016853,,train,0.0001050989383626,2.100624121768978e-05,13.73972602739726,6,20,0.3,28980,14,876,28084
412,5,GO:0009055,,train,0.0002755591517779,5.7368804865283664e-05,15.06273258904838,5,20,0.25,28980,15,627,28333
412,6,GO:0016859,,train,0.0004371660642922,9.293476663352188e-05,40.38375350140056,3,20,0.15,28980,17,126,28834
412,7,GO:0016860,,train,0.0318094191583269,0.0091122333523531,15.35897435897436,2,20,0.1,28980,18,208,28752
413,1,GO:0042578,,train,8.606976770197306e-16,1.049619014392928e-16,298.6477987421384,10,12,0.8333333333333334,28980,2,477,28491
413,2,GO:0016788,,train,9.640178945291192e-11,1.3817674540618624e-11,87.02033036848793,10,12,0.8333333333333334,28980,2,1574,27394
413,3,GO:0004112,,train,4.551157085971207e-06,8.151617097711922e-07,224.2248062015504,3,12,0.25,28980,9,43,28925
413,4,GO:0008081,,train,6.00904730931311e-05,1.1732226123142596e-05,89.07407407407408,3,12,0.25,28980,9,108,28860
413,5,GO:0003697,,train,0.0020694590981748,0.0004757628087551,75.04155844155844,2,12,0.16666666666666666,28980,10,77,28891
413,6,GO:0016701,,train,0.0035216770359962,0.0008380966177588,56.04854368932039,2,12,0.16666666666666666,28980,10,103,28865
413,7,GO:0046914,,train,0.0194247213089166,0.0052970305142427,7.393188010899182,4,12,0.3333333333333333,28980,8,1835,27133
413,8,GO:0004033,,train,0.0379929956286041,0.0111251130533886,101.1958041958042,1,12,0.08333333333333333,28980,11,26,28942
414,1,GO:0051536,,train,3.975025231105066e-68,1.6406862204139314e-69,2796.4278350515465,38,39,0.9743589743589743,28980,1,388,28553
414,2,GO:0051540,,train,4.777976307047061e-68,1.976302119562484e-69,2781.892307692308,38,39,0.9743589743589743,28980,1,390,28551
414,3,GO:0051537,,train,4.067983902373208e-37,3.181743275430314e-38,248.94074074074075,21,39,0.5384615384615384,28980,18,135,28806
414,4,GO:0051539,,train,3.8247065207202206e-27,3.632333989564097e-28,117.26938775510204,18,39,0.46153846153846156,28980,21,210,28731
414,5,GO:0009055,,train,8.82691077638886e-21,9.541348321432729e-22,43.90146818923328,19,39,0.48717948717948717,28980,20,613,28328
414,6,GO:0003954,,train,4.2374531828772545e-09,6.449836464314441e-10,48.108301526717554,7,39,0.1794871794871795,28980,32,131,28810
414,7,GO:0016655,,train,1.7058534316858106e-08,2.6609454620285732e-09,38.860532407407405,7,39,0.1794871794871795,28980,32,162,28779
414,8,GO:0016651,,train,5.12667818674818e-08,8.184783700318594e-09,24.06976988546811,8,39,0.20512820512820512,28980,31,307,28634
414,9,GO:0008137,,train,1.0706802781460253e-07,1.7378912678932322e-08,43.66818181818182,6,39,0.15384615384615385,28980,33,120,28821
414,10,GO:0050136,,train,1.2857568200744665e-07,2.0960355929678664e-08,42.25366568914956,6,39,0.15384615384615385,28980,33,124,28817
415,1,GO:0044877,,train,2.3436280552779587e-11,3.2747768766077464e-12,8.045384677615079,21,284,0.07394366197183098,28980,263,282,28414
415,2,GO:0008092,,train,4.448555233694253e-11,6.28508125849002e-12,6.897419614318071,23,284,0.08098591549295775,28980,261,362,28334
415,3,GO:0005524,,train,4.707136801669062e-11,6.653172530700772e-12,3.0119725474961614,62,284,0.21830985915492956,28980,222,2435,26261
415,4,GO:0032559,,train,8.506183106198927e-11,1.2157385644650838e-11,2.9640222982999185,62,284,0.21830985915492956,28980,222,2471,26225
415,5,GO:0030554,,train,9.074990043682063e-11,1.2988956660934047e-11,2.958780598780599,62,284,0.21830985915492956,28980,222,2475,26221
415,6,GO:0051015,,train,1.9675387975824112e-10,2.8489745075577407e-11,15.247150471504716,13,284,0.045774647887323945,28980,271,90,28606
415,7,GO:0003774,,train,2.5113509172622075e-10,3.651857501622755e-11,14.914647842130597,13,284,0.045774647887323945,28980,271,92,28604
415,8,GO:0032555,,train,4.4295217270303755e-10,6.49694328360462e-11,2.7296719829575267,67,284,0.23591549295774647,28980,217,2916,25780
415,9,GO:0017076,,train,4.828750812237288e-10,7.088165427577425e-11,2.7234329116159945,67,284,0.23591549295774647,28980,217,2922,25774
415,10,GO:0035639,,train,4.900434399995313e-10,7.194825911115948e-11,2.741319120757604,66,284,0.2323943661971831,28980,218,2854,25842
416,1,GO:0016853,,train,6.295740328352126e-07,1.068746966716483e-07,4.84894298409686,19,146,0.13013698630136986,28980,127,863,27971
416,2,GO:0016829,,train,2.2452954485717675e-05,4.227235506333523e-06,3.6020137992200443,20,146,0.136986301369863,28980,126,1217,27617
416,3,GO:0004842,,train,3.484220944182156e-05,6.660815502748557e-06,11.034158932396068,7,146,0.04794520547945205,28980,139,131,28703
416,4,GO:0019787,,train,5.417071856301396e-05,1.0535178854024949e-05,10.248022858309096,7,146,0.04794520547945205,28980,139,141,28693
416,5,GO:0051213,,train,0.0002866349349039,5.983421349636645e-05,7.714730889085523,7,146,0.04794520547945205,28980,139,187,28647
416,6,GO:0016860,,train,0.0004613114810782,9.829744011962142e-05,7.102704043661622,7,146,0.04794520547945205,28980,139,203,28631
416,7,GO:0017016,,train,0.0005144386563475,0.0001102659181678,11.583655705996131,5,146,0.03424657534246575,28980,141,88,28746
416,8,GO:0016861,,train,0.0005410814983302,0.0001162460587853,8.538690476190476,6,146,0.0410958904109589,28980,140,144,28690
416,9,GO:0031267,,train,0.0006222763463236,0.000134546729713,11.078476719087265,5,146,0.03424657534246575,28980,141,92,28742
416,10,GO:0016835,,train,0.0007124519129357,0.0001549207765685,4.485926628716003,10,146,0.0684931506849315,28980,136,465,28369
417,1,GO:0030546,,train,6.4199405389903e-96,1.5891407433127703e-97,837.0781344639612,48,61,0.7868852459016393,28980,13,127,28792
417,2,GO:0048018,,train,6.4199405389903e-96,1.5891407433127703e-97,837.0781344639612,48,61,0.7868852459016393,28980,13,127,28792
417,3,GO:0030545,,train,2.225210296402631e-95,5.599366214400386e-97,811.4057545507927,48,61,0.7868852459016393,28980,13,131,28788
417,4,GO:0005102,,train,1.244006546298296e-86,3.658735602084217e-88,467.603650990099,53,61,0.8688524590163934,28980,8,404,28515
417,5,GO:0098772,,train,4.098342984906561e-63,1.875270745063728e-64,144.2658082077052,49,61,0.8032786885245902,28980,12,796,28123
417,6,GO:0005125,,train,2.4063397595057406e-46,1.5507945838569964e-47,353.28097909229984,24,61,0.39344262295081966,28980,37,53,28866
417,7,GO:0008083,,train,1.1116682418824704e-41,7.880707576399737e-43,249.44624060150372,23,61,0.3770491803278688,28980,38,70,28849
417,8,GO:0005126,,train,2.088904370017903e-41,1.4918560078810814e-42,201.0531822144725,24,61,0.39344262295081966,28980,37,93,28826
417,9,GO:0005179,,train,5.330033592659667e-37,4.176652857709994e-38,2357.201086956521,15,61,0.2459016393442623,28980,46,4,28915
417,10,GO:0070851,,train,1.19635771547716e-19,1.3282349771973037e-20,186.9029411764706,11,61,0.18032786885245902,28980,50,34,28885
418,1,GO:0009055,,train,2.2543585661977054e-42,1.5736990547643706e-43,97.55383973288816,33,49,0.673469387755102,28980,16,599,28332
418,2,GO:0016168,,train,4.0346794071000515e-31,3.557543139517578e-32,455.40441176470586,15,49,0.30612244897959184,28980,34,28,28903
418,3,GO:0046906,,train,2.3702542623399948e-21,2.523910784077653e-22,31.43334853321173,22,49,0.4489795918367347,28980,27,731,28200
418,4,GO:0016679,,train,1.866181338002223e-12,2.5075940467575346e-13,93.88943089430894,8,49,0.16326530612244897,28980,41,60,28871
418,5,GO:0008121,,train,1.5310050704226392e-10,2.2070117325921457e-11,144.03488372093022,6,49,0.12244897959183673,28980,43,28,28903
418,6,GO:0016681,,train,1.5310050704226392e-10,2.2070117325921457e-11,144.03488372093022,6,49,0.12244897959183673,28980,43,28,28903
418,7,GO:0016627,,train,4.305356056623148e-08,6.8445286109774805e-09,24.032659897414423,8,49,0.16326530612244897,28980,41,233,28698
418,8,GO:0020037,,train,0.0006020123630296,0.0001299889600108,7.073323323323323,7,49,0.14285714285714285,28980,42,666,28265
418,9,GO:0048038,,train,0.0008763931695113,0.0001928542487438,29.88405797101449,3,49,0.061224489795918366,28980,46,63,28868
419,1,GO:0016705,,train,1.5270325794600458e-225,4.1153879166395466e-228,16406.25773195876,111,112,0.9910714285714286,28980,1,194,28674
419,2,GO:0004497,,train,6.100765375328973e-194,2.7879409396001986e-196,1412.28115942029,102,112,0.9107142857142857,28980,10,207,28661
419,3,GO:0005506,,train,5.05058175005716e-188,2.5595413854758427e-190,6455.286885245901,111,112,0.9910714285714286,28980,1,488,28380
419,4,GO:0020037,,train,6.670173568678745e-182,3.751569631737759e-184,5590.6868327402135,111,112,0.9910714285714286,28980,1,562,28306
419,5,GO:0046906,,train,4.615631087969319e-176,2.85291079931314e-178,4880.196261682243,111,112,0.9910714285714286,28980,1,642,28226
419,6,GO:0046914,,train,4.0751795379155467e-131,5.2287214389284625e-133,1743.3680555555557,111,112,0.9910714285714286,28980,1,1728,27140
419,7,GO:0016709,,train,5.402073998419799e-14,6.9169714524102704e-15,49.01670792079208,11,112,0.09821428571428571,28980,101,64,28804
420,1,GO:0003968,,train,2.407871206822488e-73,9.049707819530869e-75,10378.307692307691,28,30,0.9333333333333333,28980,2,39,28911
420,2,GO:0034062,,train,7.011086663682121e-64,3.160811546242137e-65,6010.928057553957,29,30,0.9666666666666667,28980,1,139,28811
420,3,GO:0097747,,train,7.011086663682121e-64,3.160811546242137e-65,6010.928057553957,29,30,0.9666666666666667,28980,1,139,28811
420,4,GO:0016779,,train,8.864525448835698e-50,5.299966734356757e-51,1792.1496746203904,29,30,0.9666666666666667,28980,1,461,28489
420,5,GO:0140098,,train,4.421027472417135e-41,3.171660157585483e-42,863.1891604675877,29,30,0.9666666666666667,28980,1,941,28009
420,6,GO:0016772,,train,3.66665897945204e-33,3.113819135082598e-34,440.0223463687151,29,30,0.9666666666666667,28980,1,1790,27160
420,7,GO:0003723,,train,2.590339704055212e-22,2.711976477808046e-23,55.286593947924,23,30,0.7666666666666667,28980,7,1624,27326
420,8,GO:0004386,,train,1.4374232203756652e-05,2.6662459593457867e-06,49.333333333333336,4,30,0.13333333333333333,28980,26,90,28860
420,9,GO:0016887,,train,0.0027075732560608,0.0006332628255186,11.566801619433198,4,30,0.13333333333333333,28980,26,380,28570
420,10,GO:0005524,,train,0.0029485691763219,0.0006931560371439,4.558222324299495,9,30,0.3,28980,21,2488,26462
421,1,GO:0016840,,train,8.199535757733142e-08,1.3220331256572988e-08,13.830332946186603,10,338,0.029585798816568046,28980,328,63,28579
421,2,GO:0016829,,train,2.003323696425652e-05,3.7575890172579458e-06,2.550985474909218,34,338,0.10059171597633136,28980,304,1203,27439
421,3,GO:0030170,,train,0.0007948022183085,0.0001737589405992,3.518012422360248,13,338,0.038461538461538464,28980,325,322,28320
421,4,GO:0070279,,train,0.0007948022183085,0.0001737589405992,3.518012422360248,13,338,0.038461538461538464,28980,325,322,28320
421,5,GO:0016616,,train,0.0010201000194628,0.0002264498329522,2.8529141452119218,17,338,0.05029585798816568,28980,321,522,28120
421,6,GO:0042802,,train,0.0020946199808331,0.0004820380985272,2.5057769816390505,19,338,0.05621301775147929,28980,319,665,27977
421,7,GO:0016614,,train,0.0031645105778628,0.0007469791204973,2.5533395424521736,17,338,0.05029585798816568,28980,321,582,28060
421,8,GO:0016746,,train,0.0086836951970104,0.0022041836975157,2.362522370775871,16,338,0.047337278106508875,28980,322,590,28052
421,9,GO:0019842,,train,0.0089926093078322,0.0022883908093019,2.519144748613348,14,338,0.04142011834319527,28980,324,483,28159
421,10,GO:0016830,,train,0.0116572710602258,0.0030371669686747,2.534561797752809,13,338,0.038461538461538464,28980,325,445,28197
422,1,GO:0101005,,train,4.768627533869669e-08,7.600580722320317e-09,257.04,4,13,0.3076923076923077,28980,9,50,28917
422,2,GO:0003743,,train,8.604598996273892e-07,1.4712787984079066e-07,118.76131687242798,4,13,0.3076923076923077,28980,9,108,28859
422,3,GO:0008135,,train,7.31708768965307e-06,1.3278659002665956e-06,67.31461988304093,4,13,0.3076923076923077,28980,9,190,28777
422,4,GO:0090079,,train,8.544608999939175e-06,1.559640820183994e-06,64.57687991021325,4,13,0.3076923076923077,28980,9,198,28769
422,5,GO:0036459,,train,8.918954016466218e-06,1.6305824183954558e-06,173.502,3,13,0.23076923076923078,28980,10,50,28917
422,6,GO:0045182,,train,9.731667822187313e-06,1.7860063539855144e-06,62.356639566395664,4,13,0.3076923076923077,28980,9,205,28762
422,7,GO:0019783,,train,9.93865940448289e-06,1.8251590885755408e-06,166.81730769230768,3,13,0.23076923076923078,28980,10,52,28915
422,8,GO:0008242,,train,4.2070130203735145e-05,8.099273389546456e-06,99.58620689655172,3,13,0.23076923076923078,28980,10,87,28880
422,9,GO:0031369,,train,0.0001402635397591,2.8305812619760515e-05,328.9886363636364,2,13,0.15384615384615385,28980,11,16,28951
422,10,GO:0070011,,train,0.0006159791843623,0.0001331671318684,14.12999185004075,5,13,0.38461538461538464,28980,8,1227,27740
424,1,GO:0046789,,train,1.6762010764480603e-40,1.2147879026078743e-41,226.36428815295324,23,52,0.4423076923076923,28980,29,101,28827
424,2,GO:0046812,,train,2.499945189516849e-40,1.8176359845272927e-41,221.9534650150653,23,52,0.4423076923076923,28980,29,103,28825
424,3,GO:0090729,,train,0.0050256495580173,0.0012222205416603,9.333333333333334,4,52,0.07692307692307693,28980,48,256,28672
424,4,GO:0016168,,train,0.0105542199824575,0.0027204084021924,28.182439024390245,2,52,0.038461538461538464,28980,50,41,28887
425,1,GO:0016763,,train,1.592830802544936e-39,1.1790970026748256e-40,532.6666666666666,21,27,0.7777777777777778,28980,6,189,28764
425,2,GO:0016757,,train,6.706690608739105e-33,5.717101582280458e-34,246.0948275862069,21,27,0.7777777777777778,28980,6,406,28547
425,3,GO:0090729,,train,2.047404331141708e-05,3.842069351522917e-06,25.577540106951872,5,27,0.18518518518518517,28980,22,255,28698
425,4,GO:0016840,,train,0.008335510330134,0.0021089668899249,32.543098591549295,2,27,0.07407407407407407,28980,25,71,28882
426,1,GO:0051087,,train,1.6981833906816958e-18,1.9381089404739396e-19,370.6923076923077,9,48,0.1875,28980,39,18,28914
427,1,GO:0005509,,train,1.707401941847252e-150,1.4904818193469874e-152,inf,90,90,1.0,28980,0,550,28340
427,2,GO:0051015,,train,0.0013503480016991,0.000304112119901,13.526427061310782,4,90,0.044444444444444446,28980,86,99,28791
427,3,GO:0044877,,train,0.0100270678730115,0.002574909300086,5.643900513225424,5,90,0.05555555555555555,28980,85,298,28592
427,4,GO:0003779,,train,0.0219948437632733,0.0060661878322997,5.821265360008124,4,90,0.044444444444444446,28980,86,229,28661
427,5,GO:0005496,,train,0.0225692010037914,0.0062351739949836,18.21590909090909,2,90,0.022222222222222223,28980,88,36,28854
427,6,GO:0008092,,train,0.0252061637553,0.0070500762086769,4.413312693498452,5,90,0.05555555555555555,28980,85,380,28510
428,1,GO:0016765,,train,5.912031985419378e-25,5.865791468089006e-26,inf,13,13,1.0,28980,0,325,28642
428,2,GO:0004659,,train,5.10283701090459e-13,6.705723066150508e-14,495.72,6,13,0.46153846153846156,28980,7,50,28917
428,3,GO:0000287,,train,6.703118337281101e-10,9.882764915351608e-11,67.67832585949178,8,13,0.6153846153846154,28980,5,669,28298
429,1,GO:0003677,,train,1.647896397423825e-139,1.7185198391272862e-141,245.3010738072584,135,142,0.9507042253521126,28980,7,2102,26736
429,2,GO:0000976,,train,0.0053851914978591,0.0013167587495277,15.158975258817335,3,142,0.02112676056338028,28980,139,41,28797
429,3,GO:0001067,,train,0.0053851914978591,0.0013167587495277,15.158975258817335,3,142,0.02112676056338028,28980,139,41,28797
429,4,GO:1990837,,train,0.0176110999574874,0.004765320042983,9.40876389797253,3,142,0.02112676056338028,28980,139,66,28772
429,5,GO:0003700,,train,0.045375549338293,0.0135606923382038,2.6731106372897417,8,142,0.056338028169014086,28980,134,630,28208
430,1,GO:0022857,,train,1.7446613141220218e-08,2.7235258350049074e-09,6.286606129398411,19,115,0.16521739130434782,28980,96,881,27984
430,2,GO:0005215,,train,6.708660004321758e-08,1.0765456690299262e-08,5.463462578013662,20,115,0.17391304347826086,28980,95,1071,27794
430,3,GO:0008509,,train,2.382021309939233e-05,4.491628195822376e-06,23.383928571428573,5,115,0.043478260869565216,28980,110,56,28809
430,4,GO:0015103,,train,8.75301634474032e-05,1.7384495069086144e-05,29.683397683397683,4,115,0.034782608695652174,28980,111,35,28830
431,1,GO:0004298,,train,1.1019433666937166e-130,1.4267773034496962e-132,67943.2,47,48,0.9791666666666666,28980,1,20,28912
431,2,GO:0070003,,train,1.595725138825181e-123,2.2904921874339827e-125,36704.45945945946,47,48,0.9791666666666666,28980,1,37,28895
431,3,GO:0004175,,train,3.890289817006389e-72,1.4928903126456247e-73,1818.3004115226336,47,48,0.9791666666666666,28980,1,729,28203
431,4,GO:0070011,,train,1.3899251648407658e-65,6.062625803227876e-67,inf,48,48,1.0,28980,0,1184,27748
431,5,GO:0008233,,train,1.8826666327397077e-64,8.39387941245521e-66,inf,48,48,1.0,28980,0,1252,27680
431,6,GO:0140096,,train,1.276787032599401e-50,7.487850834179923e-52,inf,48,48,1.0,28980,0,2468,26464
432,1,GO:0016782,,train,3.6230344966537838e-09,5.495524686900809e-10,48.38911532006713,7,50,0.14,28980,43,97,28833
432,2,GO:0016701,,train,3.869304305344112e-09,5.880408570209817e-10,47.8936877076412,7,50,0.14,28980,43,98,28832
432,3,GO:0046912,,train,1.3716678593055933e-07,2.241310987845036e-08,72.94444444444444,5,50,0.1,28980,45,44,28886
432,4,GO:0016702,,train,6.64611443522616e-05,1.3028619328158148e-05,31.756741882223444,4,50,0.08,28980,46,79,28851
432,5,GO:0016725,,train,0.0002377628502706,4.918654974401839e-05,48.53079507278835,3,50,0.06,28980,47,38,28892
432,6,GO:0016746,,train,0.0003664293122651,7.733905131881057e-05,7.69953798967271,7,50,0.14,28980,43,599,28331
432,7,GO:0051213,,train,0.0015529798432384,0.0003524309355118,13.153318077803204,4,50,0.08,28980,46,190,28740
432,8,GO:0016757,,train,0.0035036321076592,0.0008332890729145,7.506055818852027,5,50,0.1,28980,45,422,28508
432,9,GO:0016835,,train,0.0054621210164726,0.0013374892221547,6.728132387706856,5,50,0.1,28980,45,470,28460
432,10,GO:0004497,,train,0.0078828042187829,0.0019847292456993,8.161083392729864,4,50,0.08,28980,46,305,28625
433,1,GO:0090729,,train,0.0002802551429291,5.840393376095619e-05,22.421875,4,24,0.16666666666666666,28980,20,256,28700
433,2,GO:0030246,,train,0.0007533265593498,0.0001642943502463,17.035714285714285,4,24,0.16666666666666666,28980,20,336,28620
434,1,GO:0003918,,train,2.3406189076127867e-138,2.516352166546248e-140,57842.0,48,56,0.8571428571428571,28980,8,3,28921
434,2,GO:0003916,,train,6.811670254571966e-126,9.458158891136046e-128,7491.814814814815,49,56,0.875,28980,7,27,28897
434,3,GO:0008094,,train,6.312752811397844e-108,1.2371419957304857e-109,2247.818181818182,48,56,0.8571428571428571,28980,8,77,28847
434,4,GO:0016887,,train,7.173037206669865e-90,1.998288772751865e-91,875.7603603603603,51,56,0.9107142857142857,28980,5,333,28591
434,5,GO:0140097,,train,5.532277480570768e-80,1.8069805169863798e-81,501.2508809020437,50,56,0.8928571428571429,28980,6,473,28451
434,6,GO:0016462,,train,8.84104583788348e-75,3.195901972624488e-76,567.6605574646811,53,56,0.9464285714285714,28980,3,873,28051
434,7,GO:0016818,,train,4.164354888703761e-74,1.5273082932469483e-75,550.1007407407408,53,56,0.9464285714285714,28980,3,900,28024
434,8,GO:0016817,,train,7.700180954010927e-74,2.851166981829045e-75,543.2451518477864,53,56,0.9464285714285714,28980,3,911,28013
434,9,GO:0017111,,train,1.9730737018215346e-73,7.373272383619556e-75,392.2894952251023,51,56,0.9107142857142857,28980,5,733,28191
434,10,GO:0016853,,train,5.707279091549535e-66,2.4609997430239668e-67,236.05882352941177,49,56,0.875,28980,7,833,28091
436,1,GO:0005198,,train,1.0935948361970047e-13,1.4111624493797947e-14,8.867355535731985,26,85,0.3058823529411765,28980,59,1368,27527
436,2,GO:0003735,,train,0.0014004114422667,0.0003164124982922,4.171322160148976,10,85,0.11764705882352941,28980,75,895,28000
437,1,GO:0003796,,train,6.975056435828313e-82,2.22919019582526e-83,992.470588235294,38,55,0.6909090909090909,28980,17,65,28860
437,2,GO:0061783,,train,5.648366500644378e-78,1.9243197235402674e-79,662.7010613207547,39,55,0.7090909090909091,28980,16,106,28819
437,3,GO:0004553,,train,2.3535757887147547e-69,9.466149801990095e-71,382.9514484978541,51,55,0.9272727272727272,28980,4,932,27993
437,4,GO:0016798,,train,5.825490537490751e-65,2.575113577957508e-66,309.3406113537118,51,55,0.9272727272727272,28980,4,1145,27780
438,1,GO:0016874,,train,1.6428397755437827e-35,1.3320972840920968e-36,1082.0797227036396,22,23,0.9565217391304348,28980,1,577,28380
438,2,GO:0016879,,train,1.4205572238848848e-32,1.2180247222401086e-33,445.7327586206897,18,23,0.782608695652174,28980,5,232,28725
438,3,GO:0005524,,train,1.1335963084528126e-14,1.4282443456236773e-15,38.451311012505045,18,23,0.782608695652174,28980,5,2479,26478
438,4,GO:0032559,,train,1.455284033564808e-14,1.8378092593660508e-15,37.84938369781312,18,23,0.782608695652174,28980,5,2515,26442
438,5,GO:0030554,,train,1.4952468529710262e-14,1.889590451333452e-15,37.78356490670901,18,23,0.782608695652174,28980,5,2519,26438
438,6,GO:0035639,,train,1.7220366812639517e-13,2.2342034921985067e-14,32.32184700206754,18,23,0.782608695652174,28980,5,2902,26055
438,7,GO:0032555,,train,2.4927974114152045e-13,3.247347478853858e-14,31.55858347386172,18,23,0.782608695652174,28980,5,2965,25992
438,8,GO:0017076,,train,2.5814916692749204e-13,3.3636450024708806e-14,31.48757993941434,18,23,0.782608695652174,28980,5,2971,25986
438,9,GO:0032553,,train,6.694266114442227e-13,8.851954548024785e-14,29.588538681948425,18,23,0.782608695652174,28980,5,3141,25816
438,10,GO:0097367,,train,1.6824396000511673e-12,2.2567568704438866e-13,27.84651583710407,18,23,0.782608695652174,28980,5,3315,25642
439,1,GO:0008168,,train,4.8360981461796687e-60,2.350261248648701e-61,404.8157221206581,39,44,0.8863636363636364,28980,5,547,28389
439,2,GO:0016741,,train,5.086143822636036e-57,2.6118317722942766e-58,334.6898330804249,39,44,0.8863636363636364,28980,5,659,28277
439,3,GO:0008757,,train,1.8797490927180786e-15,2.3110721335025857e-16,44.3572193786454,13,44,0.29545454545454547,28980,31,271,28665
439,4,GO:0008276,,train,0.0264442553562837,0.0074250281978492,16.55364314400459,2,44,0.045454545454545456,28980,42,83,28853
440,1,GO:0016853,,train,1.517662567027251e-42,1.053654475746136e-43,72.32836756004177,37,54,0.6851851851851852,28980,17,845,28081
440,2,GO:0016861,,train,1.9562927144344335e-29,1.7788126038036386e-30,119.32497273718649,19,54,0.35185185185185186,28980,35,131,28795
440,3,GO:0016860,,train,1.4655516869602436e-26,1.4085816225551627e-27,81.67015706806282,19,54,0.35185185185185186,28980,35,191,28735
440,4,GO:0016857,,train,1.4783803045383997e-15,1.8137085026237856e-16,99.3801652892562,10,54,0.18518518518518517,28980,44,66,28860
440,5,GO:0016854,,train,6.9081075225200026e-12,9.464574767210377e-13,39.61570247933884,10,54,0.18518518518518517,28980,44,165,28761
440,6,GO:0004519,,train,5.080739958176974e-09,7.757218461498781e-10,16.151446398184913,11,54,0.2037037037037037,28980,43,451,28475
440,7,GO:0004518,,train,1.5674000210136336e-08,2.4399225800938717e-09,12.507739938080496,12,54,0.2222222222222222,28980,42,646,28280
440,8,GO:0016888,,train,1.6808644743506854e-08,2.6204882480869283e-09,60.1375,6,54,0.1111111111111111,28980,48,60,28866
440,9,GO:0004520,,train,1.7658555686975764e-07,2.9009338926255995e-08,39.17663043478261,6,54,0.1111111111111111,28980,48,92,28834
440,10,GO:0000287,,train,2.423647385959535e-07,4.0092383011141844e-08,10.85480829666876,11,54,0.2037037037037037,28980,43,666,28260
442,1,GO:0019904,,train,6.582036573497625e-11,9.35718530954213e-12,90.4051878354204,7,59,0.11864406779661017,28980,52,43,28878
442,2,GO:0005543,,train,2.3610028178707587e-08,3.705730760802509e-09,35.9136396011396,7,59,0.11864406779661017,28980,52,108,28813
442,3,GO:0035091,,train,1.1866434204714513e-06,2.0453495872671939e-07,45.29504080351538,5,59,0.0847457627118644,28980,54,59,28862
442,4,GO:0008289,,train,1.3143907689684746e-06,2.271700951142163e-07,14.76625386996904,8,59,0.13559322033898305,28980,51,304,28617
442,5,GO:0008092,,train,6.64514728962521e-05,1.3023954423050694e-05,10.16488603988604,7,59,0.11864406779661017,28980,52,378,28543
442,6,GO:0051020,,train,0.0020077956212329,0.0004611160228041,12.156025369978858,4,59,0.06779661016949153,28980,55,172,28749
442,7,GO:0017016,,train,0.0038183147203136,0.0009131652276603,17.161309523809525,3,59,0.05084745762711865,28980,56,90,28831
442,8,GO:0031267,,train,0.0042783193168373,0.0010315741364762,16.42876139817629,3,59,0.05084745762711865,28980,56,94,28827
442,9,GO:0005319,,train,0.0045151019183864,0.0010926679151526,46.09090909090909,2,59,0.03389830508474576,28980,57,22,28899
442,10,GO:0008047,,train,0.00843096121586,0.0021353456321075,12.645930913348948,3,59,0.05084745762711865,28980,56,122,28799
443,1,GO:0019207,,train,3.289380487105969e-07,5.4789282742140615e-08,138.19832735961768,4,31,0.12903225806451613,28980,27,31,28918
443,2,GO:0098772,,train,9.653302008707022e-07,1.653987270378984e-07,13.75690517616355,9,31,0.2903225806451613,28980,22,836,28113
443,3,GO:0004888,,train,2.033819459481943e-06,3.562773637900817e-07,19.07406345565749,7,31,0.22580645161290322,28980,24,436,28513
443,4,GO:0019887,,train,2.5851283684303435e-05,4.881429962475319e-06,110.6670918367347,3,31,0.0967741935483871,28980,28,28,28921
443,5,GO:0038023,,train,2.6105655821974718e-05,4.930991848729911e-06,12.67831541218638,7,31,0.22580645161290322,28980,24,651,28298
443,6,GO:0060089,,train,3.12119637208567e-05,5.940303140123794e-06,12.310509950248756,7,31,0.22580645161290322,28980,24,670,28279
443,7,GO:0008047,,train,4.893674162792709e-05,9.482864512661857e-06,35.29599020508111,4,31,0.12903225806451613,28980,27,121,28828
443,8,GO:0030234,,train,7.031945485641065e-05,1.3822056480842356e-05,13.683366733466936,6,31,0.1935483870967742,28980,25,499,28450
443,9,GO:0005085,,train,0.0016600482278554,0.000378187745497,23.93687707641196,3,31,0.0967741935483871,28980,28,129,28820
443,10,GO:0019899,,train,0.0017259132751897,0.0003936985286903,13.1296869625043,4,31,0.12903225806451613,28980,27,323,28626
444,1,GO:0003723,,train,6.683956158027584e-24,6.805938308962086e-25,10.592648812750731,43,112,0.38392857142857145,28980,69,1604,27264
444,2,GO:0031625,,train,1.561204028196618e-08,2.429820137038589e-09,62.79100145137881,6,112,0.05357142857142857,28980,106,26,28842
444,3,GO:0044389,,train,2.739785356737061e-08,4.311488102759907e-09,56.28952504879636,6,112,0.05357142857142857,28980,106,29,28839
444,4,GO:0090079,,train,5.682911907643321e-07,9.608860629497981e-08,12.982292871874844,9,112,0.08035714285714286,28980,103,193,28675
444,5,GO:0045182,,train,7.534550071364628e-07,1.2845616608179433e-07,12.524854368932038,9,112,0.08035714285714286,28980,103,200,28668
444,6,GO:0003743,,train,1.589813632086036e-06,2.7635568716637484e-07,18.26222222222222,7,112,0.0625,28980,105,105,28763
444,7,GO:0017069,,train,1.6054192166950729e-06,2.7920947621403895e-07,97.16161616161617,4,112,0.03571428571428571,28980,108,11,28857
444,8,GO:0008135,,train,5.092149142930619e-06,9.157425546606634e-07,11.861869313482217,8,112,0.07142857142857142,28980,104,186,28682
444,9,GO:0031369,,train,0.0002136754247563,4.3953154425967305e-05,52.94128440366973,3,112,0.026785714285714284,28980,109,15,28853
444,10,GO:0003729,,train,0.0002808640228049,5.853904919169624e-05,13.309429073748497,5,112,0.044642857142857144,28980,107,101,28767
445,1,GO:0019899,,train,9.250620375676616e-33,7.907346942093436e-34,47.82107023411371,28,84,0.3333333333333333,28980,56,299,28597
445,2,GO:0044389,,train,2.1588242888796244e-26,2.083758394662203e-27,275.0,14,84,0.16666666666666666,28980,70,21,28875
445,3,GO:0031625,,train,6.825799904519394e-20,7.540232428140327e-21,207.1917808219178,11,84,0.13095238095238096,28980,73,21,28875
445,4,GO:0051020,,train,9.863850954200853e-16,1.205206149631536e-16,35.474074074074075,14,84,0.16666666666666666,28980,70,162,28734
445,5,GO:0005085,,train,1.2020360942414289e-12,1.6046162467288254e-13,35.83437110834371,11,84,0.13095238095238096,28980,73,121,28775
445,6,GO:0017016,,train,4.01447524449926e-05,7.715666894911576e-06,20.719217491369392,5,84,0.05952380952380952,28980,79,88,28808
445,7,GO:0031267,,train,4.893606070818661e-05,9.481299045725936e-06,19.815630159603742,5,84,0.05952380952380952,28980,79,92,28804
445,8,GO:0098772,,train,0.0001597578076658,3.245043906479493e-05,5.070168522716074,11,84,0.13095238095238096,28980,73,834,28062
445,9,GO:0051087,,train,0.0107582255825798,0.0027799252384198,28.166829268292684,2,84,0.023809523809523808,28980,82,25,28871
445,10,GO:0005088,,train,0.0346011163822947,0.0100214206776151,14.07121951219512,2,84,0.023809523809523808,28980,82,50,28846
446,1,GO:0016879,,train,5.831608689707978e-07,9.870531976779652e-08,33.61709601873536,6,27,0.2222222222222222,28980,21,244,28709
446,2,GO:0016874,,train,7.864496248938173e-05,1.5550678056165647e-05,13.664177306673093,6,27,0.2222222222222222,28980,21,593,28360
447,1,GO:0016829,,train,3.5316158435622235e-41,2.529455059762029e-42,134.60829173599555,35,41,0.8536585365853658,28980,6,1202,27737
447,2,GO:0016836,,train,1.4438428216061266e-38,1.08995604513548e-39,144.93606237816763,26,41,0.6341463414634146,28980,15,342,28597
447,3,GO:0016835,,train,1.1985425201397764e-35,9.683277003091963e-37,109.98366740905716,26,41,0.6341463414634146,28980,15,449,28490
447,4,GO:0016853,,train,6.112173932804083e-11,8.676683621398653e-12,16.768817204301076,14,41,0.34146341463414637,28980,27,868,28071
447,5,GO:0016833,,train,1.0510339526568726e-05,1.93291477129796e-06,52.91800274851122,4,41,0.0975609756097561,28980,37,59,28880
447,6,GO:0016830,,train,0.000206724904009,4.2432592272072914e-05,10.80417193426043,6,41,0.14634146341463414,28980,35,452,28487
447,7,GO:0016790,,train,0.0156736891070341,0.0041933328240484,22.43434343434344,2,41,0.04878048780487805,28980,39,66,28873
447,8,GO:0016616,,train,0.0248978624578119,0.0069543638437834,5.739631220005052,4,41,0.0975609756097561,28980,37,535,28404
447,9,GO:0016614,,train,0.0345260698218621,0.0099938880682097,5.149943220531456,4,41,0.0975609756097561,28980,37,595,28344
448,1,GO:0003735,,train,1.2545149017049118e-155,1.0253087780873256e-157,1241.398414685023,106,109,0.9724770642201835,28980,3,799,28072
448,2,GO:0005198,,train,6.460087163394949e-135,7.531753496297828e-137,756.6765010351967,106,109,0.9724770642201835,28980,3,1288,27583
448,3,GO:0019843,,train,2.308963779808026e-16,2.777899125193064e-17,19.138059964726637,19,109,0.1743119266055046,28980,90,315,28556
448,4,GO:0003723,,train,8.191415017404424e-16,9.975016031681221e-17,7.66085554866708,34,109,0.3119266055045872,28980,75,1613,27258
449,1,GO:0016301,,train,0.0,0.0,3628.48369132856,328,331,0.9909365558912386,28980,3,838,27811
449,2,GO:0016772,,train,0.0,0.0,1991.465235859602,328,331,0.9909365558912386,28980,3,1491,27158
449,3,GO:0016773,,train,0.0,0.0,1592.693109540636,321,331,0.9697885196374623,28980,10,566,28083
449,4,GO:0004672,,train,0.0,0.0,1111.1830438164377,302,331,0.9123867069486404,28980,29,266,28383
449,5,GO:0005524,,train,0.0,0.0,491.6872700091996,323,331,0.9758308157099698,28980,8,2174,26475
449,6,GO:0032559,,train,0.0,0.0,483.0201923076923,323,331,0.9758308157099698,28980,8,2210,26439
449,7,GO:0030554,,train,0.0,0.0,482.0745822041554,323,331,0.9758308157099698,28980,8,2214,26435
449,8,GO:0035639,,train,1.6838906285466e-311,9.865486883e-315,405.0248363496342,323,331,0.9758308157099698,28980,8,2597,26052
449,9,GO:0032555,,train,2.224323795249742e-308,1.4334922077363e-311,394.47589285714287,323,331,0.9758308157099698,28980,8,2660,25989
449,10,GO:0017076,,train,4.2203895325962463e-308,2.8435117101595e-311,393.49723368342086,323,331,0.9758308157099698,28980,8,2666,25983
450,1,GO:0051082,,train,5.886177021508222e-11,8.352415705008006e-12,95.46597353497164,7,30,0.23333333333333334,28980,23,92,28858
451,1,GO:0004812,,train,1.640114379199093e-282,1.7776673998994178e-285,20360.325842696628,126,128,0.984375,28980,2,89,28763
451,2,GO:0016875,,train,3.832423960778066e-282,4.266107464322187e-285,20133.4,126,128,0.984375,28980,2,90,28762
451,3,GO:0140101,,train,1.5071504003310549e-238,3.487854282044507e-241,6644.291512915129,126,128,0.984375,28980,2,271,28581
451,4,GO:0016874,,train,4.5178318795196135e-220,1.3234413918972415e-222,inf,128,128,1.0,28980,0,471,28381
451,5,GO:0140098,,train,4.885491542198358e-184,2.6476138363262625e-186,2090.644549763033,126,128,0.984375,28980,2,844,28008
451,6,GO:0005524,,train,2.280541262043268e-136,2.538611124517215e-138,inf,128,128,1.0,28980,0,2369,26483
451,7,GO:0032559,,train,1.4489854801866615e-135,1.6638905241619688e-137,inf,128,128,1.0,28980,0,2405,26447
451,8,GO:0030554,,train,1.7780617727832508e-135,2.046982091876315e-137,inf,128,128,1.0,28980,0,2409,26443
451,9,GO:0035639,,train,1.534581544560917e-127,2.0678662755896e-129,inf,128,128,1.0,28980,0,2792,26060
451,10,GO:0032555,,train,2.4521820018115326e-126,3.376176995199989e-128,inf,128,128,1.0,28980,0,2855,25997
452,1,GO:0016627,,train,6.1540277079940834e-27,5.87153769954499e-28,155.7158801020408,17,31,0.5483870967741935,28980,14,224,28725
452,2,GO:0010181,,train,7.121717322735879e-25,7.091049939941779e-26,169.75235849056602,15,31,0.4838709677419355,28980,16,159,28790
452,3,GO:0032553,,train,1.117459238609961e-06,1.9215179220905384e-07,7.694716125954199,15,31,0.4838709677419355,28980,16,3144,25805
452,4,GO:0097367,,train,2.2159198918638297e-06,3.8934550521133226e-07,7.242032097649186,15,31,0.4838709677419355,28980,16,3318,25631
452,5,GO:0016860,,train,0.0003437697413182,7.231480541366775e-05,20.67098166127292,4,31,0.12903225806451613,28980,27,206,28743
452,6,GO:0050661,,train,0.0012071015605033,0.0002699774559698,14.539320142059868,4,31,0.12903225806451613,28980,27,292,28657
452,7,GO:0140101,,train,0.0034336570355628,0.0008145342201713,10.764678164169258,4,31,0.12903225806451613,28980,27,393,28556
452,8,GO:0016628,,train,0.0192144826286915,0.0052357593640943,20.09752699407872,2,31,0.06451612903225806,28980,29,99,28850
452,9,GO:0000287,,train,0.0205574204985931,0.0056281938067156,6.224423532001541,4,31,0.12903225806451613,28980,27,673,28276
452,10,GO:0050660,,train,0.0231240455703286,0.0064040403908336,8.679481991096722,3,31,0.0967741935483871,28980,28,353,28596
453,1,GO:0003700,,train,1.914211854025754e-07,3.1519421248143554e-08,13.257774447358562,10,44,0.22727272727272727,28980,34,628,28308
453,2,GO:0140110,,train,6.600614507969909e-07,1.1212749665089935e-07,11.509749530880311,10,44,0.22727272727272727,28980,34,721,28215
453,3,GO:0015631,,train,0.002896992936309,0.0006804373367116,19.174722838137477,3,44,0.06818181818181818,28980,41,110,28826
453,4,GO:0008092,,train,0.0106115519714161,0.0027373620019418,7.494750656167979,4,44,0.09090909090909091,28980,40,381,28555
453,5,GO:0008017,,train,0.0368166200167749,0.0107385852742487,13.595002357378595,2,44,0.045454545454545456,28980,42,101,28835
453,6,GO:0003774,,train,0.0380376004726403,0.0111404027748618,13.330097087378642,2,44,0.045454545454545456,28980,42,103,28833
454,1,GO:0016874,,train,1.2516882997779476e-33,1.0501319068939983e-34,226.61388888888888,23,28,0.8214285714285714,28980,5,576,28376
454,2,GO:0004812,,train,7.118168033404647e-29,6.557881027933801e-30,224.43434343434345,17,28,0.6071428571428571,28980,11,198,28754
454,3,GO:0016875,,train,7.718555465956967e-29,7.115532721494735e-30,223.2987665600731,17,28,0.6071428571428571,28980,11,199,28753
454,4,GO:0140101,,train,2.7785412763785726e-24,2.800761792781636e-25,116.20191387559808,17,28,0.6071428571428571,28980,11,380,28572
454,5,GO:0140098,,train,9.501887917077781e-18,1.1000222939418048e-18,45.40522751120862,17,28,0.6071428571428571,28980,11,953,27999
454,6,GO:0005524,,train,5.9854772791611136e-15,7.47461394998501e-16,26.72083165119096,20,28,0.7142857142857143,28980,8,2477,26475
454,7,GO:0032559,,train,7.866879093448766e-15,9.860964830203964e-16,26.302228412256262,20,28,0.7142857142857143,28980,8,2513,26439
454,8,GO:0030554,,train,8.106981913387151e-15,1.016667825854949e-15,26.256456098529995,20,28,0.7142857142857143,28980,8,2517,26435
454,9,GO:0035639,,train,1.1847759302476848e-13,1.5302097654925863e-14,22.458620689655174,20,28,0.7142857142857143,28980,8,2900,26052
454,10,GO:0032555,,train,1.776356743877432e-13,2.3057201078363364e-14,21.927944650691867,20,28,0.7142857142857143,28980,8,2963,25989
455,1,GO:0032559,,train,2.0546003725856452e-119,3.1658311977621037e-121,170.1139476961395,124,132,0.9393939393939394,28980,8,2409,26439
455,2,GO:0030554,,train,2.4984094486349554e-119,3.864312004216119e-121,169.80625777041027,124,132,0.9393939393939394,28980,8,2413,26435
455,3,GO:0005524,,train,5.031723613043901e-118,7.974228768364972e-120,152.4057848918843,123,132,0.9318181818181818,28980,9,2374,26474
455,4,GO:0032555,,train,1.136147538139687e-112,1.9869352323560748e-114,162.3887833649905,125,132,0.946969696969697,28980,7,2858,25990
455,5,GO:0017076,,train,1.463608572912984e-112,2.563898194340348e-114,162.01117318435757,125,132,0.946969696969697,28980,7,2864,25984
455,6,GO:0035639,,train,1.0720643597679173e-111,1.9282523856739055e-113,144.42274678111588,124,132,0.9393939393939394,28980,8,2796,26052
455,7,GO:0032553,,train,1.502097464179475e-109,2.846931655752176e-111,151.9328562011489,125,132,0.946969696969697,28980,7,3034,25814
455,8,GO:0097367,,train,1.251523498918518e-106,2.522331098971615e-108,142.7235482721767,125,132,0.946969696969697,28980,7,3208,25640
455,9,GO:0004386,,train,6.598192583190435e-47,4.202030253348568e-48,132.27941176470588,30,132,0.22727272727272727,28980,102,64,28784
455,10,GO:0016887,,train,5.945320473999031e-39,4.44457856567523e-40,33.30082400688722,38,132,0.2878787878787879,28980,94,346,28502
456,1,GO:0003677,,train,5.052327778688054e-23,5.211133406204598e-24,11.35222475322703,42,87,0.4827586206896552,28980,45,2195,26698
456,2,GO:0140097,,train,2.1314565499791053e-22,2.2265500943918586e-23,22.991158181111544,25,87,0.28735632183908044,28980,62,498,28395
456,3,GO:0003887,,train,8.519858936473746e-22,8.999798261395063e-23,83.39409722222223,15,87,0.1724137931034483,28980,72,72,28821
456,4,GO:0034061,,train,2.6109912960911163e-20,2.8506208983014298e-21,64.51612903225806,15,87,0.1724137931034483,28980,72,93,28800
456,5,GO:0016779,,train,4.8110450752451204e-14,6.150335620695932e-15,15.707995578481944,18,87,0.20689655172413793,28980,69,472,28421
456,6,GO:0008170,,train,2.134106399835638e-05,4.009771933253004e-06,16.017822333611807,6,87,0.06896551724137931,28980,81,133,28760
456,7,GO:0016772,,train,3.30983117168711e-05,6.3119198897627465e-06,3.9241967023151383,18,87,0.20689655172413793,28980,69,1801,27092
456,8,GO:0005524,,train,5.9201708367476335e-05,1.155523282223086e-05,3.3947532677338814,21,87,0.2413793103448276,28980,66,2476,26417
456,9,GO:0032559,,train,7.298434277158414e-05,1.4367249126315888e-05,3.341542414591778,21,87,0.2413793103448276,28980,66,2512,26381
456,10,GO:0030554,,train,7.467416907293521e-05,1.4715210339327863e-05,3.3357240930770344,21,87,0.2413793103448276,28980,66,2516,26377
457,1,GO:0032555,,train,1.1961413400473024e-48,7.319738873828441e-50,59.27243699395598,60,69,0.8695652173913043,28980,9,2923,25988
457,2,GO:0017076,,train,1.3457054062883764e-48,8.2507584596231995e-50,59.13736201206328,60,69,0.8695652173913043,28980,9,2929,25982
457,3,GO:0032553,,train,3.502086999854117e-47,2.2220817417125168e-48,55.52758954501452,60,69,0.8695652173913043,28980,9,3099,25812
457,4,GO:0097367,,train,8.266180250947375e-46,5.380511620120418e-47,52.22120378857318,60,69,0.8695652173913043,28980,9,3273,25638
457,5,GO:0035639,,train,1.396574557005601e-42,9.679513143730417e-44,39.17683712935109,56,69,0.8115942028985508,28980,13,2864,26047
457,6,GO:0032559,,train,3.0587179422112927e-38,2.3260485039635926e-39,30.170091324200914,51,69,0.7391304347826086,28980,18,2482,26429
457,7,GO:0030554,,train,3.301247485202482e-38,2.5162861283934904e-39,30.11698846875838,51,69,0.7391304347826086,28980,18,2486,26425
457,8,GO:0005524,,train,4.23922826431596e-37,3.316922604208902e-38,28.460198309422925,50,69,0.7246376811594203,28980,19,2447,26464
457,9,GO:0004674,,train,1.420343346799463e-28,1.3122895731334058e-29,73.10065406976744,21,69,0.30434782608695654,28980,48,172,28739
457,10,GO:0004672,,train,2.3187445592590112e-27,2.18921220801236e-28,33.71138104040137,27,69,0.391304347826087,28980,42,541,28370
458,1,GO:0003700,,train,2.5872847844336566e-22,2.708020193567524e-23,16.614344503233394,29,110,0.2636363636363636,28980,81,609,28261
458,2,GO:0140110,,train,7.481564016008052e-22,7.898631020210626e-23,15.06900855920114,30,110,0.2727272727272727,28980,80,701,28169
458,3,GO:0003677,,train,2.817405386830114e-18,3.2294891990116987e-19,7.506029746750636,42,110,0.38181818181818183,28980,68,2195,26675
458,4,GO:0003916,,train,0.0009256894454626,0.000204271570222,15.09329140461216,4,110,0.03636363636363636,28980,106,72,28798
458,5,GO:0019888,,train,0.0013001593482394,0.0002922378263772,26.08290624057884,3,110,0.02727272727272727,28980,107,31,28839
458,6,GO:0019208,,train,0.001782137568377,0.0004074635650813,23.098798397863817,3,110,0.02727272727272727,28980,107,35,28835
458,7,GO:0140097,,train,0.0036678588118748,0.0008750258643689,4.318294308014468,8,110,0.07272727272727272,28980,102,515,28355
458,8,GO:0016638,,train,0.0087768920477836,0.0022288683001504,12.424874191229332,3,110,0.02727272727272727,28980,107,65,28805
458,9,GO:0061630,,train,0.0320137601542402,0.0091810853885816,14.83230452674897,2,110,0.01818181818181818,28980,108,36,28834
458,10,GO:0061659,,train,0.0320137601542402,0.0091810853885816,14.83230452674897,2,110,0.01818181818181818,28980,108,36,28834
459,1,GO:0016763,,train,2.610380511756957e-38,1.9820447861481776e-39,1430.869109947644,19,21,0.9047619047619048,28980,2,191,28768
459,2,GO:0016757,,train,2.504355690628236e-32,2.1619756335593088e-33,664.7904411764706,19,21,0.9047619047619048,28980,2,408,28551
460,1,GO:0051082,,train,3.730120465097107e-13,4.8799595738124857e-14,244.08695652173915,7,16,0.4375,28980,9,92,28872
460,2,GO:0043021,,train,5.4713911743500464e-05,1.0642422414882476e-05,87.7165991902834,3,16,0.1875,28980,13,76,28888
460,3,GO:0044877,,train,0.0024649568218709,0.0005728964884062,22.049230769230768,3,16,0.1875,28980,13,300,28664
460,4,GO:0031072,,train,0.0308691029490264,0.0087994621904964,128.66222222222223,1,16,0.0625,28980,15,15,28949
461,1,GO:0016798,,train,1.2113988550649783e-61,5.716857238508599e-63,201.9924374636417,50,56,0.8928571428571429,28980,6,1146,27778
461,2,GO:0004553,,train,4.5060530445870995e-57,2.3099841310095867e-58,137.39615795090714,46,56,0.8214285714285714,28980,10,937,27987
461,3,GO:0015929,,train,1.7412653258911043e-28,1.6123677227471016e-29,401.3888888888889,14,56,0.25,28980,42,24,28900
461,4,GO:0008422,,train,0.015247041564355,0.0040689149207978,22.75571315996848,2,56,0.03571428571428571,28980,54,47,28877
461,5,GO:0008061,,train,0.0212827567428868,0.0058473496643388,18.75698505523067,2,56,0.03571428571428571,28980,54,57,28867
461,6,GO:0015926,,train,0.0346073946798055,0.0100252666018864,14.058479532163744,2,56,0.03571428571428571,28980,54,76,28848
462,1,GO:0008135,,train,1.097277018754973e-10,1.5756662700110957e-11,18.72592753780873,12,113,0.10619469026548672,28980,101,182,28685
462,2,GO:0090079,,train,1.7510639768715815e-10,2.5288529765289558e-11,17.93246482542991,12,113,0.10619469026548672,28980,101,190,28677
462,3,GO:0045182,,train,2.5859584155786693e-10,3.763377393618312e-11,17.291048901844498,12,113,0.10619469026548672,28980,101,197,28670
462,4,GO:0019887,,train,1.3461163932049702e-08,2.0899366915623348e-09,64.69233644859813,6,113,0.05309734513274336,28980,107,25,28842
462,5,GO:0019207,,train,2.8871705621894985e-08,4.549342488800221e-09,55.761521108604576,6,113,0.05309734513274336,28980,107,29,28838
462,6,GO:0030234,,train,7.035077558772634e-08,1.1299566527448329e-08,8.17264292620708,14,113,0.12389380530973451,28980,99,491,28376
462,7,GO:0003723,,train,4.773898114495568e-07,8.03830634271334e-08,4.287007389162562,23,113,0.20353982300884957,28980,90,1624,27243
462,8,GO:0003743,,train,1.6868807631394806e-06,2.936735031003877e-07,18.08930817610063,7,113,0.061946902654867256,28980,106,105,28762
462,9,GO:0098772,,train,2.8825569494955736e-05,5.472610829797818e-06,4.770982994809709,14,113,0.12389380530973451,28980,99,831,28036
462,10,GO:0008047,,train,0.0059900849266741,0.0014779999805892,8.718174236105845,4,113,0.035398230088495575,28980,109,121,28746
463,1,GO:0016741,,train,1.7097985699256754e-42,1.189551396892955e-43,590.9253731343283,28,30,0.9333333333333333,28980,2,670,28280
463,2,GO:0008168,,train,5.424873647884883e-42,3.817132877001344e-43,457.1001788908766,27,30,0.9,28980,3,559,28391
463,3,GO:0008483,,train,0.0057336546146926,0.0014101931670902,15.061844863731656,3,30,0.1,28980,27,212,28738
463,4,GO:0016769,,train,0.0059480082680286,0.0014672694620227,14.850129198966409,3,30,0.1,28980,27,215,28735
464,1,GO:0005126,,train,1.3612433427617484e-11,1.8865284748530425e-12,35.87289719626168,10,85,0.11764705882352941,28980,75,107,28788
464,2,GO:0004197,,train,1.5787562265935435e-10,2.2772345723838088e-11,35.90027700831025,9,85,0.10588235294117647,28980,76,95,28800
464,3,GO:0008234,,train,3.65599565176438e-07,6.106713304145209e-08,13.848012889366272,9,85,0.10588235294117647,28980,76,245,28650
464,4,GO:0005102,,train,5.2184065950821615e-06,9.390594285845188e-07,8.485607755406413,10,85,0.11764705882352941,28980,75,447,28448
464,5,GO:0004175,,train,1.477971300811612e-05,2.744488407254536e-06,6.052714623825575,12,85,0.1411764705882353,28980,73,764,28131
464,6,GO:0016638,,train,0.0002353003542578,4.86426633857024e-05,22.24614197530864,4,85,0.047058823529411764,28980,81,64,28831
464,7,GO:0070011,,train,0.0011093268449292,0.0002471670030328,3.728946777453402,12,85,0.1411764705882353,28980,73,1220,27675
464,8,GO:0008233,,train,0.001759632198349,0.0004019571691339,3.523398281289884,12,85,0.1411764705882353,28980,73,1288,27607
464,9,GO:0004519,,train,0.0094270815616697,0.0024055806744501,4.736675549633578,6,85,0.07058823529411765,28980,79,456,28439
464,10,GO:0090729,,train,0.0259181660741725,0.0072644055715992,5.524498456790123,4,85,0.047058823529411764,28980,81,256,28639
465,1,GO:0004807,,train,4.774134552888175e-114,8.041501502506666e-116,inf,36,36,1.0,28980,0,3,28941
465,2,GO:0016861,,train,1.7192050701339216e-83,5.313183200021348e-85,inf,36,36,1.0,28980,0,114,28830
465,3,GO:0016860,,train,1.1366415372147367e-77,3.895686787184703e-79,inf,36,36,1.0,28980,0,174,28770
465,4,GO:0016853,,train,2.2971837256179637e-54,1.2482865544779338e-55,inf,36,36,1.0,28980,0,846,28098
465,5,GO:0016838,,train,0.009309473818596,0.0023739335498397,30.34453781512605,2,36,0.05555555555555555,28980,34,56,28888
466,1,GO:0008194,,train,4.233304555741308e-51,2.4566237000684103e-52,2678.425925925926,20,29,0.6896551724137931,28980,9,24,28927
466,2,GO:0016758,,train,2.3006256041395574e-50,1.3566392304927e-51,1124.9951219512195,24,29,0.8275862068965517,28980,5,123,28828
466,3,GO:0016757,,train,5.773545580913981e-44,3.884885666391134e-45,617.0407315045719,26,29,0.896551724137931,28980,3,401,28550
466,4,GO:0046527,,train,3.2272599245739213e-43,2.2065280088922676e-44,2157.2105263157896,17,29,0.5862068965517241,28980,12,19,28932
466,5,GO:0016791,,train,0.0202891394422836,0.0055517723153871,9.189629312191986,3,29,0.10344827586206896,28980,26,359,28592
466,6,GO:0042578,,train,0.0421320804410492,0.0124617750890023,6.786474888747616,3,29,0.10344827586206896,28980,26,484,28467
467,1,GO:0030170,,train,1.5066783944947924e-222,4.369486511848857e-225,1314.5551697530864,119,131,0.9083969465648855,28980,12,216,28633
467,2,GO:0070279,,train,1.5066783944947924e-222,4.369486511848857e-225,1314.5551697530864,119,131,0.9083969465648855,28980,12,216,28633
467,3,GO:0019842,,train,1.2659138696957588e-198,5.302917168072576e-201,746.9243827160494,119,131,0.9083969465648855,28980,12,378,28471
467,4,GO:0008483,,train,5.0400134731508404e-104,1.079254137409047e-105,188.42777777777775,65,131,0.4961832061068702,28980,66,150,28699
467,5,GO:0016769,,train,1.4486806724913274e-103,3.1191384547005462e-105,184.7138047138047,65,131,0.4961832061068702,28980,66,153,28696
467,6,GO:0016742,,train,1.1299426304659419e-28,1.042657317856788e-29,103.95858662613982,19,131,0.1450381679389313,28980,112,47,28802
467,7,GO:0016831,,train,1.7254270358507682e-20,1.8767057984339288e-21,23.276931044687775,22,131,0.16793893129770993,28980,109,248,28601
467,8,GO:0016830,,train,2.807174878849949e-20,3.067276649415681e-21,16.288403880070547,26,131,0.1984732824427481,28980,105,432,28417
467,9,GO:0016829,,train,4.702917763547629e-15,5.855054777829752e-16,7.415298210318957,32,131,0.24427480916030533,28980,99,1205,27644
467,10,GO:0016741,,train,2.6535997442612194e-09,4.00096021434587e-10,7.038054912686724,19,131,0.1450381679389313,28980,112,679,28170
468,1,GO:0016620,,train,3.790738754020938e-141,3.853257016273444e-143,2661.168067226891,66,72,0.9166666666666666,28980,6,119,28789
468,2,GO:0016903,,train,1.710368643869362e-138,1.8337725156170328e-140,2518.4117647058824,67,72,0.9305555555555556,28980,5,153,28755
468,3,GO:0051287,,train,7.914534583445148e-119,1.2380588415970087e-120,996.07544141252,65,72,0.9027777777777778,28980,7,267,28641
468,4,GO:0050661,,train,4.373411488854024e-108,8.545172285396003e-110,607.457627118644,60,72,0.8333333333333334,28980,12,236,28672
468,5,GO:0046983,,train,1.3058736300838639e-25,1.2761503441895219e-26,36.37244897959184,24,72,0.3333333333333333,28980,48,392,28516
468,6,GO:0016646,,train,0.0005145349445351,0.0001103016294375,17.840866873065014,4,72,0.05555555555555555,28980,68,95,28813
468,7,GO:0016645,,train,0.0013910832216348,0.0003141011064932,13.436974789915968,4,72,0.05555555555555555,28980,68,126,28782
469,1,GO:0016813,,train,9.890330101962428e-45,6.573852125656254e-46,1994.7586206896551,18,27,0.6666666666666666,28980,9,29,28924
469,2,GO:0016810,,train,2.673690095705276e-36,2.1288014998760703e-37,374.8495867768595,24,27,0.8888888888888888,28980,3,605,28348
469,3,GO:0019213,,train,5.054480775265814e-12,6.88204196134268e-13,275.45714285714286,6,27,0.2222222222222222,28980,21,30,28923
469,4,GO:0016811,,train,8.330124684349231e-07,1.423127022266887e-07,31.53076923076923,6,27,0.2222222222222222,28980,21,260,28693
469,5,GO:0030145,,train,4.011415969292133e-05,7.708611992429442e-06,37.68551814318405,4,27,0.14814814814814814,28980,23,133,28820
470,1,GO:0008237,,train,6.498398700211325e-50,3.870066074209692e-51,105.57842105263158,35,73,0.4794520547945205,28980,38,250,28657
470,2,GO:0008233,,train,2.406948566889944e-47,1.5215733682949584e-48,45.135358379962696,49,73,0.6712328767123288,28980,24,1251,27656
470,3,GO:0070011,,train,3.318656735965347e-45,2.18832829852008e-46,42.28932164881532,47,73,0.6438356164383562,28980,26,1185,27722
470,4,GO:0004222,,train,2.7935492391176504e-39,2.071205180363469e-40,131.546966374269,25,73,0.3424657534246575,28980,48,114,28793
470,5,GO:0140096,,train,2.196077943179932e-36,1.7453084511958158e-37,24.867084639498437,51,73,0.6986301369863014,28980,22,2465,26442
470,6,GO:0004175,,train,1.0829838083082474e-21,1.1462110025537388e-22,20.768283687943264,26,73,0.3561643835616438,28980,47,750,28157
470,7,GO:0008238,,train,7.293400465317684e-07,1.2425935819283372e-07,15.83111417730252,8,73,0.1095890410958904,28980,65,223,28684
470,8,GO:0008234,,train,1.4795569970400843e-06,2.564530788143709e-07,14.339462163852408,8,73,0.1095890410958904,28980,65,246,28661
470,9,GO:0004177,,train,0.0008254183852263,0.0001810083496442,15.603413246647705,4,73,0.0547945205479452,28980,69,107,28800
470,10,GO:0004180,,train,0.0051757716052019,0.0012622169087297,15.251851851851852,3,73,0.0410958904109589,28980,70,81,28826
471,1,GO:0004553,,train,3.514346157820989e-51,2.0363173975949605e-52,inf,35,35,1.0,28980,0,948,27997
471,2,GO:0016798,,train,3.519117453726003e-48,2.177220043433611e-49,inf,35,35,1.0,28980,0,1161,27784
472,1,GO:0008658,,train,1.7291367302288292e-144,1.6715444267964778e-146,202461.0,49,50,0.98,28980,1,7,28923
472,2,GO:0008144,,train,3.858854469034509e-127,5.25637088233016e-129,34525.87804878049,49,50,0.98,28980,1,41,28889
472,3,GO:0033293,,train,1.2885572835880198e-116,2.106262894343718e-118,17238.439024390245,49,50,0.98,28980,1,82,28848
472,4,GO:1901681,,train,1.7159752307706632e-106,3.468444530075161e-108,9594.333333333334,49,50,0.98,28980,1,147,28783
472,5,GO:0033218,,train,1.0189833246104758e-104,2.1402321344749425e-106,8701.432098765432,49,50,0.98,28980,1,162,28768
472,6,GO:0031406,,train,9.15261513653809e-102,2.0617983536918276e-103,7411.894736842105,49,50,0.98,28980,1,190,28740
472,7,GO:0043177,,train,2.0045122949029243e-100,4.591875720227574e-102,6899.872549019608,49,50,0.98,28980,1,204,28726
472,8,GO:0008800,,train,5.863397452142072e-23,6.0545671906731135e-24,136.8130081300813,14,50,0.28,28980,36,82,28848
472,9,GO:0016812,,train,1.598419592871813e-20,1.7352851777200514e-21,88.19816272965879,14,50,0.28,28980,36,127,28803
472,10,GO:0016810,,train,1.469460342244431e-11,2.038657228482182e-12,17.904697380307137,14,50,0.28,28980,36,615,28315
473,1,GO:0016747,,train,8.742657138944833e-101,1.9924970718279518e-102,1967.857142857143,58,60,0.9666666666666667,28980,2,420,28500
473,2,GO:0016746,,train,1.1165595777765648e-97,2.6918842678328877e-99,3060.3418647166363,59,60,0.9833333333333333,28980,1,547,28373
473,3,GO:0004312,,train,1.768942205054911e-21,1.878435566489162e-22,80.6750700280112,15,60,0.25,28980,45,119,28801
473,4,GO:0016407,,train,1.3103021791564719e-17,1.5211434912256788e-18,51.1678108314264,14,60,0.23333333333333334,28980,46,171,28749
474,1,GO:0003700,,train,4.8200175605638166e-127,6.593866481481391e-129,155.84036697247706,93,124,0.75,28980,31,545,28311
474,2,GO:0140110,,train,3.2104179525318177e-121,4.777491636307126e-123,132.68652037617554,93,124,0.75,28980,31,638,28218
474,3,GO:0003677,,train,3.5192675658649534e-99,8.195851172811432e-101,78.97492405412869,107,124,0.8629032258064516,28980,17,2130,26726
474,4,GO:0043565,,train,9.038102241096831e-25,9.028306131804256e-26,25.51137222565794,26,124,0.20967741935483872,28980,98,297,28559
474,5,GO:0000976,,train,2.036774166597034e-07,3.3567365208644325e-08,38.56110615521855,6,124,0.04838709677419355,28980,118,38,28818
474,6,GO:0001067,,train,2.036774166597034e-07,3.3567365208644325e-08,38.56110615521855,6,124,0.04838709677419355,28980,118,38,28818
474,7,GO:1990837,,train,2.9487558872766628e-06,5.224265637358074e-07,23.238902340597257,6,124,0.04838709677419355,28980,118,63,28793
474,8,GO:0016597,,train,3.4846015972254004e-06,6.198113747064075e-07,22.522294654498044,6,124,0.04838709677419355,28980,118,65,28791
474,9,GO:0003690,,train,6.792724910827404e-05,1.3327964218508347e-05,12.819803746654772,6,124,0.04838709677419355,28980,118,114,28742
474,10,GO:0031406,,train,0.0025198408670631,0.0005868334913188,6.246381028588056,6,124,0.04838709677419355,28980,118,233,28623
475,1,GO:0005509,,train,1.3671368416874833e-12,1.829417082001472e-13,74.95767195767196,10,16,0.625,28980,6,630,28334
475,2,GO:0099106,,train,0.0009008831349044,0.0001985864484329,114.7936507936508,2,16,0.125,28980,14,36,28928
475,3,GO:0016247,,train,0.0010412234123712,0.0002314134818425,105.95238095238096,2,16,0.125,28980,14,39,28925
476,1,GO:0004518,,train,1.099081259563533e-146,1.0173995313650186e-148,932.205663716814,93,98,0.9489795918367347,28980,5,565,28317
476,2,GO:0016788,,train,2.5292320484782507e-112,4.460256300154984e-114,432.0214765100671,94,98,0.9591836734693877,28980,4,1490,27392
476,3,GO:0004519,,train,1.6566101502160458e-107,3.2708065771614817e-109,202.31005917159763,72,98,0.7346938775510204,28980,26,390,28492
476,4,GO:0004540,,train,5.811449592549483e-21,6.257986554826698e-22,31.39162831470524,20,98,0.20408163265306123,28980,78,234,28648
476,5,GO:0000287,,train,7.411659909081917e-14,9.524841673592401e-15,11.734756097560975,21,98,0.21428571428571427,28980,77,656,28226
476,6,GO:0140098,,train,5.0661986243999e-10,7.441169377139498e-11,7.539001349527665,20,98,0.20408163265306123,28980,78,950,27932
476,7,GO:0004521,,train,0.0012119213320201,0.000271161939654,9.472590540273105,5,98,0.05102040816326531,28980,93,163,28719
476,8,GO:0005102,,train,0.0171344754619574,0.0046258114613879,4.111298563578521,6,98,0.061224489795918366,28980,92,451,28431
477,1,GO:0005524,,train,8.922991610730425e-79,2.987661309155718e-80,831.3225939694341,76,77,0.987012987012987,28980,1,2421,26482
477,2,GO:0032559,,train,2.6656272538784107e-78,9.003334281635197e-80,818.0284900284901,76,77,0.987012987012987,28980,1,2457,26446
477,3,GO:0030554,,train,3.005032316197994e-78,1.0167303293226359e-79,816.5753758634702,76,77,0.987012987012987,28980,1,2461,26442
477,4,GO:0035639,,train,1.366604685830686e-73,5.092190761861419e-75,696.3727144866385,76,77,0.987012987012987,28980,1,2844,26059
477,5,GO:0032555,,train,6.942085598683295e-73,2.627405628350124e-74,679.6339869281046,76,77,0.987012987012987,28980,1,2907,25996
477,6,GO:0017076,,train,8.076406923600409e-73,3.066181378851724e-74,678.0775832475111,76,77,0.987012987012987,28980,1,2913,25990
477,7,GO:0032553,,train,5.491191345204099e-71,2.1490557568599105e-72,636.4969185857931,76,77,0.987012987012987,28980,1,3083,25820
477,8,GO:0097367,,train,3.264526031620376e-69,1.317783305965046e-70,598.4329137242862,76,77,0.987012987012987,28980,1,3257,25646
477,9,GO:0004386,,train,4.559787515645807e-26,4.425279327221068e-27,106.06969696969696,17,77,0.22077922077922077,28980,60,77,28826
477,10,GO:0016887,,train,7.220181279928303e-17,8.544843533676169e-18,23.78744095582106,18,77,0.23376623376623376,28980,59,366,28537
478,1,GO:0004553,,train,4.380365480441121e-267,6.1592273211229405e-270,821.9131595477387,187,195,0.958974358974359,28980,8,796,27989
478,2,GO:0016798,,train,2.3106571436567173e-261,3.925890216834801e-264,1319.8955223880596,191,195,0.9794871794871794,28980,4,1005,27780
478,3,GO:0097599,,train,5.174346016347645e-37,4.053139188479832e-38,160.24781976744185,23,195,0.11794871794871795,28980,172,24,28761
478,4,GO:0015926,,train,8.62697591427332e-10,1.2767226856170374e-10,22.8275039745628,10,195,0.05128205128205128,28980,185,68,28717
478,5,GO:0015925,,train,1.2574374914805366e-07,2.049132836835757e-08,28.16755319148936,7,195,0.035897435897435895,28980,188,38,28747
478,6,GO:0008810,,train,3.971540539091451e-07,6.651228069832095e-08,23.262372802960225,7,195,0.035897435897435895,28980,188,46,28739
478,7,GO:0030246,,train,0.000515932750588,0.0001106163928158,4.660933660933661,10,195,0.05128205128205128,28980,185,330,28455
478,8,GO:0008422,,train,0.0163999213204072,0.0044025215742511,9.761888586956522,3,195,0.015384615384615385,28980,192,46,28739
478,9,GO:0030247,,train,0.0286851961899739,0.0081088596898745,7.7389547413793105,3,195,0.015384615384615385,28980,192,58,28727
479,1,GO:0016791,,train,3.673418834213824e-76,1.2956019206120763e-77,565.5363881401618,44,51,0.8627450980392157,28980,7,318,28611
479,2,GO:0042578,,train,7.680546705232405e-73,2.91364442782786e-74,483.3766968325792,45,51,0.8823529411764706,28980,6,442,28487
479,3,GO:0016788,,train,1.86640425812081e-49,1.1262831448952365e-50,133.4795321637427,45,51,0.8823529411764706,28980,6,1539,27390
479,4,GO:0000287,,train,1.344085166489784e-05,2.4887841161736318e-06,9.06576133447391,9,51,0.17647058823529413,28980,42,668,28261
479,5,GO:0030145,,train,0.0004711051587451,0.0001005287024102,18.42649176131819,4,51,0.0784313725490196,28980,47,133,28796
479,6,GO:0048029,,train,0.0341598013170949,0.0098755918562969,14.185394639783624,2,51,0.0392156862745098,28980,49,83,28846
480,1,GO:0016779,,train,8.0300358983402095e-53,4.4975916564509117e-54,663.45269286754,32,35,0.9142857142857143,28980,3,458,28487
480,2,GO:0070566,,train,1.760115162090393e-40,1.2761182957417826e-41,635.3344907407408,19,35,0.5428571428571428,28980,16,54,28891
480,3,GO:0016772,,train,1.072006191209799e-36,8.456843521481058e-38,250.9090145576708,33,35,0.9428571428571428,28980,2,1786,27159
480,4,GO:0005524,,train,0.0090667567935336,0.0023088530569818,3.68094546129112,9,35,0.2571428571428571,28980,26,2488,26457
480,5,GO:0032559,,train,0.0099339728697217,0.0025474411489452,3.623506643910764,9,35,0.2571428571428571,28980,26,2524,26421
480,6,GO:0030554,,train,0.0100270678730115,0.0025751326725456,3.617225535540409,9,35,0.2571428571428571,28980,26,2528,26417
480,7,GO:0003723,,train,0.0119412292843498,0.0031209434828769,4.1623475609756095,7,35,0.2,28980,28,1640,27305
480,8,GO:0035639,,train,0.0237293569552424,0.0065883599971229,3.095764077900801,9,35,0.2571428571428571,28980,26,2911,26034
480,9,GO:0032555,,train,0.0268865345156303,0.0075649636471461,3.022851895918473,9,35,0.2571428571428571,28980,26,2974,25971
480,10,GO:0017076,,train,0.0272057761340827,0.0076635540119325,3.0160686628807434,9,35,0.2571428571428571,28980,26,2980,25965
481,1,GO:0003823,,train,2.5022734268611624e-240,5.497568826041748e-243,5696.299435028249,105,164,0.6402439024390244,28980,59,9,28807
481,2,GO:0034987,,train,8.806942510872404e-214,2.941065255410417e-216,inf,90,164,0.5487804878048781,28980,74,0,28816
481,3,GO:0005102,,train,6.852909704995637e-138,7.387499696629448e-140,124.5579481792717,100,164,0.6097560975609756,28980,64,357,28459
481,4,GO:0004674,,train,7.629463958465256e-05,1.5061357944780548e-05,7.936521136521136,8,164,0.04878048780487805,28980,156,185,28631
482,1,GO:0016757,,train,4.5952604028345037e-128,6.124860073497083e-130,1177.4033898305086,73,78,0.9358974358974359,28980,5,354,28548
482,2,GO:0016758,,train,1.753829811101119e-116,2.8822055951833138e-118,868.9333333333333,57,78,0.7307692307692307,28980,21,90,28812
482,3,GO:0008194,,train,1.6109339856323733e-18,1.8371169130464977e-19,143.62686567164178,11,78,0.14102564102564102,28980,67,33,28869
482,4,GO:0046527,,train,2.25742810600922e-17,2.6319137188143937e-18,163.32579185520362,10,78,0.1282051282051282,28980,68,26,28876
483,1,GO:0004553,,train,4.287386448670363e-267,5.902896068415709e-270,3159.036783042394,181,183,0.9890710382513661,28980,2,802,27995
483,2,GO:0016798,,train,9.518350686864517e-254,1.7008506661356756e-256,4986.692307692308,182,183,0.994535519125683,28980,1,1014,27783
483,3,GO:0097599,,train,6.559366180446686e-40,4.811393185059761e-41,188.83675143560296,24,183,0.13114754098360656,28980,159,23,28774
483,4,GO:0008810,,train,3.1336619736990573e-10,4.5705548135593655e-11,33.800548589341695,9,183,0.04918032786885246,28980,174,44,28753
483,5,GO:0015926,,train,1.0631279972538232e-08,1.642792332517186e-09,21.535232383808097,9,183,0.04918032786885246,28980,174,69,28728
483,6,GO:0030247,,train,6.865138077047971e-07,1.16761846897327e-07,21.17013888888889,7,183,0.03825136612021858,28980,176,54,28743
483,7,GO:0015925,,train,0.0008523354540637,0.000187260623531,15.672979970023164,4,183,0.02185792349726776,28980,179,41,28756
483,8,GO:0030246,,train,0.001459214338426,0.000330211523108,4.448275862068965,9,183,0.04918032786885246,28980,174,331,28466
484,1,GO:0016831,,train,2.176653487980703e-34,1.8038353450793596e-35,inf,17,17,1.0,28980,0,253,28710
484,2,GO:0016830,,train,1.9947757442956488e-30,1.780496731660322e-31,inf,17,17,1.0,28980,0,441,28522
484,3,GO:0016829,,train,4.5262896356495934e-23,4.663257066695848e-24,inf,17,17,1.0,28980,0,1220,27743
484,4,GO:0016861,,train,1.375307579194953e-09,2.0530706926729002e-10,109.16287878787878,6,17,0.35294117647058826,28980,11,144,28819
484,5,GO:0016860,,train,1.0113720699564436e-08,1.560742907850879e-09,76.89572192513369,6,17,0.35294117647058826,28980,11,204,28759
484,6,GO:0016853,,train,3.781344447544828e-05,7.2531984188779135e-06,17.48879202988792,6,17,0.35294117647058826,28980,11,876,28087
485,1,GO:0016810,,train,5.548826469174653e-52,3.163141549935224e-53,784.8296979865772,33,35,0.9428571428571428,28980,2,596,28349
485,2,GO:0019239,,train,3.408564683411321e-44,2.2775686331139892e-45,646.5223880597015,21,35,0.6,28980,14,67,28878
485,3,GO:0016814,,train,2.036574152274829e-37,1.581556105598199e-38,412.93524096385545,19,35,0.5428571428571428,28980,16,83,28862
485,4,GO:0008270,,train,1.3227560242826262e-16,1.5778371066229766e-17,32.433998100664766,17,35,0.4857142857142857,28980,18,819,28126
485,5,GO:0016812,,train,3.8402312147899837e-11,5.412119510898619e-12,64.18713450292398,8,35,0.22857142857142856,28980,27,133,28812
485,6,GO:0046914,,train,4.372763251985699e-11,6.1767186340554345e-12,14.059366995975118,17,35,0.4857142857142857,28980,18,1822,27123
486,1,GO:0019865,,train,0.0011580860091148,0.0002585737341147,98.39795918367346,2,23,0.08695652173913043,28980,21,28,28929
487,1,GO:0008810,,train,3.3959592154701556e-33,2.881944472922941e-34,3133.4333333333334,13,16,0.8125,28980,3,40,28924
487,2,GO:0016798,,train,6.099910247336609e-22,6.429234282425849e-23,inf,16,16,1.0,28980,0,1180,27784
487,3,GO:0004553,,train,1.167395336623234e-20,1.2649604095759272e-21,433.8223140495868,15,16,0.9375,28980,1,968,27996
488,1,GO:0004888,,train,4.480189852412573e-51,2.601205814067352e-52,1998.8985507246375,29,30,0.9666666666666667,28980,1,414,28536
488,2,GO:0004930,,train,1.0216483920913829e-50,5.976599698293616e-52,1048.7272727272727,24,30,0.8,28980,6,110,28840
488,3,GO:0038023,,train,5.221690350883195e-46,3.3865959038156237e-47,1305.7376788553258,29,30,0.9666666666666667,28980,1,629,28321
488,4,GO:0060089,,train,1.2030266651974228e-45,7.865821591588737e-47,1266.601851851852,29,30,0.9666666666666667,28980,1,648,28302
488,5,GO:0004896,,train,3.8125936966074506e-13,4.9900895323086646e-14,209.4782608695652,7,30,0.23333333333333334,28980,23,42,28908
488,6,GO:0140375,,train,5.109667298886328e-13,6.716195673346501e-14,199.9426877470356,7,30,0.23333333333333334,28980,23,44,28906
488,7,GO:0005506,,train,1.8254945467585603e-09,2.7358086830174867e-10,24.075551782682517,10,30,0.3333333333333333,28980,20,589,28361
488,8,GO:0046914,,train,4.9452918394330766e-05,9.588682861765104e-06,7.414160743575724,10,30,0.3333333333333333,28980,20,1829,27121
488,9,GO:0009055,,train,0.0019204793414095,0.0004403876229473,9.03444976076555,5,30,0.16666666666666666,28980,25,627,28323
488,10,GO:0020037,,train,0.0025164535084648,0.0005859709095347,8.467664670658683,5,30,0.16666666666666666,28980,25,668,28282
489,1,GO:0005198,,train,1.6693311699475124e-23,1.7115326756353207e-24,inf,18,18,1.0,28980,0,1376,27586
490,1,GO:0004672,,train,0.0,0.0,5744.929936305733,254,258,0.9844961240310077,28980,4,314,28408
490,2,GO:0016773,,train,0.0,0.0,5698.332805071315,256,258,0.9922480620155039,28980,2,631,28091
490,3,GO:0016301,,train,0.0,0.0,3912.017582417583,256,258,0.9922480620155039,28980,2,910,27812
490,4,GO:0016772,,train,1.61387147007627e-308,9.928025565106e-312,2224.1535508637235,256,258,0.9922480620155039,28980,2,1563,27159
490,5,GO:0005524,,train,2.520052689686728e-271,3.1743347586644783e-274,1512.524765729585,256,258,0.9922480620155039,28980,2,2241,26481
490,6,GO:0032559,,train,1.1703395883849759e-269,1.5084788320279738e-272,1486.5876152832675,256,258,0.9922480620155039,28980,2,2277,26445
490,7,GO:0030554,,train,1.7511257907833895e-269,2.3083651341726726e-272,1483.7562472599736,256,258,0.9922480620155039,28980,2,2281,26441
490,8,GO:0140096,,train,1.200563712517699e-264,1.8287873290248221e-267,742.7984084880636,254,258,0.9844961240310077,28980,4,2262,26460
490,9,GO:0035639,,train,3.2052328794440785e-253,5.821379691406183e-256,1252.036036036036,256,258,0.9922480620155039,28980,2,2664,26058
490,10,GO:0032555,,train,9.376883542030516e-251,1.7579768189646222e-253,1220.1540154015402,256,258,0.9922480620155039,28980,2,2727,25995
491,1,GO:0004601,,train,6.596666089172566e-81,2.1333800165352885e-82,inf,37,37,1.0,28980,0,161,28782
491,2,GO:0016684,,train,3.8693052475375615e-79,1.2819475158815896e-80,inf,37,37,1.0,28980,0,182,28761
491,3,GO:0016209,,train,4.172527440388954e-70,1.6525345224846549e-71,inf,37,37,1.0,28980,0,335,28608
491,4,GO:0020037,,train,4.149937668774522e-57,2.1249937150358448e-58,1599.7111459968603,36,37,0.972972972972973,28980,1,637,28306
491,5,GO:0046906,,train,2.523440335471349e-55,1.33944807331461e-56,1417.2050209205022,36,37,0.972972972972973,28980,1,717,28226
492,1,GO:0016830,,train,2.437984530231447e-55,1.2926595775021e-56,42.42242892242892,51,135,0.37777777777777777,28980,84,407,28438
492,2,GO:0016829,,train,4.3558321629833985e-55,2.328673784294081e-56,24.02829309398261,68,135,0.5037037037037037,28980,67,1169,27676
492,3,GO:0016831,,train,1.3675312786524477e-49,8.200300340983566e-51,54.50413453498096,41,135,0.3037037037037037,28980,94,229,28616
492,4,GO:0030170,,train,5.964926002774636e-17,7.041817321727683e-18,16.737931612470668,21,135,0.15555555555555556,28980,114,314,28531
492,5,GO:0070279,,train,5.964926002774636e-17,7.041817321727683e-18,16.737931612470668,21,135,0.15555555555555556,28980,114,314,28531
492,6,GO:0019842,,train,1.0769958979137904e-15,1.31781113325304e-16,12.291534810126585,23,135,0.17037037037037037,28980,112,474,28371
492,7,GO:0016757,,train,8.60576374361172e-08,1.3900513015869884e-08,7.965261241070178,14,135,0.1037037037037037,28980,121,413,28432
492,8,GO:0016833,,train,1.1146238239917382e-07,1.8118310335794463e-08,28.1142578125,7,135,0.05185185185185185,28980,128,56,28789
492,9,GO:0000287,,train,6.819678860419953e-07,1.1596870195019429e-07,5.732897697656975,16,135,0.11851851851851852,28980,119,661,28184
492,10,GO:0016758,,train,2.634484146868385e-06,4.655899129407085e-07,13.009006967654225,8,135,0.05925925925925926,28980,127,139,28706
493,1,GO:0004518,,train,3.615899681806578e-59,1.7805686982209502e-60,164.94986449864498,43,55,0.7818181818181819,28980,12,615,28310
493,2,GO:0016788,,train,2.916525376149136e-48,1.8018431667394698e-49,91.01300390117036,46,55,0.8363636363636363,28980,9,1538,27387
493,3,GO:0004519,,train,1.9701064611169374e-42,1.372962847056623e-43,92.19817997977756,32,55,0.5818181818181818,28980,23,430,28495
493,4,GO:0004527,,train,0.0010265424295891,0.0002280303261438,14.749199026015637,4,55,0.07272727272727272,28980,51,153,28772
493,5,GO:0016893,,train,0.0092618460927049,0.0023607031330411,12.212528280542989,3,55,0.05454545454545454,28980,52,136,28789
493,6,GO:0004521,,train,0.0150923637972329,0.0040249840352113,10.055944055944057,3,55,0.05454545454545454,28980,52,165,28760
493,7,GO:0016888,,train,0.02510017104539,0.0070182245841241,17.017099056603772,2,55,0.03636363636363636,28980,53,64,28861
493,8,GO:0016462,,train,0.0283776785746165,0.0080152789295032,3.7273735581189,6,55,0.10909090909090909,28980,49,920,28005
493,9,GO:0016818,,train,0.031964789021548,0.0091642320694229,3.6176109303277806,6,55,0.10909090909090909,28980,49,947,27978
493,10,GO:0016817,,train,0.0335273320323151,0.0096647348820237,3.574666609858975,6,55,0.10909090909090909,28980,49,958,27967
494,1,GO:0016829,,train,7.039334449485892e-17,8.326693179548299e-18,28.835905856595517,19,34,0.5588235294117647,28980,15,1218,27728
494,2,GO:0016811,,train,2.8613937330285665e-12,3.8708487152139673e-13,46.69596354166666,10,34,0.29411764705882354,28980,24,256,28690
494,3,GO:0016836,,train,2.056420722007641e-09,3.0873117732340744e-10,28.666629526462398,9,34,0.2647058823529412,28980,25,359,28587
494,4,GO:0140096,,train,3.141992436468256e-09,4.750219106720763e-10,10.583033213285312,17,34,0.5,28980,17,2499,26447
494,5,GO:0016810,,train,1.1451973281185236e-08,1.7722932549580103e-09,19.067716747442116,10,34,0.29411764705882354,28980,24,619,28327
494,6,GO:0016835,,train,1.845554220407556e-08,2.886972943426882e-09,22.001716738197423,9,34,0.2647058823529412,28980,25,466,28480
494,7,GO:0008233,,train,8.565077604004921e-08,1.3824758355469758e-08,11.7128740824393,12,34,0.35294117647058826,28980,22,1288,27658
494,8,GO:0016840,,train,1.4185038232464737e-07,2.319087745712444e-08,73.22008113590263,5,34,0.14705882352941177,28980,29,68,28878
494,9,GO:0016833,,train,0.0002685342115818,5.583462829284842e-05,46.59032258064517,3,34,0.08823529411764706,28980,31,60,28886
494,10,GO:0016763,,train,0.0075789191902652,0.0019020007822305,13.43571762505844,3,34,0.08823529411764706,28980,31,207,28739
495,1,GO:0004519,,train,2.2789546417738852e-42,1.591536416787926e-43,107.88484552448406,31,50,0.62,28980,19,431,28499
495,2,GO:0004518,,train,2.4453675745529957e-41,1.7485843071986008e-42,87.912,33,50,0.66,28980,17,625,28305
495,3,GO:0004521,,train,5.4731240111895035e-40,4.0049986173217855e-41,184.52564102564105,24,50,0.48,28980,26,144,28786
495,4,GO:0004540,,train,1.1984370113687456e-39,8.832842723741873e-41,136.3764619883041,26,50,0.52,28980,24,228,28702
495,5,GO:0016788,,train,6.91258385265307e-29,6.366453886616064e-30,34.26658322903629,33,50,0.66,28980,17,1551,27379
495,6,GO:0140098,,train,1.7801179671168933e-24,1.786010498103336e-25,32.11670197740113,26,50,0.52,28980,24,944,27986
495,7,GO:0003677,,train,1.7034192703358e-09,2.5498645081336775e-10,8.032777026011127,20,50,0.4,28980,30,2217,26713
496,1,GO:0003735,,train,9.408823156991963e-190,4.657969691336795e-192,487.7704280155642,134,144,0.9305555555555556,28980,10,771,28065
496,2,GO:0005198,,train,3.2045665570093484e-163,2.328067803668508e-165,293.2685714285714,134,144,0.9305555555555556,28980,10,1260,27576
496,3,GO:0019843,,train,1.8917814904229005e-143,1.850938916135714e-145,209.04704386522567,92,144,0.6388888888888888,28980,52,242,28594
496,4,GO:0003723,,train,1.414984554642045e-135,1.6165567457901909e-137,125.71005917159763,126,144,0.875,28980,18,1521,27315
496,5,GO:0070180,,train,4.4849573575885864e-13,5.881932826529602e-14,130.420814479638,8,144,0.05555555555555555,28980,136,13,28823
496,6,GO:0000049,,train,6.486992080928369e-09,9.944174813105472e-10,18.008905054559136,10,144,0.06944444444444445,28980,134,119,28717
496,7,GO:0003729,,train,3.6588098416636666e-07,6.112485727219115e-08,17.24969987995198,8,144,0.05555555555555555,28980,136,98,28738
497,1,GO:0016627,,train,6.56920739049011e-111,1.216199159501347e-112,4149.192513368984,54,56,0.9642857142857143,28980,2,187,28737
497,2,GO:0050660,,train,8.839443942178847e-89,2.5194888114772883e-90,779.3572984749455,50,56,0.8928571428571429,28980,6,306,28618
497,3,GO:0016790,,train,0.001388563899228,0.00031332887236,25.131204644412197,3,56,0.05357142857142857,28980,53,65,28859
497,4,GO:0016661,,train,0.0316714475224063,0.0090615762355023,14.84156378600823,2,56,0.03571428571428571,28980,54,72,28852
498,1,GO:0003677,,train,3.967618041602723e-46,2.5686017728394465e-47,85.53564899451554,49,56,0.875,28980,7,2188,26736
498,2,GO:0140110,,train,4.4126534981867274e-20,4.852535733132077e-21,25.75002074172405,22,56,0.39285714285714285,28980,34,709,28215
498,3,GO:0003700,,train,6.75649015723955e-20,7.461689044963852e-21,27.52706645056726,21,56,0.375,28980,35,617,28307
499,1,GO:0004725,,train,2.782628848746903e-111,5.0945983257662186e-113,20622.14285714286,45,46,0.9782608695652174,28980,1,63,28871
499,2,GO:0004721,,train,2.655352167897832e-103,5.787216254843678e-105,inf,46,46,1.0,28980,0,134,28800
499,3,GO:0016791,,train,5.051745016767834e-88,1.4532072550212417e-89,inf,46,46,1.0,28980,0,316,28618
499,4,GO:0042578,,train,8.456161046624743e-82,2.705020318983572e-83,inf,46,46,1.0,28980,0,441,28493
499,5,GO:0016788,,train,9.044441446387012e-58,4.583555585508255e-59,inf,46,46,1.0,28980,0,1538,27396
499,6,GO:0140096,,train,1.6740759565730098e-48,1.0278768506245506e-49,inf,46,46,1.0,28980,0,2470,26464
499,7,GO:0008138,,train,4.813326353314302e-06,8.632036773878829e-07,65.51473922902494,4,46,0.08695652173913043,28980,42,42,28892
500,1,GO:0004601,,train,1.6015807505731958e-42,1.1137922787183308e-43,420.1771428571429,23,32,0.71875,28980,9,175,28773
500,2,GO:0016684,,train,1.8015224319012268e-41,1.2834468624611957e-42,374.8843537414966,23,32,0.71875,28980,9,196,28752
500,3,GO:0020037,,train,4.635728584659713e-41,3.3270454440684e-42,307.1643410852713,28,32,0.875,28980,4,645,28303
500,4,GO:0046906,,train,1.1044240798567663e-39,8.123762675455781e-41,272.49793103448275,28,32,0.875,28980,4,725,28223
500,5,GO:0016209,,train,4.954076885552026e-36,3.97202696070419e-37,209.41642788920728,23,32,0.71875,28980,9,349,28599
500,6,GO:0004497,,train,0.0001061179821528,2.1216135811375544e-05,17.448830409356724,5,32,0.15625,28980,27,304,28644
500,7,GO:0016705,,train,0.001512539807441,0.0003428547625737,13.59610821072615,4,32,0.125,28980,28,301,28647
500,8,GO:0016702,,train,0.014319146300331,0.0038015766739871,23.75884773662552,2,32,0.0625,28980,30,81,28867
500,9,GO:0016701,,train,0.0218142389001351,0.0060080696645595,18.66990291262136,2,32,0.0625,28980,30,103,28845
501,1,GO:0016301,,train,6.4998131939957994e-229,1.6755530980215905e-231,1162.2297297297298,167,171,0.9766081871345029,28980,4,999,27810
501,2,GO:0016772,,train,1.0942313531303423e-200,4.3914138728903217e-203,1390.87,169,171,0.9883040935672515,28980,2,1650,27159
501,3,GO:0005524,,train,7.094495025416588e-174,4.4890029161613e-176,636.7024474023186,168,171,0.9824561403508771,28980,3,2329,26480
501,4,GO:0032559,,train,8.469314855084257e-173,5.383722423040347e-175,626.1581395348837,168,171,0.9824561403508771,28980,3,2365,26444
501,5,GO:0030554,,train,1.1034753198937148e-172,7.079154438196779e-175,625.0063317855635,168,171,0.9824561403508771,28980,3,2369,26440
501,6,GO:0035639,,train,3.576201190100341e-162,2.619006642426357e-164,530.2296511627907,168,171,0.9824561403508771,28980,3,2752,26057
501,7,GO:0032555,,train,1.4016142272521123e-160,1.0428860583004852e-162,517.1097690941385,168,171,0.9824561403508771,28980,3,2815,25994
501,8,GO:0017076,,train,1.9746502869950212e-160,1.4750441549747502e-162,515.8908188585608,168,171,0.9824561403508771,28980,3,2821,25988
501,9,GO:0032553,,train,2.5445682958108473e-156,2.0423930428923806e-158,483.3861584754263,168,171,0.9824561403508771,28980,3,2991,25818
501,10,GO:0097367,,train,2.4294744459605038e-152,2.0781162323006327e-154,453.7327014218009,168,171,0.9824561403508771,28980,3,3165,25644
502,1,GO:0008137,,train,3.097050359539681e-06,5.492440131427258e-07,12.717846460618146,8,161,0.049689440993788817,28980,153,118,28701
502,2,GO:0050136,,train,3.9094653266774606e-06,6.971003733042067e-07,12.2991535411979,8,161,0.049689440993788817,28980,153,122,28697
502,3,GO:0003954,,train,6.072307070949263e-06,1.0968112429174548e-06,11.539064856711915,8,161,0.049689440993788817,28980,153,130,28689
502,4,GO:0016655,,train,2.6390849030593223e-05,4.987180100663704e-06,9.30718954248366,8,161,0.049689440993788817,28980,153,161,28658
502,5,GO:0016651,,train,5.844296807083128e-05,1.139515468492993e-05,6.191293019216155,10,161,0.062111801242236024,28980,151,305,28514
502,6,GO:0005507,,train,0.0001614630241284,3.280626696414796e-05,8.516339869281046,7,161,0.043478260869565216,28980,154,153,28666
502,7,GO:0005509,,train,0.0011423886069996,0.0002549684739939,3.61531227290215,12,161,0.07453416149068323,28980,149,628,28191
502,8,GO:0017056,,train,0.0023836043654321,0.0005530112949064,21.027020447906523,3,161,0.018633540372670808,28980,158,26,28793
502,9,GO:0016877,,train,0.0079889632828521,0.0020123940378253,13.009493670886076,3,161,0.018633540372670808,28980,158,42,28777
502,10,GO:0004129,,train,0.0100126167250136,0.0025708347422077,11.876582278481012,3,161,0.018633540372670808,28980,158,46,28773
503,1,GO:0051213,,train,6.444689861898393e-72,2.4863510408413693e-73,1583.9150943396226,35,39,0.8974358974358975,28980,4,159,28782
503,2,GO:0016705,,train,7.858570722699659e-16,9.5650939897522e-17,49.05650684931507,13,39,0.3333333333333333,28980,26,292,28649
503,3,GO:0016702,,train,5.387970029833402e-07,9.095957841031695e-08,54.41742081447964,5,39,0.1282051282051282,28980,34,78,28863
503,4,GO:0016701,,train,1.6994747654270857e-06,2.960651618476984e-07,42.41323529411765,5,39,0.1282051282051282,28980,34,100,28841
503,5,GO:0005506,,train,6.86753849089912e-05,1.3478779004899111e-05,10.475242820945946,7,39,0.1794871794871795,28980,32,592,28349
503,6,GO:0016646,,train,0.0279400865305627,0.0078843147771893,16.07355809417665,2,39,0.05128205128205128,28980,37,97,28844
503,7,GO:0046914,,train,0.0361120265540704,0.0105034511426125,3.236950736899564,7,39,0.1794871794871795,28980,32,1832,27109
503,8,GO:0016645,,train,0.0445373878210968,0.0132762825809966,12.167652027027026,2,39,0.05128205128205128,28980,37,128,28813
504,1,GO:0032182,,train,0.0026719559506815,0.0006241373509896,62.10526315789474,2,51,0.0392156862745098,28980,49,19,28910
505,1,GO:0008509,,train,0.0016945315451993,0.0003861925600272,23.3203125,3,67,0.04477611940298507,28980,64,58,28855
505,2,GO:0015103,,train,0.0139376984703391,0.0036921407056061,24.01330561330561,2,67,0.029850746268656716,28980,65,37,28876
506,1,GO:0004553,,train,5.522916398745941e-107,1.1001503211023932e-108,72.03736511515542,96,138,0.6956521739130435,28980,42,887,27955
506,2,GO:0016798,,train,2.1649965146806403e-100,4.972192247443015e-102,59.72327392973657,97,138,0.7028985507246377,28980,41,1099,27743
506,3,GO:0030246,,train,2.7291462728100908e-43,1.8635615203211536e-44,38.83265306122449,40,138,0.2898550724637681,28980,98,300,28542
506,4,GO:0015925,,train,2.081981082373233e-19,2.3261200012219907e-20,93.6325,13,138,0.09420289855072464,28980,125,32,28810
506,5,GO:0016758,,train,4.672233563035242e-18,5.373403921983879e-19,31.03013350286077,17,138,0.12318840579710146,28980,121,130,28712
506,6,GO:0016757,,train,1.424900774048252e-13,1.8441021823081048e-14,11.84150251946862,20,138,0.14492753623188406,28980,118,407,28435
506,7,GO:0015926,,train,2.9373945445828314e-11,4.115639366886277e-12,33.05836397058823,10,138,0.07246376811594203,28980,128,68,28774
506,8,GO:0030247,,train,1.0342099535219453e-07,1.6768761439915537e-08,28.48685326547922,7,138,0.050724637681159424,28980,131,54,28788
506,9,GO:0008422,,train,7.253168364179568e-07,1.23510172835855e-07,30.44291754756871,6,138,0.043478260869565216,28980,132,43,28799
506,10,GO:0046527,,train,0.002864306408846,0.000672340488446,19.4,3,138,0.021739130434782608,28980,135,33,28809
507,1,GO:0004308,,train,5.493583949404909e-77,1.9086008038182095e-78,3614.75,30,42,0.7142857142857143,28980,12,20,28918
507,2,GO:0016997,,train,5.493583949404909e-77,1.9086008038182095e-78,3614.75,30,42,0.7142857142857143,28980,12,20,28918
507,3,GO:0004553,,train,7.971779141134958e-38,6.132317434051147e-39,94.17287066246055,32,42,0.7619047619047619,28980,10,951,27987
507,4,GO:0016798,,train,4.0579140566140687e-35,3.3188903670698884e-36,76.35463917525773,32,42,0.7619047619047619,28980,10,1164,27774
507,5,GO:0046789,,train,6.569988065803656e-11,9.338132259800024e-12,58.462474645030426,8,42,0.19047619047619047,28980,34,116,28822
507,6,GO:0046812,,train,7.460983233046846e-11,1.0630759131013228e-11,57.46759720837488,8,42,0.19047619047619047,28980,34,118,28820
508,1,GO:0051536,,train,3.3768533652898143e-51,1.9556607502645116e-52,720.9848484848485,30,33,0.9090909090909091,28980,3,396,28551
508,2,GO:0051540,,train,3.8990918781867385e-51,2.2615349675746965e-52,717.3115577889447,30,33,0.9090909090909091,28980,3,398,28549
508,3,GO:0051539,,train,1.2896854245304029e-45,8.439983708002813e-47,442.487684729064,25,33,0.7575757575757576,28980,8,203,28744
508,4,GO:1901681,,train,1.4740671572448278e-05,2.735943260480777e-06,26.884816753926703,5,33,0.15151515151515152,28980,28,191,28756
508,5,GO:0016782,,train,3.106173364887015e-05,5.9108012356991085e-06,39.78896551724138,4,33,0.12121212121212122,28980,29,100,28847
508,6,GO:0016783,,train,8.695328816133013e-05,1.7257185086358252e-05,70.50243902439024,3,33,0.09090909090909091,28980,30,41,28906
508,7,GO:0016840,,train,0.0003752786679402,7.92397878698645e-05,41.252857142857145,3,33,0.09090909090909091,28980,30,70,28877
508,8,GO:0051537,,train,0.0031422747749791,0.0007414542377027,18.819607843137256,3,33,0.09090909090909091,28980,30,153,28794
508,9,GO:0016829,,train,0.0096130028759573,0.0024580924540595,5.003339651593104,6,33,0.18181818181818182,28980,27,1231,27716
508,10,GO:0016830,,train,0.049909802924915,0.0150590552809744,6.261978021978022,3,33,0.09090909090909091,28980,30,455,28492
509,1,GO:0050660,,train,1.5081869363283715e-40,1.0925817422562215e-41,1885.3473053892212,22,23,0.9565217391304348,28980,1,334,28623
509,2,GO:0016614,,train,1.6428397755437827e-35,1.3320972840920968e-36,1082.0797227036396,22,23,0.9565217391304348,28980,1,577,28380
509,3,GO:0030247,,train,0.0044331881579123,0.0010716427535838,46.64729620661824,2,23,0.08695652173913043,28980,21,59,28898
509,4,GO:0016829,,train,0.0097152511059194,0.0024862300044325,6.251127344877345,5,23,0.21739130434782608,28980,18,1232,27725
509,5,GO:0016832,,train,0.0123889497897431,0.0032481208254445,26.169614512471654,2,23,0.08695652173913043,28980,21,105,28852
509,6,GO:0071949,,train,0.0187940133733273,0.0051112757464912,20.64017185821697,2,23,0.08695652173913043,28980,21,133,28824
509,7,GO:0016830,,train,0.020083318199077,0.0054901580523709,9.396263736263736,3,23,0.13043478260869565,28980,20,455,28502
510,1,GO:0015144,,train,1.2743492406208033e-82,3.998090156442804e-84,953.9982608695652,38,63,0.6031746031746031,28980,25,46,28871
510,2,GO:0022857,,train,3.744955050562156e-40,2.7305249790108107e-41,49.47053364269141,38,63,0.6031746031746031,28980,25,862,28055
510,3,GO:0005215,,train,5.098068411251652e-37,3.991896435912841e-38,40.22153846153847,38,63,0.6031746031746031,28980,25,1053,27864
510,4,GO:0004930,,train,0.000953014697829,0.0002107170507789,15.01277705345502,4,63,0.06349206349206349,28980,59,130,28787
511,1,GO:0008047,,train,0.0084091042829916,0.002128818560905,33.49709639953542,2,16,0.125,28980,14,123,28841
511,2,GO:0042802,,train,0.0212258856860591,0.0058279938640018,9.584208742799053,3,16,0.1875,28980,13,681,28283
511,3,GO:0019899,,train,0.0458872974568028,0.0137216958853749,12.588571428571427,2,16,0.125,28980,14,325,28639
512,1,GO:0005524,,train,2.743196685048057e-103,5.986705130388735e-105,1093.2935779816514,99,100,0.99,28980,1,2398,26482
512,2,GO:0032559,,train,1.1517891998938054e-102,2.5372630234646912e-104,1075.658997534922,99,100,0.99,28980,1,2434,26446
512,3,GO:0030554,,train,1.3487134965670757e-102,2.97501614938339e-104,1073.7317473338803,99,100,0.99,28980,1,2438,26442
512,4,GO:0016874,,train,4.202514595109041e-102,9.368467079350792e-104,153.7194139194139,74,100,0.74,28980,26,525,28355
512,5,GO:0035639,,train,1.7180940951269377e-96,4.207536290611711e-98,914.512938674229,99,100,0.99,28980,1,2821,26059
512,6,GO:0032555,,train,1.4442401829259773e-95,3.6003409663122325e-97,892.373092926491,99,100,0.99,28980,1,2884,25996
512,7,GO:0017076,,train,1.761388546394433e-95,4.4064382301340074e-97,890.3148788927335,99,100,0.99,28980,1,2890,25990
512,8,GO:0016879,,train,1.2657304992981857e-93,3.26656873738671e-95,206.3373015873016,58,100,0.58,28980,42,192,28688
512,9,GO:0032553,,train,4.407272905525525e-93,1.14387432823494e-94,835.3529411764706,99,100,0.99,28980,1,3060,25820
512,10,GO:0097367,,train,9.102772357037295e-91,2.490549662088888e-92,785.0816326530612,99,100,0.99,28980,1,3234,25646
513,1,GO:0004518,,train,4.107937863367131e-41,2.944367453250991e-42,1165.1044303797469,26,27,0.9629629629629629,28980,1,632,28321
513,2,GO:0016788,,train,3.610464264346096e-31,3.181379883162861e-32,457.1694480102696,26,27,0.9629629629629629,28980,1,1558,27395
513,3,GO:0004536,,train,3.207393590970752e-28,2.9840589521408166e-29,321.8861607142857,15,27,0.5555555555555556,28980,12,112,28841
513,4,GO:0004527,,train,8.78703875614147e-27,8.411999488845045e-28,253.61795774647888,15,27,0.5555555555555556,28980,12,142,28811
513,5,GO:0004520,,train,6.412920031584421e-25,6.370276189209002e-26,315.3647058823529,13,27,0.48148148148148145,28980,14,85,28868
513,6,GO:0016888,,train,4.280864154090372e-22,4.4981866364127376e-23,361.225,11,27,0.4074074074074074,28980,16,55,28898
513,7,GO:0004519,,train,1.4073391010782713e-21,1.4923887705139121e-22,92.97024052181004,16,27,0.5925925925925926,28980,11,446,28507
513,8,GO:0140097,,train,7.242714903379247e-19,8.191733966648291e-20,69.99261811023622,15,27,0.5555555555555556,28980,12,508,28445
513,9,GO:0016893,,train,2.2038068053599237e-18,2.520978871878168e-19,154.82177734375,11,27,0.4074074074074074,28980,16,128,28825
513,10,GO:0003677,,train,6.5040333435403996e-18,7.497252601819572e-19,42.229016245487365,21,27,0.7777777777777778,28980,6,2216,26737
514,1,GO:0008236,,train,2.252754355493181e-47,1.4221184158209e-48,1838.6420047732695,27,28,0.9642857142857143,28980,1,419,28533
514,2,GO:0016825,,train,2.252754355493181e-47,1.4221184158209e-48,1838.6420047732695,27,28,0.9642857142857143,28980,1,419,28533
514,3,GO:0017171,,train,2.252754355493181e-47,1.4221184158209e-48,1838.6420047732695,27,28,0.9642857142857143,28980,1,419,28533
514,4,GO:0070011,,train,3.857841681491303e-38,2.949575764915576e-39,inf,28,28,1.0,28980,0,1204,27748
514,5,GO:0008233,,train,1.7402741380715856e-37,1.3494172433065254e-38,inf,28,28,1.0,28980,0,1272,27680
514,6,GO:0008238,,train,1.183631185185658e-30,1.0519779171729464e-31,242.8647887323944,18,28,0.6428571428571429,28980,10,213,28739
514,7,GO:0140096,,train,1.8319197806656678e-29,1.6646498402393013e-30,inf,28,28,1.0,28980,0,2488,26464
514,8,GO:0070008,,train,2.9178496178118446e-25,2.8770781889312675e-26,481.78333333333336,12,28,0.42857142857142855,28980,16,45,28907
514,9,GO:0004252,,train,2.6320768952102132e-17,3.073339339809565e-18,73.36923076923077,13,28,0.4642857142857143,28980,15,338,28614
514,10,GO:0004175,,train,6.447755834707445e-13,8.518434195896117e-14,32.01896024464832,13,28,0.4642857142857143,28980,15,763,28189
515,1,GO:0003777,,train,3.252133884919272e-121,4.8490967203442285e-123,69081.88888888889,43,44,0.9772727272727273,28980,1,18,28918
515,2,GO:0008017,,train,3.659852496429508e-107,7.268887109526924e-109,20694.466666666667,43,44,0.9772727272727273,28980,1,60,28876
515,3,GO:0003774,,train,1.0428173737290222e-106,2.098648199173443e-108,20025.516129032258,43,44,0.9772727272727273,28980,1,62,28874
515,4,GO:0015631,,train,5.460358528599019e-105,1.1372747792231018e-106,17731.97142857143,43,44,0.9772727272727273,28980,1,70,28866
515,5,GO:0008092,,train,2.3918980987214835e-79,7.91063348699814e-81,3595.152046783626,43,44,0.9772727272727273,28980,1,342,28594
515,6,GO:0017111,,train,7.720689376841343e-69,3.145993767228025e-70,inf,44,44,1.0,28980,0,740,28196
515,7,GO:0016462,,train,1.3278690927666333e-65,5.78027791502246e-67,inf,44,44,1.0,28980,0,882,28054
515,8,GO:0016818,,train,4.77790067671537e-65,2.1092352344406548e-66,inf,44,44,1.0,28980,0,909,28027
515,9,GO:0016817,,train,7.962076949762203e-65,3.535901999542872e-66,inf,44,44,1.0,28980,0,920,28016
515,10,GO:0005524,,train,1.565890374609363e-46,1.0064046289635709e-47,inf,44,44,1.0,28980,0,2453,26483
516,1,GO:0004553,,train,1.912499537060453e-151,1.6415102802200334e-153,302.90277777777777,113,125,0.904,28980,12,870,27985
516,2,GO:0016798,,train,9.18041037740334e-144,8.901531578406145e-146,266.01596370357925,114,125,0.912,28980,11,1082,27773
516,3,GO:0015929,,train,5.9144506675622364e-30,5.320701291877911e-31,216.1278659611993,17,125,0.136,28980,108,21,28834
516,4,GO:0008422,,train,4.090533121399582e-07,6.8553006964663e-08,33.78385772913817,6,125,0.048,28980,119,43,28812
516,5,GO:0015926,,train,6.287971068151272e-06,1.1370549668599409e-06,20.156162464985997,6,125,0.048,28980,119,72,28783
516,6,GO:0015925,,train,8.048122232594417e-06,1.465716844480754e-06,30.015625,5,125,0.04,28980,120,40,28815
516,7,GO:0016758,,train,0.0002135621469884,4.391734106274971e-05,10.267834793491865,6,125,0.048,28980,119,141,28714
516,8,GO:0016757,,train,0.0023550672639568,0.0005458385971944,4.640434081961528,8,125,0.064,28980,117,419,28436
516,9,GO:0030246,,train,0.0137642595430272,0.0036409544972767,4.305489860614904,6,125,0.048,28980,119,334,28521
516,10,GO:0061783,,train,0.0137939664833037,0.0036492167241033,6.732079010608992,4,125,0.032,28980,121,141,28714
517,1,GO:0008121,,train,4.112571816844868e-06,7.347621498941575e-07,68.78571428571429,4,60,0.06666666666666667,28980,56,30,28890
517,2,GO:0016681,,train,4.112571816844868e-06,7.347621498941575e-07,68.78571428571429,4,60,0.06666666666666667,28980,56,30,28890
517,3,GO:0016679,,train,6.25825803903269e-05,1.2242624479204473e-05,32.205357142857146,4,60,0.06666666666666667,28980,56,64,28856
517,4,GO:0003968,,train,0.001617180192039,0.0003678058121976,23.730263157894736,3,60,0.05,28980,57,64,28856
517,5,GO:0034062,,train,0.0188883609358095,0.0051404811254816,9.17224880382775,3,60,0.05,28980,57,165,28755
517,6,GO:0097747,,train,0.0188883609358095,0.0051404811254816,9.17224880382775,3,60,0.05,28980,57,165,28755
517,7,GO:0016638,,train,0.0308597658643917,0.0087958965890538,15.075235109717868,2,60,0.03333333333333333,28980,58,66,28854
518,1,GO:0016168,,train,8.104839610779464e-31,7.186732724559697e-32,430.0744047619048,15,51,0.29411764705882354,28980,36,28,28901
518,2,GO:0046906,,train,1.3973904139526412e-11,1.937033552691771e-12,15.916327913279131,15,51,0.29411764705882354,28980,36,738,28191
520,1,GO:0016705,,train,2.961374032675111e-14,3.768406361994517e-15,34.45890410958904,13,50,0.26,28980,37,292,28638
520,2,GO:0016627,,train,0.0002855300564082,5.9578480586920985e-05,13.509416195856874,5,50,0.1,28980,45,236,28694
520,3,GO:0016830,,train,0.0046999621173519,0.0011384710650726,6.9847927397596274,5,50,0.1,28980,45,453,28477
520,4,GO:0046914,,train,0.0144818419510311,0.0038473159520139,3.2506997201119554,9,50,0.18,28980,41,1830,27100
520,5,GO:0042277,,train,0.0259691434236551,0.0072794543580559,16.70023148148148,2,50,0.04,28980,48,72,28858
520,6,GO:0046906,,train,0.0328296623437056,0.009440078670235,4.186274509803922,5,50,0.1,28980,45,748,28182
521,1,GO:0003924,,train,4.806699603196149e-125,6.782692734572745e-127,8124.54794520548,62,63,0.9841269841269841,28980,1,219,28698
521,2,GO:0005525,,train,1.1147693979766551e-111,2.0083287335021903e-113,4643.653543307087,62,63,0.9841269841269841,28980,1,381,28536
521,3,GO:0032550,,train,1.5004650546832384e-111,2.711975096638715e-113,4619.08093994778,62,63,0.9841269841269841,28980,1,383,28534
521,4,GO:0001883,,train,2.6936618102307176e-111,4.9238215706827416e-113,4570.697674418605,62,63,0.9841269841269841,28980,1,387,28530
521,5,GO:0032549,,train,3.5987011999181156e-111,6.620336741800907e-113,4546.879177377892,62,63,0.9841269841269841,28980,1,389,28528
521,6,GO:0001882,,train,1.5340278997212366e-110,2.849030929558144e-112,4431.368421052632,62,63,0.9841269841269841,28980,1,399,28518
521,7,GO:0032561,,train,8.390303598898731e-110,1.5705551160606645e-111,4300.175182481752,62,63,0.9841269841269841,28980,1,411,28506
521,8,GO:0019001,,train,1.1032203514995552e-109,2.0780112078220525e-111,4279.050847457627,62,63,0.9841269841269841,28980,1,413,28504
521,9,GO:0008135,,train,8.033705610995035e-98,1.9274115755353235e-99,768.5096153846154,50,63,0.7936507936507936,28980,13,144,28773
521,10,GO:0090079,,train,8.025476381657291e-97,1.9583507121072516e-98,727.8593117408907,50,63,0.7936507936507936,28980,13,152,28765
522,1,GO:0016616,,train,4.129010290345791e-80,1.3474287322978614e-81,424.5122950819672,51,58,0.8793103448275862,28980,7,488,28434
522,2,GO:0016614,,train,1.085953070684563e-77,3.718777688813471e-79,377.23514077163713,51,58,0.8793103448275862,28980,7,548,28374
522,3,GO:0051287,,train,1.6060417576872702e-75,5.735023296191179e-77,345.3698740284106,45,58,0.7758620689655172,28980,13,287,28635
522,4,GO:0000287,,train,4.6899847804691705e-36,3.7547905220207527e-37,53.95730471079308,32,58,0.5517241379310345,28980,26,645,28277
522,5,GO:0050897,,train,1.4930456498043516e-07,2.4444538584985563e-08,71.70804369414101,5,58,0.08620689655172414,28980,53,38,28884
522,6,GO:0008270,,train,3.994195467768956e-06,7.12559697651022e-07,7.970780141843972,11,58,0.1896551724137931,28980,47,825,28097
522,7,GO:0016831,,train,0.0009379847514559,0.0002070946794306,10.20185119259523,5,58,0.08620689655172414,28980,53,265,28657
522,8,GO:0016861,,train,0.0010585221603179,0.0002354131951001,14.599695585996956,4,58,0.06896551724137931,28980,54,146,28776
522,9,GO:0016860,,train,0.0035180589182072,0.0008370294558303,10.325782092772384,4,58,0.06896551724137931,28980,54,206,28716
522,10,GO:0046914,,train,0.0038945011180178,0.0009319559314845,3.468899855672983,11,58,0.1896551724137931,28980,47,1828,27094
523,1,GO:0005524,,train,2.332099217087334e-53,1.2911701439186398e-54,563.2163599182004,52,53,0.9811320754716981,28980,1,2445,26482
523,2,GO:0032559,,train,4.9117581834515205e-53,2.7352293132792387e-54,554.2893994357114,52,53,0.9811320754716981,28980,1,2481,26446
523,3,GO:0030554,,train,5.332637399668144e-53,2.9711680388343455e-54,553.3134808853118,52,53,0.9811320754716981,28980,1,2485,26442
523,4,GO:0035639,,train,7.876906462450267e-50,4.7002544054870654e-51,472.4783821478382,52,53,0.9811320754716981,28980,1,2868,26059
523,5,GO:0032555,,train,2.3773519133458177e-49,1.4367041618280525e-50,461.20504947117024,52,53,0.9811320754716981,28980,1,2931,25996
523,6,GO:0017076,,train,2.638426182760657e-49,1.596024860825719e-50,460.1566224038134,52,53,0.9811320754716981,28980,1,2937,25990
523,7,GO:0032553,,train,4.648014895790466e-48,2.8838197701274884e-49,432.1338912133891,52,53,0.9811320754716981,28980,1,3107,25820
523,8,GO:0097367,,train,7.466804229650267e-47,4.7595764137794705e-48,406.4590064004877,52,53,0.9811320754716981,28980,1,3281,25646
523,9,GO:0016831,,train,7.369494849091712e-23,7.620563264872058e-24,58.52040816326531,18,53,0.33962264150943394,28980,35,252,28675
523,10,GO:0016301,,train,2.8508120130713266e-20,3.1157921377886517e-21,21.74314511080506,25,53,0.4716981132075472,28980,28,1141,27786
524,1,GO:0016168,,train,9.75451697932879e-23,1.0118271852770673e-23,1914.683823529412,9,13,0.6923076923076923,28980,4,34,28933
524,2,GO:0051539,,train,1.2498058967250998e-13,1.6145660147516445e-14,209.0690909090909,8,13,0.6153846153846154,28980,5,220,28747
524,3,GO:0009055,,train,5.121466239250955e-12,6.976248062957184e-13,102.36597110754414,9,13,0.6923076923076923,28980,4,623,28344
524,4,GO:0051536,,train,1.7723881429136968e-11,2.464635590242645e-12,109.27846889952151,8,13,0.6153846153846154,28980,5,418,28549
524,5,GO:0051540,,train,1.8388990509148023e-11,2.5587399278921146e-12,108.7504761904762,8,13,0.6153846153846154,28980,5,420,28547
524,6,GO:0046906,,train,2.3993731076322535e-11,3.354778639812739e-12,85.35181451612904,9,13,0.6923076923076923,28980,4,744,28223
524,7,GO:0000287,,train,6.703118337281101e-10,9.882764915351608e-11,67.67832585949178,8,13,0.6153846153846154,28980,5,669,28298
525,1,GO:0046789,,train,1.9672139576341312e-61,9.306765508331494e-63,978.4362573099417,29,38,0.7631578947368421,28980,9,95,28847
525,2,GO:0046812,,train,3.3129647505403625e-61,1.573165732380094e-62,958.1958762886596,29,38,0.7631578947368421,28980,9,97,28845
526,1,GO:0008237,,train,1.3178360099970054e-07,2.1498751324584243e-08,102.46428571428572,5,10,0.5,28980,5,280,28690
526,2,GO:0004222,,train,6.136044858607483e-07,1.0407387799553953e-07,142.39506172839506,4,10,0.4,28980,6,135,28835
526,3,GO:0008233,,train,7.952192532463743e-06,1.4480132636668314e-06,32.08191653786708,6,10,0.6,28980,4,1294,27676
526,4,GO:0070011,,train,0.0001437511602804,2.9022263135388547e-05,22.61043194784026,5,10,0.5,28980,5,1227,27743
526,5,GO:0008121,,train,0.0002863557719788,5.976755061514185e-05,226.078125,2,10,0.2,28980,8,32,28938
526,6,GO:0016681,,train,0.0002863557719788,5.976755061514185e-05,226.078125,2,10,0.2,28980,8,32,28938
526,7,GO:0140096,,train,0.0003135704472973,6.574167886186071e-05,15.812749003984065,6,10,0.6,28980,4,2510,26460
526,8,GO:0004175,,train,0.0004428672295672,9.41856661879575e-05,24.350604490500864,4,10,0.4,28980,6,772,28198
526,9,GO:0016679,,train,0.0010837304374484,0.0002411781976534,109.48484848484848,2,10,0.2,28980,8,66,28904
527,1,GO:0008168,,train,6.086513069858792e-49,3.701438653961054e-50,inf,29,29,1.0,28980,0,557,28394
527,2,GO:0008276,,train,2.944239660335409e-47,1.8655389710008172e-48,1184.818359375,21,29,0.7241379310344828,28980,8,64,28887
527,3,GO:0016741,,train,1.034881476320858e-46,6.620913215234947e-48,inf,29,29,1.0,28980,0,669,28282
527,4,GO:0008757,,train,7.253997015397238e-46,4.71104999945387e-47,692.3745173745174,25,29,0.8620689655172413,28980,4,259,28692
527,5,GO:0008170,,train,1.3035951566206096e-39,9.615527446379864e-41,538.4126984126984,20,29,0.6896551724137931,28980,9,119,28832
527,6,GO:0042054,,train,2.1219448128912688e-36,1.6857703760029062e-37,912.4102564102564,16,29,0.5517241379310345,28980,13,39,28912
527,7,GO:0016278,,train,6.295624119616505e-34,5.252347157825176e-35,837.2779922779923,15,29,0.5172413793103449,28980,14,37,28914
527,8,GO:0016279,,train,6.295624119616505e-34,5.252347157825176e-35,837.2779922779923,15,29,0.5172413793103449,28980,14,37,28914
527,9,GO:0018024,,train,2.4178162085318886e-31,2.1212641838922595e-32,749.6481481481482,14,29,0.4827586206896552,28980,15,36,28915
527,10,GO:0140096,,train,8.444429769878418e-16,1.0288069664271711e-16,27.83446893787575,21,29,0.7241379310344828,28980,8,2495,26456
528,1,GO:0004089,,train,7.576810217611975e-59,3.7754208571807624e-60,inf,20,20,1.0,28980,0,21,28939
528,2,GO:0016836,,train,9.175806302809904e-38,7.071958983710595e-39,inf,20,20,1.0,28980,0,348,28612
528,3,GO:0016835,,train,1.6217381976230367e-35,1.3140369260993409e-36,inf,20,20,1.0,28980,0,455,28505
528,4,GO:0008270,,train,1.4317852434716223e-30,1.2750467645527527e-31,inf,20,20,1.0,28980,0,816,28144
528,5,GO:0016829,,train,3.662358512558053e-27,3.477078811612224e-28,inf,20,20,1.0,28980,0,1217,27743
528,6,GO:0046914,,train,9.965705755441405e-24,1.017385375332141e-24,inf,20,20,1.0,28980,0,1819,27141
529,1,GO:0005215,,train,5.763309848675918e-49,3.503198270499027e-50,120.96084656084656,41,50,0.82,28980,9,1050,27880
529,2,GO:0022857,,train,3.038065140976032e-48,1.877820970635799e-49,115.58346531517265,39,50,0.78,28980,11,861,28069
529,3,GO:0015291,,train,8.441018434806461e-43,5.842964103889524e-44,464.81609195402297,21,50,0.42,28980,29,45,28885
529,4,GO:0022804,,train,9.823179371905533e-34,8.229865835793954e-35,125.49603174603176,22,50,0.44,28980,28,180,28750
529,5,GO:0008509,,train,6.514465412451861e-09,9.98819813363009e-10,71.5909090909091,6,50,0.12,28980,44,55,28875
529,6,GO:0042802,,train,1.2754426497841131e-06,2.2028912508794367e-07,10.480712166172108,10,50,0.2,28980,40,674,28256
529,7,GO:0022853,,train,1.3813928039921272e-06,2.389930544680992e-07,43.922374429223744,5,50,0.1,28980,45,73,28857
529,8,GO:0015075,,train,3.290327025109585e-06,5.842916022560361e-07,10.902182734611934,9,50,0.18,28980,41,571,28359
529,9,GO:0015103,,train,3.46736058347309e-06,6.166431175049105e-07,71.7888198757764,4,50,0.08,28980,46,35,28895
529,10,GO:0015144,,train,6.9581375170512e-05,1.366271077622351e-05,31.358695652173918,4,50,0.08,28980,46,80,28850
530,1,GO:0043022,,train,3.386092831183237e-37,2.640471956120859e-38,2008.5416666666667,15,21,0.7142857142857143,28980,6,36,28923
530,2,GO:0043021,,train,5.331820583183536e-34,4.4404505135163577e-35,1128.7109375,15,21,0.7142857142857143,28980,6,64,28895
530,3,GO:0044877,,train,7.096067205555433e-25,7.061352871450861e-26,248.88020833333331,15,21,0.7142857142857143,28980,6,288,28671
530,4,GO:0003746,,train,2.478156748274125e-13,3.227549258232053e-14,236.8688524590164,7,21,0.3333333333333333,28980,14,61,28898
530,5,GO:0008135,,train,3.9638646636351716e-10,5.8046575426991895e-11,76.93048128342247,7,21,0.3333333333333333,28980,14,187,28772
530,6,GO:0090079,,train,5.24814836200657e-10,7.709952261611433e-11,73.75384615384615,7,21,0.3333333333333333,28980,14,195,28764
530,7,GO:0045182,,train,6.645483456474152e-10,9.791950606692148e-11,71.18069306930693,7,21,0.3333333333333333,28980,14,202,28757
530,8,GO:0003743,,train,6.644584536619019e-06,1.2025146693392008e-06,62.8562091503268,4,21,0.19047619047619047,28980,17,108,28851
530,9,GO:0003723,,train,5.735143532168533e-05,1.1173928474222371e-05,10.257661801285964,8,21,0.38095238095238093,28980,13,1639,27320
531,1,GO:0051920,,train,1.0599540160349426e-33,8.886511392014547e-35,535.1481481481482,16,34,0.47058823529411764,28980,18,48,28898
531,2,GO:0016684,,train,6.822239881467096e-29,6.2812490691774586e-30,160.88619402985074,18,34,0.5294117647058824,28980,16,201,28745
531,3,GO:0016209,,train,1.0843407198172127e-24,1.0841183691408582e-25,90.864406779661,18,34,0.5294117647058824,28980,16,354,28592
531,4,GO:0004601,,train,3.036204095115936e-17,3.551443580806143e-18,84.34017595307918,12,34,0.35294117647058826,28980,22,186,28760
532,1,GO:0140101,,train,3.085575888467409e-17,3.6100975769806465e-18,203.6068652849741,11,15,0.7333333333333333,28980,4,386,28579
532,2,GO:0016874,,train,2.7532916921266395e-15,3.402799791745699e-16,132.7155612244898,11,15,0.7333333333333333,28980,4,588,28377
532,3,GO:0016884,,train,4.512180430675196e-15,5.614946383545195e-16,496.0735294117647,7,15,0.4666666666666667,28980,8,51,28914
532,4,GO:0140098,,train,5.132219032068695e-13,6.747341305892228e-14,80.30917622523462,11,15,0.7333333333333333,28980,4,959,28006
532,5,GO:0016879,,train,1.377437489488989e-10,1.9832162348297685e-11,103.42283950617283,7,15,0.4666666666666667,28980,8,243,28722
532,6,GO:0004812,,train,4.827964568524924e-09,7.359969421625713e-10,91.725677830941,6,15,0.4,28980,9,209,28756
532,7,GO:0016875,,train,4.960764377023373e-09,7.56822827885805e-10,91.28571428571428,6,15,0.4,28980,9,210,28755
532,8,GO:0000049,,train,2.7832839003003733e-06,4.923763504090563e-07,83.89818181818181,4,15,0.26666666666666666,28980,11,125,28840
532,9,GO:0005524,,train,4.4625334788076575e-06,7.987251239275504e-07,15.96282154340836,9,15,0.6,28980,6,2488,26477
532,10,GO:0032559,,train,5.019158011912091e-06,9.02175163637478e-07,15.713748019017432,9,15,0.6,28980,6,2524,26441
533,1,GO:0019888,,train,5.123708601542147e-48,3.183462502232444e-49,3617.125,18,27,0.6666666666666666,28980,9,16,28937
533,2,GO:0042562,,train,5.123708601542147e-48,3.183462502232444e-49,3617.125,18,27,0.6666666666666666,28980,9,16,28937
533,3,GO:0019840,,train,2.0810471094567918e-47,1.3100653947982087e-48,3215.0,18,27,0.6666666666666666,28980,9,18,28935
533,4,GO:0019208,,train,7.596363237893352e-47,4.844386668100252e-48,2893.3,18,27,0.6666666666666666,28980,9,20,28933
533,5,GO:0043178,,train,6.442686809544556e-43,4.4521481629069946e-44,1482.7692307692307,18,27,0.6666666666666666,28980,9,39,28914
533,6,GO:0008289,,train,2.430690790317654e-38,1.843471440411403e-39,434.8868965517241,22,27,0.8148148148148148,28980,5,290,28663
533,7,GO:0033293,,train,1.0325945158778804e-35,8.324399061709955e-37,510.4424778761062,18,27,0.6666666666666666,28980,9,113,28840
533,8,GO:0031406,,train,8.044393412619159e-31,7.130777299289796e-32,260.0180995475113,18,27,0.6666666666666666,28980,9,221,28732
533,9,GO:0043177,,train,2.2946208362501256e-30,2.053509873376141e-31,244.40851063829788,18,27,0.6666666666666666,28980,9,235,28718
533,10,GO:0004857,,train,8.703967284230268e-30,7.858226314555377e-31,225.9763779527559,18,27,0.6666666666666666,28980,9,254,28699
535,1,GO:0008422,,train,3.537154911123747e-74,1.2962418472085442e-75,2402.6592797783933,30,49,0.6122448979591837,28980,19,19,28912
535,2,GO:0004553,,train,7.850911037674626e-72,3.031168745834478e-73,inf,49,49,1.0,28980,0,934,27997
535,3,GO:0016798,,train,1.3503040723814275e-67,5.632694727337355e-69,inf,49,49,1.0,28980,0,1147,27784
535,4,GO:0015926,,train,5.391073378480769e-66,2.3214921833689932e-67,950.0986842105264,30,49,0.6122448979591837,28980,19,48,28883
535,5,GO:0015925,,train,7.950350669594268e-12,1.0913478992799233e-12,126.72368421052632,7,49,0.14285714285714285,28980,42,38,28893
536,1,GO:0003924,,train,4.083326342490553e-29,3.7463684871782565e-30,577.5295597484277,16,19,0.8421052631578947,28980,3,265,28696
536,2,GO:0005525,,train,1.7960745998609269e-28,1.6636458636553448e-29,569.3603286384977,17,19,0.8947368421052632,28980,2,426,28535
536,3,GO:0032550,,train,1.9408900629487558e-28,1.798352306619479e-29,566.6600467289719,17,19,0.8947368421052632,28980,2,428,28533
536,4,GO:0001883,,train,2.2626487247702437e-28,2.0991324695630442e-29,561.3344907407408,17,19,0.8947368421052632,28980,2,432,28529
536,5,GO:0032549,,train,2.440955766177458e-28,2.2666988249648602e-29,558.7085253456221,17,19,0.8947368421052632,28980,2,434,28527
536,6,GO:0001882,,train,3.552989846159577e-28,3.31079494408812e-29,545.9335585585585,17,19,0.8947368421052632,28980,2,444,28517
536,7,GO:0032561,,train,5.518265404876839e-28,5.159886097889936e-29,531.343201754386,17,19,0.8947368421052632,28980,2,456,28505
536,8,GO:0019001,,train,5.929627005552786e-28,5.549743176828997e-29,528.985807860262,17,19,0.8947368421052632,28980,2,458,28503
536,9,GO:0017111,,train,6.040164439929958e-22,6.364493508635223e-23,195.78472222222223,16,19,0.8421052631578947,28980,3,768,28193
536,10,GO:0016462,,train,8.534437601318226e-21,9.21770262063459e-22,164.4014652014652,16,19,0.8421052631578947,28980,3,910,28051
537,1,GO:0003690,,train,7.758241294121431e-05,1.532694123313558e-05,17.88198757763975,5,75,0.06666666666666667,28980,70,115,28790
537,2,GO:0070063,,train,0.0045368145842022,0.0010982873633842,46.55600322320709,2,75,0.02666666666666667,28980,73,17,28888
537,3,GO:0003723,,train,0.0337886663986494,0.0097534498840639,2.562661529063484,10,75,0.13333333333333333,28980,65,1637,27268
537,4,GO:0016888,,train,0.042954656999468,0.0127377916280169,12.346318493150685,2,75,0.02666666666666667,28980,73,64,28841
537,5,GO:0003746,,train,0.04516341913856,0.0134827431948051,11.971357409713574,2,75,0.02666666666666667,28980,73,66,28839
537,6,GO:1990837,,train,0.0462981430963422,0.0138621823999682,11.792271519116746,2,75,0.02666666666666667,28980,73,67,28838
538,1,GO:0008168,,train,2.6452192365007175e-63,1.2033938173493904e-64,313.09191176470586,42,49,0.8571428571428571,28980,7,544,28387
538,2,GO:0016741,,train,1.8856660431356503e-62,8.766300525694342e-64,309.3811704834605,43,49,0.8775510204081632,28980,6,655,28276
538,3,GO:0008757,,train,7.775915686297122e-27,7.437198557506549e-28,74.8876698014629,20,49,0.40816326530612246,28980,29,264,28667
538,4,GO:0008173,,train,3.379332999995746e-16,4.0805022778751686e-17,63.0745069393718,12,49,0.24489795918367346,28980,37,148,28783
538,5,GO:0008170,,train,4.144383823065407e-15,5.152404999000964e-16,65.13836348684211,11,49,0.22448979591836735,28980,38,128,28803
538,6,GO:0003723,,train,5.0738475560914116e-11,7.180407634964295e-12,10.621560196560196,19,49,0.3877551020408163,28980,30,1628,27303
538,7,GO:0008649,,train,3.0654216401002603e-09,4.6317616719797106e-10,82.24584717607974,6,49,0.12244897959183673,28980,43,49,28882
538,8,GO:0140102,,train,1.837633482135791e-07,3.0204650286386974e-08,39.053510950553175,6,49,0.12244897959183673,28980,43,103,28828
538,9,GO:0140098,,train,3.2677416138624614e-07,5.441928428042328e-08,9.470067144388649,12,49,0.24489795918367346,28980,37,958,27973
538,10,GO:0008175,,train,2.124823275484133e-05,3.991707433482657e-06,43.498305084745766,4,49,0.08163265306122448,28980,45,59,28872
539,1,GO:0003677,,train,7.56370959918365e-91,2.0672411330926404e-92,92.19559515682822,96,109,0.8807339449541285,28980,13,2141,26730
539,2,GO:0043565,,train,0.0001543395979896,3.126849634402786e-05,7.180512336947981,8,109,0.07339449541284404,28980,101,315,28556
539,3,GO:0016840,,train,0.0103280835161467,0.0026587924521749,11.644609164420483,3,109,0.027522935779816515,28980,106,70,28801
539,4,GO:0140110,,train,0.0232263203857276,0.0064344058320246,3.08374073921915,8,109,0.07339449541284404,28980,101,723,28148
539,5,GO:0003700,,train,0.0360590277029527,0.0104869797297628,3.071377520897424,7,109,0.06422018348623854,28980,102,631,28240
540,1,GO:0008092,,train,8.563014541940313e-15,1.0751114722077564e-15,15.41100295992714,19,115,0.16521739130434782,28980,96,366,28499
540,2,GO:0019899,,train,3.590572714626888e-10,5.2506485606284746e-11,12.644418435453767,14,115,0.12173913043478261,28980,101,313,28552
540,3,GO:0003779,,train,2.0139266517158758e-07,3.317902419442271e-08,12.23232970318172,10,115,0.08695652173913043,28980,105,223,28642
540,4,GO:0051020,,train,2.2434631830391019e-07,3.705917007691799e-08,14.590554739577447,9,115,0.0782608695652174,28980,106,167,28698
540,5,GO:0015631,,train,2.0097971410251644e-06,3.517748459918961e-07,17.584993011879803,7,115,0.06086956521739131,28980,108,106,28759
540,6,GO:0008017,,train,1.9112606768814256e-05,3.578749815925849e-06,16.325357041520856,6,115,0.05217391304347826,28980,109,97,28768
540,7,GO:0019900,,train,0.0001527026966895,3.091897470539942e-05,25.33421226104153,4,115,0.034782608695652174,28980,111,41,28824
540,8,GO:0098772,,train,0.0001565369690668,3.1759529184088915e-05,4.294270833333333,13,115,0.11304347826086956,28980,102,832,28033
540,9,GO:0030674,,train,0.0001660387664022,3.376029169517669e-05,24.73015873015873,4,115,0.034782608695652174,28980,111,42,28823
540,10,GO:0017016,,train,0.000173877601342,3.547129553697948e-05,14.864152892561984,5,115,0.043478260869565216,28980,110,88,28777
541,1,GO:0003779,,train,3.828164240658729e-102,8.522731414303056e-104,1179.542225730071,52,59,0.8813559322033898,28980,7,181,28740
541,2,GO:0008092,,train,1.839107746129106e-95,4.6062545711116554e-97,932.8459214501512,54,59,0.9152542372881356,28980,5,331,28590
541,3,GO:0051015,,train,1.2587589459087326e-55,6.622524143457491e-57,376.8301801801802,29,59,0.4915254237288136,28980,30,74,28847
541,4,GO:0044877,,train,5.763284954775298e-41,4.1497947736584e-42,101.06605839416058,29,59,0.4915254237288136,28980,30,274,28647
541,5,GO:0005509,,train,6.1707001442880066e-18,7.107593803597399e-19,23.40860215053764,20,59,0.3389830508474576,28980,39,620,28301
541,6,GO:0035091,,train,0.001356538123032,0.0003057175966676,25.34543325526932,3,59,0.05084745762711865,28980,56,61,28860
541,7,GO:0005543,,train,0.0067642737796713,0.0016832910261097,13.779815051020408,3,59,0.05084745762711865,28980,56,112,28809
542,1,GO:0005506,,train,1.707107295736608e-19,1.900786487123897e-20,91.09482020547944,15,23,0.6521739130434783,28980,8,584,28373
542,2,GO:0038023,,train,6.88215673692082e-19,7.781915518210261e-20,82.56415241057543,15,23,0.6521739130434783,28980,8,643,28314
542,3,GO:0060089,,train,1.0491212562503226e-18,1.192120383453438e-19,80.14067220543807,15,23,0.6521739130434783,28980,8,662,28295
542,4,GO:0046914,,train,2.307697019992071e-12,3.113028320316223e-13,27.891652960526315,15,23,0.6521739130434783,28980,8,1824,27133
542,5,GO:0022857,,train,0.0002720485775813,5.661402862400408e-05,11.078957757599683,6,23,0.2608695652173913,28980,17,894,28063
542,6,GO:0005215,,train,0.000749282618553,0.0001633685013296,9.06652209270805,6,23,0.2608695652173913,28980,17,1085,27872
543,1,GO:0003677,,train,4.365575652376511e-191,2.0972973811106647e-193,389.9416626154594,180,186,0.967741935483871,28980,6,2057,26737
543,2,GO:0000976,,train,0.0109723497699465,0.0028394333968335,11.496601359456218,3,186,0.016129032258064516,28980,183,41,28753
543,3,GO:0001067,,train,0.0109723497699465,0.0028394333968335,11.496601359456218,3,186,0.016129032258064516,28980,183,41,28753
543,4,GO:1990837,,train,0.0345260698218621,0.0099946281741114,7.135618479880775,3,186,0.016129032258064516,28980,183,66,28728
544,1,GO:0016830,,train,4.380681922876477e-36,3.5045968689034358e-37,58.73007146783947,30,64,0.46875,28980,34,428,28488
544,2,GO:0016832,,train,6.802670433769025e-33,5.802904854889241e-34,150.62173458725184,20,64,0.3125,28980,44,87,28829
544,3,GO:0016829,,train,3.372500638753158e-30,3.028009039393745e-31,27.826897699236905,35,64,0.546875,28980,29,1202,27714
544,4,GO:0016831,,train,2.6914726877234387e-09,4.0596399417312557e-10,20.41025641025641,10,64,0.15625,28980,54,260,28656
544,5,GO:0016646,,train,5.167646957500964e-07,8.708871004043428e-08,32.061179087875416,6,64,0.09375,28980,58,93,28823
544,6,GO:0016645,,train,2.4916447948533447e-06,4.3947017341336346e-07,24.020022246941046,6,64,0.09375,28980,58,124,28792
544,7,GO:0016661,,train,3.6028688414523387e-06,6.415865391565974e-07,35.429869810857284,5,64,0.078125,28980,59,69,28847
544,8,GO:0016725,,train,0.0004823942590546,0.0001031289598553,37.37446074201898,3,64,0.046875,28980,61,38,28878
544,9,GO:0016742,,train,0.0018572646526243,0.0004256197491718,22.52380952380953,3,64,0.046875,28980,61,63,28853
544,10,GO:0016741,,train,0.0036184320711609,0.0008621825721892,5.016249016172849,7,64,0.109375,28980,57,691,28225
545,1,GO:0034061,,train,6.3947486306756404e-93,1.663455131979954e-94,2830.0,40,46,0.8695652173913043,28980,6,68,28866
545,2,GO:0016779,,train,1.2325558789765494e-66,5.253445832706094e-68,520.2160356347439,41,46,0.8913043478260869,28980,5,449,28485
545,3,GO:0140097,,train,7.406014146990407e-63,3.40394182166797e-64,392.6984126984127,40,46,0.8695652173913043,28980,6,483,28451
545,4,GO:0003887,,train,4.0048916544657525e-54,2.1868113905510627e-55,615.3262295081968,26,46,0.5652173913043478,28980,20,61,28873
545,5,GO:0016772,,train,3.9472628678666334e-45,2.6051449281728112e-46,160.46623522791222,42,46,0.9130434782608695,28980,4,1777,27157
545,6,GO:0003677,,train,2.883818564158324e-12,3.9020294542131123e-13,11.05752445447705,22,46,0.4782608695652174,28980,24,2215,26719
545,7,GO:0008408,,train,2.0384354034393823e-06,3.572651087903982e-07,40.43594056630221,5,46,0.10869565217391304,28980,41,87,28847
545,8,GO:0004518,,train,4.41532372675315e-06,7.901459602992353e-07,10.601132719776787,9,46,0.1956521739130435,28980,37,649,28285
545,9,GO:0004527,,train,2.6516812170174963e-05,5.0156444966698814e-06,23.09210526315789,5,46,0.10869565217391304,28980,41,152,28782
545,10,GO:0016891,,train,0.0010107492315534,0.0002241964197592,28.36193907631837,3,46,0.06521739130434782,28980,43,71,28863
546,1,GO:0016783,,train,2.884360380490206e-31,2.533120198233482e-32,inf,11,11,1.0,28980,0,33,28936
546,2,GO:0016782,,train,7.704866984829641e-27,7.366987678613806e-28,inf,11,11,1.0,28980,0,93,28876
547,1,GO:0016788,,train,8.027841249073857e-35,6.610499385167594e-36,75.09612903225806,34,42,0.8095238095238095,28980,8,1550,27388
547,2,GO:0046914,,train,1.7195168955164022e-24,1.7247051147576409e-25,33.43442413939651,29,42,0.6904761904761905,28980,13,1810,27128
547,3,GO:0008270,,train,1.0086171663061598e-20,1.0917305063424617e-21,34.50674846625767,21,42,0.5,28980,21,815,28123
547,4,GO:0042578,,train,4.916982869621945e-10,7.220562769257644e-11,21.217267552182165,11,42,0.2619047619047619,28980,31,476,28462
547,5,GO:0016791,,train,1.3397424761443408e-08,2.079255833439586e-09,22.08472830285861,9,42,0.21428571428571427,28980,33,353,28585
547,6,GO:0030145,,train,8.873945557590632e-06,1.62157402197763e-06,29.49017199017199,5,42,0.11904761904761904,28980,37,132,28806
547,7,GO:0016811,,train,0.0001972984783767,4.043413758453994e-05,14.847778813296054,5,42,0.11904761904761904,28980,37,261,28677
547,8,GO:0016790,,train,0.0006145743677351,0.0001328454245984,34.16923076923077,3,42,0.07142857142857142,28980,39,65,28873
547,9,GO:0052689,,train,0.0034745584577751,0.0008254582737954,10.508344030808727,4,42,0.09523809523809523,28980,38,287,28651
547,10,GO:0016810,,train,0.0082223547519805,0.0020772061804224,6.131756756756757,5,42,0.11904761904761904,28980,37,624,28314
548,1,GO:0016614,,train,2.7367928543826122e-37,2.1285364936537582e-38,46.098828031571394,34,71,0.4788732394366197,28980,37,565,28344
548,2,GO:0016616,,train,2.971855151544889e-32,2.5707848558783895e-33,40.82610570702956,30,71,0.4225352112676056,28980,41,509,28400
548,3,GO:0050661,,train,4.239344138652997e-15,5.271703977672899e-16,27.289018810371125,15,71,0.2112676056338028,28980,56,281,28628
548,4,GO:0016628,,train,9.82347674771083e-10,1.4569605640114814e-10,39.345963474995735,8,71,0.11267605633802817,28980,63,93,28816
548,5,GO:0016646,,train,3.0838851973957914e-08,4.868341485416386e-09,34.259341032608695,7,71,0.09859154929577464,28980,64,92,28817
548,6,GO:0016645,,train,1.975166449229835e-07,3.2534671892724496e-08,25.597306910569102,7,71,0.09859154929577464,28980,64,123,28786
548,7,GO:0016627,,train,8.081138215391765e-07,1.379643012546598e-07,15.62831255535118,8,71,0.11267605633802817,28980,63,233,28676
548,8,GO:0016620,,train,3.319929707270721e-05,6.333123078696704e-06,14.81564245810056,6,71,0.08450704225352113,28980,65,179,28730
548,9,GO:0016903,,train,8.556140790495141e-05,1.696841349610455e-05,12.37742631200575,6,71,0.08450704225352113,28980,65,214,28695
548,10,GO:0051287,,train,8.693524817215697e-05,1.7248511464686974e-05,9.619615384615384,7,71,0.09859154929577464,28980,64,325,28584
549,1,GO:0004180,,train,0.0040981763447182,0.0009844170848841,16.685185185185187,3,67,0.04477611940298507,28980,64,81,28832
550,1,GO:0005198,,train,1.0060969976284692e-16,1.1959872327317364e-17,5.768047789725209,44,199,0.22110552763819097,28980,155,1350,27431
550,2,GO:0016168,,train,3.347819191800809e-09,5.066301650655589e-10,34.40059835452506,8,199,0.04020100502512563,28980,191,35,28746
550,3,GO:0009055,,train,5.180588051047234e-07,8.732197804647678e-08,4.850389704549574,19,199,0.09547738693467336,28980,180,613,28168
550,4,GO:0017056,,train,0.0002175411590172,4.47865736758678e-05,23.594666666666665,4,199,0.020100502512562814,28980,195,25,28756
550,5,GO:1904680,,train,0.0027374714112541,0.0006411249943749,11.118722786647314,4,199,0.020100502512562814,28980,195,53,28728
550,6,GO:0042887,,train,0.0029154725232095,0.0006849485788481,10.912440645773978,4,199,0.020100502512562814,28980,195,54,28727
551,1,GO:0052689,,train,2.2684057907010313e-24,2.283888655312255e-25,362.4458483754513,14,18,0.7777777777777778,28980,4,277,28685
551,2,GO:0016788,,train,6.265327598788165e-16,7.609352967330383e-17,87.2944550669216,15,18,0.8333333333333334,28980,3,1569,27393
551,3,GO:0016298,,train,1.3131509413851398e-07,2.1418473918717103e-08,80.92363840539024,5,18,0.2777777777777778,28980,13,137,28825
551,4,GO:0005102,,train,0.0007203877100888,0.0001567097031115,17.981078524124882,4,18,0.2222222222222222,28980,14,453,28509
552,1,GO:0016791,,train,3.7807094340331435e-60,1.8318227740840785e-61,191.84726522187825,39,57,0.6842105263157895,28980,18,323,28600
552,2,GO:0042578,,train,4.33577853052013e-57,2.221424451439701e-58,149.8934070272404,40,57,0.7017543859649122,28980,17,447,28476
552,3,GO:0016788,,train,1.4258205797425115e-36,1.1289782426821365e-37,41.72355989027736,40,57,0.7017543859649122,28980,17,1544,27379
552,4,GO:0000287,,train,4.15059407270378e-28,3.874957761287444e-29,39.14723076923077,27,57,0.47368421052631576,28980,30,650,28273
552,5,GO:0016868,,train,3.2769237698712884e-11,4.598664144999176e-12,101.0905,7,57,0.12280701754385964,28980,50,40,28883
552,6,GO:0016866,,train,8.589720790644266e-08,1.3872083287582926e-08,29.416350364963503,7,57,0.12280701754385964,28980,50,137,28786
552,7,GO:0016853,,train,0.0013937683298739,0.0003147890506877,5.239620791108205,8,57,0.14035087719298245,28980,49,874,28049
552,8,GO:0004112,,train,0.0140431719436635,0.0037213150951278,23.86694214876033,2,57,0.03508771929824561,28980,55,44,28879
553,1,GO:0016829,,train,6.452946598865501e-20,7.124573258084798e-21,21.174061850629503,25,52,0.4807692307692308,28980,27,1212,27716
553,2,GO:0016830,,train,6.261349138110109e-19,7.067105553838431e-20,34.27700534759358,18,52,0.34615384615384615,28980,34,440,28488
553,3,GO:0046912,,train,1.4721289818944494e-15,1.8056080051533704e-16,151.15813953488373,9,52,0.17307692307692307,28980,43,40,28888
553,4,GO:0016832,,train,2.165256014714046e-12,2.915804522846316e-13,61.57332700522069,9,52,0.17307692307692307,28980,43,98,28830
553,5,GO:0016833,,train,1.0088454858406664e-08,1.5565483709531562e-09,66.06636155606407,6,52,0.11538461538461539,28980,46,57,28871
553,6,GO:0046914,,train,6.610609961491279e-08,1.0598432293183868e-08,7.225999686372902,17,52,0.3269230769230769,28980,35,1822,27106
553,7,GO:0030145,,train,9.923116193681151e-07,1.7022517629023296e-07,28.672751410554262,6,52,0.11538461538461539,28980,46,131,28797
553,8,GO:0008270,,train,1.2809717487401146e-06,2.2128161239477567e-07,9.139186991869918,11,52,0.21153846153846154,28980,41,825,28103
553,9,GO:0016746,,train,6.5738509665108185e-06,1.1895209719699249e-06,9.932569825873554,9,52,0.17307692307692307,28980,43,597,28331
553,10,GO:0016646,,train,0.0001511767798716,3.058343855036803e-05,25.292105263157893,4,52,0.07692307692307693,28980,48,95,28833
554,1,GO:0003735,,train,3.91453291270708e-195,1.720068948372915e-197,620.4668400520156,136,144,0.9444444444444444,28980,8,769,28067
554,2,GO:0005198,,train,3.4407364973853873e-168,2.3786911954271063e-170,372.6756756756757,136,144,0.9444444444444444,28980,8,1258,27578
554,3,GO:0019843,,train,1.9948391198007038e-52,1.127235744821032e-53,46.5280612244898,46,144,0.3194444444444444,28980,98,288,28548
554,4,GO:0003723,,train,2.636111559359996e-26,2.5483106734299988e-27,9.359689546446765,51,144,0.3541666666666667,28980,93,1596,27240
555,1,GO:0016799,,train,7.778441489782183e-58,3.9374130399108343e-59,751.18345323741,29,37,0.7837837837837838,28980,8,139,28804
555,2,GO:0019104,,train,2.154028513644453e-54,1.1692342138392863e-55,1439.2424242424242,23,37,0.6216216216216216,28980,14,33,28910
555,3,GO:0140097,,train,2.975633417291609e-45,1.9612664232082844e-46,247.3196175021733,30,37,0.8108108108108109,28980,7,493,28450
555,4,GO:0016798,,train,1.925137971534165e-36,1.5277261519424824e-37,123.1928469241774,31,37,0.8378378378378378,28980,6,1165,27778
555,5,GO:0003684,,train,1.3864897629110509e-33,1.1644450743375171e-34,512.0708748615725,16,37,0.43243243243243246,28980,21,43,28900
555,6,GO:0003677,,train,8.934861614088327e-19,1.0129160279615031e-19,25.176122664255576,25,37,0.6756756756756757,28980,12,2212,26731
555,7,GO:0016835,,train,1.0116823245078841e-13,1.3039816702799571e-14,33.39222582972583,13,37,0.35135135135135137,28980,24,462,28481
555,8,GO:0051539,,train,7.113426553235441e-11,1.0127208907849032e-11,42.15851272015656,9,37,0.24324324324324326,28980,28,219,28724
555,9,GO:0016829,,train,1.2945230005515354e-08,2.0075591777015642e-09,12.266714324618736,13,37,0.35135135135135137,28980,24,1224,27719
555,10,GO:0051536,,train,1.6341340205400943e-08,2.546198803425246e-09,21.988180883864334,9,37,0.24324324324324326,28980,28,417,28526
556,1,GO:0004197,,train,0.0378754188560929,0.0110840271369003,6.831920792079208,3,128,0.0234375,28980,125,101,28751
558,1,GO:0004197,,train,3.6985396610079156e-123,5.31969116663704e-125,1619.469387755102,55,75,0.7333333333333333,28980,20,49,28856
558,2,GO:0008234,,train,2.43157796572919e-102,5.377863796249051e-104,461.4653130287648,57,75,0.76,28980,18,197,28708
558,3,GO:0004175,,train,6.014914735590464e-69,2.4403599932017435e-70,107.49791955617198,55,75,0.7333333333333333,28980,20,721,28184
558,4,GO:0008233,,train,5.674829904200562e-62,2.6614531671280723e-63,75.99005399261154,58,75,0.7733333333333333,28980,17,1242,27663
558,5,GO:0070011,,train,1.8408095244092705e-61,8.70336166738894e-63,74.73333333333333,57,75,0.76,28980,18,1175,27730
558,6,GO:0140096,,train,1.5443009120271102e-45,1.011529085535524e-46,36.70908916862107,58,75,0.7733333333333333,28980,17,2458,26447
559,1,GO:0016168,,train,7.583579299580003e-33,6.4712676859936575e-34,439.09591642924977,16,55,0.2909090909090909,28980,39,27,28898
559,2,GO:0046906,,train,1.961227708031081e-13,2.549130661901721e-14,17.13433209382151,17,55,0.3090909090909091,28980,38,736,28189
560,1,GO:0004519,,train,1.3887802171474986e-84,4.2391217338011354e-86,589.6642335766423,51,57,0.8947368421052632,28980,6,411,28512
560,2,GO:0004518,,train,1.0363156256923944e-81,3.321115782017985e-83,620.1876033057852,53,57,0.9298245614035088,28980,4,605,28318
560,3,GO:0016888,,train,7.378196426081719e-69,3.002113494398309e-70,984.0967032967033,31,57,0.543859649122807,28980,26,35,28888
560,4,GO:0004536,,train,1.3189665052448611e-68,5.405378741065592e-70,498.5597826086956,35,57,0.6140350877192983,28980,22,92,28831
560,5,GO:0004520,,train,1.1252445411106056e-67,4.680690301951138e-69,610.4576923076924,33,57,0.5789473684210527,28980,24,65,28858
560,6,GO:0016788,,train,3.63460420587424e-61,1.7312202123067391e-62,237.0633572828217,53,57,0.9298245614035088,28980,4,1531,27392
560,7,GO:0016893,,train,7.550175498339481e-57,3.881582447076717e-58,318.1143162393162,31,57,0.543859649122807,28980,26,108,28815
560,8,GO:0140097,,train,1.1169239597857628e-45,7.286491661372979e-47,92.6997950819672,35,57,0.6140350877192983,28980,22,488,28435
560,9,GO:0003677,,train,2.746943689615512e-20,2.999855310919714e-21,15.509768707482992,32,57,0.5614035087719298,28980,25,2205,26718
560,10,GO:0004527,,train,7.412756012970459e-05,1.4603153231750395e-05,18.20027834008097,5,57,0.08771929824561403,28980,52,152,28771
561,1,GO:0008289,,train,3.9676350510821365e-28,3.700662039032582e-29,63.88924949290061,22,56,0.39285714285714285,28980,34,290,28634
561,2,GO:0005496,,train,4.895134213651064e-06,8.787351689150692e-07,65.36199095022624,4,56,0.07142857142857142,28980,52,34,28890
562,1,GO:0046912,,train,8.15906096978167e-60,3.972334807328451e-61,inf,21,21,1.0,28980,0,28,28931
562,2,GO:0016746,,train,4.625515534607228e-35,3.791250685716678e-36,inf,21,21,1.0,28980,0,585,28374
564,1,GO:0030414,,train,5.758601628095343e-44,3.8731433160813514e-45,212.52045454545456,26,48,0.5416666666666666,28980,22,160,28772
564,2,GO:0061134,,train,1.0319950301998849e-43,6.992426120784878e-45,207.3082039911308,26,48,0.5416666666666666,28980,22,164,28768
564,3,GO:0004866,,train,7.192264148292275e-42,5.075479489479479e-43,197.94991744634007,25,48,0.5208333333333334,28980,23,158,28774
564,4,GO:0061135,,train,9.57703684303825e-42,6.7808237541739015e-43,195.46195652173915,25,48,0.5208333333333334,28980,23,160,28772
564,5,GO:0004857,,train,1.747653391397633e-39,1.2947287186468095e-40,137.81152993348115,26,48,0.5416666666666666,28980,22,246,28686
564,6,GO:0030234,,train,2.1858938535121702e-32,1.8864116039625198e-33,70.20098690453597,26,48,0.5416666666666666,28980,22,479,28453
564,7,GO:0004867,,train,8.941137847215753e-32,7.784240466920123e-33,208.54698795180724,18,48,0.375,28980,30,83,28849
564,8,GO:0098772,,train,1.2932159630616744e-26,1.2402932486931839e-27,40.56709956709957,26,48,0.5416666666666666,28980,22,819,28113
564,9,GO:0008201,,train,3.844139247077332e-05,7.378152839104396e-06,96.37333333333332,3,48,0.0625,28980,45,20,28912
564,10,GO:0005539,,train,0.0001695166517094,3.453696319650912e-05,55.04190476190476,3,48,0.0625,28980,45,35,28897
565,1,GO:0016620,,train,1.7332361229007162e-157,1.3657922988554725e-159,4586.1769911504425,72,76,0.9473684210526315,28980,4,113,28791
565,2,GO:0016903,,train,7.554373402199011e-151,6.572484109479761e-153,3497.3513513513512,72,76,0.9473684210526315,28980,4,148,28756
565,3,GO:0051287,,train,5.273126540429326e-102,1.178602557444291e-103,394.74264705882354,60,76,0.7894736842105263,28980,16,272,28632
565,4,GO:0050661,,train,4.2659032840124725e-100,9.834683435913571e-102,388.1017740429505,58,76,0.7631578947368421,28980,18,238,28666
565,5,GO:0046983,,train,9.961260173415617e-18,1.1543704849879068e-18,23.93534844668346,19,76,0.25,28980,57,397,28507
566,1,GO:0046789,,train,0.0012700260260443,0.0002852787171605,26.472910927456383,3,30,0.1,28980,27,121,28829
566,2,GO:0046812,,train,0.0013287102575252,0.0002990055423238,26.040650406504064,3,30,0.1,28980,27,123,28827
567,1,GO:0008081,,train,2.48046404800172e-19,2.7749632947589324e-20,849.0,9,12,0.75,28980,3,102,28866
567,2,GO:0004620,,train,1.1732030095823631e-16,1.396351122809017e-17,577.36,8,12,0.6666666666666666,28980,4,100,28868
567,3,GO:0016298,,train,1.0825821515427437e-15,1.3249635964336592e-16,430.3582089552239,8,12,0.6666666666666666,28980,4,134,28834
567,4,GO:0042578,,train,1.6116451092242654e-13,2.089563011813164e-14,178.80753138075315,9,12,0.75,28980,3,478,28490
567,5,GO:0016788,,train,9.640178945291192e-11,1.3817674540618624e-11,87.02033036848793,10,12,0.8333333333333334,28980,2,1574,27394
567,6,GO:0016757,,train,0.0436378803281013,0.0129646829624045,13.432,2,12,0.16666666666666666,28980,10,425,28543
568,1,GO:0008270,,train,1.0427232406136325e-18,1.1845448419895323e-19,68.62439024390244,16,24,0.6666666666666666,28980,8,820,28136
568,2,GO:0046914,,train,7.371007122572677e-15,9.22860369741794e-16,36.16732005645288,17,24,0.7083333333333334,28980,7,1822,27134
568,3,GO:0019787,,train,3.3577988768194166e-05,6.409297091529812e-06,40.016666666666666,4,24,0.16666666666666666,28980,20,144,28812
568,4,GO:0004842,,train,0.0009013703941627,0.0001987202620754,30.498412698412697,3,24,0.125,28980,21,135,28821
569,1,GO:0016620,,train,2.316731039055204e-124,3.305059073790562e-126,1179.948252688172,61,73,0.8356164383561644,28980,12,124,28783
569,2,GO:0016903,,train,5.91961243100379e-119,9.225279940516204e-121,919.0922431865828,61,73,0.8356164383561644,28980,12,159,28748
569,3,GO:0050661,,train,8.326829336888183e-87,2.4441172322002403e-88,290.88134270101483,52,73,0.7123287671232876,28980,21,244,28663
569,4,GO:0051287,,train,2.10568321653347e-86,6.230014496583781e-88,271.9146953405018,53,73,0.726027397260274,28980,20,279,28628
569,5,GO:0046983,,train,2.483651636273149e-10,3.607941079848418e-11,15.324731182795698,13,73,0.1780821917808219,28980,60,403,28504
569,6,GO:0016645,,train,9.912388335443964e-05,1.9777155858074477e-05,16.930588235294117,5,73,0.0684931506849315,28980,68,125,28782
569,7,GO:0071949,,train,0.0001182173186133,2.3721728110294617e-05,16.27658371040724,5,73,0.0684931506849315,28980,68,130,28777
569,8,GO:0050660,,train,0.0081692093092196,0.0020629347172558,5.98206804089157,5,73,0.0684931506849315,28980,68,351,28556
570,1,GO:0003677,,train,3.092676880457349e-99,7.184265653697389e-101,107.51690877850672,103,115,0.8956521739130435,28980,12,2134,26731
570,2,GO:0140097,,train,4.065763704835022e-05,7.821387424100417e-06,5.857177734375,11,115,0.09565217391304348,28980,104,512,28353
570,3,GO:0003690,,train,0.0055358102397428,0.0013566683793446,8.931034482758621,4,115,0.034782608695652174,28980,111,116,28749
570,4,GO:0016840,,train,0.0118483353086985,0.0030935411022184,11.018494897959185,3,115,0.02608695652173913,28980,112,70,28795
571,1,GO:1901681,,train,1.7955139020191649e-65,7.8527763298316e-67,inf,30,30,1.0,28980,0,166,28784
571,2,GO:0000287,,train,9.811535069678783e-49,5.998381137891327e-50,inf,30,30,1.0,28980,0,647,28303
571,3,GO:0019842,,train,5.989337636839287e-44,4.035350664888642e-45,545.3617021276596,27,30,0.9,28980,3,470,28480
571,4,GO:0016831,,train,2.0761866714238014e-16,2.494197363420632e-17,74.13953488372093,12,30,0.4,28980,18,258,28692
571,5,GO:0016829,,train,7.11297498269036e-14,9.13057866073444e-15,25.954369954369955,16,30,0.5333333333333333,28980,14,1221,27729
571,6,GO:0016830,,train,1.0904260741603417e-13,1.4067540881161627e-14,42.6068759342302,12,30,0.4,28980,18,446,28504
571,7,GO:0030145,,train,6.0932635984891445e-05,1.1905576999127807e-05,33.33371891266628,4,30,0.13333333333333333,28980,26,133,28817
571,8,GO:0016840,,train,0.0002842076616343,5.928589971286324e-05,45.84126984126984,3,30,0.1,28980,27,70,28880
571,9,GO:0042802,,train,0.0026974575435233,0.0006305683334011,8.327245949926363,5,30,0.16666666666666666,28980,25,679,28271
571,10,GO:0051539,,train,0.00670662828701,0.0016679636217803,14.185185185185183,3,30,0.1,28980,27,225,28725
572,1,GO:0051539,,train,2.4396289316701016e-24,2.4569951275981514e-25,120.47798742138365,16,34,0.47058823529411764,28980,18,212,28734
572,2,GO:0051536,,train,1.2469719928594064e-23,1.2752084913941434e-24,78.68933823529412,18,34,0.5294117647058824,28980,16,408,28538
572,3,GO:0051540,,train,1.3563991814521306e-23,1.3883055745946463e-24,78.3,18,34,0.5294117647058824,28980,16,410,28536
572,4,GO:0046914,,train,3.9750608125995816e-09,6.045790707741461e-10,11.739092797783934,15,34,0.4411764705882353,28980,19,1824,27122
572,5,GO:0016725,,train,7.725610338168445e-09,1.1883639419317014e-09,138.45785440613028,5,34,0.14705882352941177,28980,29,36,28910
572,6,GO:0051082,,train,1.0971497092760638e-08,1.696649768658154e-09,66.4815668202765,6,34,0.17647058823529413,28980,28,93,28853
572,7,GO:0016151,,train,3.5964860137841617e-06,6.403445525904483e-07,71.33827160493827,4,34,0.11764705882352941,28980,30,54,28892
572,8,GO:0005506,,train,0.0026903491852737,0.0006286798910387,8.229420643213746,5,34,0.14705882352941177,28980,29,594,28352
572,9,GO:0016765,,train,0.0027310199462,0.0006395340378452,11.421956087824352,4,34,0.11764705882352941,28980,30,334,28612
573,1,GO:0030170,,train,9.39501243103396e-53,5.273118264012966e-54,2612.4820846905536,28,29,0.9655172413793104,28980,1,307,28644
573,2,GO:0070279,,train,9.39501243103396e-53,5.273118264012966e-54,2612.4820846905536,28,29,0.9655172413793104,28980,1,307,28644
573,3,GO:0016831,,train,2.728827470440905e-49,1.6515093751445386e-50,1019.6475409836064,26,29,0.896551724137931,28980,3,244,28707
573,4,GO:0019842,,train,7.7467784532514e-48,4.829113439528658e-49,1700.4179104477612,28,29,0.9655172413793104,28980,1,469,28482
573,5,GO:0016830,,train,3.6933422106044456e-43,2.5273595816773546e-44,572.1404320987655,26,29,0.896551724137931,28980,3,432,28519
573,6,GO:0016829,,train,7.030743227528095e-32,6.112794299236426e-33,198.52463528764108,26,29,0.896551724137931,28980,3,1211,27740
573,7,GO:0008483,,train,0.0002896506938008,6.0489199288345696e-05,21.793364928909952,4,29,0.13793103448275862,28980,25,211,28740
573,8,GO:0016769,,train,0.0003048742156757,6.382915954636691e-05,21.485607476635515,4,29,0.13793103448275862,28980,25,214,28737
574,1,GO:0030246,,train,1.1755642872490746e-17,1.363347398195239e-18,45.53474801061008,15,44,0.3409090909090909,28980,29,325,28611
574,2,GO:0030247,,train,3.0590610906452533e-13,3.9930797140683865e-14,121.10272536687631,8,44,0.18181818181818182,28980,36,53,28883
574,3,GO:0015926,,train,3.189013676987233e-05,6.073110675833847e-06,39.00270270270271,4,44,0.09090909090909091,28980,40,74,28862
574,4,GO:0046789,,train,0.0037319015627091,0.0008908593559632,17.424914331787946,3,44,0.06818181818181818,28980,41,121,28815
574,5,GO:0046812,,train,0.0038976653342959,0.0009330556613605,17.14039262343843,3,44,0.06818181818181818,28980,41,123,28813
574,6,GO:0019901,,train,0.0064914371711083,0.0016108317742173,37.19305019305019,2,44,0.045454545454545456,28980,42,37,28899
574,7,GO:0019900,,train,0.0084453396419953,0.0021397235423035,31.996677740863788,2,44,0.045454545454545456,28980,42,43,28893
574,8,GO:0004553,,train,0.0133446043212617,0.0035221280409692,4.518504552065938,6,44,0.13636363636363635,28980,38,977,27959
574,9,GO:0048029,,train,0.0264442553562837,0.0074250281978492,16.55364314400459,2,44,0.045454545454545456,28980,42,83,28853
574,10,GO:0016798,,train,0.0315109726647356,0.0090101240349323,3.681468376824414,6,44,0.13636363636363635,28980,38,1190,27746
575,1,GO:0003723,,train,7.48465146940906e-37,5.882567270827697e-38,98.88802729528535,35,41,0.8536585365853658,28980,6,1612,27327
575,2,GO:0003727,,train,4.57848146736482e-10,6.718110457869872e-11,267.81481481481484,5,41,0.12195121951219512,28980,36,15,28924
575,3,GO:0003690,,train,1.0927950310945359e-07,1.7747475327029636e-08,43.34586466165413,6,41,0.14634146341463414,28980,35,114,28825
575,4,GO:0140110,,train,0.0003204228115048,6.726279014687005e-05,8.023440038999025,7,41,0.17073170731707318,28980,34,724,28215
575,5,GO:0003700,,train,0.0011622106536752,0.0002595287170216,7.678209764918626,6,41,0.14634146341463414,28980,35,632,28307
575,6,GO:0003677,,train,0.0405804376596552,0.0119529044927156,2.904958059735987,8,41,0.1951219512195122,28980,33,2229,26710
576,1,GO:0070566,,train,8.506653544524601e-76,3.0251859867747216e-77,1402.014705882353,33,50,0.66,28980,17,40,28890
576,2,GO:0016779,,train,2.1290500591849043e-56,1.1039103039977972e-57,199.51401179941004,38,50,0.76,28980,12,452,28478
576,3,GO:0005524,,train,8.40333158869511e-38,6.469213877930324e-39,66.27477005472116,43,50,0.86,28980,7,2454,26476
576,4,GO:0032559,,train,1.5400015110042992e-37,1.1923203543323556e-38,65.22776821572002,43,50,0.86,28980,7,2490,26440
576,5,GO:0030554,,train,1.646107153460824e-37,1.2754352816310395e-38,65.11330049261083,43,50,0.86,28980,7,2494,26436
576,6,GO:0016772,,train,2.097705301168087e-36,1.665284402895836e-37,54.07814096016343,39,50,0.78,28980,11,1780,27150
576,7,GO:0035639,,train,6.225828252136105e-35,5.1120475117138295e-36,55.62733998708973,43,50,0.86,28980,7,2877,26053
576,8,GO:0032555,,train,1.5315182539843891e-34,1.2674045954553412e-35,54.30369290573372,43,50,0.86,28980,7,2940,25990
576,9,GO:0017076,,train,1.6675372275639762e-34,1.380455284616632e-35,54.1805838424983,43,50,0.86,28980,7,2946,25984
576,10,GO:0032553,,train,1.719162960604341e-33,1.4478699099913527e-34,50.88951036126903,43,50,0.86,28980,7,3116,25814
577,1,GO:0008168,,train,1.3903211381789354e-190,6.801524154901784e-193,1167.7333333333331,116,122,0.9508196721311475,28980,6,470,28388
577,2,GO:0016741,,train,6.646976554185316e-184,3.641165350302178e-186,1138.8671256454388,117,122,0.9590163934426229,28980,5,581,28277
577,3,GO:0008757,,train,7.723118934480534e-44,5.219332507791133e-45,50.42186234817814,37,122,0.30327868852459017,28980,85,247,28611
577,4,GO:0008171,,train,3.793021783754356e-35,3.100017803753889e-36,95.25868725868726,24,122,0.19672131147540983,28980,98,74,28784
577,5,GO:0008173,,train,2.9024861737553527e-11,4.065028091725793e-12,21.16216216216216,12,122,0.09836065573770492,28980,110,148,28710
577,6,GO:0008276,,train,6.577364300389346e-10,9.687725254813732e-11,30.16278528178854,9,122,0.07377049180327869,28980,113,76,28782
577,7,GO:0008175,,train,1.5805131014189206e-06,2.746265105210111e-07,26.13520871143376,6,122,0.04918032786885246,28980,116,57,28801
577,8,GO:0008170,,train,0.000138792864114,2.7980563342797337e-05,11.171247083225303,6,122,0.04918032786885246,28980,116,133,28725
577,9,GO:0140098,,train,0.003462772793819,0.000822049703287,3.177073448472196,12,122,0.09836065573770492,28980,110,958,27900
577,10,GO:0140101,,train,0.024400263377389,0.0067982220166489,3.765808272334421,6,122,0.04918032786885246,28980,116,391,28467
578,1,GO:0051536,,train,3.3719475987202878e-90,9.30478553474093e-92,inf,49,49,1.0,28980,0,377,28554
578,2,GO:0051540,,train,4.2833268691889505e-90,1.18698984042322e-91,inf,49,49,1.0,28980,0,379,28552
578,3,GO:0051539,,train,1.0033182604249321e-75,3.573937383708931e-77,679.5035460992908,40,49,0.8163265306122449,28980,9,188,28743
578,4,GO:0016651,,train,1.1720744908144515e-20,1.2703739684253073e-21,51.044567953020135,17,49,0.3469387755102041,28980,32,298,28633
578,5,GO:0048038,,train,8.54001060269924e-19,9.674025544317884e-20,151.97894736842105,11,49,0.22448979591836735,28980,38,55,28876
578,6,GO:0050136,,train,2.708895615682547e-17,3.1646236386741653e-18,79.19285387081997,12,49,0.24489795918367346,28980,37,118,28813
578,7,GO:0003954,,train,5.616471427760697e-17,6.6222273476687495e-18,74.14414414414415,12,49,0.24489795918367346,28980,37,126,28805
578,8,GO:0016655,,train,6.558235038743169e-16,7.967015468748843e-17,59.44017903253572,12,49,0.24489795918367346,28980,37,157,28774
578,9,GO:0008137,,train,1.388470671305488e-15,1.702185241647909e-16,72.5345537757437,11,49,0.22448979591836735,28980,38,115,28816
579,1,GO:0005126,,train,8.823982577295447e-84,2.719286894371154e-85,2224.39375,37,43,0.8604651162790697,28980,6,80,28857
579,2,GO:0005102,,train,4.687598845751887e-71,1.8318120690842832e-72,1405.4819711538462,41,43,0.9534883720930233,28980,2,416,28521
579,3,GO:0005125,,train,1.1428523149337836e-32,9.782389970520302e-34,314.6852564102564,17,43,0.3953488372093023,28980,26,60,28877
579,4,GO:0030546,,train,3.231539244609668e-26,3.129586297178886e-27,119.09518013631936,17,43,0.3953488372093023,28980,26,158,28779
579,5,GO:0048018,,train,3.231539244609668e-26,3.129586297178886e-27,119.09518013631936,17,43,0.3953488372093023,28980,26,158,28779
579,6,GO:0030545,,train,4.8016138945986275e-26,4.665598408877068e-27,116.13841405508072,17,43,0.3953488372093023,28980,26,162,28775
579,7,GO:0070851,,train,5.740478424005331e-24,5.84187891290814e-25,339.04985337243403,12,43,0.27906976744186046,28980,31,33,28904
579,8,GO:0098772,,train,1.1169656045673407e-14,1.4066365333904553e-15,22.19681345224824,17,43,0.3953488372093023,28980,26,828,28109
580,1,GO:0003677,,train,3.2951650318603717e-54,1.796379917477269e-55,72.417217630854,59,69,0.855072463768116,28980,10,2178,26733
580,2,GO:0003700,,train,1.8783591531268943e-16,2.2537888775251958e-17,18.686348325738063,20,69,0.2898550724637681,28980,49,618,28293
580,3,GO:0140110,,train,2.4770869534026264e-15,3.056358276278484e-16,16.1887539826057,20,69,0.2898550724637681,28980,49,711,28200
580,4,GO:0043565,,train,5.612954223602845e-06,1.0117030593733577e-06,11.905698672911788,8,69,0.11594202898550725,28980,61,315,28596
580,5,GO:0000976,,train,0.0007320192250334,0.0001595187337793,32.006651884700666,3,69,0.043478260869565216,28980,66,41,28870
580,6,GO:0001067,,train,0.0007320192250334,0.0001595187337793,32.006651884700666,3,69,0.043478260869565216,28980,66,41,28870
580,7,GO:1990837,,train,0.0025936422027699,0.0006047805001625,19.865702479338843,3,69,0.043478260869565216,28980,66,66,28845
580,8,GO:0003690,,train,0.0114423699185863,0.0029731324128617,11.186480186480187,3,69,0.043478260869565216,28980,66,117,28794
581,1,GO:0008320,,train,5.752931109727752e-51,3.3485877830591574e-52,1261.6825396825398,22,64,0.34375,28980,42,12,28904
581,2,GO:0140318,,train,3.9068660753649843e-50,2.3118227941053015e-51,1081.3673469387754,22,64,0.34375,28980,42,14,28902
581,3,GO:1904680,,train,1.5287750144292694e-49,9.18062155309489e-51,525.1454545454545,24,64,0.375,28980,40,33,28883
581,4,GO:0042887,,train,2.586782457131176e-49,1.5640270063329372e-50,509.6823529411765,24,64,0.375,28980,40,34,28882
581,5,GO:0022884,,train,5.095194441383381e-49,3.0941026091887832e-50,890.4453781512605,22,64,0.34375,28980,42,17,28899
581,6,GO:0022804,,train,7.7341402102526065e-31,6.853494488682115e-32,83.62328042328042,22,64,0.34375,28980,42,180,28736
581,7,GO:0022857,,train,2.2776412881758965e-27,2.1497378886553408e-28,28.44421906693712,30,64,0.46875,28980,34,870,28046
581,8,GO:0015399,,train,1.445813879558477e-26,1.389187545757332e-27,115.84917257683216,17,64,0.265625,28980,47,90,28826
581,9,GO:0005215,,train,6.071202796057988e-25,6.025495817747448e-26,23.164883295448245,30,64,0.46875,28980,34,1061,27855
581,10,GO:0015291,,train,2.0582971172553845e-06,3.6080645486294114e-07,40.08752431230897,5,64,0.078125,28980,59,61,28855
582,1,GO:0008173,,train,9.759068154458306e-124,1.3950919118187458e-125,2277.865464632455,57,64,0.890625,28980,7,103,28813
582,2,GO:0008168,,train,1.8918189845659327e-105,3.901457553781576e-107,3420.189292543021,63,64,0.984375,28980,1,523,28393
582,3,GO:0016741,,train,1.8369909025330355e-100,4.202741585020069e-102,2805.8314960629923,63,64,0.984375,28980,1,635,28281
582,4,GO:0008175,,train,1.827348936219524e-79,6.016756611040059e-81,1245.1724137931035,35,64,0.546875,28980,29,28,28888
582,5,GO:0140098,,train,2.2132818208487473e-75,7.922870741650317e-77,249.7529338131748,57,64,0.890625,28980,7,913,28003
582,6,GO:0008757,,train,1.16267433933021e-63,5.262125711882048e-65,195.84699453551912,40,64,0.625,28980,24,244,28672
582,7,GO:0140101,,train,2.052289093869752e-47,1.2913603930140983e-48,95.19813297771005,35,64,0.546875,28980,29,362,28554
582,8,GO:0003723,,train,4.991332572715991e-21,5.361694508641514e-22,15.86971197119712,31,64,0.484375,28980,33,1616,27300
582,9,GO:0008649,,train,2.960616221846432e-16,3.5705706375316405e-17,118.81069958847736,10,64,0.15625,28980,54,45,28871
582,10,GO:0140102,,train,3.630534982051564e-13,4.748612559645028e-14,53.903853348297794,10,64,0.15625,28980,54,99,28817
583,1,GO:0004812,,train,3.0801535524609428e-71,1.2000481075586765e-72,249.16473988439307,42,70,0.6,28980,28,173,28737
583,2,GO:0016875,,train,3.817134297934022e-71,1.4882988401295318e-72,247.72413793103448,42,70,0.6,28980,28,174,28736
583,3,GO:0016874,,train,2.560978785176432e-63,1.1643199679508518e-64,112.2943408678436,48,70,0.6857142857142857,28980,22,551,28359
583,4,GO:0140101,,train,2.438475749690944e-59,1.1950581273201951e-60,120.65492957746478,42,70,0.6,28980,28,355,28555
583,5,GO:0032559,,train,4.733482664480841e-52,2.6900302806611103e-53,64.14152850788516,60,70,0.8571428571428571,28980,10,2473,26437
583,6,GO:0030554,,train,5.1962608931930724e-52,2.9560707310487003e-53,64.02825999192572,60,70,0.8571428571428571,28980,10,2477,26433
583,7,GO:0005524,,train,1.15778330614962e-50,6.783157899930398e-52,58.238794839287046,59,70,0.8428571428571429,28980,11,2438,26472
583,8,GO:0032555,,train,1.4144668700162387e-49,8.49003315072582e-51,60.280933911324055,61,70,0.8714285714285714,28980,9,2922,25988
583,9,GO:0017076,,train,1.5960909923794285e-49,9.589543970970522e-51,60.14351851851852,61,70,0.8714285714285714,28980,9,2928,25982
583,10,GO:0035639,,train,2.103595610514192e-48,1.2959139845069413e-49,54.65034965034965,60,70,0.8571428571428571,28980,10,2860,26050
584,1,GO:0008270,,train,1.3005503131840566e-93,3.364050521549996e-95,197.7475396665997,70,83,0.8433734939759037,28980,13,766,28131
584,2,GO:0046914,,train,2.5083990859598515e-69,1.0103549647581203e-70,82.57424881506283,70,83,0.8433734939759037,28980,13,1769,27128
584,3,GO:0016614,,train,5.834516349037118e-44,3.929329784818916e-45,47.15729916378916,40,83,0.4819277108433735,28980,43,559,28338
584,4,GO:0016616,,train,1.9713288308169036e-42,1.3749696652239641e-43,47.861964958970944,38,83,0.4578313253012048,28980,45,501,28396
584,5,GO:0016628,,train,5.3903087309789996e-14,6.9003278420418405e-15,48.90077160493827,11,83,0.13253012048192772,28980,72,90,28807
584,6,GO:0016627,,train,6.766642851890971e-10,9.978404697665039e-11,19.04208937198068,11,83,0.13253012048192772,28980,72,230,28667
584,7,GO:0070403,,train,6.117345842060216e-07,1.0372088271917429e-07,52.86080586080586,5,83,0.060240963855421686,28980,78,35,28862
584,8,GO:0004033,,train,5.782002201666949e-06,1.0438667594947832e-06,63.564116675839294,4,83,0.04819277108433735,28980,79,23,28874
584,9,GO:0016655,,train,4.838070798310284e-05,9.368031161739748e-06,13.736275993944703,6,83,0.07228915662650602,28980,77,163,28734
584,10,GO:0050661,,train,0.000953014697829,0.0002107201845274,7.686609941782356,6,83,0.07228915662650602,28980,77,290,28607
585,1,GO:0005524,,train,4.478804933182592e-65,1.9732614522385143e-66,63.05183256050308,75,88,0.8522727272727273,28980,13,2422,26470
585,2,GO:0032559,,train,1.2957733901926649e-64,5.765825291333912e-66,62.04387557113351,75,88,0.8522727272727273,28980,13,2458,26434
585,3,GO:0030554,,train,1.4563873325815276e-64,6.489044534834647e-66,61.933699931262886,75,88,0.8522727272727273,28980,13,2462,26430
585,4,GO:0035639,,train,9.371145277797305e-62,4.4142137875906095e-63,58.00656352555087,76,88,0.8636363636363636,28980,12,2844,26048
585,5,GO:0032555,,train,4.649260761654693e-61,2.218603210808066e-62,56.61220043572985,76,88,0.8636363636363636,28980,12,2907,25985
585,6,GO:0017076,,train,5.4088051211378006e-61,2.582638294945254e-62,56.48254949078842,76,88,0.8636363636363636,28980,12,2913,25979
585,7,GO:0032553,,train,3.425986748082775e-59,1.685849437066702e-60,53.01881284463185,76,88,0.8636363636363636,28980,12,3083,25809
585,8,GO:0097367,,train,1.8826214582104136e-57,9.60695603070727e-59,49.84801964998465,76,88,0.8636363636363636,28980,12,3257,25635
585,9,GO:0016887,,train,4.483146196625174e-24,4.542637810623803e-25,29.72083333333333,24,88,0.2727272727272727,28980,64,360,28532
585,10,GO:0016817,,train,3.676225543702784e-18,4.21930798846633e-19,13.20546914638627,27,88,0.3068181818181818,28980,61,937,27955
586,1,GO:0008238,,train,3.017915576769204e-62,1.40830755889309e-63,294.67692307692306,36,54,0.6666666666666666,28980,18,195,28731
586,2,GO:0004177,,train,3.1281490130266277e-41,2.2386466411295812e-42,243.1356304985337,23,54,0.42592592592592593,28980,31,88,28838
586,3,GO:0070011,,train,3.2128073494303857e-37,2.5025206497745543e-38,50.50686684715728,37,54,0.6851851851851852,28980,17,1195,27731
586,4,GO:0008233,,train,2.2709572744153877e-36,1.8054832125738529e-37,47.67039262260724,37,54,0.6851851851851852,28980,17,1263,27663
586,5,GO:0140096,,train,4.6410839480483984e-26,4.506896706734757e-27,23.219490781387183,37,54,0.6851851851851852,28980,17,2479,26447
586,6,GO:0008237,,train,2.822930248410164e-17,3.3003235847921505e-18,40.82051282051282,15,54,0.2777777777777778,28980,39,270,28656
586,7,GO:0030145,,train,3.0294824316833235e-05,5.760427238496778e-06,22.258812615955478,5,54,0.09259259259259259,28980,49,132,28794
586,8,GO:0008235,,train,6.389344064633e-05,1.2502802926955633e-05,32.06,4,54,0.07407407407407407,28980,50,72,28854
586,9,GO:0004180,,train,0.0022638854994972,0.0005237104546248,20.94771241830065,3,54,0.05555555555555555,28980,51,81,28845
586,10,GO:0052689,,train,0.0083860426418524,0.0021227347004202,7.982996515679442,4,54,0.07407407407407407,28980,50,287,28639
587,1,GO:0046789,,train,2.72069063041925e-07,4.5181460537969736e-08,11.795980561732971,10,223,0.04484304932735426,28980,213,114,28643
587,2,GO:0046812,,train,3.163410889242605e-07,5.263548012683597e-08,11.591792132102965,10,223,0.04484304932735426,28980,213,116,28641
587,3,GO:0016879,,train,4.863839609880258e-07,8.191174947183878e-08,7.449467550733374,13,223,0.05829596412556054,28980,210,237,28520
587,4,GO:0015144,,train,0.0002316549118412,4.784155398777848e-05,10.166253101736972,6,223,0.026905829596412557,28980,217,78,28679
587,5,GO:0016831,,train,0.000242178493931,5.013549569707304e-05,5.145720476706392,10,223,0.04484304932735426,28980,213,260,28497
587,6,GO:0016830,,train,0.0002923978544382,6.11291089710416e-05,3.938533975387908,13,223,0.05829596412556054,28980,210,445,28312
587,7,GO:0016874,,train,0.0003293999194365,6.918585178427913e-05,3.478949881454162,15,223,0.06726457399103139,28980,208,584,28173
587,8,GO:0022857,,train,0.0010221519923402,0.0002269352886881,2.775012444001991,18,223,0.08071748878923767,28980,205,882,27875
587,9,GO:0046912,,train,0.0023761997025205,0.0005512237585101,11.653779807204463,4,223,0.017937219730941704,28980,219,45,28712
587,10,GO:0042802,,train,0.0037863566000921,0.0009050786494639,2.8080982646575734,14,223,0.06278026905829596,28980,209,670,28087
588,1,GO:0008168,,train,5.859285416744827e-109,1.1225276569561229e-110,inf,64,64,1.0,28980,0,522,28394
588,2,GO:0016741,,train,6.873505103975668e-104,1.4738863216188264e-105,inf,64,64,1.0,28980,0,634,28282
588,3,GO:0008171,,train,5.500811045167021e-79,1.825707857800696e-80,702.9025641025642,38,64,0.59375,28980,26,60,28856
588,4,GO:0008276,,train,4.2966425020815126e-35,3.5166590944768865e-36,201.75524475524475,20,64,0.3125,28980,44,65,28851
588,5,GO:0008757,,train,9.651899600681175e-35,7.961961881687961e-36,76.00040799673603,26,64,0.40625,28980,38,258,28658
588,6,GO:0140096,,train,1.46773678149825e-06,2.5431827818971057e-07,4.811334498834499,20,64,0.3125,28980,44,2496,26420
588,7,GO:0008170,,train,0.013739967422658,0.0036333212035133,10.407425265188042,3,64,0.046875,28980,61,136,28780
589,1,GO:0005524,,train,3.2897532168451945e-17,3.856692847588972e-18,27.34671696757388,23,32,0.71875,28980,9,2474,26474
589,2,GO:0032559,,train,4.505648512987748e-17,5.30588716706528e-18,26.9178397521027,23,32,0.71875,28980,9,2510,26438
589,3,GO:0030554,,train,4.664529528199382e-17,5.4957195308368976e-18,26.8709449306108,23,32,0.71875,28980,9,2514,26434
589,4,GO:0035639,,train,1.0197735237369262e-15,1.246897702808662e-16,22.980592950561885,23,32,0.71875,28980,9,2897,26051
589,5,GO:0032555,,train,1.6282630857940325e-15,1.9991195975700638e-16,22.43708708708709,23,32,0.71875,28980,9,2960,25988
589,6,GO:0017076,,train,1.7010695409797804e-15,2.0898982496614224e-16,22.38652880797183,23,32,0.71875,28980,9,2966,25982
589,7,GO:0032553,,train,5.677481773529921e-15,7.083339155011845e-16,21.034438775510203,23,32,0.71875,28980,9,3136,25812
589,8,GO:0097367,,train,1.8210597258761452e-14,2.3039977022172628e-15,19.79436052366566,23,32,0.71875,28980,9,3310,25638
589,9,GO:0016887,,train,4.424420230471197e-08,7.040058780113978e-09,25.329787234042552,8,32,0.25,28980,24,376,28572
589,10,GO:0004386,,train,3.629236283268186e-07,6.057763816990984e-08,60.04785684560965,5,32,0.15625,28980,27,89,28859
590,1,GO:0071949,,train,3.215236879887595e-50,1.899737172784157e-51,5615.646017699115,22,23,0.9565217391304348,28980,1,113,28844
590,2,GO:0050660,,train,8.187198972157916e-44,5.540155732983211e-45,inf,23,23,1.0,28980,0,333,28624
590,3,GO:0016614,,train,2.154976709205416e-12,2.900699528019125e-13,44.22604875283447,11,23,0.4782608695652174,28980,12,588,28369
590,4,GO:0016616,,train,8.212630278786821e-07,1.402332422153335e-07,23.37582236842105,7,23,0.30434782608695654,28980,16,532,28425
590,5,GO:0016903,,train,0.0439270954688683,0.0130686229481743,12.555264307557886,2,23,0.08695652173913043,28980,21,218,28739
590,6,GO:0051539,,train,0.0466568638537989,0.0139848599816937,12.107458912768648,2,23,0.08695652173913043,28980,21,226,28731
591,1,GO:0016833,,train,4.7825088957901186e-12,6.506128632290277e-13,304.2842105263158,6,16,0.375,28980,10,57,28907
591,2,GO:0016866,,train,7.062711328881686e-10,1.04170699068223e-10,125.33043478260868,6,16,0.375,28980,10,138,28826
591,3,GO:0016853,,train,4.6407519167073844e-08,7.392685040587852e-09,32.139588100686495,8,16,0.5,28980,8,874,28090
591,4,GO:0000287,,train,2.1241547514190003e-07,3.5063456145080314e-08,32.84543946932007,7,16,0.4375,28980,9,670,28294
591,5,GO:0016829,,train,6.025541042393784e-07,1.0209370884730833e-07,22.567127746135068,8,16,0.5,28980,8,1229,27735
591,6,GO:0016830,,train,6.222943577110534e-07,1.0560246108973057e-07,37.84778761061947,6,16,0.375,28980,10,452,28512
593,1,GO:0016790,,train,4.3652506638239153e-110,8.120028624449091e-112,5523.684444444444,43,52,0.8269230769230769,28980,9,25,28903
593,2,GO:0016788,,train,1.0398870753791188e-44,6.9149124442997325e-46,84.91174561972745,43,52,0.8269230769230769,28980,9,1541,27387
593,3,GO:0004312,,train,0.0004670712988459,9.960685050234936e-05,18.46025641025641,4,52,0.07692307692307693,28980,48,130,28798
593,4,GO:0016746,,train,0.0004684702420045,9.991891003999184e-05,7.3568169170840285,7,52,0.1346153846153846,28980,45,599,28329
593,5,GO:0016747,,train,0.0066092593960169,0.001642005124575,6.399847060411138,5,52,0.09615384615384616,28980,47,473,28455
594,1,GO:0005509,,train,1.673819979772548e-176,1.0100680078306378e-178,751.2272727272727,112,120,0.9333333333333333,28980,8,528,28332
595,1,GO:0019787,,train,1.5611161162094562e-66,6.672139946537765e-68,219.13234432949443,39,86,0.45348837209302323,28980,47,109,28785
595,2,GO:0004842,,train,3.220321623596284e-63,1.4687994750386423e-64,215.263891695292,37,86,0.43023255813953487,28980,49,101,28793
595,3,GO:0008270,,train,1.7465389351967032e-43,1.1905545602140576e-44,37.17195767195767,44,86,0.5116279069767442,28980,42,792,28102
595,4,GO:0061630,,train,6.388534345785107e-33,5.444018634293839e-34,338.7446514837819,17,86,0.19767441860465115,28980,69,21,28873
595,5,GO:0061659,,train,6.388534345785107e-33,5.444018634293839e-34,338.7446514837819,17,86,0.19767441860465115,28980,69,21,28873
595,6,GO:0046914,,train,4.031056861439809e-30,3.6204764147917086e-31,16.579655763112815,45,86,0.5232558139534884,28980,41,1794,27100
595,7,GO:0140096,,train,2.0646493010371986e-18,2.3605841819574614e-19,8.849612176706552,39,86,0.45348837209302323,28980,47,2477,26417
595,8,GO:0005126,,train,1.4547112553675678e-08,2.2606682513767893e-09,27.08539167254764,8,86,0.09302325581395349,28980,78,109,28785
595,9,GO:0005102,,train,0.0003109526243811,6.514729383291025e-05,6.497630061104449,8,86,0.09302325581395349,28980,78,449,28445
595,10,GO:0016151,,train,0.0435116088058501,0.0129195203695725,12.261054421768709,2,86,0.023255813953488372,28980,84,56,28838
596,1,GO:0003677,,train,5.708279731031577e-07,9.653425575547147e-08,6.198061698061698,17,50,0.34,28980,33,2220,26710
596,2,GO:0034061,,train,6.705097447690994e-06,1.2138589280467044e-06,31.097087378640776,5,50,0.1,28980,45,103,28827
596,3,GO:1990837,,train,0.0010511175662945,0.0002336740548557,27.91489361702128,3,50,0.06,28980,47,66,28864
596,4,GO:0140097,,train,0.0012158008842275,0.0002721012026686,7.494197292069632,6,50,0.12,28980,44,517,28413
596,5,GO:0003887,,train,0.002013685641731,0.0004625277299356,21.919452887537997,3,50,0.06,28980,47,84,28846
596,6,GO:0003690,,train,0.0048546488344082,0.0011775051219761,15.719039825422804,3,50,0.06,28980,47,117,28813
596,7,GO:0016779,,train,0.0061989378575502,0.0015335275568155,6.516609392898053,5,50,0.1,28980,45,485,28445
596,8,GO:0003723,,train,0.0244110412203085,0.0068026550408294,3.171620325982742,8,50,0.16,28980,42,1639,27291
596,9,GO:0003697,,train,0.029180330857486,0.0082582293820245,15.613095238095235,2,50,0.04,28980,48,77,28853
597,1,GO:0022857,,train,8.834267381728845e-11,1.2639236573912084e-11,13.981056829511466,15,49,0.30612244897959184,28980,34,885,28046
597,2,GO:0005215,,train,1.2510817605090783e-09,1.8643269519025344e-10,11.420976383118305,15,49,0.30612244897959184,28980,34,1076,27855
597,3,GO:0015103,,train,0.0001942330978902,3.977178294087167e-05,52.346014492753625,3,49,0.061224489795918366,28980,46,36,28895
597,4,GO:0008509,,train,0.000702237700721,0.0001525821536133,32.465892053973015,3,49,0.061224489795918366,28980,46,58,28873
597,5,GO:0005244,,train,0.0244529008217814,0.0068179016908842,17.296973329337728,2,49,0.04081632653061224,28980,47,71,28860
597,6,GO:0022832,,train,0.0244529008217814,0.0068179016908842,17.296973329337728,2,49,0.04081632653061224,28980,47,71,28860
597,7,GO:0042626,,train,0.0332053388887126,0.0095607486286772,14.441051314142678,2,49,0.04081632653061224,28980,47,85,28846
597,8,GO:0015399,,train,0.0472739344500498,0.0141861963413981,11.6822695035461,2,49,0.04081632653061224,28980,47,105,28826
598,1,GO:0044877,,train,9.685093385678412e-05,1.9312309422712293e-05,17.803877703206563,5,32,0.15625,28980,27,298,28650
599,1,GO:0016741,,train,7.158599493927658e-49,4.36180301355407e-50,679.3993993993994,32,34,0.9411764705882353,28980,2,666,28280
599,2,GO:0008168,,train,1.2624608475374146e-48,7.736673090922668e-50,528.6012012012012,31,34,0.9117647058823529,28980,3,555,28391
600,1,GO:0004252,,train,4.0184885986285445e-13,5.2607509585701615e-14,27.48942307692308,13,53,0.24528301886792453,28980,40,338,28589
600,2,GO:0046983,,train,3.366951531671193e-12,4.561663542191541e-13,23.003225806451614,13,53,0.24528301886792453,28980,40,403,28524
600,3,GO:0008236,,train,8.000153089964995e-12,1.0988873608942165e-12,21.386951501154734,13,53,0.24528301886792453,28980,40,433,28494
600,4,GO:0016825,,train,8.000153089964995e-12,1.0988873608942165e-12,21.386951501154734,13,53,0.24528301886792453,28980,40,433,28494
600,5,GO:0017171,,train,8.000153089964995e-12,1.0988873608942165e-12,21.386951501154734,13,53,0.24528301886792453,28980,40,433,28494
600,6,GO:0004175,,train,5.398207855160673e-10,7.93198306866038e-11,13.268389528232047,14,53,0.2641509433962264,28980,39,762,28165
600,7,GO:0008233,,train,4.359319541885839e-08,6.9315951821649045e-09,8.491296334220767,15,53,0.2830188679245283,28980,38,1285,27642
600,8,GO:0070011,,train,1.809364978871236e-07,2.973470876605336e-08,8.16651930445034,14,53,0.2641509433962264,28980,39,1218,27709
600,9,GO:0140096,,train,3.43427644755693e-05,6.559300008223096e-06,4.571156756756757,16,53,0.3018867924528302,28980,37,2500,26427
601,1,GO:0004553,,train,3.3635304029095323e-252,6.207411763872061e-255,454.1560549313358,182,196,0.9285714285714286,28980,14,801,27983
601,2,GO:0016798,,train,1.8388798542647554e-248,3.6629999733428056e-251,571.9551811474507,187,196,0.9540816326530612,28980,9,1009,27775
601,3,GO:0097599,,train,5.846650586796129e-37,4.588328477026929e-38,159.3159922928709,23,196,0.11734693877551021,28980,173,24,28760
601,4,GO:0015926,,train,9.065962286016279e-10,1.3424858469054778e-10,22.703984819734345,10,196,0.05102040816326531,28980,186,68,28716
601,5,GO:0008810,,train,4.109310469668409e-07,6.887973315593824e-08,23.138486312399355,7,196,0.03571428571428571,28980,189,46,28738
601,6,GO:0015925,,train,6.723934887536459e-05,1.318708265871535e-05,18.81151832460733,5,196,0.025510204081632654,28980,191,40,28744
601,7,GO:0030246,,train,0.0090415311968075,0.0023018558942988,3.646757241732889,8,196,0.04081632653061224,28980,188,332,28452
601,8,GO:0008422,,train,0.0166098466718589,0.0044656874580168,9.710970939400768,3,196,0.015306122448979591,28980,193,46,28738
601,9,GO:0008061,,train,0.026689129034291,0.0075008203402463,7.974093264248705,3,196,0.015306122448979591,28980,193,56,28728
601,10,GO:0030247,,train,0.0290669109775713,0.0082227248823976,7.698588529569412,3,196,0.015306122448979591,28980,193,58,28726
602,1,GO:0016301,,train,3.926552293517135e-99,9.155859113687904e-101,327.7037037037037,77,83,0.927710843373494,28980,6,1089,27808
602,2,GO:0016772,,train,3.5518407169643647e-91,9.634720402815132e-93,416.4539007092199,80,83,0.963855421686747,28980,3,1739,27158
602,3,GO:0016773,,train,5.445842232309636e-73,2.0563290967124002e-74,94.22908870790226,61,83,0.7349397590361446,28980,22,826,28071
602,4,GO:0019200,,train,2.5389262078436385e-58,1.2777558734145857e-59,330.6934171597633,31,83,0.37349397590361444,28980,52,52,28845
602,5,GO:0005524,,train,3.2320378580305153e-22,3.3894881014000186e-23,11.033371417217229,42,83,0.5060240963855421,28980,41,2455,26442
602,6,GO:0032559,,train,5.590666850461965e-22,5.885946820329937e-23,10.859112316534649,42,83,0.5060240963855421,28980,41,2491,26406
602,7,GO:0030554,,train,5.939352767166e-22,6.254788996678611e-23,10.840060609022924,42,83,0.5060240963855421,28980,41,2495,26402
602,8,GO:0035639,,train,1.2079462331455704e-19,1.3418086287863616e-20,9.261156968762185,42,83,0.5060240963855421,28980,41,2878,26019
602,9,GO:0032555,,train,2.684904784529968e-19,3.0052497822564976e-20,9.040827327688442,42,83,0.5060240963855421,28980,41,2941,25956
602,10,GO:0017076,,train,2.8924879769065474e-19,3.2418370095920704e-20,9.020334858930536,42,83,0.5060240963855421,28980,41,2947,25950
603,1,GO:0015144,,train,4.8276411444064064e-54,2.643132465915451e-55,815.8474576271186,25,40,0.625,28980,15,59,28881
603,2,GO:0022804,,train,1.7454030563148702e-48,1.0726940305675946e-49,341.3868131868132,27,40,0.675,28980,13,175,28765
603,3,GO:0022857,,train,1.2216765118670372e-30,1.0861494019733594e-31,66.77319587628865,27,40,0.675,28980,13,873,28067
603,4,GO:0005215,,train,2.0830201449092047e-28,1.930654638220325e-29,54.41382301908618,27,40,0.675,28980,13,1064,27876
603,5,GO:0016773,,train,2.76447434961244e-27,2.6132814032279767e-28,54.28847641144625,25,40,0.625,28980,15,862,28078
603,6,GO:0016772,,train,4.2602537165835e-21,4.57012892466496e-22,28.11815791570393,26,40,0.65,28980,14,1793,27147
603,7,GO:0019829,,train,0.0027244514962191,0.0006379160678817,60.87368421052632,2,40,0.05,28980,38,25,28915
603,8,GO:0016301,,train,0.0040664905144846,0.0009759720181964,5.0845033597406335,7,40,0.175,28980,33,1159,27781
603,9,GO:0042625,,train,0.0049433585386462,0.0011998907007417,43.46616541353384,2,40,0.05,28980,38,35,28905
603,10,GO:0022853,,train,0.0191609686765103,0.0052206160371509,19.98891966759003,2,40,0.05,28980,38,76,28864
604,1,GO:0016772,,train,1.4115223388143185e-36,1.1172432725419014e-37,64.36933058830869,38,47,0.8085106382978723,28980,9,1781,27152
604,2,GO:0016301,,train,2.413706883074711e-36,1.9203878180364164e-37,64.23172057624355,34,47,0.723404255319149,28980,13,1132,27801
604,3,GO:0016773,,train,2.713705787122512e-23,2.7870792657970903e-24,33.94024887903673,24,47,0.5106382978723404,28980,23,863,28070
604,4,GO:0032559,,train,1.4516165346621582e-18,1.653729590561893e-19,17.004814518991836,29,47,0.6170212765957447,28980,18,2504,26429
604,5,GO:0030554,,train,1.5152166431828024e-18,1.7270726656192062e-19,16.975124047492468,29,47,0.6170212765957447,28980,18,2508,26425
604,6,GO:0032555,,train,8.471557371246206e-18,9.790050042348854e-19,15.525587139698413,30,47,0.6382978723404256,28980,17,2953,25980
604,7,GO:0017076,,train,8.957582310607161e-18,1.0362214765382922e-18,15.490527403932171,30,47,0.6382978723404256,28980,17,2959,25974
604,8,GO:0005524,,train,1.5763959293360928e-17,1.8346723576331538e-18,15.795698237087253,28,47,0.5957446808510638,28980,19,2469,26464
604,9,GO:0032553,,train,4.194923022600744e-17,4.931372437442302e-18,14.553042693587502,30,47,0.6382978723404256,28980,17,3129,25804
604,10,GO:0035639,,train,6.837588631117268e-17,8.084045966309076e-18,14.512817556401092,29,47,0.6170212765957447,28980,18,2891,26042
605,1,GO:0016829,,train,5.579060546132978e-82,1.778134538533755e-83,307.6740614334471,65,70,0.9285714285714286,28980,5,1172,27738
605,2,GO:0016835,,train,4.2895149445488985e-77,1.4877656778117283e-78,194.5526661413186,52,70,0.7428571428571429,28980,18,423,28487
605,3,GO:0016836,,train,1.3043025848568226e-71,5.051082453586195e-73,181.99688473520249,47,70,0.6714285714285714,28980,23,321,28589
605,4,GO:0016832,,train,2.5140338425136645e-16,3.026090476283402e-17,62.75499092558984,12,70,0.17142857142857143,28980,58,95,28815
605,5,GO:0016830,,train,6.377523607192345e-09,9.772629694824724e-10,13.204267821246328,12,70,0.17142857142857143,28980,58,446,28464
605,6,GO:0016838,,train,1.693673282323338e-06,2.949552586171088e-07,41.88243831640058,5,70,0.07142857142857142,28980,65,53,28857
605,7,GO:0016661,,train,0.0001559288703786,3.160874660984082e-05,24.96969696969697,4,70,0.05714285714285714,28980,66,70,28840
605,8,GO:0016853,,train,0.0002380246950775,4.92545396868106e-05,5.35894495412844,10,70,0.14285714285714285,28980,60,872,28038
605,9,GO:0042802,,train,0.0223581484021723,0.0061755567649202,3.9037610619469034,6,70,0.08571428571428572,28980,64,678,28232
605,10,GO:0016860,,train,0.0478692140705654,0.0143858648138363,6.208738914125027,3,70,0.04285714285714286,28980,67,207,28703
606,1,GO:0016840,,train,8.523291797197594e-69,3.475531587924848e-70,1343.813953488372,30,45,0.6666666666666666,28980,15,43,28892
606,2,GO:0016829,,train,2.1054119323130427e-46,1.3562412746159243e-47,150.49290484140235,39,45,0.8666666666666667,28980,6,1198,27737
606,3,GO:0016836,,train,2.9259136774815505e-08,4.612104607472309e-09,19.899721448467968,9,45,0.2,28980,36,359,28576
606,4,GO:0016835,,train,2.50905641535266e-07,4.157138320659297e-08,15.273068669527897,9,45,0.2,28980,36,466,28469
606,5,GO:0016853,,train,0.0002720491551639,5.662211815449489e-05,6.9419259076009645,8,45,0.17777777777777778,28980,37,874,28061
607,1,GO:0019899,,train,3.5297433585627832e-15,4.375860179112897e-16,23.72450990561145,16,78,0.20512820512820512,28980,62,311,28591
607,2,GO:0051020,,train,4.0361096900742724e-13,5.2850017033224935e-14,31.86031042128603,12,78,0.15384615384615385,28980,66,164,28738
607,3,GO:0098772,,train,5.4130271396231186e-12,7.384499923609242e-13,10.946033569992204,19,78,0.24358974358974358,28980,59,826,28076
607,4,GO:0019887,,train,1.3982187352183588e-11,1.938591344813104e-12,118.63028169014083,7,78,0.08974358974358974,28980,71,24,28878
607,5,GO:0019207,,train,3.4941103599432136e-11,4.9151120334087086e-12,101.66901408450704,7,78,0.08974358974358974,28980,71,28,28874
607,6,GO:0005085,,train,4.171153281945798e-07,6.995299100430528e-08,22.697352112676057,7,78,0.08974358974358974,28980,71,125,28777
607,7,GO:0030234,,train,5.709196729473408e-06,1.0298864416936828e-06,8.43939393939394,10,78,0.1282051282051282,28980,68,495,28407
607,8,GO:0017016,,train,2.8245731897230598e-05,5.356735164269587e-06,22.42683686176837,5,78,0.0641025641025641,28980,73,88,28814
607,9,GO:0031267,,train,3.448287221295276e-05,6.587070032535517e-06,21.448779035139964,5,78,0.0641025641025641,28980,73,92,28810
607,10,GO:0019900,,train,3.480687999699576e-05,6.65202229546827e-06,38.05009887936717,4,78,0.05128205128205128,28980,74,41,28861
608,1,GO:0008800,,train,3.4172871750925047e-156,2.752889747635817e-158,16778.485714285714,61,64,0.953125,28980,3,35,28881
608,2,GO:0016812,,train,7.558798819620179e-142,7.572748619709117e-144,7329.15,61,64,0.953125,28980,3,80,28836
608,3,GO:0016810,,train,1.9876009857643918e-103,4.308593987361659e-105,3155.5653710247348,63,64,0.984375,28980,1,566,28350
609,1,GO:0004553,,train,1.9733239608093733e-187,1.005824674636995e-189,187.6558220751769,146,172,0.8488372093023255,28980,26,837,27971
609,2,GO:0016798,,train,1.367146342742816e-178,7.929665051500647e-181,163.34605597964378,148,172,0.8604651162790697,28980,24,1048,27760
609,3,GO:0015925,,train,5.066417865707705e-20,5.584828903728535e-21,82.25357288689261,14,172,0.08139534883720931,28980,158,31,28777
609,4,GO:0015929,,train,2.626044630431745e-17,3.0655265114891483e-18,83.025,12,172,0.06976744186046512,28980,160,26,28782
609,5,GO:0030246,,train,9.440317360906881e-16,1.1520743511596822e-16,13.140041928721176,22,172,0.12790697674418605,28980,150,318,28490
609,6,GO:0030247,,train,2.0752152285780308e-11,2.893641646316732e-12,34.80634229000242,10,172,0.05813953488372093,28980,162,51,28757
609,7,GO:0015926,,train,1.3194455893883696e-07,2.1528874631318567e-08,20.02648083623693,8,172,0.046511627906976744,28980,164,70,28738
609,8,GO:0097599,,train,4.510487560176009e-05,8.70994346213207e-06,20.50613059595096,5,172,0.029069767441860465,28980,167,42,28766
609,9,GO:0005509,,train,0.0001516905588089,3.069626447117524e-05,3.9890403202976494,14,172,0.08139534883720931,28980,158,626,28182
609,10,GO:0008422,,train,0.0009338121536648,0.0002061187151145,15.218518518518518,4,172,0.023255813953488372,28980,168,45,28763
610,1,GO:0016866,,train,0.001073906876823,0.0002389291012529,6.113642610634334,7,246,0.028455284552845527,28980,239,137,28597
610,2,GO:0016758,,train,0.0066165519557224,0.0016440107123777,5.06968085106383,6,246,0.024390243902439025,28980,240,141,28593
610,3,GO:0090729,,train,0.0071716987126809,0.0017922418993432,3.799119647859144,8,246,0.032520325203252036,28980,238,252,28482
610,4,GO:0008081,,train,0.0101689085879713,0.0026133472490925,5.603225553902764,5,246,0.02032520325203252,28980,241,106,28628
610,5,GO:0016638,,train,0.0104656994881648,0.0026966720185692,7.404442148760331,4,246,0.016260162601626018,28980,242,64,28670
610,6,GO:0016840,,train,0.0132222397556205,0.0034873728527987,6.866690621631333,4,246,0.016260162601626018,28980,242,69,28665
610,7,GO:0016879,,train,0.0207982267098536,0.0056989955955113,3.43401002117878,7,246,0.028455284552845527,28980,239,243,28491
610,8,GO:0004112,,train,0.0250717028297416,0.0070095301815348,8.237438989376974,3,246,0.012195121951219513,28980,243,43,28691
610,9,GO:0030246,,train,0.0310916626909156,0.0088729231606438,2.875569504910398,8,246,0.032520325203252036,28980,238,332,28402
610,10,GO:0004527,,train,0.0379929956286041,0.0111245348439528,3.901233893863289,5,246,0.02032520325203252,28980,241,152,28582
611,1,GO:0005216,,train,5.7398785193414735e-09,8.782079710144569e-10,116.90599455040872,6,10,0.6,28980,4,367,28603
611,2,GO:0015267,,train,1.8223122053668292e-08,2.848480513178487e-09,95.49776785714286,6,10,0.6,28980,4,448,28522
611,3,GO:0022803,,train,1.8223122053668292e-08,2.848480513178487e-09,95.49776785714286,6,10,0.6,28980,4,448,28522
611,4,GO:0022836,,train,2.382635243615341e-08,3.741080032158136e-09,146.80612244897958,5,10,0.5,28980,5,196,28774
611,5,GO:0005261,,train,3.2433680710914086e-08,5.12390778551014e-09,137.61244019138755,5,10,0.5,28980,5,209,28761
611,6,GO:0015318,,train,6.157277968028048e-08,9.862611222186296e-09,77.08047016274864,6,10,0.6,28980,4,553,28417
611,7,GO:0015075,,train,7.63264369565654e-08,1.2286193018611093e-08,74.20557491289199,6,10,0.6,28980,4,574,28396
611,8,GO:0022890,,train,4.219898971749711e-07,7.081993499473914e-08,80.1484593837535,5,10,0.5,28980,5,357,28613
611,9,GO:0008324,,train,5.274214734222816e-07,8.897736372378708e-08,76.45989304812834,5,10,0.5,28980,5,374,28596
611,10,GO:0046873,,train,8.060559714494562e-07,1.3758936478413397e-07,132.5287356321839,4,10,0.4,28980,6,145,28825
612,1,GO:0004518,,train,1.900461317186985e-15,2.337650370819975e-16,34.75034787591061,15,34,0.4411764705882353,28980,19,643,28303
612,2,GO:0004519,,train,2.21221704760542e-11,3.088562688252462e-12,30.217391304347824,11,34,0.3235294117647059,28980,23,451,28495
612,3,GO:0016788,,train,3.612377132789347e-11,5.084650708337819e-12,15.520408163265309,16,34,0.47058823529411764,28980,18,1568,27378
612,4,GO:0003723,,train,6.51104912802266e-05,1.2754309259480192e-05,6.95097739767868,10,34,0.29411764705882354,28980,24,1637,27309
612,5,GO:0004540,,train,0.0009809741149675,0.000217333310821,15.304533333333334,4,34,0.11764705882352941,28980,30,250,28696
612,6,GO:0016893,,train,0.0024913586513139,0.0005794705947046,20.500474383301707,3,34,0.08823529411764706,28980,31,136,28810
612,7,GO:0004521,,train,0.0041721956401522,0.0010034193457436,16.880351906158356,3,34,0.08823529411764706,28980,31,165,28781
612,8,GO:0016888,,train,0.0106000412199329,0.0027340821671942,28.205078125,2,34,0.058823529411764705,28980,32,64,28882
612,9,GO:0140098,,train,0.0189773454111618,0.0051661385272849,4.999285331427551,5,34,0.14705882352941177,28980,29,965,27981
612,10,GO:0004520,,train,0.0215145160690455,0.0059179572278858,18.78255208333333,2,34,0.058823529411764705,28980,32,96,28850
613,1,GO:0016616,,train,4.328237809711642e-98,1.0333403096098042e-99,186.4979733642154,68,90,0.7555555555555555,28980,22,471,28419
613,2,GO:0016614,,train,5.031464350372694e-97,1.2218659948029892e-98,175.8167115902965,69,90,0.7666666666666667,28980,21,530,28360
613,3,GO:0051287,,train,4.917700100217879e-92,1.305163397720186e-93,199.5040765685927,59,90,0.6555555555555556,28980,31,273,28617
613,4,GO:0016620,,train,0.0001239740465071,2.4905938159366344e-05,11.456903431763768,6,90,0.06666666666666667,28980,84,179,28711
613,5,GO:0016903,,train,0.0003122448713492,6.544547132156298e-05,9.571428571428571,6,90,0.06666666666666667,28980,84,214,28676
613,6,GO:0016638,,train,0.0051483105831182,0.0012544642889058,15.291777188328911,3,90,0.03333333333333333,28980,87,65,28825
613,7,GO:0070403,,train,0.0246920509456158,0.0068903675574285,17.25598086124402,2,90,0.022222222222222223,28980,88,38,28852
614,1,GO:0004518,,train,6.210612289279088e-21,6.691458534718484e-22,165.151632970451,15,19,0.7894736842105263,28980,4,643,28318
614,2,GO:0004540,,train,6.83392406607511e-20,7.551208828319804e-21,203.44037780401416,12,19,0.631578947368421,28980,7,242,28719
614,3,GO:0016788,,train,4.162578104174558e-17,4.892129757725729e-18,93.1734693877551,16,19,0.8421052631578947,28980,3,1568,27393
614,4,GO:0016896,,train,3.791007297940746e-15,4.708636067395718e-16,468.6921296296296,7,19,0.3684210526315789,28980,12,36,28925
614,5,GO:0004532,,train,5.317258023345661e-15,6.626128725814349e-16,443.9934210526316,7,19,0.3684210526315789,28980,12,38,28923
614,6,GO:0016796,,train,8.769472020356698e-14,1.1285200980000288e-14,285.7542372881356,7,19,0.3684210526315789,28980,12,59,28902
614,7,GO:0140098,,train,5.695565645814988e-13,7.507995842097268e-14,50.10975246048315,12,19,0.631578947368421,28980,7,958,28003
614,8,GO:0003723,,train,8.813802908226878e-12,1.2124562339113988e-12,36.23531211750306,13,19,0.6842105263157895,28980,6,1634,27327
614,9,GO:0004527,,train,4.047004389714615e-11,5.710642454010399e-12,112.04277777777776,7,19,0.3684210526315789,28980,12,150,28811
614,10,GO:0004519,,train,6.656762306568558e-08,1.0680225899486185e-08,36.54615384615385,7,19,0.3684210526315789,28980,12,455,28506
615,1,GO:0030597,,train,3.503071638311768e-114,5.880013032055083e-116,11245.5,42,51,0.8235294117647058,28980,9,12,28917
615,2,GO:0030598,,train,3.503071638311768e-114,5.880013032055083e-116,11245.5,42,51,0.8235294117647058,28980,9,12,28917
615,3,GO:0140102,,train,1.8921302225978238e-95,4.750140905077587e-97,2010.2885572139303,42,51,0.8235294117647058,28980,9,67,28862
615,4,GO:0016799,,train,4.220652764766544e-86,1.2549323479620477e-87,1066.7777777777778,42,51,0.8235294117647058,28980,9,126,28803
615,5,GO:0140098,,train,1.8407935556367124e-52,1.0396490538909631e-53,140.8096264367816,42,51,0.8235294117647058,28980,9,928,28001
615,6,GO:0016798,,train,1.127936885294876e-50,6.604991164145816e-52,129.48482220294883,43,51,0.8431372549019608,28980,8,1153,27776
615,7,GO:0090729,,train,5.222731095748998e-31,4.609687081902841e-32,91.45204288611995,22,51,0.43137254901960786,28980,29,238,28691
616,1,GO:0004713,,train,3.865366114676265e-178,2.2532965896844384e-180,6848.3125,76,81,0.9382716049382716,28980,5,64,28835
616,2,GO:0004672,,train,5.452565736837366e-136,6.181395377906848e-138,4657.540983606557,80,81,0.9876543209876543,28980,1,488,28411
616,3,GO:0016773,,train,1.0646447219021528e-119,1.6373391891455907e-121,2784.832713754646,80,81,0.9876543209876543,28980,1,807,28092
616,4,GO:0016301,,train,6.800641876960365e-110,1.2670147446309844e-111,2048.839779005525,80,81,0.9876543209876543,28980,1,1086,27813
616,5,GO:0016772,,train,3.7414467141755807e-94,9.601040869490019e-96,1249.4537090281772,80,81,0.9876543209876543,28980,1,1739,27160
616,6,GO:0005524,,train,4.966268217513985e-83,1.5435482259080582e-84,876.5246172941663,80,81,0.9876543209876543,28980,1,2417,26482
616,7,GO:0140096,,train,9.12154211842356e-83,2.8564105002181755e-84,869.064039408867,80,81,0.9876543209876543,28980,1,2436,26463
616,8,GO:0032559,,train,1.5699097438208078e-82,4.934567053694605e-84,862.4867509172442,80,81,0.9876543209876543,28980,1,2453,26446
616,9,GO:0030554,,train,1.7811309676216828e-82,5.608916396265956e-84,860.952380952381,80,81,0.9876543209876543,28980,1,2457,26442
616,10,GO:0035639,,train,1.4548092009740611e-77,5.011733955372459e-79,734.056338028169,80,81,0.9876543209876543,28980,1,2840,26059
617,1,GO:0003968,,train,1.1274033623202105e-38,8.487642854272318e-40,8340.0,15,16,0.9375,28980,1,52,28912
617,2,GO:0034062,,train,2.725877754989124e-32,2.355608101830248e-33,2824.607843137255,15,16,0.9375,28980,1,153,28811
617,3,GO:0097747,,train,2.725877754989124e-32,2.355608101830248e-33,2824.607843137255,15,16,0.9375,28980,1,153,28811
617,4,GO:0016779,,train,3.753095765895345e-28,3.4983597642086265e-29,inf,16,16,1.0,28980,0,474,28490
617,5,GO:0140098,,train,9.566584033256241e-21,1.0349296902134133e-21,439.9319371727749,15,16,0.9375,28980,1,955,28009
617,6,GO:0016772,,train,4.850904207423067e-19,5.455260055745133e-20,inf,16,16,1.0,28980,0,1803,27161
617,7,GO:0003723,,train,6.985110920024163e-05,1.3723859431292164e-05,12.958536585365854,7,16,0.4375,28980,9,1640,27324
617,8,GO:0035639,,train,0.0129691916101924,0.0034154446077754,5.363761153054221,6,16,0.375,28980,10,2914,26050
617,9,GO:0032555,,train,0.0143329787897784,0.0038057029137252,5.2375545851528384,6,16,0.375,28980,10,2977,25987
617,10,GO:0017076,,train,0.0144731001520397,0.003844569592486,5.225812939993295,6,16,0.375,28980,10,2983,25981
618,1,GO:0004722,,train,2.2748853629871044e-66,9.74274951134296e-68,53065.833333333336,22,23,0.9565217391304348,28980,1,12,28945
618,2,GO:0004721,,train,6.96525638003548e-51,4.066483863670126e-52,inf,23,23,1.0,28980,0,157,28800
618,3,GO:0016791,,train,1.2136917648088288e-43,8.237759085631593e-45,inf,23,23,1.0,28980,0,339,28618
618,4,GO:0042578,,train,1.2590643612139463e-40,9.110024232353304e-42,inf,23,23,1.0,28980,0,464,28493
618,5,GO:0016788,,train,8.617714646871069e-29,7.946968306632138e-30,inf,23,23,1.0,28980,0,1561,27396
618,6,GO:0140096,,train,3.4972811287112746e-24,3.5324209308950617e-25,inf,23,23,1.0,28980,0,2493,26464
619,1,GO:0016616,,train,2.846272866687608e-108,5.527957672361027e-110,417.3912765957447,69,79,0.8734177215189873,28980,10,470,28431
619,2,GO:0016614,,train,6.070257186354784e-105,1.2660817050955287e-106,369.3583018867925,69,79,0.8734177215189873,28980,10,530,28371
619,3,GO:0051287,,train,6.664943933821258e-37,5.234412715404046e-38,57.97878091634004,30,79,0.379746835443038,28980,49,302,28599
619,4,GO:0050661,,train,7.136475683581447e-35,5.866054652760799e-36,58.65700907228563,28,79,0.35443037974683544,28980,51,268,28633
619,5,GO:0070403,,train,1.0299307172786236e-10,1.4777516047780117e-11,85.04882154882155,7,79,0.08860759493670886,28980,72,33,28868
619,6,GO:0016628,,train,4.4329804159354485e-05,8.54728801525826e-06,20.273789414414413,5,79,0.06329113924050633,28980,74,96,28805
619,7,GO:0000287,,train,0.0004429910841687,9.42249835120008e-05,5.43406757912746,9,79,0.11392405063291139,28980,70,668,28233
619,8,GO:0042803,,train,0.0008755279028615,0.0001926125479828,10.264550264550264,5,79,0.06329113924050633,28980,74,189,28712
619,9,GO:0016627,,train,0.0022537070291443,0.0005212238039398,8.206882730187814,5,79,0.06329113924050633,28980,74,236,28665
619,10,GO:0046983,,train,0.0040453329278377,0.000970379975125,5.711526896090879,6,79,0.0759493670886076,28980,73,410,28491
620,1,GO:0005198,,train,2.8350340206934687e-27,2.681643042100715e-28,35.66801794031396,30,47,0.6382978723404256,28980,17,1364,27569
621,1,GO:0016866,,train,0.0008002132873327,0.0001750356685272,10.441465009810331,5,104,0.04807692307692308,28980,99,139,28737
621,2,GO:0003899,,train,0.0232973084456814,0.0064574840353,8.37914967967385,3,104,0.028846153846153848,28980,101,102,28774
621,3,GO:0005085,,train,0.0408452828283192,0.0120404863081517,6.619157264563666,3,104,0.028846153846153848,28980,101,129,28747
622,1,GO:0032559,,train,6.134549637764093e-51,3.574309174652952e-52,532.54128070882,50,51,0.9803921568627451,28980,1,2483,26446
622,2,GO:0030554,,train,6.632286014502507e-51,3.8701449280513794e-52,531.6043425814235,50,51,0.9803921568627451,28980,1,2487,26442
622,3,GO:0032555,,train,2.1343092541217096e-47,1.3454707545683332e-48,443.163995908626,50,51,0.9803921568627451,28980,1,2933,25996
622,4,GO:0017076,,train,2.3558438719207766e-47,1.4885769785666914e-48,442.1571963252807,50,51,0.9803921568627451,28980,1,2939,25990
622,5,GO:0032553,,train,3.714337740230843e-46,2.4035422175850053e-47,415.2460598263107,50,51,0.9803921568627451,28980,1,3109,25820
622,6,GO:0097367,,train,5.3759568328174365e-45,3.557514276396457e-46,390.5878769418215,50,51,0.9803921568627451,28980,1,3283,25646
622,7,GO:0005524,,train,1.4439904184728473e-30,1.2863388295913315e-31,35.0003051261188,39,51,0.7647058823529411,28980,12,2458,26471
622,8,GO:0035639,,train,5.329492542865146e-28,4.980250523402706e-29,29.384241582783755,39,51,0.7647058823529411,28980,12,2881,26048
622,9,GO:0051082,,train,1.4849751131399262e-16,1.773513646855752e-17,90.128125,11,51,0.21568627450980393,28980,40,88,28841
622,10,GO:1901681,,train,2.9430707842582643e-13,3.8399499877219165e-14,42.72756756756757,11,51,0.21568627450980393,28980,40,185,28744
623,1,GO:0016628,,train,2.2067888874034432e-63,1.000705743826502e-64,10011.04,26,27,0.9629629629629629,28980,1,75,28878
623,2,GO:0004312,,train,2.622293986898992e-56,1.3619612850490413e-57,3307.798165137615,25,27,0.9259259259259259,28980,2,109,28844
623,3,GO:0016627,,train,9.860316722560666e-53,5.540055503960909e-54,3475.2930232558138,26,27,0.9629629629629629,28980,1,215,28738
623,4,GO:0016747,,train,6.983859280041779e-42,4.926365277071975e-43,786.4238410596026,25,27,0.9259259259259259,28980,2,453,28500
623,5,GO:0016746,,train,2.843632861136166e-39,2.110004404973462e-40,610.4130808950086,25,27,0.9259259259259259,28980,2,581,28372
623,6,GO:0051287,,train,2.9477894903801096e-06,5.221689969337822e-07,25.089395267309374,6,27,0.2222222222222222,28980,21,326,28627
624,1,GO:0003700,,train,6.368586561980251e-83,1.986860206962817e-84,inf,50,50,1.0,28980,0,588,28342
624,2,GO:0043565,,train,3.4919122028398965e-82,1.1047441717394874e-83,927.5827338129496,45,50,0.9,28980,5,278,28652
624,3,GO:0140110,,train,7.080878890061551e-80,2.3148668135186723e-81,inf,50,50,1.0,28980,0,681,28249
624,4,GO:0008270,,train,6.333995201824828e-63,2.905655589553177e-64,320.16561314791403,45,50,0.9,28980,5,791,28139
624,5,GO:0003677,,train,4.447119131639933e-50,2.6354167042527422e-51,293.1859296482412,48,50,0.96,28980,2,2189,26741
624,6,GO:0046914,,train,1.918217506460687e-47,1.2053128720620363e-48,136.13377926421404,45,50,0.9,28980,5,1794,27136
624,7,GO:0003707,,train,1.8708065559142472e-06,3.265704738756481e-07,41.0997150997151,5,50,0.1,28980,45,78,28852
624,8,GO:0000981,,train,0.0008510321568334,0.0001869493553649,30.20823160097663,3,50,0.06,28980,47,61,28869
624,9,GO:0038023,,train,0.0198509663235689,0.0054231511829863,4.811468436277012,5,50,0.1,28980,45,653,28277
624,10,GO:0060089,,train,0.0221197937962252,0.0061045369351213,4.67228835978836,5,50,0.1,28980,45,672,28258
625,1,GO:0019825,,train,8.534861901633203e-298,6.750483971763673e-301,38828.17391304348,124,126,0.9841269841269841,28980,2,46,28808
625,2,GO:0005344,,train,1.3849071736206984e-279,1.5821946794155092e-282,12055.763636363636,115,126,0.9126984126984127,28980,11,25,28829
625,3,GO:0020037,,train,3.3667679810785114e-202,1.3018524577507206e-204,3196.55737704918,124,126,0.9841269841269841,28980,2,549,28305
625,4,GO:0046906,,train,1.2985422712094171e-195,5.667832510478459e-198,2782.114467408585,124,126,0.9841269841269841,28980,2,629,28225
625,5,GO:0005215,,train,6.320445855365238e-150,5.572997634428732e-152,298.6186661698957,115,126,0.9126984126984127,28980,11,976,27878
625,6,GO:0005506,,train,3.981283713066656e-48,2.4643209671939085e-49,32.74842975206612,49,126,0.3888888888888889,28980,77,550,28304
625,7,GO:0046914,,train,2.5279975014547354e-25,2.4889707948529063e-26,9.62153377348908,49,126,0.3888888888888889,28980,77,1790,27064
625,8,GO:0004601,,train,7.95393668667077e-14,1.0228720172974975e-14,21.171909614532566,15,126,0.11904761904761904,28980,111,183,28671
625,9,GO:0016684,,train,3.4700318630306623e-13,4.5366470998347385e-14,18.978537360890304,15,126,0.11904761904761904,28980,111,204,28650
625,10,GO:0016209,,train,5.5148721419254816e-11,7.814229882676732e-12,11.643718079673135,16,126,0.12698412698412698,28980,110,356,28498
626,1,GO:0005524,,train,6.3990507361933686e-167,4.5363396846787807e-169,462.3047343616109,163,167,0.9760479041916168,28980,4,2334,26479
626,2,GO:0032559,,train,7.040792511201449e-166,5.032525918309029e-168,454.66339662447257,163,167,0.9760479041916168,28980,4,2370,26443
626,3,GO:0030554,,train,9.141424134735349e-166,6.560766654978938e-168,453.8286647009267,163,167,0.9760479041916168,28980,4,2374,26439
626,4,GO:0035639,,train,1.3799130896460522e-155,1.1318383721501438e-157,385.1222343126587,163,167,0.9760479041916168,28980,4,2757,26056
626,5,GO:0032555,,train,4.8437654844321256e-154,4.015542174456723e-156,375.60806737588655,163,167,0.9760479041916168,28980,4,2820,25993
626,6,GO:0017076,,train,6.753071187334659e-154,5.618162747760619e-156,374.7240799716914,163,167,0.9760479041916168,28980,4,2826,25987
626,7,GO:0032553,,train,6.522023287522635e-150,5.7698422029816185e-152,351.1491154873164,163,167,0.9760479041916168,28980,4,2996,25817
626,8,GO:0097367,,train,4.719661614585339e-146,4.3965562100891637e-148,329.63793375394323,163,167,0.9760479041916168,28980,4,3170,25643
626,9,GO:0016887,,train,1.7364921440550855e-37,1.3459759830007782e-38,26.0657388756638,40,167,0.23952095808383234,28980,127,344,28469
626,10,GO:0004386,,train,5.6001892157107e-34,4.6688749766858985e-35,73.34149826495204,25,167,0.1497005988023952,28980,142,69,28744
627,1,GO:0003774,,train,7.721093642383528e-53,4.322292512697344e-54,7653.349397590361,22,23,0.9565217391304348,28980,1,83,28874
627,2,GO:0017111,,train,7.906299188795833e-36,6.35755669017329e-37,inf,23,23,1.0,28980,0,761,28196
627,3,GO:0016462,,train,3.700993862714851e-34,3.0757593193666786e-35,inf,23,23,1.0,28980,0,903,28054
627,4,GO:0051015,,train,5.499197200242587e-34,4.581456143624194e-35,758.4893267651888,16,23,0.6956521739130435,28980,7,87,28870
627,5,GO:0016818,,train,7.184166053626597e-34,6.004167252833196e-35,inf,23,23,1.0,28980,0,930,28027
627,6,GO:0016817,,train,9.363443907758397e-34,7.841956273920161e-35,inf,23,23,1.0,28980,0,941,28016
627,7,GO:0003779,,train,1.4699946820840729e-30,1.3103652393537316e-31,377.00385802469134,17,23,0.7391304347826086,28980,6,216,28741
627,8,GO:0008092,,train,3.853349231979861e-29,3.5342403976122514e-30,280.44686648501363,18,23,0.782608695652174,28980,5,367,28590
627,9,GO:0044877,,train,3.243765899494798e-26,3.1423774290738188e-27,228.3325037332006,16,23,0.6956521739130435,28980,7,287,28670
627,10,GO:0005524,,train,2.9397358314553878e-24,2.9649677674373554e-25,inf,23,23,1.0,28980,0,2474,26483
628,1,GO:0030674,,train,2.05507576129149e-07,3.3887047661803315e-08,26.04921004921005,7,205,0.03414634146341464,28980,198,39,28736
628,2,GO:0003712,,train,9.634365192639335e-07,1.6504604284663225e-07,15.135078119849693,8,205,0.03902439024390244,28980,197,77,28698
628,3,GO:0060090,,train,2.01677396566066e-06,3.531732362749927e-07,17.811979443558393,7,205,0.03414634146341464,28980,198,57,28718
628,4,GO:0017056,,train,9.512327079500131e-06,1.7446371926282429e-06,29.948958333333334,5,205,0.024390243902439025,28980,200,24,28751
628,5,GO:0140110,,train,2.6861167352203858e-05,5.085500325081101e-06,3.788436297635209,18,205,0.08780487804878048,28980,187,713,28062
628,6,GO:0046983,,train,0.0034122104444699,0.0008090468212654,3.583301755715549,10,205,0.04878048780487805,28980,195,406,28369
628,7,GO:0003714,,train,0.0041707871709339,0.0010029584288659,17.07920792079208,3,205,0.014634146341463415,28980,202,25,28750
628,8,GO:0000981,,train,0.0045785568828366,0.0011087948487099,9.524046434494196,4,205,0.01951219512195122,28980,201,60,28715
628,9,GO:0000976,,train,0.0140751721497596,0.0037318564351722,10.40835546969331,3,205,0.014634146341463415,28980,202,41,28734
628,10,GO:0001067,,train,0.0140751721497596,0.0037318564351722,10.40835546969331,3,205,0.014634146341463415,28980,202,41,28734
629,1,GO:0004553,,train,1.1666110296460486e-55,6.13088492598943e-57,593.7433722163308,40,42,0.9523809523809523,28980,2,943,27995
629,2,GO:0016798,,train,3.1433781532875512e-52,1.7826932960613702e-53,480.6574394463668,40,42,0.9523809523809523,28980,2,1156,27782
629,3,GO:0008810,,train,6.315119629668064e-14,8.097161033206525e-15,151.07450980392156,8,42,0.19047619047619047,28980,34,45,28893
629,4,GO:0008061,,train,0.0126749472483012,0.0033294153550551,25.33421052631579,2,42,0.047619047619047616,28980,40,57,28881
629,5,GO:0030247,,train,0.0134536615267288,0.0035544591882581,24.473728813559323,2,42,0.047619047619047616,28980,40,59,28879
629,6,GO:0030246,,train,0.0440369792016512,0.0131077641757617,6.528418169367725,3,42,0.07142857142857142,28980,39,337,28601
630,1,GO:0016620,,train,1.1546004192172704e-122,1.6708340132212308e-124,2191.288713910761,58,64,0.90625,28980,6,127,28789
630,2,GO:0016903,,train,1.407703053823215e-117,2.2515331382004144e-119,1715.7736625514403,58,64,0.90625,28980,6,162,28754
630,3,GO:0051287,,train,4.916230293766395e-106,1.0009022626966764e-107,1010.484184914842,58,64,0.90625,28980,6,274,28642
630,4,GO:0050661,,train,6.08383228455096e-95,1.5362402757368625e-96,568.5256266367378,53,64,0.828125,28980,11,243,28673
630,5,GO:0046983,,train,2.3451178303609426e-12,3.1641950747407513e-13,19.86049751243781,14,64,0.21875,28980,50,402,28514
630,6,GO:0016628,,train,0.0003567309246224,7.519804709209678e-05,19.80687285223368,4,64,0.0625,28980,60,97,28819
630,7,GO:0016627,,train,0.0079621512520235,0.0020051736917024,8.067229254571027,4,64,0.0625,28980,60,237,28679
630,8,GO:0016651,,train,0.0191448896847274,0.0052151134891255,6.131832797427653,4,64,0.0625,28980,60,311,28605
631,1,GO:0016861,,train,6.375530493652995e-40,4.674679329060388e-41,3931.227272727273,18,19,0.9473684210526315,28980,1,132,28829
631,2,GO:0016860,,train,3.4841786210039522e-37,2.722062390431948e-38,2697.09375,18,19,0.9473684210526315,28980,1,192,28769
631,3,GO:0016853,,train,1.3686850126602242e-28,1.2641602498513893e-29,inf,19,19,1.0,28980,0,863,28098
631,4,GO:0048029,,train,1.4893469284416045e-06,2.582808628870229e-07,95.07818930041152,4,19,0.21052631578947367,28980,15,81,28880
631,5,GO:0016866,,train,1.16015943336072e-05,2.138361061225547e-06,54.89714285714286,4,19,0.21052631578947367,28980,15,140,28821
631,6,GO:0030246,,train,0.00029993780055,6.27693015534349e-05,22.71825396825397,4,19,0.21052631578947367,28980,15,336,28625
631,7,GO:0005125,,train,0.004774170961168,0.0011571459276651,45.31137254901961,2,19,0.10526315789473684,28980,17,75,28886
631,8,GO:0030546,,train,0.0211155719467867,0.005795230792672,19.577014620877254,2,19,0.10526315789473684,28980,17,173,28788
631,9,GO:0048018,,train,0.0211155719467867,0.005795230792672,19.577014620877254,2,19,0.10526315789473684,28980,17,173,28788
631,10,GO:0030545,,train,0.0219595370315642,0.0060545203896383,19.13193752077102,2,19,0.10526315789473684,28980,17,177,28784
632,1,GO:0005509,,train,5.0510339920911195e-09,7.7089044435055e-10,7.78405240202993,17,116,0.14655172413793102,28980,99,623,28241
632,2,GO:0019865,,train,7.27625803161148e-07,1.239246688220674e-07,51.962162162162166,5,116,0.04310344827586207,28980,111,25,28839
632,3,GO:0044877,,train,0.0057336546146926,0.0014101571393568,5.246464646464647,6,116,0.05172413793103448,28980,110,297,28567
632,4,GO:0030246,,train,0.0098108780150618,0.0025132884624224,4.659227000544366,6,116,0.05172413793103448,28980,110,334,28530
633,1,GO:0005230,,train,1.7273956979652536e-99,3.992486761269546e-101,inf,39,39,1.0,28980,0,58,28883
633,2,GO:0015276,,train,4.2738989294015763e-94,1.0979902630826325e-95,inf,39,39,1.0,28980,0,87,28854
633,3,GO:0022834,,train,6.160988155645819e-94,1.5845995842215276e-95,inf,39,39,1.0,28980,0,88,28853
633,4,GO:0022836,,train,4.1722491153943946e-85,1.2576513283946545e-86,inf,39,39,1.0,28980,0,162,28779
633,5,GO:0005216,,train,6.6627588922088684e-74,2.4650861179540675e-75,inf,39,39,1.0,28980,0,334,28607
633,6,GO:0015267,,train,1.946186293106948e-70,7.667986537272887e-72,inf,39,39,1.0,28980,0,415,28526
633,7,GO:0022803,,train,1.946186293106948e-70,7.667986537272887e-72,inf,39,39,1.0,28980,0,415,28526
633,8,GO:0004888,,train,1.8519771519176977e-67,7.757938094273978e-69,2677.451851851852,38,39,0.9743589743589743,28980,1,405,28536
633,9,GO:0015318,,train,8.356150387276799e-67,3.5395592641422068e-68,inf,39,39,1.0,28980,0,520,28421
633,10,GO:0015075,,train,3.649302306298576e-66,1.5682474978293382e-67,inf,39,39,1.0,28980,0,541,28400
634,1,GO:0016765,,train,6.3890603005825585e-34,5.334042785441102e-35,237.11119873817037,21,29,0.7241379310344828,28980,8,317,28634
634,2,GO:0016829,,train,8.712548891654608e-13,1.1564155909449284e-13,24.312310030395132,15,29,0.5172413793103449,28980,14,1222,27729
634,3,GO:0016846,,train,7.089910547497184e-11,1.0089575955632108e-11,167.57101449275362,6,29,0.20689655172413793,28980,23,45,28906
634,4,GO:0030170,,train,6.6379081056747494e-09,1.0191076070492823e-09,33.34673074122615,8,29,0.27586206896551724,28980,21,327,28624
634,5,GO:0070279,,train,6.6379081056747494e-09,1.0191076070492823e-09,33.34673074122615,8,29,0.27586206896551724,28980,21,327,28624
634,6,GO:0019842,,train,1.3544108389404384e-07,2.2127161873541388e-08,22.173142467620995,8,29,0.27586206896551724,28980,21,489,28462
634,7,GO:0016836,,train,3.6922350756616877e-07,6.171571415685498e-08,25.19894233190632,7,29,0.2413793103448276,28980,22,361,28590
634,8,GO:0016835,,train,1.985747636523709e-06,3.473909507373111e-07,19.36489898989899,7,29,0.2413793103448276,28980,22,468,28483
635,1,GO:0004553,,train,2.421314214877654e-63,1.1001137613953311e-64,120.23200859291084,52,65,0.8,28980,13,931,27984
635,2,GO:0016798,,train,6.9220093049631405e-59,3.43697623455855e-60,97.1013986013986,52,65,0.8,28980,13,1144,27771
635,3,GO:0030246,,train,9.316519707084716e-40,6.847452308367915e-41,79.09216589861751,30,65,0.46153846153846156,28980,35,310,28605
635,4,GO:0015926,,train,5.022012698434693e-06,9.028353964992152e-07,32.92465753424658,5,65,0.07692307692307693,28980,60,73,28842
635,5,GO:0016758,,train,0.0001015870243546,2.0277528310994716e-05,16.885563380281692,5,65,0.07692307692307693,28980,60,142,28773
635,6,GO:0015929,,train,0.0004054793046097,8.588982194196702e-05,39.92626728110599,3,65,0.046153846153846156,28980,62,35,28880
635,7,GO:0015925,,train,0.0006595777761943,0.0001428631126689,33.263824884792626,3,65,0.046153846153846156,28980,62,42,28873
635,8,GO:0008422,,train,0.0008397868939962,0.0001843068638081,30.36711079943899,3,65,0.046153846153846156,28980,62,46,28869
635,9,GO:0030247,,train,0.001556109958212,0.0003531868634099,24.07424916573971,3,65,0.046153846153846156,28980,62,58,28857
635,10,GO:0016757,,train,0.0017176469374557,0.0003917625759448,6.88288578445187,6,65,0.09230769230769231,28980,59,421,28494
636,1,GO:0047429,,train,5.600625996306852e-72,2.1557906550508845e-73,1961.742081447964,30,43,0.6976744186046512,28980,13,34,28903
636,2,GO:0016462,,train,4.806604653946174e-42,3.372240720098745e-43,118.7755356253114,34,43,0.7906976744186046,28980,9,892,28045
636,3,GO:0016818,,train,1.2739710554332374e-41,9.042481375969578e-43,115.17494861564502,34,43,0.7906976744186046,28980,9,919,28018
636,4,GO:0016817,,train,1.8799701842784717e-41,1.3404363091466153e-42,113.76798088410992,34,43,0.7906976744186046,28980,9,930,28007
636,5,GO:0000287,,train,7.425803988615352e-11,1.0578458797385963e-11,18.45125502008032,13,43,0.3023255813953488,28980,30,664,28273
636,6,GO:0019239,,train,3.7609732648077536e-10,5.5031377853105806e-11,69.27023319615913,7,43,0.16279069767441862,28980,36,81,28856
636,7,GO:0016814,,train,1.061971125019347e-09,1.57660885889154e-10,59.03333333333333,7,43,0.16279069767441862,28980,36,95,28842
636,8,GO:0016810,,train,0.0001758433462061,3.58774615908261e-05,8.851598785280457,7,43,0.16279069767441862,28980,36,622,28315
636,9,GO:0003774,,train,0.0365795111680451,0.0106589942165554,13.655695003551978,2,43,0.046511627906976744,28980,41,103,28834
637,1,GO:0042626,,train,3.460448845752955e-57,1.7699105617613326e-58,2751.333333333333,24,28,0.8571428571428571,28980,4,63,28889
637,2,GO:0015399,,train,9.597002763193062e-55,5.16158334745949e-56,2086.9156626506024,24,28,0.8571428571428571,28980,4,83,28869
637,3,GO:0022804,,train,1.3462794279094539e-47,8.419915571335162e-49,969.9101123595506,24,28,0.8571428571428571,28980,4,178,28774
637,4,GO:0022857,,train,4.824590568369185e-39,3.601094638721821e-40,868.4226804123712,27,28,0.9642857142857143,28980,1,873,28079
637,5,GO:0005215,,train,8.79283957218679e-37,6.926193165659045e-38,707.6842105263158,27,28,0.9642857142857143,28980,1,1064,27888
637,6,GO:0016887,,train,1.5745382394294559e-24,1.5788277802873794e-25,120.37280158533564,17,28,0.6071428571428571,28980,11,367,28585
637,7,GO:0005524,,train,5.313040306769382e-23,5.4815970824740795e-24,89.26645091693635,25,28,0.8928571428571429,28980,3,2472,26480
637,8,GO:0032559,,train,7.5609580328163e-23,7.822979105342347e-24,87.86549707602339,25,28,0.8928571428571429,28980,3,2508,26444
637,9,GO:0030554,,train,7.854346801289591e-23,8.135738433183934e-24,87.71231422505308,25,28,0.8928571428571429,28980,3,2512,26440
637,10,GO:0035639,,train,2.4983705608769602e-21,2.663991809939987e-22,75.00575705238917,25,28,0.8928571428571429,28980,3,2895,26057
638,1,GO:0030246,,train,9.23732779375922e-23,9.579090251020192e-24,146.82564102564103,15,24,0.625,28980,9,325,28631
638,2,GO:0048029,,train,3.556687159373174e-12,4.82184965684713e-13,152.44796380090497,7,24,0.2916666666666667,28980,17,78,28878
638,3,GO:0005539,,train,0.0019766673810906,0.0004537354072773,73.03030303030303,2,24,0.08333333333333333,28980,22,36,28920
639,1,GO:0008483,,train,2.0060709274317192e-139,2.1037976155507385e-141,1900.4314868804663,68,75,0.9066666666666666,28980,7,147,28758
639,2,GO:0016769,,train,6.141017827858431e-139,6.494148389890422e-141,1862.2285714285715,68,75,0.9066666666666666,28980,7,150,28755
639,3,GO:0030170,,train,1.4879817140339728e-130,1.9353308170931364e-132,1513.0566037735848,70,75,0.9333333333333333,28980,5,265,28640
639,4,GO:0070279,,train,1.4879817140339728e-130,1.9353308170931364e-132,1513.0566037735848,70,75,0.9333333333333333,28980,5,265,28640
639,5,GO:0019842,,train,1.6508572487452105e-117,2.6501150432445013e-119,933.7049180327868,70,75,0.9333333333333333,28980,5,427,28478
639,6,GO:0016866,,train,3.0021753809964187e-11,4.208163927137084e-12,33.03214695752009,10,75,0.13333333333333333,28980,65,134,28771
639,7,GO:0016853,,train,1.419322701059074e-05,2.631840143452541e-06,6.137931034482759,12,75,0.16,28980,63,870,28035
639,8,GO:0016746,,train,0.0178834270159672,0.004852104784307,4.102173913043479,6,75,0.08,28980,69,600,28305
639,9,GO:0016747,,train,0.0283781881292784,0.0080162541562126,4.293566898218061,5,75,0.06666666666666667,28980,70,473,28432
640,1,GO:0051082,,train,2.171729022950488e-09,3.2642416195796207e-10,219.40729483282675,5,12,0.4166666666666667,28980,7,94,28874
640,2,GO:0005509,,train,1.9230305857236985e-05,3.601915096557204e-06,31.87064116985377,5,12,0.4166666666666667,28980,7,635,28333
640,3,GO:0008201,,train,0.0001932967810688,3.957439736619641e-05,275.6857142857143,2,12,0.16666666666666666,28980,10,21,28947
640,4,GO:0005539,,train,0.0005114706963079,0.000109584810405,160.73333333333332,2,12,0.16666666666666666,28980,10,36,28932
640,5,GO:0016746,,train,0.0069686616280758,0.0017386440251434,15.679933665008292,3,12,0.25,28980,9,603,28365
640,6,GO:1901681,,train,0.011085406002916,0.0028725869731316,29.6639175257732,2,12,0.16666666666666666,28980,10,194,28774
641,1,GO:0005524,,train,2.163987111949166e-27,2.0418321725952087e-28,66.57080291970803,31,36,0.8611111111111112,28980,5,2466,26478
641,2,GO:0032559,,train,3.342915030166566e-27,3.169879003031658e-28,65.52374100719425,31,36,0.8611111111111112,28980,5,2502,26442
641,3,GO:0030554,,train,3.506794061096621e-27,3.3273298660960115e-28,65.40925778132483,31,36,0.8611111111111112,28980,5,2506,26438
641,4,GO:0035639,,train,2.522627712720457e-25,2.4829449321090707e-26,55.91588785046729,31,36,0.8611111111111112,28980,5,2889,26055
641,5,GO:0032555,,train,4.824394318881237e-25,4.7725282288607476e-26,54.59024390243903,31,36,0.8611111111111112,28980,5,2952,25992
641,6,GO:0017076,,train,5.125814123835521e-25,5.075212156476568e-26,54.46693711967546,31,36,0.8611111111111112,28980,5,2958,25986
641,7,GO:0032553,,train,2.733809561942258e-24,2.7548715156813333e-25,51.16982097186701,31,36,0.8611111111111112,28980,5,3128,25816
641,8,GO:0097367,,train,1.3833512974579481e-23,1.4162969167224798e-24,48.14669897032102,31,36,0.8611111111111112,28980,5,3302,25642
641,9,GO:0016887,,train,6.2591375451385975e-12,8.560773705437534e-13,33.703056300268095,11,36,0.3055555555555556,28980,25,373,28571
641,10,GO:0016817,,train,2.5403638697261384e-11,3.552654631066756e-12,18.75196172248804,14,36,0.3888888888888889,28980,22,950,27994
642,1,GO:0008289,,train,3.5792750970244403e-37,2.797406321252953e-38,131.34513112048413,25,44,0.5681818181818182,28980,19,287,28649
642,2,GO:0005319,,train,8.754780599033921e-17,1.0389201220577796e-17,401.6666666666667,8,44,0.18181818181818182,28980,36,16,28920
642,3,GO:0005543,,train,2.895930738568357e-09,4.371424289141619e-10,50.4994994994995,7,44,0.1590909090909091,28980,37,108,28828
642,4,GO:0033218,,train,4.348274046115028e-06,7.775439525877828e-07,22.129139922978176,6,44,0.13636363636363635,28980,38,205,28731
642,5,GO:0072341,,train,8.172914390163444e-06,1.4894015414713296e-06,56.63725490196079,4,44,0.09090909090909091,28980,40,51,28885
642,6,GO:0043178,,train,9.387651925065625e-06,1.7212207692235913e-06,54.49622641509434,4,44,0.09090909090909091,28980,40,53,28883
642,7,GO:0019842,,train,4.784561013986698e-05,9.257411458939607e-06,10.983011583011583,7,44,0.1590909090909091,28980,37,490,28446
642,8,GO:0005496,,train,0.000131828355088,2.654176654423285e-05,60.42020905923345,3,44,0.06818181818181818,28980,41,35,28901
642,9,GO:0035091,,train,0.0005910753771961,0.0001275235127002,34.636145541783286,3,44,0.06818181818181818,28980,41,61,28875
642,10,GO:0005215,,train,0.0009443869107038,0.0002085911857136,5.715194418795527,8,44,0.18181818181818182,28980,36,1083,27853
643,1,GO:0035639,,train,0.0001862890386867,3.8074189967399946e-05,8.053933356234971,9,19,0.47368421052631576,28980,10,2911,26050
643,2,GO:0032555,,train,0.0002192834963746,4.517739783820087e-05,7.864256893073302,9,19,0.47368421052631576,28980,10,2974,25987
643,3,GO:0017076,,train,0.0002227106834191,4.5909572581662345e-05,7.846610738255033,9,19,0.47368421052631576,28980,10,2980,25981
643,4,GO:0032553,,train,0.0003393699194339,7.133955947676662e-05,7.374571428571427,9,19,0.47368421052631576,28980,10,3150,25811
643,5,GO:0097367,,train,0.0005087460246523,0.0001089861346422,6.941425992779784,9,19,0.47368421052631576,28980,10,3324,25637
643,6,GO:0070566,,train,0.0043149852418929,0.0010409205105014,47.87075393537697,2,19,0.10526315789473684,28980,17,71,28890
643,7,GO:0005525,,train,0.0110618006276853,0.0028654979333456,12.153835227272728,3,19,0.15789473684210525,28980,16,440,28521
643,8,GO:0032550,,train,0.0111919707443061,0.0029021684690687,12.097992081447964,3,19,0.15789473684210525,28980,16,442,28519
643,9,GO:0001883,,train,0.0114522919008707,0.0029763814554449,11.987808295964124,3,19,0.15789473684210525,28980,16,446,28515
643,10,GO:0032549,,train,0.0115797832618864,0.0030139254850121,11.933454241071429,3,19,0.15789473684210525,28980,16,448,28513
644,1,GO:0051536,,train,7.258642324861521e-15,9.083668749980497e-16,84.06827309236948,11,20,0.55,28980,9,415,28545
644,2,GO:0051540,,train,7.631986875212855e-15,9.564296760746578e-16,83.65920596855848,11,20,0.55,28980,9,417,28543
644,3,GO:0051539,,train,1.0916712350622062e-11,1.5071759471682277e-12,87.0909090909091,8,20,0.4,28980,12,220,28740
644,4,GO:0016661,,train,9.2377076358169e-09,1.4236628840270883e-09,139.57004830917873,5,20,0.25,28980,15,69,28891
644,5,GO:0009055,,train,8.054340580500009e-07,1.3745961338721345e-07,24.41169230769231,7,20,0.35,28980,13,625,28335
644,6,GO:0016675,,train,3.1912025945462394e-05,6.079012885328888e-06,104.12124849939975,3,20,0.15,28980,17,49,28911
644,7,GO:0046914,,train,0.0007011816809818,0.0001522852325277,7.973463218004703,7,20,0.35,28980,13,1832,27128
644,8,GO:0005506,,train,0.027354755907664,0.0077079238678214,8.398341887090407,3,20,0.15,28980,17,596,28364
644,9,GO:0016903,,train,0.0344265770254524,0.0099617930063397,14.6493374108053,2,20,0.1,28980,18,218,28742
645,1,GO:0016741,,train,1.215426933718646e-12,1.6228479256787616e-13,14.683614782183064,17,65,0.26153846153846155,28980,48,681,28234
645,2,GO:0008168,,train,3.9978311559890895e-08,6.345094531783368e-09,11.1791466701729,12,65,0.18461538461538463,28980,53,574,28341
645,3,GO:0016645,,train,1.0725537926337101e-07,1.741560673922329e-08,28.251191477432016,7,65,0.1076923076923077,28980,58,123,28792
645,4,GO:0016903,,train,2.050285980332957e-07,3.3796054753884494e-08,19.002317113538563,8,65,0.12307692307692308,28980,57,212,28703
645,5,GO:0016829,,train,4.333061536716589e-07,7.28079238790941e-08,6.79860883797054,15,65,0.23076923076923078,28980,50,1222,27693
645,6,GO:0016830,,train,4.6333938634740825e-06,8.30392350140154e-07,10.189070951320394,9,65,0.13846153846153847,28980,56,449,28466
645,7,GO:0051539,,train,6.362646978855122e-05,1.244869765116248e-05,13.143838754008245,6,65,0.09230769230769231,28980,59,222,28693
645,8,GO:0019842,,train,7.675299731778416e-05,1.5154090925443514e-05,8.158719908154845,8,65,0.12307692307692308,28980,57,489,28426
645,9,GO:0008170,,train,7.829504522704559e-05,1.547919442942645e-05,17.89863184079602,5,65,0.07692307692307693,28980,60,134,28781
645,10,GO:0008173,,train,0.0001505977638478,3.0461890598755996e-05,15.46236559139785,5,65,0.07692307692307693,28980,60,155,28760
646,1,GO:0016811,,train,2.2808233983621063e-78,7.68358938429394e-80,4933.070484581498,39,40,0.975,28980,1,227,28713
646,2,GO:0016810,,train,3.5316079777289803e-63,1.6128473027153764e-64,1873.9830508474577,39,40,0.975,28980,1,590,28350
647,1,GO:0008234,,train,1.5275363594973487e-26,1.4694991957668489e-27,147.1078963230862,17,31,0.5483870967741935,28980,14,237,28712
647,2,GO:0004197,,train,1.4352331353481782e-23,1.4698347954352255e-24,229.031746031746,13,31,0.41935483870967744,28980,18,91,28858
647,3,GO:0003968,,train,8.140828915907393e-19,9.214682875198808e-20,241.37009189640767,10,31,0.3225806451612903,28980,21,57,28892
647,4,GO:0070011,,train,1.8541522726186802e-16,2.2236574403435797e-17,31.632872893169434,18,31,0.5806451612903226,28980,13,1214,27735
647,5,GO:0008233,,train,4.718319477274842e-16,5.71251556949261e-17,29.881555262210487,18,31,0.5806451612903226,28980,13,1282,27667
647,6,GO:0034062,,train,1.0378851009158984e-14,1.3055273232366257e-15,86.77215189873418,10,31,0.3225806451612903,28980,21,158,28791
647,7,GO:0097747,,train,1.0378851009158984e-14,1.3055273232366257e-15,86.77215189873418,10,31,0.3225806451612903,28980,21,158,28791
647,8,GO:0004175,,train,1.169330175153423e-13,1.5099180982735122e-14,30.46302300447738,14,31,0.45161290322580644,28980,17,762,28187
647,9,GO:0140096,,train,3.599683240386404e-11,5.0657287655084754e-12,14.661513826445772,18,31,0.5806451612903226,28980,13,2498,26451
647,10,GO:0016779,,train,3.8428659631439207e-10,5.6252163979934306e-11,28.24305555555556,10,31,0.3225806451612903,28980,21,480,28469
648,1,GO:0003735,,train,1.0236001622536555e-100,2.3358365597316626e-102,2280.8028673835124,68,69,0.9855072463768116,28980,1,837,28074
648,2,GO:0005198,,train,1.1382935108700675e-87,3.3011412126471775e-89,1414.6153846153843,68,69,0.9855072463768116,28980,1,1326,27585
648,3,GO:0019843,,train,0.0006730123191767,0.0001458715806775,8.299361207897793,6,69,0.08695652173913043,28980,63,328,28583
649,1,GO:0005543,,train,1.7074721499889914e-118,2.6909805099864583e-120,1418.704918032787,54,72,0.75,28980,18,61,28847
649,2,GO:0008289,,train,5.612266021610677e-91,1.5289590181029175e-92,333.13953488372096,54,72,0.75,28980,18,258,28650
649,3,GO:0035091,,train,1.2834559561121803e-79,4.2108875145608635e-81,1031.428571428571,36,72,0.5,28980,36,28,28880
649,4,GO:0017137,,train,0.0001420054605244,2.8665659796519717e-05,59.807453416149066,3,72,0.041666666666666664,28980,69,21,28887
649,5,GO:0017016,,train,0.0004083314709909,8.651789933730257e-05,19.047587574355585,4,72,0.05555555555555555,28980,68,89,28819
649,6,GO:0031267,,train,0.0004769969622059,0.0001019052302594,18.225806451612904,4,72,0.05555555555555555,28980,68,93,28815
649,7,GO:0051020,,train,0.0040831210997168,0.0009804418564718,9.827633378932967,4,72,0.05555555555555555,28980,68,172,28736
649,8,GO:0005509,,train,0.0043703624927896,0.0010550475233054,4.81042654028436,7,72,0.09722222222222222,28980,65,633,28275
649,9,GO:0019899,,train,0.0314180281336488,0.0089725036258295,5.205791294846112,4,72,0.05555555555555555,28980,68,323,28585
650,1,GO:0016772,,train,1.2918400886836822e-24,1.2934673296191303e-25,56.25081666799458,26,33,0.7878787878787878,28980,7,1793,27154
650,2,GO:0016301,,train,8.651014482979257e-21,9.346146824040633e-22,42.49213973799127,21,33,0.6363636363636364,28980,12,1145,27802
650,3,GO:0016773,,train,2.769508108248803e-05,5.24987168423646e-06,10.21815699658703,8,33,0.24242424242424243,28980,25,879,28068
650,4,GO:0016775,,train,8.695328816133013e-05,1.7257185086358252e-05,70.50243902439024,3,33,0.09090909090909091,28980,30,41,28906
650,5,GO:0016774,,train,0.0060278970193476,0.0014885658339368,38.84274193548387,2,33,0.06060606060606061,28980,31,48,28899
651,1,GO:0004553,,train,7.262146732670007e-59,3.610118934101121e-60,426.85886524822695,43,46,0.9347826086956522,28980,3,940,27994
651,2,GO:0016798,,train,1.07004268605618e-57,5.429047462428754e-59,530.5590277777778,44,46,0.9565217391304348,28980,2,1152,27782
651,3,GO:0008810,,train,3.335509084777657e-35,2.72218657474018e-36,470.56130268199234,17,46,0.3695652173913043,28980,29,36,28898
651,4,GO:0097599,,train,2.529639833134057e-28,2.3505338930489586e-29,383.157196969697,14,46,0.30434782608695654,28980,32,33,28901
651,5,GO:0008061,,train,0.0149454591144154,0.0039814279282448,23.027910685805423,2,46,0.043478260869565216,28980,44,57,28877
652,1,GO:0008171,,train,8.694841092134764e-62,4.088004204492573e-63,1830.1690140845071,27,33,0.8181818181818182,28980,6,71,28876
652,2,GO:0008168,,train,1.1611027707715769e-49,6.955664429293363e-51,792.9297297297297,31,33,0.9393939393939394,28980,2,555,28392
652,3,GO:0016741,,train,2.8132273286877423e-47,1.78170240051056e-48,657.1814092953523,31,33,0.9393939393939394,28980,2,667,28280
652,4,GO:0046983,,train,1.5942675892092984e-10,2.3000755417452598e-11,30.56436067680445,10,33,0.30303030303030304,28980,23,406,28541
652,5,GO:0008757,,train,1.6870324852264138e-07,2.7694671609130332e-08,27.86587059150236,7,33,0.21212121212121213,28980,26,277,28670
654,1,GO:0003723,,train,4.882494664774981e-18,5.618079808781125e-19,5.561899149139932,50,203,0.24630541871921183,28980,153,1597,27180
654,2,GO:0004842,,train,4.441409878552421e-13,5.823520114948775e-14,18.587182148417227,15,203,0.07389162561576355,28980,188,123,28654
654,3,GO:0019787,,train,1.237975862374285e-12,1.653318087870746e-13,17.183650615901456,15,203,0.07389162561576355,28980,188,133,28644
654,4,GO:0061630,,train,3.308627635076777e-11,4.6464425352427194e-12,45.988624244578745,9,203,0.04433497536945813,28980,194,29,28748
654,5,GO:0061659,,train,3.308627635076777e-11,4.6464425352427194e-12,45.988624244578745,9,203,0.04433497536945813,28980,194,29,28748
654,6,GO:0003727,,train,1.321559946630365e-06,2.284865924074293e-07,48.42087542087542,5,203,0.024630541871921183,28980,198,15,28762
654,7,GO:0031625,,train,0.0003428167307596,7.207416224806321e-05,20.63819095477387,4,203,0.019704433497536946,28980,199,28,28749
654,8,GO:0044389,,train,0.0004828213380723,0.0001032344068485,18.63900145890744,4,203,0.019704433497536946,28980,199,31,28746
654,9,GO:0046912,,train,0.0016976960079977,0.000386963489417,12.83394751535455,4,203,0.019704433497536946,28980,199,45,28732
654,10,GO:0008135,,train,0.0019835267913149,0.0004553680599799,5.460275019098549,7,203,0.034482758620689655,28980,196,187,28590
655,1,GO:0004312,,train,5.20500108793155e-90,1.4454524508184987e-91,1816.2811059907835,41,48,0.8541666666666666,28980,7,93,28839
655,2,GO:0016746,,train,1.128235392988742e-80,3.668574526811096e-82,inf,48,48,1.0,28980,0,558,28374
655,3,GO:0016747,,train,3.451074292511906e-76,1.215159885051209e-77,987.2632794457274,45,48,0.9375,28980,3,433,28499
655,4,GO:0046912,,train,0.0003534196727644,7.4468983982044e-05,41.86376811594203,3,48,0.0625,28980,45,46,28886
655,5,GO:0016407,,train,0.0135631042072301,0.0035847132630079,10.531135531135533,3,48,0.0625,28980,45,182,28750
656,1,GO:0003779,,train,1.543783615984615e-60,7.412078819459192e-62,1102.763613861386,31,35,0.8857142857142857,28980,4,202,28743
656,2,GO:0008092,,train,2.9110300596688918e-56,1.5136298901228237e-57,863.9697828139755,32,35,0.9142857142857143,28980,3,353,28592
656,3,GO:0051015,,train,4.284072142505718e-48,2.6555047759153115e-49,691.5572916666666,23,35,0.6571428571428571,28980,12,80,28865
656,4,GO:0044877,,train,1.1275622466491782e-36,8.905023338214209e-38,196.21875,23,35,0.6571428571428571,28980,12,280,28665
656,5,GO:0045296,,train,1.2568617662442844e-18,1.430017605557841e-19,779.3670033670033,8,35,0.22857142857142856,28980,27,11,28934
656,6,GO:0050839,,train,7.896187082175942e-15,9.900014855351388e-16,203.90123456790124,8,35,0.22857142857142856,28980,27,42,28903
656,7,GO:0005198,,train,0.0217787082914092,0.0059957319191101,4.107671668488522,6,35,0.17142857142857143,28980,29,1388,27557
657,1,GO:0004930,,train,3.31651093918239e-27,3.14387011137306e-28,420.5541666666667,14,22,0.6363636363636364,28980,8,120,28838
657,2,GO:0004888,,train,6.732686330936173e-22,7.1040619164051e-23,142.84045393858477,15,22,0.6818181818181818,28980,7,428,28530
657,3,GO:0038023,,train,2.569782304005453e-21,2.7408903444602202e-22,117.61578400830736,16,22,0.7272727272727273,28980,6,642,28316
657,4,GO:0060089,,train,4.04248842665179e-21,4.328234818353194e-22,114.1583459404942,16,22,0.7272727272727273,28980,6,661,28297
658,1,GO:0016301,,train,1.0366414491565168e-147,9.50490006696516e-150,585.1751658767772,111,116,0.9568965517241379,28980,5,1055,27809
658,2,GO:0016772,,train,8.1465906380861e-131,1.0500336528569831e-132,599.6197733489645,113,116,0.9741379310344828,28980,3,1706,27158
658,3,GO:0005524,,train,1.356165741771235e-117,2.1651297104763837e-119,633.410407049937,114,116,0.9827586206896551,28980,2,2383,26481
658,4,GO:0032559,,train,7.065524777522521e-117,1.1466446163246553e-118,623.1355932203389,114,116,0.9827586206896551,28980,2,2419,26445
658,5,GO:0030554,,train,8.459911956188087e-117,1.3778923302107906e-118,622.0127940569541,114,116,0.9827586206896551,28980,2,2423,26441
658,6,GO:0035639,,train,9.196102622116374e-110,1.724084037306875e-111,529.3321454027085,114,116,0.9827586206896551,28980,2,2806,26058
658,7,GO:0032555,,train,1.0675543041963585e-108,2.051485553952635e-110,516.4569536423841,114,116,0.9827586206896551,28980,2,2869,25995
658,8,GO:0017076,,train,1.3436442216957e-108,2.5899109408435735e-110,515.2601739130434,114,116,0.9827586206896551,28980,2,2875,25989
658,9,GO:0032553,,train,7.737456877133298e-106,1.5775463533657837e-107,483.3113300492611,114,116,0.9827586206896551,28980,2,3045,25819
658,10,GO:0016773,,train,1.0632634574508216e-105,2.1834012469549928e-107,105.24,87,116,0.75,28980,29,800,28064
659,1,GO:0004298,,train,1.6281884686617608e-49,9.796698932628106e-51,11444.333333333334,19,20,0.95,28980,1,48,28912
659,2,GO:0070003,,train,2.1253750845505816e-47,1.339216043257551e-48,8446.23076923077,19,20,0.95,28980,1,65,28895
659,3,GO:0004175,,train,2.270623787762482e-28,2.1071963440347838e-29,707.8692206076619,19,20,0.95,28980,1,757,28203
659,4,GO:0070011,,train,3.378388551398092e-27,3.204505999187691e-28,inf,20,20,1.0,28980,0,1212,27748
659,5,GO:0008233,,train,9.874125285939751e-27,9.461365618041693e-28,inf,20,20,1.0,28980,0,1280,27680
659,6,GO:0140096,,train,5.140526196636402e-21,5.523464302446706e-22,inf,20,20,1.0,28980,0,2496,26464
659,7,GO:0061629,,train,0.033393386043291,0.0096207619807179,117.19433198380568,1,20,0.05,28980,19,13,28947
659,8,GO:0140297,,train,0.0355033891270221,0.0103045838670807,108.81954887218043,1,20,0.05,28980,19,14,28946
660,1,GO:0004896,,train,1.2172971892868513e-21,1.2897922880307412e-22,142.75266362252663,13,86,0.1511627906976744,28980,73,36,28858
660,2,GO:0140375,,train,2.1889572200678084e-21,2.328295886008206e-22,135.22999279019467,13,86,0.1511627906976744,28980,73,38,28856
660,3,GO:0004888,,train,9.416550573909466e-19,1.0680752210849652e-19,21.797739701057235,21,86,0.2441860465116279,28980,65,422,28472
660,4,GO:0038023,,train,1.1352834161799685e-17,1.3162995463105472e-18,16.246894138232722,23,86,0.26744186046511625,28980,63,635,28259
660,5,GO:0060089,,train,2.111058683280324e-17,2.4600262009224974e-18,15.764283287219069,23,86,0.26744186046511625,28980,63,654,28240
660,6,GO:0030414,,train,0.0010610094419623,0.0002359974424471,9.792306118272968,5,86,0.05813953488372093,28980,81,181,28713
660,7,GO:0061134,,train,0.0011656663210582,0.0002603686820186,9.579245912579246,5,86,0.05813953488372093,28980,81,185,28709
660,8,GO:0033218,,train,0.0018389591369738,0.0004211554188376,8.596428143353709,5,86,0.05813953488372093,28980,81,206,28688
660,9,GO:0004857,,train,0.0053848677776033,0.0013163641094443,6.618347436075276,5,86,0.05813953488372093,28980,81,267,28627
660,10,GO:0016661,,train,0.0057148349687787,0.0014048948372144,14.673171559477346,3,86,0.03488372093023256,28980,83,71,28823
661,1,GO:0003823,,train,7.261320020841287e-159,5.615573968134575e-161,904.2536231884058,78,147,0.5306122448979592,28980,69,36,28797
661,2,GO:0034987,,train,1.2050466724640813e-157,9.460483001446343e-160,1672.1526232114468,73,147,0.4965986394557823,28980,74,17,28816
661,3,GO:0005102,,train,2.7675220596201257e-96,6.81807438304633e-98,79.93612066097371,76,147,0.5170068027210885,28980,71,381,28452
661,4,GO:0050839,,train,0.0083211633388586,0.0021048494428638,12.759751773049643,3,147,0.02040816326530612,28980,144,47,28786
662,1,GO:0004672,,train,0.0,0.0,6526.1621621621625,272,276,0.9855072463768116,28980,4,296,28408
662,2,GO:0016773,,train,0.0,0.0,3105.7756097560978,272,276,0.9855072463768116,28980,4,615,28089
662,3,GO:0016301,,train,0.0,0.0,2115.3020134228186,272,276,0.9855072463768116,28980,4,894,27810
662,4,GO:0016772,,train,0.0,0.0,1193.7142857142858,272,276,0.9855072463768116,28980,4,1547,27157
662,5,GO:0005524,,train,3.6936899842295145e-285,3.462462416010325e-288,809.2458426966292,272,276,0.9855072463768116,28980,4,2225,26479
662,6,GO:0140096,,train,3.1660589975227276e-284,3.0606071687099046e-287,801.8181818181819,272,276,0.9855072463768116,28980,4,2244,26460
662,7,GO:0032559,,train,2.127888723241312e-283,2.119348993473492e-286,795.2781954887218,272,276,0.9855072463768116,28980,4,2261,26443
662,8,GO:0030554,,train,3.252599289507093e-283,3.3348265850176715e-286,793.753642384106,272,276,0.9855072463768116,28980,4,2265,26439
662,9,GO:0035639,,train,6.601844345644395e-266,9.863024332186895e-269,669.1117824773414,272,276,0.9855072463768116,28980,4,2648,26056
662,10,GO:0032555,,train,2.6769099896357183e-263,4.312917052756965e-266,651.9822943563261,272,276,0.9855072463768116,28980,4,2711,25993
663,1,GO:0050661,,train,1.0750291006384101e-96,2.6264002985981025e-98,154.87762001352266,64,115,0.5565217391304348,28980,51,232,28633
663,2,GO:0016628,,train,1.4105760589239158e-56,7.293162093917776e-58,180.4186475032246,34,115,0.2956521739130435,28980,81,67,28798
663,3,GO:0016627,,train,2.329657720447805e-42,1.6276279881852578e-43,58.1124828532236,34,115,0.2956521739130435,28980,81,207,28658
663,4,GO:0016616,,train,2.5058681549117806e-40,1.822676459163357e-41,31.559942472593075,41,115,0.3565217391304348,28980,74,498,28367
663,5,GO:0016614,,train,1.8376213687561475e-38,1.3909873793437867e-39,28.106824566501984,41,115,0.3565217391304348,28980,74,558,28307
663,6,GO:0051287,,train,8.687310604223019e-33,7.420745150984073e-34,35.02151558297738,31,115,0.26956521739130435,28980,84,301,28564
663,7,GO:0016725,,train,5.701519984529056e-17,6.725846142806488e-18,101.66185897435898,11,115,0.09565217391304348,28980,104,30,28835
663,8,GO:0016620,,train,3.902708573991681e-12,5.293242141248933e-13,21.26134290925673,13,115,0.11304347826086956,28980,102,172,28693
663,9,GO:0016903,,train,3.424732771816511e-11,4.813506705092896e-12,17.644880174291938,13,115,0.11304347826086956,28980,102,207,28658
663,10,GO:0016877,,train,3.406975458440013e-09,5.159815777641522e-10,49.16885964912281,7,115,0.06086956521739131,28980,108,38,28827
664,1,GO:0003700,,train,7.669497620429662e-55,4.115921036009943e-56,45.51353397690706,51,105,0.4857142857142857,28980,54,587,28288
664,2,GO:0003677,,train,2.0657089204589064e-52,1.1678876926753054e-53,25.750081473032427,71,105,0.6761904761904762,28980,34,2166,26709
664,3,GO:0140110,,train,8.152585884434566e-52,4.666535670441205e-53,39.15972222222222,51,105,0.4857142857142857,28980,54,680,28195
664,4,GO:0043565,,train,1.2532724402976198e-19,1.3928920638864484e-20,23.65314569536424,21,105,0.2,28980,84,302,28573
664,5,GO:0046983,,train,2.4541846291707486e-08,3.856298547286491e-09,9.983169705469846,13,105,0.12380952380952381,28980,92,403,28472
664,6,GO:0000976,,train,7.675131139536607e-08,1.235908131178274e-08,45.99202551834131,6,105,0.05714285714285714,28980,99,38,28837
664,7,GO:0001067,,train,7.675131139536607e-08,1.235908131178274e-08,45.99202551834131,6,105,0.05714285714285714,28980,99,38,28837
664,8,GO:1990837,,train,1.1338324067490593e-06,1.9506686952096625e-07,27.71717171717172,6,105,0.05714285714285714,28980,99,63,28812
664,9,GO:0003690,,train,2.704045013996343e-05,5.120235219987803e-06,15.290271132376397,6,105,0.05714285714285714,28980,99,114,28761
664,10,GO:0046982,,train,0.0013893039303738,0.0003135772558669,13.414094350611531,4,105,0.0380952380952381,28980,101,85,28790
665,1,GO:0000976,,train,5.180499463894916e-13,6.813850834252621e-14,112.588693957115,8,65,0.12307692307692308,28980,57,36,28879
665,2,GO:0001067,,train,5.180499463894916e-13,6.813850834252621e-14,112.588693957115,8,65,0.12307692307692308,28980,57,36,28879
665,3,GO:1990837,,train,2.2043515339009e-11,3.076935600386029e-12,66.38826574633305,8,65,0.12307692307692308,28980,57,61,28854
665,4,GO:0003690,,train,1.885791502246602e-09,2.8278310044820444e-10,36.09398496240601,8,65,0.12307692307692308,28980,57,112,28803
665,5,GO:0043565,,train,1.7174673749712916e-08,2.679565058176494e-09,16.614580307871044,10,65,0.15384615384615385,28980,55,313,28602
665,6,GO:0003677,,train,7.195683860644447e-06,1.305201818118476e-06,4.607480847228481,18,65,0.27692307692307694,28980,47,2219,26696
665,7,GO:0003700,,train,0.0004162617704685,8.833124809115155e-05,6.301308827624617,8,65,0.12307692307692308,28980,57,630,28285
665,8,GO:0140110,,train,0.0010104805006321,0.0002240480097631,5.472713595884594,8,65,0.12307692307692308,28980,57,723,28192
665,9,GO:0060089,,train,0.003345903878187,0.0007921491385742,5.087879567678847,7,65,0.1076923076923077,28980,58,670,28245
665,10,GO:0008134,,train,0.033585011921763,0.0096877760902715,14.311011904761903,2,65,0.03076923076923077,28980,63,64,28851
666,1,GO:0016301,,train,1.8889166420772707e-47,1.1852416578286063e-48,303.81074697372304,37,40,0.925,28980,3,1129,27811
666,2,GO:0016772,,train,1.4218357606100669e-42,9.85876100818475e-44,289.73666479505897,38,40,0.95,28980,2,1781,27159
666,3,GO:0016773,,train,1.9109435198249295e-38,1.4470483635783587e-39,113.0067497403946,31,40,0.775,28980,9,856,28084
666,4,GO:0019200,,train,8.469365794347029e-38,6.522530589488923e-39,408.2172619047619,19,40,0.475,28980,21,64,28876
666,5,GO:0005524,,train,8.324996639228958e-10,1.2315444540558995e-10,9.661747184749606,19,40,0.475,28980,21,2478,26462
666,6,GO:0032559,,train,1.0611886403276567e-09,1.575136315593121e-10,9.510436792059703,19,40,0.475,28980,21,2514,26426
666,7,GO:0030554,,train,1.0892639062815755e-09,1.6184042337229843e-10,9.493891599530995,19,40,0.475,28980,21,2518,26422
666,8,GO:0035639,,train,1.1441544025597881e-08,1.7703440707504466e-09,8.121025590518869,19,40,0.475,28980,21,2901,26039
666,9,GO:0032555,,train,1.6276726530957173e-08,2.5351775189705973e-09,7.929181929181929,19,40,0.475,28980,21,2964,25976
666,10,GO:0017076,,train,1.6816352512991154e-08,2.6221825124249908e-09,7.911335578002244,19,40,0.475,28980,21,2970,25970
667,1,GO:0016725,,train,4.4483584207859706e-30,3.9965771088703095e-31,895.2666666666667,13,28,0.4642857142857143,28980,15,28,28924
667,2,GO:0005506,,train,0.0097421900898818,0.0024945783047592,7.943137254901961,4,28,0.14285714285714285,28980,24,595,28357
667,3,GO:0030145,,train,0.0274543573144301,0.0077375976717969,16.41994301994302,2,28,0.07142857142857142,28980,26,135,28817
668,1,GO:0016853,,train,3.4905445976086216e-29,3.1984133055979645e-30,52.16284829721362,27,44,0.6136363636363636,28980,17,855,28081
668,2,GO:0016861,,train,3.680189726524046e-17,4.3208836230214656e-18,78.2554347826087,12,44,0.2727272727272727,28980,32,138,28798
668,3,GO:0016860,,train,2.1339740722639786e-15,2.6273817341082993e-16,54.42803030303031,12,44,0.2727272727272727,28980,32,198,28738
668,4,GO:0016857,,train,1.8698184669565813e-14,2.3662348118617426e-15,110.79786780383796,9,44,0.20454545454545456,28980,35,67,28869
668,5,GO:0016854,,train,3.643914626335727e-11,5.131176614464025e-12,44.566265060240966,9,44,0.20454545454545456,28980,35,166,28770
668,6,GO:0004519,,train,2.389614090800936e-06,4.208442427247628e-07,13.941262848751837,8,44,0.18181818181818182,28980,36,454,28482
668,7,GO:0016888,,train,1.6687083649834544e-05,3.1094278670239785e-06,46.57096774193548,4,44,0.09090909090909091,28980,40,62,28874
668,8,GO:0004518,,train,3.0654830647462144e-05,5.831574837408652e-06,9.670427350427351,8,44,0.18181818181818182,28980,36,650,28286
668,9,GO:0000287,,train,3.742632591911219e-05,7.177846787720875e-06,9.389470187676466,8,44,0.18181818181818182,28980,36,669,28267
668,10,GO:0004520,,train,7.621751011415939e-05,1.5043899087477105e-05,30.68297872340425,4,44,0.09090909090909091,28980,40,94,28842
669,1,GO:0016757,,train,2.1584449517366613e-97,5.222707121699278e-99,732.9635135135135,57,63,0.9047619047619048,28980,6,370,28547
669,2,GO:0016763,,train,1.210144824189474e-87,3.513060669571927e-89,518.1894171779142,47,63,0.746031746031746,28980,16,163,28754
669,3,GO:0000287,,train,6.384246914588808e-12,8.735629181839155e-13,14.552290211478418,16,63,0.25396825396825395,28980,47,661,28256
670,1,GO:0016757,,train,4.1455349945015884e-10,6.073123153031153e-11,10.066091572660916,16,126,0.12698412698412698,28980,110,411,28443
670,2,GO:0016758,,train,1.0648826018677169e-07,1.7278567922621452e-08,16.006688963210703,9,126,0.07142857142857142,28980,117,138,28716
670,3,GO:0051539,,train,3.8297058968329625e-05,7.349328684463408e-06,8.824036979969183,8,126,0.06349206349206349,28980,118,220,28634
670,4,GO:0051536,,train,9.021365818522025e-05,1.793596678393209e-05,5.893153183023872,10,126,0.07936507936507936,28980,116,416,28438
670,5,GO:0051540,,train,9.370727870446934e-05,1.8668986802270148e-05,5.864543804652698,10,126,0.07936507936507936,28980,116,418,28436
670,6,GO:0008168,,train,0.001122534880636,0.0002502742764894,4.232219827586207,10,126,0.07936507936507936,28980,116,576,28278
670,7,GO:0016765,,train,0.0030253830541371,0.0007120998576322,5.068953261062733,7,126,0.05555555555555555,28980,119,331,28523
670,8,GO:0016775,,train,0.0038976653342959,0.0009330556613605,17.14039262343843,3,126,0.023809523809523808,28980,123,41,28813
670,9,GO:0016741,,train,0.0040436755553164,0.0009697856217996,3.529220128307939,10,126,0.07936507936507936,28980,116,688,28166
670,10,GO:0016829,,train,0.0041368530290315,0.0009944346590571,2.824100572363042,14,126,0.1111111111111111,28980,112,1223,27631
671,1,GO:0016301,,train,1.5219948826994694e-51,8.765392211931794e-53,329.3191237418591,40,43,0.9302325581395349,28980,3,1126,27811
671,2,GO:0016772,,train,4.099725870383145e-46,2.6553282067601526e-47,313.1380764904387,41,43,0.9534883720930233,28980,2,1778,27159
671,3,GO:0016773,,train,9.034665862506917e-45,5.999820578932882e-46,144.21581572769952,35,43,0.813953488372093,28980,8,852,28085
671,4,GO:0005524,,train,7.972902079468435e-43,5.516593347893618e-44,453.0525458248472,42,43,0.9767441860465116,28980,1,2455,26482
671,5,GO:0032559,,train,1.4560961947044718e-42,1.0100582327270085e-43,445.8980329185066,42,43,0.9767441860465116,28980,1,2491,26446
671,6,GO:0030554,,train,1.5545087246340798e-42,1.07969071274787e-43,445.1158316633267,42,43,0.9767441860465116,28980,1,2495,26442
671,7,GO:0035639,,train,5.579074350554801e-40,4.0857971926024556e-41,380.2911744266852,42,43,0.9767441860465116,28980,1,2878,26059
671,8,GO:0032555,,train,1.36196072496394e-39,1.0054020643024072e-40,371.2451547092825,42,43,0.9767441860465116,28980,1,2941,25996
671,9,GO:0017076,,train,1.480075577719821e-39,1.094328956312748e-40,370.40380047505937,42,43,0.9767441860465116,28980,1,2947,25990
671,10,GO:0032553,,train,1.4931505815528588e-38,1.1276158418265433e-39,347.91145332050047,42,43,0.9767441860465116,28980,1,3117,25820
672,1,GO:0003677,,train,3.570725736350798e-15,4.427712465059297e-16,10.022412008281574,29,64,0.453125,28980,35,2208,26708
672,2,GO:0003700,,train,4.8934144303054116e-11,6.922195355170294e-12,13.902283224686345,15,64,0.234375,28980,49,623,28293
672,3,GO:0140110,,train,3.2100284083421973e-10,4.6847589215106266e-11,12.056778018469958,15,64,0.234375,28980,49,716,28200
672,4,GO:0046983,,train,0.0089095221300518,0.0022651592866016,5.877561961317992,5,64,0.078125,28980,59,411,28505
673,1,GO:0004812,,train,1.5168100506868786e-27,1.4285216372142587e-28,inf,13,13,1.0,28980,0,202,28765
673,2,GO:0016875,,train,1.6134438209184926e-27,1.520003318415172e-28,inf,13,13,1.0,28980,0,203,28764
673,3,GO:0140101,,train,4.845362052642184e-24,4.9195960027119575e-25,inf,13,13,1.0,28980,0,384,28583
673,4,GO:0016874,,train,1.0446392875382869e-21,1.1053218228281024e-22,inf,13,13,1.0,28980,0,586,28381
673,5,GO:0140098,,train,5.4347308682221335e-19,6.121375688641094e-20,inf,13,13,1.0,28980,0,957,28010
673,6,GO:0005524,,train,1.0869733026392413e-13,1.4019812671062424e-14,inf,13,13,1.0,28980,0,2484,26483
673,7,GO:0032559,,train,1.3069034445061682e-13,1.689476199023265e-14,inf,13,13,1.0,28980,0,2520,26447
673,8,GO:0030554,,train,1.3337513219006201e-13,1.7245740208188584e-14,inf,13,13,1.0,28980,0,2524,26443
673,9,GO:0035639,,train,8.129210111795158e-13,1.0770840242449395e-13,inf,13,13,1.0,28980,0,2907,26060
673,10,GO:0032555,,train,1.0673821316442116e-12,1.4223632178719625e-13,inf,13,13,1.0,28980,0,2970,25997
674,1,GO:0004659,,train,1.2104377559782334e-71,4.68403279622476e-73,1069.925925925926,32,68,0.47058823529411764,28980,36,24,28888
674,2,GO:0016765,,train,1.1731585979180216e-50,6.876674442493369e-52,106.57698675496688,36,68,0.5294117647058824,28980,32,302,28610
675,1,GO:0019001,,train,5.4259077390552545e-09,8.29057467466743e-10,37.54505023884039,8,21,0.38095238095238093,28980,13,467,28492
675,2,GO:0017111,,train,2.489559095729613e-07,4.124104838254961e-08,22.349722442505943,8,21,0.38095238095238093,28980,13,776,28183
675,3,GO:0016462,,train,8.664474565474838e-07,1.4822782160814674e-07,18.797385620915037,8,21,0.38095238095238093,28980,13,918,28041
675,4,GO:0016818,,train,1.0746885778884952e-06,1.846571363166912e-07,18.24273504273504,8,21,0.38095238095238093,28980,13,945,28014
675,5,GO:0016817,,train,1.1698554222753142e-06,2.015727683693177e-07,18.02574831026714,8,21,0.38095238095238093,28980,13,956,28003
675,6,GO:0005525,,train,3.106146918093705e-06,5.510392165678143e-07,26.107093821510297,6,21,0.2857142857142857,28980,15,437,28522
675,7,GO:0032550,,train,3.187294699578421e-06,5.65715164916239e-07,25.98633257403189,6,21,0.2857142857142857,28980,15,439,28520
675,8,GO:0001883,,train,3.3558841286284327e-06,5.960314459933266e-07,25.748081264108357,6,21,0.2857142857142857,28980,15,443,28516
675,9,GO:0032549,,train,3.4411685287364904e-06,6.116826502731061e-07,25.630561797752808,6,21,0.2857142857142857,28980,15,445,28514
675,10,GO:0001882,,train,3.8994866302991895e-06,6.950926017333266e-07,25.05846153846154,6,21,0.2857142857142857,28980,15,455,28504
676,1,GO:0004714,,train,7.474931127254814e-42,5.279332966520595e-43,9843.744680851063,16,17,0.9411764705882353,28980,1,47,28916
676,2,GO:0019199,,train,1.2473288647064184e-39,9.196844340352274e-41,6798.823529411765,16,17,0.9411764705882353,28980,1,68,28895
676,3,GO:0004713,,train,7.641237473541831e-36,6.139940355018087e-37,3721.161290322581,16,17,0.9411764705882353,28980,1,124,28839
676,4,GO:0004888,,train,1.2095159819157259e-27,1.1376968737532287e-28,1069.264637002342,16,17,0.9411764705882353,28980,1,427,28536
676,5,GO:0004672,,train,6.597083287282132e-26,6.4237351984432746e-27,823.5072463768116,16,17,0.9411764705882353,28980,1,552,28411
676,6,GO:0038023,,train,6.975214205678833e-25,6.939047790516248e-26,705.8193146417445,16,17,0.9411764705882353,28980,1,642,28321
676,7,GO:0060089,,train,1.0991324560312463e-24,1.0992290490935568e-25,685.0711043872919,16,17,0.9411764705882353,28980,1,661,28302
676,8,GO:0016773,,train,8.286095873931548e-23,8.587810060043302e-24,516.0413318025259,16,17,0.9411764705882353,28980,1,871,28092
676,9,GO:0016301,,train,6.483245750707427e-21,6.98899855365244e-22,386.9634782608696,16,17,0.9411764705882353,28980,1,1150,27813
676,10,GO:0005524,,train,6.5606249056091555e-18,7.564408011388709e-19,inf,17,17,1.0,28980,0,2480,26483
677,1,GO:0016730,,train,2.79410622824594e-39,2.0724366435008113e-40,1752.909090909091,16,24,0.6666666666666666,28980,8,33,28923
677,2,GO:0051536,,train,9.490524051068177e-28,8.907531142051858e-29,209.91176470588235,18,24,0.75,28980,6,408,28548
677,3,GO:0051540,,train,1.033263044559868e-27,9.703961451969817e-29,208.8731707317073,18,24,0.75,28980,6,410,28546
677,4,GO:0005524,,train,2.3733179459584128e-11,3.317653349185209e-12,21.342200725513905,16,24,0.6666666666666666,28980,8,2481,26475
677,5,GO:0032559,,train,2.9486004741034624e-11,4.132203962888058e-12,21.00834326579261,16,24,0.6666666666666666,28980,8,2517,26439
677,6,GO:0030554,,train,3.019539377039281e-11,4.233387661045199e-12,20.971836572788572,16,24,0.6666666666666666,28980,8,2521,26435
677,7,GO:0035639,,train,2.4931395323312554e-10,3.6231845856095615e-11,17.94214876033058,16,24,0.6666666666666666,28980,8,2904,26052
677,8,GO:0032555,,train,3.4289916295204667e-10,5.0113481675828605e-11,17.51870576339737,16,24,0.6666666666666666,28980,8,2967,25989
677,9,GO:0017076,,train,3.5345126983248866e-10,5.1665988120342105e-11,17.479313824419776,16,24,0.6666666666666666,28980,8,2973,25983
677,10,GO:0032553,,train,8.07789384547132e-10,1.194753083920224e-10,16.425707922367167,16,24,0.6666666666666666,28980,8,3143,25813
678,1,GO:0019787,,train,0.0001665651753531,3.387708388191078e-05,25.0,4,36,0.1111111111111111,28980,32,144,28800
678,2,GO:0004842,,train,0.002864306408846,0.000672340488446,19.4,3,36,0.08333333333333333,28980,33,135,28809
678,3,GO:0061630,,train,0.0042545774315275,0.0010254756746816,47.23529411764706,2,36,0.05555555555555555,28980,34,36,28908
678,4,GO:0061659,,train,0.0042545774315275,0.0010254756746816,47.23529411764706,2,36,0.05555555555555555,28980,34,36,28908
678,5,GO:0008270,,train,0.0134271471108341,0.003545094088817,5.456504017701176,5,36,0.1388888888888889,28980,31,831,28113
678,6,GO:0008047,,train,0.036298635635718,0.0105651710366023,13.78335724533716,2,36,0.05555555555555555,28980,34,123,28821
679,1,GO:0008168,,train,5.071690897635555e-67,2.1408754675258032e-68,730.6507352941177,42,45,0.9333333333333333,28980,3,544,28391
679,2,GO:0016741,,train,9.289618221088901e-64,4.196206842112395e-65,603.515243902439,42,45,0.9333333333333333,28980,3,656,28279
679,3,GO:0008757,,train,1.0457797857403854e-29,9.45389582797208e-31,95.3916349809886,21,45,0.4666666666666667,28980,24,263,28672
679,4,GO:0008173,,train,1.974728516975413e-22,2.0616727991623084e-23,99.27586206896552,15,45,0.3333333333333333,28980,30,145,28790
679,5,GO:0003723,,train,4.90322010670091e-14,6.269606516609389e-15,14.69580258302583,21,45,0.4666666666666667,28980,24,1626,27309
679,6,GO:0008175,,train,4.890767137511533e-11,6.917017822276615e-12,94.9967105263158,7,45,0.15555555555555556,28980,38,56,28879
679,7,GO:0140098,,train,6.327709807740664e-11,8.986360004665535e-12,14.649214659685864,15,45,0.3333333333333333,28980,30,955,27980
679,8,GO:0008170,,train,2.9115233662637727e-10,4.241440577798209e-11,47.541159480090776,8,45,0.17777777777777778,28980,37,131,28804
679,9,GO:0008649,,train,1.811337547346193e-09,2.7135308366665003e-10,90.6938775510204,6,45,0.13333333333333333,28980,39,49,28886
679,10,GO:0140102,,train,1.0961799946035365e-07,1.7808870873454647e-08,43.064973861090365,6,45,0.13333333333333333,28980,39,103,28832
680,1,GO:1904680,,train,6.237993090238127e-16,7.572500033965137e-17,169.283203125,9,41,0.21951219512195122,28980,32,48,28891
680,2,GO:0042887,,train,7.360413800475098e-16,8.954447817140663e-17,165.82270408163265,9,41,0.21951219512195122,28980,32,49,28890
680,3,GO:0022857,,train,1.9750230116245655e-05,3.702191830385094e-06,8.853535353535353,9,41,0.21951219512195122,28980,32,891,28048
680,4,GO:0005215,,train,8.743920288960795e-05,1.7361306417838787e-05,7.241017791127541,9,41,0.21951219512195122,28980,32,1082,27857
680,5,GO:0016151,,train,0.0003640569956045,7.682768246579629e-05,41.46028708133972,3,41,0.07317073170731707,28980,38,55,28884
680,6,GO:0030247,,train,0.0128846146687549,0.0033897742724928,25.10212950890917,2,41,0.04878048780487805,28980,39,59,28880
680,7,GO:0042626,,train,0.0243143478716911,0.0067707235805224,17.40814479638009,2,41,0.04878048780487805,28980,39,85,28854
680,8,GO:0015399,,train,0.0347879239548717,0.0100826586873334,14.082539682539682,2,41,0.04878048780487805,28980,39,105,28834
681,1,GO:0140097,,train,1.5239017745644083e-25,1.4923407541286044e-26,448.9940828402367,16,18,0.8888888888888888,28980,2,507,28455
681,2,GO:0003916,,train,1.5421993460754964e-13,1.9977167027992637e-14,266.4703557312253,7,18,0.3888888888888889,28980,11,69,28893
681,3,GO:0003677,,train,4.298009195909487e-12,5.838201552987168e-13,42.09919028340081,14,18,0.7777777777777778,28980,4,2223,26739
681,4,GO:0016830,,train,1.7539579022553694e-11,2.437979390749547e-12,63.50334075723831,9,18,0.5,28980,9,449,28513
681,5,GO:0016829,,train,4.075137602865154e-09,6.199194297002885e-10,28.25488997555012,10,18,0.5555555555555556,28980,8,1227,27735
681,6,GO:0016853,,train,3.1587553547962226e-06,5.605571649341042e-07,20.42690909090909,7,18,0.3888888888888889,28980,11,875,28087
682,1,GO:0016627,,train,3.1409211453037704e-116,5.170922118700293e-118,inf,55,55,1.0,28980,0,186,28739
682,2,GO:0050660,,train,6.008914036884897e-99,1.4081879572041824e-100,2503.244224422442,53,55,0.9636363636363636,28980,2,303,28622
682,3,GO:0016790,,train,0.0013203235485678,0.0002970408897384,25.615384615384617,3,55,0.05454545454545454,28980,52,65,28860
682,4,GO:0004497,,train,0.0109027079819197,0.0028194951537741,7.359691417550627,4,55,0.07272727272727272,28980,51,305,28620
682,5,GO:0016661,,train,0.0307162976476329,0.008752304749056,15.122117400419286,2,55,0.03636363636363636,28980,53,72,28853
683,1,GO:0005198,,train,4.722446193784557e-07,7.947521276999234e-08,4.228956296549094,23,132,0.17424242424242425,28980,109,1371,27477
683,2,GO:0003723,,train,2.220509351495088e-06,3.902169376224927e-07,3.727664818237831,24,132,0.18181818181818182,28980,108,1623,27225
683,3,GO:0019865,,train,0.0015121721236356,0.0003427271207361,24.824289405684755,3,132,0.022727272727272728,28980,129,27,28821
683,4,GO:0005319,,train,0.0195051433358664,0.0053218181161279,20.15804195804196,2,132,0.015151515151515152,28980,130,22,28826
684,1,GO:0005524,,train,5.6054593507263504e-52,3.1970675091145093e-53,281.59754601227,52,54,0.9629629629629629,28980,2,2445,26481
684,2,GO:0032559,,train,1.1792235814679531e-51,6.763686828116858e-53,277.1342200725514,52,54,0.9629629629629629,28980,2,2481,26445
684,3,GO:0030554,,train,1.2781416223879628e-51,7.346028834183388e-53,276.646277665996,52,54,0.9629629629629629,28980,2,2485,26441
684,4,GO:0035639,,train,1.8622941184981127e-48,1.145624292950768e-49,236.23012552301256,52,54,0.9629629629629629,28980,2,2868,26058
684,5,GO:0032555,,train,5.61210110305627e-48,3.493486493832082e-49,230.59365404298876,52,54,0.9629629629629629,28980,2,2931,25995
684,6,GO:0017076,,train,6.227175324197344e-48,3.880013450088687e-49,230.0694586312564,52,54,0.9629629629629629,28980,2,2937,25989
684,7,GO:0032553,,train,1.0882927465600098e-46,6.965813197508925e-48,216.05857740585773,52,54,0.9629629629629629,28980,2,3107,25819
684,8,GO:0097367,,train,1.7397279048860725e-45,1.1420834387467231e-46,203.2215787869552,52,54,0.9629629629629629,28980,2,3281,25645
684,9,GO:0008134,,train,1.5867088621578276e-29,1.4399695506239421e-30,243.16631578947369,16,54,0.2962962962962963,28980,38,50,28876
684,10,GO:0003677,,train,1.9407823804300861e-13,2.5219880597556492e-14,10.411080626052254,25,54,0.46296296296296297,28980,29,2212,26714
685,1,GO:0008289,,train,4.2545380617052456e-35,3.480951696500206e-36,119.36666666666666,24,44,0.5454545454545454,28980,20,288,28648
685,2,GO:0005504,,train,4.6252829966294446e-12,6.290883485177524e-13,285.39473684210526,6,44,0.13636363636363635,28980,38,16,28920
685,3,GO:0033293,,train,7.118357128987606e-09,1.093704283959926e-09,43.9590235396687,7,44,0.1590909090909091,28980,37,124,28812
685,4,GO:0043178,,train,1.5375297073350394e-07,2.5190859340671048e-08,71.21301775147928,5,44,0.11363636363636363,28980,39,52,28884
685,5,GO:0031406,,train,4.186905649163954e-07,7.022943359730731e-08,23.40726933830382,7,44,0.1590909090909091,28980,37,232,28704
685,6,GO:0043177,,train,6.105990109767436e-07,1.0349257045175143e-07,22.06438145462536,7,44,0.1590909090909091,28980,37,246,28690
685,7,GO:0005496,,train,0.000131828355088,2.654176654423285e-05,60.42020905923345,3,44,0.06818181818181818,28980,41,35,28901
685,8,GO:0019840,,train,0.0055979375108623,0.0013734973641689,40.47899159663866,2,44,0.045454545454545456,28980,42,34,28902
686,1,GO:0016811,,train,2.7713926383004494e-83,8.589311923490276e-85,2691.75,42,44,0.9545454545454546,28980,2,224,28712
686,2,GO:0061783,,train,5.444218442221826e-70,2.162568534918943e-71,882.927927927928,34,44,0.7727272727272727,28980,10,111,28825
686,3,GO:0016810,,train,7.451926109954128e-67,3.1521754409508035e-68,1014.1890971039182,42,44,0.9545454545454546,28980,2,587,28349
686,4,GO:0008270,,train,1.4810060442297735e-14,1.871160051780477e-15,21.615746393524173,17,44,0.38636363636363635,28980,27,819,28117
686,5,GO:0005539,,train,1.0303904218352713e-12,1.3724654328397278e-13,176.40366172624238,7,44,0.1590909090909091,28980,37,31,28905
686,6,GO:0046914,,train,3.6817421302532677e-10,5.3861265484620256e-11,10.30857939424661,18,44,0.4090909090909091,28980,26,1821,27115
687,1,GO:0032559,,train,6.1576647039468364e-118,9.776647829449531e-120,628.8616625310174,115,117,0.9829059829059829,28980,2,2418,26445
687,2,GO:0030554,,train,7.3980877019235285e-118,1.1767764074594944e-119,627.7281172584641,115,117,0.9829059829059829,28980,2,2422,26441
687,3,GO:0005524,,train,4.7009280609138256e-116,7.752944014689291e-118,422.25765841376415,114,117,0.9743589743589743,28980,3,2383,26480
687,4,GO:0032555,,train,1.103096145893779e-109,2.0745458759229167e-111,521.1689330543933,115,117,0.9829059829059829,28980,2,2868,25995
687,5,GO:0017076,,train,1.3890322585948005e-109,2.624500708303736e-111,519.9608559498956,115,117,0.9829059829059829,28980,2,2874,25989
687,6,GO:0035639,,train,3.119022862786311e-108,6.075959234123961e-110,352.8745545260157,114,117,0.9743589743589743,28980,3,2806,26057
687,7,GO:0032553,,train,8.462479147057036e-107,1.6931403630781718e-108,487.7110709592641,115,117,0.9829059829059829,28980,2,3044,25819
687,8,GO:0097367,,train,4.1687695149093684e-104,8.890248723830506e-106,458.2310441267868,115,117,0.9829059829059829,28980,2,3218,25645
687,9,GO:0003677,,train,1.0316977456973233e-14,1.2968377498864028e-15,6.065741583257507,39,117,0.3333333333333333,28980,78,2198,26665
687,10,GO:0004386,,train,1.11916520901971e-09,1.6638144640053398e-10,28.21372549019608,9,117,0.07692307692307693,28980,108,85,28778
688,1,GO:0015288,,train,5.045727333583174e-134,5.9714498718915036e-136,6956.925925925926,52,70,0.7428571428571429,28980,18,12,28898
688,2,GO:0022829,,train,5.028853652148801e-132,6.275570951798312e-134,5564.962962962963,52,70,0.7428571428571429,28980,18,15,28895
688,3,GO:0015267,,train,3.6775319036859636e-78,1.248574706732294e-79,204.86677722498615,52,70,0.7428571428571429,28980,18,402,28508
688,4,GO:0022803,,train,3.6775319036859636e-78,1.248574706732294e-79,204.86677722498615,52,70,0.7428571428571429,28980,18,402,28508
688,5,GO:0022857,,train,2.585103454829342e-68,1.0647260911884627e-69,121.7810650887574,55,70,0.7857142857142857,28980,15,845,28065
688,6,GO:0005215,,train,1.1362319635413372e-63,5.139122218436958e-65,98.65315315315316,55,70,0.7857142857142857,28980,15,1036,27874
688,7,GO:1904680,,train,0.0297053616221385,0.0084250904070523,15.43048128342246,2,70,0.02857142857142857,28980,68,55,28855
688,8,GO:0042887,,train,0.030585912423202,0.008712464844691,15.154411764705882,2,70,0.02857142857142857,28980,68,56,28854
689,1,GO:0008233,,train,1.1130802792072367e-20,1.2057799081666114e-21,45.431587177482406,21,31,0.6774193548387096,28980,10,1279,27670
689,2,GO:0140096,,train,1.20662606578199e-17,1.3997244106092161e-18,30.50982751704773,23,31,0.7419354838709677,28980,8,2493,26456
689,3,GO:0008237,,train,3.8259451196065493e-14,4.878676833244664e-15,57.559306569343065,11,31,0.3548387096774194,28980,20,274,28675
689,4,GO:0070011,,train,5.5619148745176185e-11,7.882515793103155e-12,18.749830966869503,14,31,0.45161290322580644,28980,17,1218,27731
689,5,GO:0004177,,train,0.0010236583019525,0.0002273296888157,28.61210317460317,3,31,0.0967741935483871,28980,28,108,28841
689,6,GO:0008238,,train,0.0075926146547373,0.0019056602033509,13.49671052631579,3,31,0.0967741935483871,28980,28,228,28721
689,7,GO:0004222,,train,0.0336083599112704,0.009696479970885,14.50390133400453,2,31,0.06451612903225806,28980,29,137,28812
690,1,GO:0016788,,train,4.99879519734249e-41,3.5905456905656e-42,66.15124020503153,41,52,0.7884615384615384,28980,11,1543,27385
690,2,GO:0016298,,train,5.822231313515846e-13,7.678379873289492e-14,51.94083694083694,10,52,0.19230769230769232,28980,42,132,28796
690,3,GO:0042578,,train,8.846290763718942e-13,1.1746854155883049e-13,22.1636808723712,14,52,0.2692307692307692,28980,38,473,28455
690,4,GO:0052689,,train,2.596734642127352e-11,3.632248854954479e-12,27.450174216027875,11,52,0.21153846153846154,28980,41,280,28648
690,5,GO:0004620,,train,2.489407948952262e-07,4.1231252141008554e-08,36.8618925831202,6,52,0.11538461538461539,28980,46,102,28826
690,6,GO:0016791,,train,1.475767070270969e-06,2.5575293633661577e-07,14.675911658962509,8,52,0.15384615384615385,28980,44,354,28574
690,7,GO:0008081,,train,9.253496945310834e-06,1.6949971116099434e-06,28.92613408269771,5,52,0.09615384615384616,28980,47,106,28822
690,8,GO:0004112,,train,0.0118973417817517,0.0031073819997685,26.258181818181814,2,52,0.038461538461538464,28980,50,44,28884
690,9,GO:0004721,,train,0.0155738983615455,0.0041652661933066,9.945001729505362,3,52,0.057692307692307696,28980,49,177,28751
691,1,GO:0003723,,train,0.001613643320626,0.0003669541288929,6.477134146341464,7,25,0.28,28980,18,1640,27315
692,1,GO:0022857,,train,7.402856453342287e-44,4.9985599569247354e-45,18.730876290476026,57,158,0.36075949367088606,28980,101,843,27979
692,2,GO:0005215,,train,1.8162786260257798e-40,1.317369973354375e-41,15.60272991287512,58,158,0.3670886075949367,28980,100,1033,27789
692,3,GO:0015075,,train,1.309834535439999e-26,1.2573828317183342e-27,15.33883799421408,36,158,0.22784810126582278,28980,122,544,28278
692,4,GO:0022884,,train,1.2430858121751988e-23,1.2708701656535264e-24,125.8653846153846,15,158,0.0949367088607595,28980,143,24,28798
692,5,GO:0022804,,train,7.849353744331775e-23,8.128267125468794e-24,27.262114628595075,23,158,0.14556962025316456,28980,135,179,28643
692,6,GO:0015318,,train,1.675548610302705e-22,1.7444121513360324e-23,13.635733863437848,32,158,0.20253164556962025,28980,126,527,28295
692,7,GO:0008324,,train,2.2084134024174884e-21,2.3509313367856443e-22,16.67006419153366,27,158,0.17088607594936708,28980,131,352,28470
692,8,GO:0015077,,train,5.509764279387889e-21,5.925050434904339e-22,20.22464751342104,24,158,0.1518987341772152,28980,134,253,28569
692,9,GO:0015078,,train,5.6225760464934406e-21,6.052953385143216e-22,27.287527768962235,21,158,0.13291139240506328,28980,137,161,28661
692,10,GO:0008320,,train,1.756203545429905e-20,1.910695130716427e-21,122.959934318555,13,158,0.08227848101265822,28980,145,21,28801
693,1,GO:0016620,,train,2.2899689824579437e-200,9.391442058297801e-203,26122.39175257732,88,89,0.9887640449438202,28980,1,97,28794
693,2,GO:0016903,,train,9.41958767578383e-192,4.470144428265461e-194,19172.666666666668,88,89,0.9887640449438202,28980,1,132,28759
693,3,GO:0050661,,train,0.0001783971979799,3.640375197376848e-05,8.448561060005064,7,89,0.07865168539325842,28980,82,289,28602
693,4,GO:0051287,,train,0.0003556579471749,7.496144740087975e-05,7.503264540337711,7,89,0.07865168539325842,28980,82,325,28566
693,5,GO:0016646,,train,0.0011230379572515,0.0002504193376863,14.264272445820431,4,89,0.0449438202247191,28980,85,95,28796
693,6,GO:0016645,,train,0.0029891641323481,0.0007029618787383,10.743230625583566,4,89,0.0449438202247191,28980,85,126,28765
694,1,GO:0016817,,train,5.557230358102465e-64,2.495601294481378e-65,358.93238822246457,47,51,0.9215686274509803,28980,4,917,28012
694,2,GO:0016818,,train,8.884220678650718e-62,4.1796462518420057e-63,284.2363836824697,46,51,0.9019607843137255,28980,5,907,28022
694,3,GO:0016462,,train,3.305622637510198e-51,1.913440059677228e-52,129.9213559322034,41,51,0.803921568627451,28980,10,885,28044
694,4,GO:0000287,,train,1.270954240277414e-38,9.572087036802389e-40,73.85458996328029,32,51,0.6274509803921569,28980,19,645,28284
694,5,GO:0047429,,train,2.643502694974851e-05,4.999141318995098e-06,40.94893617021277,4,51,0.0784313725490196,28980,47,60,28869
694,6,GO:0030145,,train,0.0004711051587451,0.0001005287024102,18.42649176131819,4,51,0.0784313725490196,28980,47,133,28796
694,7,GO:0046914,,train,0.0477855339821239,0.0143579172761122,2.7534070847039995,8,51,0.1568627450980392,28980,43,1831,27098
695,1,GO:0015035,,train,3.8040490794722016e-244,7.911869368794162e-247,2097.3120567375886,113,160,0.70625,28980,47,33,28787
695,2,GO:0015036,,train,3.5084601768603337e-243,7.502639157243005e-246,1098.3057644110277,122,160,0.7625,28980,38,84,28736
695,3,GO:0016667,,train,2.1645230622745883e-216,6.784543681734803e-219,522.5131578947369,122,160,0.7625,28980,38,176,28644
695,4,GO:0009055,,train,1.897218151168223e-42,1.3216113787028837e-43,22.05404561074664,50,160,0.3125,28980,110,582,28238
695,5,GO:0016668,,train,1.2879562093462718e-26,1.2348714512670556e-27,65.20861678004535,20,160,0.125,28980,140,63,28757
695,6,GO:0016651,,train,8.433654223132013e-15,1.0583758002137725e-15,13.813559322033898,20,160,0.125,28980,140,295,28525
695,7,GO:0016209,,train,0.0002164048931123,4.4539964818442846e-05,5.240883977900553,10,160,0.0625,28980,150,362,28458
696,1,GO:0090729,,train,6.149735053042923e-06,1.111156979440746e-06,14.965247222015064,7,60,0.11666666666666667,28980,53,253,28667
697,1,GO:0005198,,train,8.732688366534458e-64,3.942078323470018e-65,117.56409872849665,57,67,0.8507462686567164,28980,10,1337,27576
698,1,GO:0016831,,train,2.858720550439546e-22,2.9946347623903146e-23,667.6279069767442,12,14,0.8571428571428571,28980,2,258,28708
698,2,GO:0016830,,train,1.67159299004961e-19,1.860753247850871e-20,383.6771300448431,12,14,0.8571428571428571,28980,2,446,28520
698,3,GO:0016829,,train,5.511487935782435e-19,6.210071895400083e-20,inf,14,14,1.0,28980,0,1223,27743
698,4,GO:0016860,,train,0.0166898588818032,0.004490621725089,23.04326923076923,2,14,0.14285714285714285,28980,12,208,28758
698,5,GO:0016853,,train,0.0281884914897317,0.0079560627912108,8.714551659944151,3,14,0.21428571428571427,28980,11,879,28087
698,6,GO:0016836,,train,0.0444038851303793,0.0132299825895974,13.02367941712204,2,14,0.14285714285714285,28980,12,366,28600
699,1,GO:0032561,,train,1.6634601443834626e-32,1.430194663785764e-33,101.5305122494432,24,39,0.6153846153846154,28980,15,449,28492
699,2,GO:0019001,,train,1.840422876906501e-32,1.5850377180493643e-33,101.07317073170732,24,39,0.6153846153846154,28980,15,451,28490
699,3,GO:0032555,,train,5.524852429530032e-23,5.7017474028866934e-24,34.11496443089431,31,39,0.7948717948717948,28980,8,2952,25989
699,4,GO:0017076,,train,5.866333763316772e-23,6.0593177049696634e-24,34.03790567951319,31,39,0.7948717948717948,28980,8,2958,25983
699,5,GO:0032553,,train,3.079032458271638e-22,3.227225044876797e-23,31.977421675191817,31,39,0.7948717948717948,28980,8,3128,25813
699,6,GO:0097367,,train,1.5334516455688773e-21,1.6270210798401951e-22,30.08816626287099,31,39,0.7948717948717948,28980,8,3302,25639
699,7,GO:0005525,,train,6.98653290512754e-17,8.262188633447543e-18,41.63697429906542,15,39,0.38461538461538464,28980,24,428,28513
699,8,GO:0032550,,train,7.463890490171019e-17,8.835451700729733e-18,41.440406976744185,15,39,0.38461538461538464,28980,24,430,28511
699,9,GO:0001883,,train,8.512838871938979e-17,1.0094610467706298e-17,41.052707373271886,15,39,0.38461538461538464,28980,24,434,28507
699,10,GO:0032549,,train,9.081566728027502e-17,1.07849756907237e-17,40.8615252293578,15,39,0.38461538461538464,28980,24,436,28505
700,1,GO:0035091,,train,1.3508293828616784e-05,2.5016677969509717e-06,49.36239316239316,4,43,0.09302325581395349,28980,39,60,28877
700,2,GO:0005543,,train,0.0001281092765944,2.5766713334432146e-05,26.635250635250635,4,43,0.09302325581395349,28980,39,111,28826
700,3,GO:0008289,,train,0.0004529245839427,9.6417463500365e-05,12.27070118292474,5,43,0.11627906976744186,28980,38,307,28630
700,4,GO:0001664,,train,0.005094720268587,0.0012403614890654,42.72579453067258,2,43,0.046511627906976744,28980,41,33,28904
701,1,GO:0051082,,train,1.0227755922285078e-55,5.368995111677904e-57,856.8424657534247,26,38,0.6842105263157895,28980,12,73,28869
701,2,GO:0005524,,train,3.691422510911959e-40,2.690411930500324e-41,inf,38,38,1.0,28980,0,2459,26483
701,3,GO:0032559,,train,6.349574955982209e-40,4.653788130142508e-41,inf,38,38,1.0,28980,0,2495,26447
701,4,GO:0030554,,train,6.734159060329873e-40,4.943551748890253e-41,inf,38,38,1.0,28980,0,2499,26443
701,5,GO:0035639,,train,1.387161959061118e-37,1.072361487524472e-38,inf,38,38,1.0,28980,0,2882,26060
701,6,GO:0032555,,train,3.115401122762476e-37,2.425736351847749e-38,inf,38,38,1.0,28980,0,2945,25997
701,7,GO:0017076,,train,3.3604110722977507e-37,2.619460955381057e-38,inf,38,38,1.0,28980,0,2951,25991
701,8,GO:0032553,,train,2.725656217307856e-36,2.1709755558075e-37,inf,38,38,1.0,28980,0,3121,25821
701,9,GO:0097367,,train,2.0720569281174072e-35,1.684984044425088e-36,inf,38,38,1.0,28980,0,3295,25647
701,10,GO:0042802,,train,0.0001312940595579,2.6418809359442785e-05,9.4275027397913,7,38,0.18421052631578946,28980,31,677,28265
702,1,GO:0015078,,train,2.1868076470332197e-12,2.946748447828694e-13,14.512618896639188,16,206,0.07766990291262135,28980,190,166,28608
702,2,GO:0015252,,train,2.4473200501477436e-10,3.553507193559513e-11,21.023443223443223,11,206,0.05339805825242718,28980,195,77,28697
702,3,GO:0015077,,train,1.15494713374021e-09,1.7176865565219694e-10,9.199596692881627,16,206,0.07766990291262135,28980,190,261,28513
702,4,GO:0015075,,train,1.4030345523820006e-09,2.095283753125184e-10,6.045971637836995,22,206,0.10679611650485436,28980,184,558,28216
702,5,GO:0008092,,train,2.48542263729979e-09,3.7408388289674906e-10,7.410951359499101,18,206,0.08737864077669903,28980,188,367,28407
702,6,GO:0015318,,train,4.314994300343417e-09,6.572918054247814e-10,5.957560534512208,21,206,0.10194174757281553,28980,185,538,28236
702,7,GO:0017056,,train,7.362953739021457e-09,1.1317168546927256e-09,45.97167656464139,7,206,0.03398058252427184,28980,199,22,28752
702,8,GO:0022890,,train,5.104973586492841e-08,8.148636691214663e-09,6.918892607240645,16,206,0.07766990291262135,28980,190,346,28428
702,9,GO:0046933,,train,5.64818235475874e-08,9.032260443105124e-09,17.481624365482233,9,206,0.043689320388349516,28980,197,75,28699
702,10,GO:0005216,,train,7.705645101149866e-08,1.2410474489885453e-08,6.703110717971399,16,206,0.07766990291262135,28980,190,357,28417
703,1,GO:0003677,,train,1.893586781072884e-42,1.3185270464921477e-43,131.0137876025524,43,47,0.9148936170212766,28980,4,2194,26739
703,2,GO:0003887,,train,1.1519342280046512e-35,9.296595477496014e-37,288.0435924369748,19,47,0.40425531914893614,28980,28,68,28865
703,3,GO:0034061,,train,1.027243376183401e-33,8.609260624134255e-35,219.9181380417336,19,47,0.40425531914893614,28980,28,89,28844
703,4,GO:0008408,,train,2.0033370724554186e-30,1.7887252531986155e-31,218.03822222222223,17,47,0.3617021276595745,28980,30,75,28858
703,5,GO:0030234,,train,2.4833065429610663e-27,2.3453086956986488e-28,56.56751383125864,23,47,0.48936170212765956,28980,24,482,28451
703,6,GO:0004527,,train,3.015044739245977e-26,2.9163891756716217e-27,116.54309523809523,17,47,0.3617021276595745,28980,30,140,28793
703,7,GO:0098772,,train,2.8958941559008138e-22,3.034424054737444e-23,32.77336780210868,23,47,0.48936170212765956,28980,24,822,28111
703,8,GO:0016779,,train,6.375549692857062e-21,6.871033576477467e-22,41.00530785562633,19,47,0.40425531914893614,28980,28,471,28462
703,9,GO:0140097,,train,2.1568950847260595e-20,2.3510579752953298e-21,38.27600623582767,19,47,0.40425531914893614,28980,28,504,28429
703,10,GO:0004518,,train,1.0982432341522046e-15,1.3444527859864851e-16,25.011128445137807,17,47,0.3617021276595745,28980,30,641,28292
704,1,GO:0016763,,train,6.815460374367647e-21,7.353118481060447e-22,249.03030303030303,12,19,0.631578947368421,28980,7,198,28763
704,2,GO:0016757,,train,2.8747494589116696e-19,3.2211139468427616e-20,149.40056360708536,13,19,0.6842105263157895,28980,6,414,28547
704,3,GO:0032559,,train,6.496888868453136e-14,8.33593263726301e-15,56.03284333200901,16,19,0.8421052631578947,28980,3,2517,26444
704,4,GO:0030554,,train,6.659152795299853e-14,8.54607856466844e-15,55.93547534047336,16,19,0.8421052631578947,28980,3,2521,26440
704,5,GO:0032555,,train,8.261613935596944e-13,1.0951109663583845e-13,46.72553645657791,16,19,0.8421052631578947,28980,3,2967,25994
704,6,GO:0017076,,train,8.522347184929863e-13,1.1302511925689941e-13,46.620473147213815,16,19,0.8421052631578947,28980,3,2973,25988
704,7,GO:0032553,,train,2.004556412387941e-12,2.6947035112775763e-13,43.81037225580656,16,19,0.8421052631578947,28980,3,3143,25818
704,8,GO:0005524,,train,2.1246005550673104e-12,2.857944678462984e-13,40.00654713940371,15,19,0.7894736842105263,28980,4,2482,26479
704,9,GO:0097367,,train,4.594549840775354e-12,6.247737165210532e-13,41.23243895085921,16,19,0.8421052631578947,28980,3,3317,25644
704,10,GO:0035639,,train,2.0329758531320992e-11,2.8323617065050425e-12,33.63511187607573,15,19,0.7894736842105263,28980,4,2905,26056
705,1,GO:0015288,,train,2.2607518615348808e-155,1.860946401532945e-157,21397.20779220779,57,68,0.8382352941176471,28980,11,7,28905
705,2,GO:0022829,,train,8.765441186695875e-153,7.4207238566807484e-155,14976.49090909091,57,68,0.8382352941176471,28980,11,10,28902
705,3,GO:0015267,,train,1.7109521834641758e-91,4.601031445118532e-93,372.1902908174948,57,68,0.8382352941176471,28980,11,397,28515
705,4,GO:0022803,,train,1.7109521834641758e-91,4.601031445118532e-93,372.1902908174948,57,68,0.8382352941176471,28980,11,397,28515
705,5,GO:0022857,,train,5.869113676450881e-74,2.1680148653966547e-75,172.53671950824975,57,68,0.8382352941176471,28980,11,843,28069
705,6,GO:0005215,,train,3.9974159378408897e-69,1.6159691813048683e-70,139.70863372604185,57,68,0.8382352941176471,28980,11,1034,27878
705,7,GO:1904680,,train,0.0282188619450136,0.0079671146095451,15.899173553719008,2,68,0.029411764705882353,28980,66,55,28857
705,8,GO:0042887,,train,0.0291222747310677,0.0082392398087896,15.614718614718615,2,68,0.029411764705882353,28980,66,56,28856
706,1,GO:0003723,,train,1.6625374026696865e-102,3.6721246788321867e-104,60.58093822612045,106,137,0.7737226277372263,28980,31,1541,27302
706,2,GO:0003729,,train,8.668224875189139e-13,1.1500246201989516e-13,29.36068085106383,12,137,0.08759124087591241,28980,125,94,28749
706,3,GO:0042393,,train,0.0192948513231959,0.0052593547049341,20.332980599647268,2,137,0.014598540145985401,28980,135,21,28822
708,1,GO:0004896,,train,6.983556164019554e-75,2.5080820977496476e-76,1991.3022222222223,31,56,0.5535714285714286,28980,25,18,28906
708,2,GO:0140375,,train,4.570382544218623e-74,1.6802384781891702e-75,1792.048,31,56,0.5535714285714286,28980,25,20,28904
708,3,GO:0004888,,train,1.254371430975247e-44,8.348513024506433e-46,99.78388123011663,33,56,0.5892857142857143,28980,23,410,28514
708,4,GO:0038023,,train,1.4745816028189286e-42,1.0233130670762053e-43,75.71161048689139,35,56,0.625,28980,21,623,28301
708,5,GO:0060089,,train,4.003670506653504e-42,2.8065686857139864e-43,73.42159916926272,35,56,0.625,28980,21,642,28282
708,6,GO:0004725,,train,0.0049749148285721,0.0012085704272006,15.535849056603771,3,56,0.05357142857142857,28980,53,105,28819
708,7,GO:0016775,,train,0.0125434838636139,0.0032934131842157,25.469135802469136,2,56,0.03571428571428571,28980,54,42,28882
708,8,GO:0004721,,train,0.0188616640026792,0.0051307792696745,9.193156379916854,3,56,0.05357142857142857,28980,53,177,28747
709,1,GO:0016830,,train,1.4220526872537562e-74,5.1571644456752204e-76,227.6842705786471,49,64,0.765625,28980,15,409,28507
709,2,GO:0016829,,train,7.665963115163394e-57,3.9433550781342586e-58,91.72590478661304,51,64,0.796875,28980,13,1186,27730
709,3,GO:0016831,,train,2.937829725872645e-49,1.7797205006604653e-50,128.81543487137608,33,64,0.515625,28980,31,237,28679
709,4,GO:0000287,,train,6.246564515832752e-25,6.201367180524708e-26,29.706928611852213,26,64,0.40625,28980,38,651,28265
709,5,GO:0016832,,train,1.555929367533308e-24,1.559712422210206e-25,105.58608058608058,16,64,0.25,28980,48,91,28825
709,6,GO:0004497,,train,1.083307448249054e-12,1.4442195263149793e-13,24.646263910969797,13,64,0.203125,28980,51,296,28620
709,7,GO:0008168,,train,0.0013562627825856,0.0003056031087573,6.010332394024785,7,64,0.109375,28980,57,579,28337
709,8,GO:0016741,,train,0.0036184320711609,0.0008621825721892,5.016249016172849,7,64,0.109375,28980,57,691,28225
709,9,GO:0016860,,train,0.0049860337789184,0.001211855823994,9.29126213592233,4,64,0.0625,28980,60,206,28710
709,10,GO:0016853,,train,0.012398674171092,0.0032517599629078,3.935578947368421,7,64,0.109375,28980,57,875,28041
710,1,GO:0019888,,train,3.049579025128537e-70,1.205109442803526e-71,8931.172839506173,25,34,0.7352941176470589,28980,9,9,28937
710,2,GO:0042562,,train,3.049579025128537e-70,1.205109442803526e-71,8931.172839506173,25,34,0.7352941176470589,28980,9,9,28937
710,3,GO:0019840,,train,3.415118033977192e-69,1.3795728297315369e-70,7306.818181818182,25,34,0.7352941176470589,28980,9,11,28935
710,4,GO:0019208,,train,3.0127862331231503e-68,1.2426408343549215e-69,6182.264957264957,25,34,0.7352941176470589,28980,9,13,28933
710,5,GO:0043178,,train,4.84013603156844e-62,2.265734358158704e-63,2509.895833333333,25,34,0.7352941176470589,28980,9,32,28914
710,6,GO:0033293,,train,1.8445173560193292e-51,1.0633653093845505e-52,755.7651991614256,25,34,0.7352941176470589,28980,9,106,28840
710,7,GO:0031406,,train,1.6418064026524934e-44,1.0941528447240305e-45,372.9491173416407,25,34,0.7352941176470589,28980,9,214,28732
710,8,GO:0043177,,train,7.217534406831498e-44,4.871312439095342e-45,349.87816764132555,25,34,0.7352941176470589,28980,9,228,28718
710,9,GO:0004857,,train,4.697974528578322e-43,3.234097941283375e-44,322.7507872244714,25,34,0.7352941176470589,28980,9,247,28699
710,10,GO:0030234,,train,4.751229806262823e-43,3.272150825943667e-44,278.5227113906359,28,34,0.8235294117647058,28980,6,477,28469
711,1,GO:0004888,,train,1.0526756491200149e-11,1.45210464648509e-12,17.538637463165767,14,67,0.208955223880597,28980,53,429,28484
711,2,GO:0038023,,train,1.5119087003013483e-10,2.1785976789941507e-11,12.682438090680703,15,67,0.22388059701492538,28980,52,643,28270
711,3,GO:0060089,,train,2.239129647350148e-10,3.246826538472401e-11,12.31016151522194,15,67,0.22388059701492538,28980,52,662,28251
711,4,GO:0004714,,train,7.1302521014456e-05,1.4023643732344891e-05,31.05084745762712,4,67,0.05970149253731343,28980,63,59,28854
711,5,GO:0019199,,train,0.000213022838149,4.380019629634584e-05,22.883333333333333,4,67,0.05970149253731343,28980,63,80,28833
711,6,GO:0004713,,train,0.0013981270238113,0.0003158144383106,13.434640522875815,4,67,0.05970149253731343,28980,63,136,28777
711,7,GO:0005507,,train,0.0022623659078033,0.0005232926504383,11.704110704110704,4,67,0.05970149253731343,28980,63,156,28757
711,8,GO:0003725,,train,0.0114701780580471,0.0029823739767181,26.92773892773893,2,67,0.029850746268656716,28980,65,33,28880
711,9,GO:0050839,,train,0.021804554361944,0.0060047636159192,18.503205128205128,2,67,0.029850746268656716,28980,65,48,28865
711,10,GO:0030247,,train,0.030949789643299,0.0088251824234078,15.047718383311604,2,67,0.029850746268656716,28980,65,59,28854
712,1,GO:0016896,,train,1.5144957597723494e-43,1.0301605747990142e-44,698.0917874396135,20,56,0.35714285714285715,28980,36,23,28901
712,2,GO:0004532,,train,4.920311817688192e-43,3.3914795403873553e-44,642.2,20,56,0.35714285714285715,28980,36,25,28899
712,3,GO:0016796,,train,1.6280189871087927e-41,1.158408213869777e-42,385.0533333333333,21,56,0.375,28980,35,45,28879
712,4,GO:0004527,,train,3.2894551185252333e-39,2.4446634548139892e-40,162.35526315789474,24,56,0.42857142857142855,28980,32,133,28791
712,5,GO:0004518,,train,6.619966097214587e-39,4.952805874062178e-40,64.96466086956522,33,56,0.5892857142857143,28980,23,625,28299
712,6,GO:0008408,,train,4.709051282010978e-38,3.612797055273384e-39,243.8281690140845,21,56,0.375,28980,35,71,28853
712,7,GO:0004540,,train,4.930729913694063e-32,4.279741258539271e-33,86.5720844811754,23,56,0.4107142857142857,28980,33,231,28693
712,8,GO:0016788,,train,1.5446687133698068e-26,1.4864331146321632e-27,25.321924144310824,33,56,0.5892857142857143,28980,23,1551,27373
712,9,GO:0140098,,train,8.85639782959466e-19,1.0037614085215964e-19,20.590413106780584,23,56,0.4107142857142857,28980,33,947,27977
712,10,GO:0004519,,train,1.0954250701846687e-07,1.7793397235181732e-08,13.693728357060408,10,56,0.17857142857142858,28980,46,452,28472
713,1,GO:0016798,,train,1.6511558589544703e-36,1.3093355919353635e-37,67.71715433161216,34,46,0.7391304347826086,28980,12,1162,27772
713,2,GO:0004553,,train,3.626128704268793e-32,3.1431335020451e-33,55.05181007345226,30,46,0.6521739130434783,28980,16,953,27981
713,3,GO:0015929,,train,2.4728594845082742e-08,3.8863670311939805e-09,106.80339985218032,5,46,0.10869565217391304,28980,41,33,28901
713,4,GO:0016758,,train,0.0004142974872276,8.786694224824258e-05,19.174825174825173,4,46,0.08695652173913043,28980,42,143,28791
713,5,GO:0016757,,train,0.0024360913465756,0.0005656881420249,8.239509883250491,5,46,0.10869565217391304,28980,41,422,28512
713,6,GO:0005509,,train,0.0127707820632065,0.0033575817739484,5.434799308623007,5,46,0.10869565217391304,28980,41,635,28299
714,1,GO:0005215,,train,2.6870481560937723e-13,3.5027577978783394e-14,18.377754500310367,17,41,0.4146341463414634,28980,24,1074,27865
714,2,GO:0022857,,train,2.11712394332208e-06,3.714285173435258e-07,10.166364624864082,10,41,0.24390243902439024,28980,31,890,28049
714,3,GO:0060089,,train,2.1878623252314453e-05,4.115901178380157e-06,10.244145490782262,8,41,0.1951219512195122,28980,33,669,28270
714,4,GO:0005319,,train,0.0022826319447011,0.0005284483188028,67.4055944055944,2,41,0.04878048780487805,28980,39,22,28917
714,5,GO:0022884,,train,0.0056963146318768,0.0013998413289631,40.05821205821206,2,41,0.04878048780487805,28980,39,37,28902
715,1,GO:0008092,,train,3.3667396794816883e-09,5.096906776682593e-10,20.582342342342343,10,47,0.2127659574468085,28980,37,375,28558
715,2,GO:0003779,,train,2.3671397353917432e-08,3.7160564320134603e-09,26.17253561253561,8,47,0.1702127659574468,28980,39,225,28708
715,3,GO:0030674,,train,7.308353068566004e-08,1.1751340186120276e-08,83.89082462253194,5,47,0.10638297872340426,28980,42,41,28892
715,4,GO:0017137,,train,3.765827795631517e-07,6.298994262253848e-08,134.47906976744187,4,47,0.0851063829787234,28980,43,20,28913
715,5,GO:0060090,,train,3.822355081145114e-07,6.395785283856488e-08,58.26069410815173,5,47,0.10638297872340426,28980,42,59,28874
715,6,GO:0019899,,train,5.1842255011647415e-06,9.326047632379144e-07,15.647734375,7,47,0.14893617021276595,28980,40,320,28613
715,7,GO:0005088,,train,8.50749896794569e-06,1.5523687222466443e-06,55.97868217054263,4,47,0.0851063829787234,28980,43,48,28885
715,8,GO:0005085,,train,1.2924160503253668e-05,2.3900818835000267e-06,27.00224971878515,5,47,0.10638297872340426,28980,42,127,28806
715,9,GO:0051020,,train,5.017210331730734e-05,9.736947724672968e-06,20.02367028682818,5,47,0.10638297872340426,28980,42,171,28762
715,10,GO:0017016,,train,8.059146038244847e-05,1.594736839451151e-05,30.14789652469297,4,47,0.0851063829787234,28980,43,89,28844
716,1,GO:0090729,,train,2.431184754770453e-13,3.165660788866819e-14,34.693548387096776,12,52,0.23076923076923078,28980,40,248,28680
716,2,GO:0005102,,train,2.9744216178802553e-09,4.492520684826024e-10,17.133435415071638,11,52,0.21153846153846154,28980,41,446,28482
716,3,GO:0017056,,train,1.1342337800728472e-08,1.7546616845547959e-09,128.12056737588654,5,52,0.09615384615384616,28980,47,24,28904
716,4,GO:0008320,,train,0.0001547112181836,3.1348316963312014e-05,57.07109940750494,3,52,0.057692307692307696,28980,49,31,28897
716,5,GO:0140318,,train,0.000182731385064,3.730959820418345e-05,53.608534322820034,3,52,0.057692307692307696,28980,49,33,28895
716,6,GO:0022884,,train,0.0002304580764089,4.757412966732709e-05,49.13605442176871,3,52,0.057692307692307696,28980,49,36,28892
716,7,GO:1904680,,train,0.0006866378562054,0.0001488851806436,32.73696145124717,3,52,0.057692307692307696,28980,49,54,28874
716,8,GO:0042887,,train,0.0007207411001489,0.0001568076910919,32.14063079777365,3,52,0.057692307692307696,28980,49,55,28873
716,9,GO:0005198,,train,0.0401937583451708,0.0118319441547476,3.0887927581510857,7,52,0.1346153846153846,28980,45,1387,27541
717,1,GO:0016829,,train,2.2115948989505103e-20,2.411329704981047e-21,50.64183328768374,20,29,0.6896551724137931,28980,9,1217,27734
717,2,GO:0016835,,train,9.62586415740876e-08,1.558489357529901e-08,23.235648006525956,8,29,0.27586206896551724,28980,21,467,28484
717,3,GO:0016831,,train,3.498636660810329e-05,6.689399034803591e-06,22.55188679245283,5,29,0.1724137931034483,28980,24,265,28686
717,4,GO:0016638,,train,0.0002103057875886,4.3216893691129e-05,51.27692307692308,3,29,0.10344827586206896,28980,26,65,28886
717,5,GO:0016830,,train,0.0003958811880245,8.375234906153309e-05,13.106144223693892,5,29,0.1724137931034483,28980,24,453,28498
717,6,GO:0016836,,train,0.0020564794981216,0.0004726421583319,12.565714285714286,4,29,0.13793103448275862,28980,25,364,28587
717,7,GO:0030145,,train,0.0292604447693475,0.0082851878940889,15.81124828532236,2,29,0.06896551724137931,28980,27,135,28816
718,1,GO:0005509,,train,5.527205654639669e-23,5.705795098265868e-24,inf,14,14,1.0,28980,0,626,28340
718,2,GO:0042803,,train,1.5990877033281002e-09,2.391815863489258e-10,114.8058510638298,6,14,0.42857142857142855,28980,8,188,28778
718,3,GO:0042802,,train,7.313075909901023e-08,1.176107646991728e-08,41.78581979320532,7,14,0.5,28980,7,677,28289
718,4,GO:0046983,,train,1.4071004799091714e-07,2.2996202294909537e-08,52.23658536585366,6,14,0.42857142857142855,28980,8,410,28556
718,5,GO:0046914,,train,3.104241567722165e-06,5.506102672337262e-07,19.7596941561988,8,14,0.5714285714285714,28980,6,1831,27135
718,6,GO:0005496,,train,0.000695205198141,0.0001508442395805,133.9351851851852,2,14,0.14285714285714285,28980,12,36,28930
718,7,GO:0008289,,train,0.0018006958129329,0.0004119704220935,25.293027360988525,3,14,0.21428571428571427,28980,11,309,28657
718,8,GO:0008270,,train,0.0023563366365198,0.0005462018280687,13.52596153846154,4,14,0.2857142857142857,28980,10,832,28134
718,9,GO:0005507,,train,0.0102594737373087,0.0026390262438793,30.38818565400844,2,14,0.14285714285714285,28980,12,158,28808
719,1,GO:0004601,,train,5.628448229733698e-16,6.829256398499276e-17,61.83225806451613,12,42,0.2857142857142857,28980,30,186,28752
719,2,GO:0016684,,train,1.8860406104927e-15,2.3193597805455533e-16,55.518840579710144,12,42,0.2857142857142857,28980,30,207,28731
719,3,GO:0016209,,train,9.854136087725804e-13,1.3119131880586137e-13,31.75333333333333,12,42,0.2857142857142857,28980,30,360,28578
719,4,GO:0052689,,train,2.0392123029317832e-09,3.059684628296744e-10,27.713733075435204,9,42,0.21428571428571427,28980,33,282,28656
719,5,GO:0016788,,train,5.7316891170695e-05,1.1165519122509936e-05,6.173020527859237,11,42,0.2619047619047619,28980,31,1573,27365
719,6,GO:0016701,,train,0.0020813747128973,0.0004787460598667,21.74660633484163,3,42,0.07142857142857142,28980,39,102,28836
719,7,GO:0042803,,train,0.0108259401783806,0.0027983763451565,11.577527184857027,3,42,0.07142857142857142,28980,39,191,28747
719,8,GO:0016702,,train,0.0233591070426102,0.006478034577508,17.812962962962963,2,42,0.047619047619047616,28980,40,81,28857
719,9,GO:0016832,,train,0.0362896666182848,0.0105614974324826,13.73,2,42,0.047619047619047616,28980,40,105,28833
720,1,GO:0016813,,train,1.132844725484437e-19,1.2567252469196364e-20,1483.5384615384614,8,12,0.6666666666666666,28980,4,39,28929
720,2,GO:0016810,,train,4.615373664072851e-17,5.4364523839930084e-18,504.6116504854369,11,12,0.9166666666666666,28980,1,618,28350
720,3,GO:0016811,,train,0.0007267284293421,0.000158216764416,36.38149556400507,3,12,0.25,28980,9,263,28705
721,1,GO:0016818,,train,7.610257605478692e-75,2.735385675930033e-76,343.25389755011133,55,60,0.9166666666666666,28980,5,898,28022
721,2,GO:0016817,,train,1.4404263930163634e-74,5.2280174032494774e-76,338.96699669966995,55,60,0.9166666666666666,28980,5,909,28011
721,3,GO:0047429,,train,1.565312529956955e-65,6.836807517256408e-67,849.5882352941177,30,60,0.5,28980,30,34,28886
721,4,GO:0016462,,train,2.268372469891844e-44,1.5137101931668336e-45,63.28216704288939,40,60,0.6666666666666666,28980,20,886,28034
721,5,GO:0017111,,train,3.061252991539164e-06,5.426265299177866e-07,8.174274625762337,11,60,0.18333333333333332,28980,49,773,28147
722,1,GO:0008324,,train,1.4586197870125414e-41,1.0361639814586558e-42,102.3531518624642,30,54,0.5555555555555556,28980,24,349,28577
722,2,GO:0015075,,train,9.068976662651612e-38,6.986966816877214e-39,69.6671418389166,31,54,0.5740740740740741,28980,23,549,28377
722,3,GO:0022857,,train,6.892691384298577e-32,5.9907476747265074e-33,43.51663581327863,31,54,0.5740740740740741,28980,23,869,28057
722,4,GO:0046873,,train,1.7121218557999458e-29,1.5552889459635092e-30,120.24703296703296,19,54,0.35185185185185186,28980,35,130,28796
722,5,GO:0005215,,train,2.4140124770970997e-29,2.2013711929001583e-30,35.43256767842494,31,54,0.5740740740740741,28980,23,1060,27866
722,6,GO:0022890,,train,1.0802997661561213e-23,1.1038127499055426e-24,49.1640866873065,20,54,0.37037037037037035,28980,34,342,28584
722,7,GO:0015318,,train,1.8322335697983424e-21,1.9472547063972776e-22,33.57823589050355,21,54,0.3888888888888889,28980,33,538,28388
722,8,GO:0016877,,train,1.610482560929445e-11,2.2371351624124638e-12,113.2228443449048,7,54,0.12962962962962962,28980,47,38,28888
722,9,GO:0015079,,train,5.724550999438522e-08,9.162769622676884e-09,48.085,6,54,0.1111111111111111,28980,48,75,28851
722,10,GO:0015077,,train,4.551157085971207e-06,8.15253993634881e-07,15.80709219858156,7,54,0.12962962962962962,28980,47,270,28656
723,1,GO:0005525,,train,4.03348963927597e-99,9.41702915459164e-101,2064.547803617571,56,58,0.9655172413793104,28980,2,387,28535
723,2,GO:0032550,,train,5.2661635984731226e-99,1.232581865770286e-100,2053.789203084833,56,58,0.9655172413793104,28980,2,389,28533
723,3,GO:0001883,,train,8.964700032547505e-99,2.103501984963691e-100,2032.6005089058524,56,58,0.9655172413793104,28980,2,393,28529
723,4,GO:0032549,,train,1.1659734562135224e-98,2.742703475230566e-100,2022.167088607595,56,58,0.9655172413793104,28980,2,395,28527
723,5,GO:0001882,,train,4.254896909794769e-98,1.014584200302587e-99,1971.5456790123455,56,58,0.9655172413793104,28980,2,405,28517
723,6,GO:0032561,,train,1.9394699583787108e-97,4.687180231603352e-99,1914.0047961630696,56,58,0.9655172413793104,28980,2,417,28505
723,7,GO:0019001,,train,2.48687115766337e-97,6.024672488465908e-99,1904.7350835322195,56,58,0.9655172413793104,28980,2,419,28503
723,8,GO:0003924,,train,3.517633742142467e-64,1.571430253615509e-65,243.2622879512832,39,58,0.6724137931034483,28980,19,242,28680
723,9,GO:0035639,,train,2.255972630392553e-52,1.2761177459319855e-53,254.75698324022343,56,58,0.9655172413793104,28980,2,2864,26058
723,10,GO:0032555,,train,7.43124320625159e-52,4.244931965957934e-53,248.67099419200548,56,58,0.9655172413793104,28980,2,2927,25995
724,1,GO:0016730,,train,5.331906325662905e-22,5.610395618180027e-23,334.70105263157893,11,36,0.3055555555555556,28980,25,38,28906
724,2,GO:0050660,,train,3.500979341613154e-17,4.1053461945916335e-18,53.2200956937799,14,36,0.3888888888888889,28980,22,342,28602
724,3,GO:0016651,,train,7.488446296397006e-13,9.915275876531175e-14,41.45263157894737,11,36,0.3055555555555556,28980,25,304,28640
724,4,GO:0051537,,train,1.860385208390771e-12,2.499260792008693e-13,65.29931972789116,9,36,0.25,28980,27,147,28797
724,5,GO:0051536,,train,1.2596935438547256e-08,1.9520692641390566e-09,22.80335731414868,9,36,0.25,28980,27,417,28527
724,6,GO:0051540,,train,1.3109923777446428e-08,2.0334840906224573e-09,22.692919649960224,9,36,0.25,28980,27,419,28525
724,7,GO:0016655,,train,3.6304784698859124e-07,6.061964226015674e-08,35.31411042944785,6,36,0.16666666666666666,28980,30,163,28781
724,8,GO:0071949,,train,0.0026978495822791,0.0006307390080021,19.84297520661157,3,36,0.08333333333333333,28980,33,132,28812
724,9,GO:0048038,,train,0.0117409330126625,0.0030613716713744,26.544117647058822,2,36,0.05555555555555555,28980,34,64,28880
724,10,GO:0016667,,train,0.0217257289715497,0.0059805101545435,8.828659476117103,3,36,0.08333333333333333,28980,33,295,28649
725,1,GO:0046789,,train,1.353032676884716e-194,6.143482582451034e-197,4170.5331010452965,83,97,0.8556701030927835,28980,14,41,28842
725,2,GO:0046812,,train,1.1564562705576687e-193,5.352552677391442e-196,3976.279069767442,83,97,0.8556701030927835,28980,14,43,28840
726,1,GO:0016838,,train,1.4225410513619314e-32,1.220142425634278e-33,inf,12,12,1.0,28980,0,46,28922
726,2,GO:0016835,,train,3.066087218715745e-21,3.2756305728846483e-22,inf,12,12,1.0,28980,0,463,28505
726,3,GO:0000287,,train,2.147943142023732e-19,2.4004461689136528e-20,inf,12,12,1.0,28980,0,665,28303
726,4,GO:0016829,,train,2.883079813824183e-16,3.475370839232069e-17,inf,12,12,1.0,28980,0,1225,27743
727,1,GO:0022857,,train,1.4661870769847995e-52,8.26789150539221e-54,53.83666274970623,49,79,0.620253164556962,28980,30,851,28050
727,2,GO:0005215,,train,1.7385414240307437e-48,1.0679677084080237e-49,43.66893793985925,49,79,0.620253164556962,28980,30,1042,27859
727,3,GO:0015075,,train,2.3447169016913117e-37,1.8215394508261878e-38,41.38698915763136,35,79,0.4430379746835443,28980,44,545,28356
727,4,GO:0008509,,train,2.1484928112477392e-29,1.9554639143881197e-30,179.8273460410557,17,79,0.21518987341772153,28980,62,44,28857
727,5,GO:0015318,,train,1.1125299293466684e-25,1.0859037773041271e-26,27.68807836899942,27,79,0.34177215189873417,28980,52,532,28369
727,6,GO:0015291,,train,1.992522389728164e-24,2.000285388170729e-25,132.5827205882353,15,79,0.189873417721519,28980,64,51,28850
727,7,GO:0022804,,train,5.4186764674693476e-20,5.9747189921652825e-21,42.560767218831735,17,79,0.21518987341772153,28980,62,185,28716
727,8,GO:0015103,,train,6.332813206729743e-17,7.481687219949337e-18,144.28785607196403,10,79,0.12658227848101267,28980,69,29,28872
727,9,GO:0008324,,train,2.079401154150707e-15,2.5589724488347305e-16,21.616601318838,17,79,0.21518987341772153,28980,62,362,28539
727,10,GO:0022853,,train,1.0552226077525097e-13,1.3607200162072084e-14,61.45140664961637,10,79,0.12658227848101267,28980,69,68,28833
728,1,GO:0046982,,train,1.6904651153969926e-130,2.208593143706414e-132,12923.578947368422,51,54,0.9444444444444444,28980,3,38,28888
728,2,GO:0046983,,train,3.74534706444704e-90,1.0368084412521469e-91,1330.2383561643835,51,54,0.9444444444444444,28980,3,365,28561
728,3,GO:0003677,,train,2.9418595110904446e-32,2.5439755329229266e-33,34.76038754145263,40,54,0.7407407407407407,28980,14,2197,26729
728,4,GO:0042393,,train,0.0035327005443273,0.0008408235030219,52.93956043956044,2,54,0.037037037037037035,28980,52,21,28905
729,1,GO:0016779,,train,3.6921365835788087e-91,1.0026102507477387e-92,1727.533180778032,53,55,0.9636363636363636,28980,2,437,28488
729,2,GO:0016772,,train,6.393565788539096e-63,2.934855901409252e-64,830.957507082153,54,55,0.9818181818181818,28980,1,1765,27160
729,3,GO:0000287,,train,0.0012578778716603,0.0002822551629293,6.150031094527363,7,55,0.12727272727272726,28980,48,670,28255
729,4,GO:0070566,,train,0.0016104302284622,0.0003661762730563,23.781593406593405,3,55,0.05454545454545454,28980,52,70,28855
730,1,GO:0030170,,train,1.079745154954918e-56,5.576326883397839e-58,323.4518272425249,34,44,0.7727272727272727,28980,10,301,28635
730,2,GO:0070279,,train,1.079745154954918e-56,5.576326883397839e-58,323.4518272425249,34,44,0.7727272727272727,28980,10,301,28635
730,3,GO:0047661,,train,1.9061404420244818e-55,1.0084335583959384e-56,905.2005012531328,25,44,0.5681818181818182,28980,19,42,28894
730,4,GO:0036361,,train,2.560466536947313e-54,1.3936042492451324e-55,791.8859649122807,25,44,0.5681818181818182,28980,19,48,28888
730,5,GO:0016855,,train,3.2288829337555103e-52,1.8321311898187958e-53,622.8429680759275,25,44,0.5681818181818182,28980,19,61,28875
730,6,GO:0019842,,train,1.0736067832653308e-50,6.2836990742131146e-52,209.0889848812095,34,44,0.7727272727272727,28980,10,463,28473
730,7,GO:0016854,,train,1.0533917992237047e-43,7.140488687944614e-45,252.50877192982452,25,44,0.5681818181818182,28980,19,150,28786
730,8,GO:0016853,,train,7.273125423948349e-26,7.08414390093689e-27,43.11091322237917,25,44,0.5681818181818182,28980,19,857,28079
730,9,GO:0016831,,train,3.7630169045867383e-19,4.224120683825872e-20,58.1764705882353,15,44,0.3409090909090909,28980,29,255,28681
730,10,GO:0016830,,train,2.7752535070002014e-17,3.2429581508110857e-18,36.837750484809305,16,44,0.36363636363636365,28980,28,442,28494
731,1,GO:0015399,,train,4.762292533160162e-39,3.553200070878792e-40,293.5218023255814,21,45,0.4666666666666667,28980,24,86,28849
731,2,GO:0022804,,train,6.720893980536597e-33,5.731178011348985e-34,139.00414364640883,21,45,0.4666666666666667,28980,24,181,28754
731,3,GO:0022857,,train,2.97507381358874e-30,2.6676922235097207e-31,53.00620615218565,28,45,0.6222222222222222,28980,17,872,28063
731,4,GO:0042626,,train,6.606229115888017e-29,6.080432340897018e-30,224.2952889752307,16,45,0.35555555555555557,28980,29,71,28864
731,5,GO:0005215,,train,6.012019658524455e-28,5.628618457580971e-29,43.18609927508162,28,45,0.6222222222222222,28980,17,1063,27872
731,6,GO:0042625,,train,7.126578380773832e-25,7.100065346401795e-26,420.5090909090909,12,45,0.26666666666666666,28980,33,25,28910
731,7,GO:0022853,,train,8.918212856488529e-23,9.24555622905144e-24,180.4375,13,45,0.28888888888888886,28980,32,65,28870
731,8,GO:0015318,,train,9.72343600435622e-19,1.1040231406651057e-19,34.989525569932226,18,45,0.4,28980,27,541,28394
731,9,GO:0015075,,train,1.861453068979225e-18,2.1255365330524122e-19,33.65717674970344,18,45,0.4,28980,27,562,28373
731,10,GO:0019829,,train,3.1471978809959562e-16,3.7992800971334136e-17,329.0583214793741,8,45,0.17777777777777778,28980,37,19,28916
732,1,GO:0004553,,train,3.734151716121566e-153,3.1284746486532728e-155,1691.830102622577,106,108,0.9814814814814815,28980,2,877,27995
732,2,GO:0016798,,train,2.9418614662392424e-150,2.5767248979275667e-152,inf,108,108,1.0,28980,0,1088,27784
732,3,GO:0015925,,train,5.897859565590983e-39,4.407370229317924e-40,290.13793103448273,21,108,0.19444444444444445,28980,87,24,28848
732,4,GO:0097599,,train,4.9375929278092775e-06,8.866462971986662e-07,33.32177531206658,5,108,0.046296296296296294,28980,103,42,28830
732,5,GO:0015929,,train,0.0310707372349751,0.0088633107535573,15.11320754716981,2,108,0.018518518518518517,28980,106,36,28836
733,1,GO:0003735,,train,2.226103967793952e-167,1.5585401420826507e-169,236.63967611336037,125,144,0.8680555555555556,28980,19,780,28056
733,2,GO:0005198,,train,8.272779455477553e-143,8.191110689139096e-145,142.9171332586786,125,144,0.8680555555555556,28980,19,1269,27567
733,3,GO:0019843,,train,2.598388746286593e-100,5.9751447574039186e-102,109.06106870229009,72,144,0.5,28980,72,262,28574
733,4,GO:0003723,,train,1.8479613776710773e-98,4.368587842459968e-100,49.40862051299566,106,144,0.7361111111111112,28980,38,1541,27295
733,5,GO:0070180,,train,5.005350761760348e-11,7.0820060870323915e-12,105.18978102189782,7,144,0.04861111111111111,28980,137,14,28822
733,6,GO:0000049,,train,1.6135880125044249e-06,2.806774355758056e-07,13.959649975692756,8,144,0.05555555555555555,28980,136,121,28715
733,7,GO:0003746,,train,0.0175783507559656,0.004755943626625,9.417675941080196,3,144,0.020833333333333332,28980,141,65,28771
733,8,GO:0031625,,train,0.0377084640901604,0.0110307502828116,13.523943661971831,2,144,0.013888888888888888,28980,142,30,28806
733,9,GO:0044389,,train,0.0440311609339879,0.0131047425107454,12.293213828425095,2,144,0.013888888888888888,28980,142,33,28803
734,1,GO:0016743,,train,9.728099016147338e-92,2.6017969949739344e-93,51429.333333333336,32,33,0.9696969696969697,28980,1,18,28929
734,2,GO:0016597,,train,8.137436961417278e-81,2.6388208443298853e-82,11201.4625,31,33,0.9393939393939394,28980,2,40,28907
734,3,GO:0031406,,train,3.7684734781158423e-62,1.759658647249803e-63,2141.608173076923,31,33,0.9393939393939394,28980,2,208,28739
734,4,GO:0043177,,train,2.43909378068883e-61,1.1546344287995869e-62,2005.5743243243244,31,33,0.9393939393939394,28980,2,222,28725
734,5,GO:0016741,,train,4.430575067671191e-50,2.6243146107833583e-51,1358.8468468468468,32,33,0.9696969696969697,28980,1,666,28281
735,1,GO:0003774,,train,5.155085992619501e-128,6.886132971949769e-130,27269.88888888889,51,52,0.9807692307692307,28980,1,54,28874
735,2,GO:0003777,,train,2.3425121402512596e-113,4.0349097415348167e-115,7673.641975308642,43,52,0.8269230769230769,28980,9,18,28910
735,3,GO:0008017,,train,2.5775415724410497e-99,5.980059540596161e-101,2298.748148148148,43,52,0.8269230769230769,28980,9,60,28868
735,4,GO:0015631,,train,3.8469973272963975e-97,9.330971634887122e-99,1969.673015873016,43,52,0.8269230769230769,28980,9,70,28858
735,5,GO:0008092,,train,2.6449060346715263e-91,7.143578416284815e-93,2133.805970149254,50,52,0.9615384615384616,28980,2,335,28593
735,6,GO:0017111,,train,3.2751507813023597e-78,1.1100417300778716e-79,1961.725784447476,51,52,0.9807692307692307,28980,1,733,28195
735,7,GO:0016462,,train,1.910248394295352e-74,6.96680801153503e-76,1635.0891428571429,51,52,0.9807692307692307,28980,1,875,28053
735,8,GO:0016818,,train,8.463843405944237e-74,3.138889109155873e-75,1584.6186252771618,51,52,0.9807692307692307,28980,1,902,28026
735,9,GO:0016817,,train,1.5348614001178462e-73,5.723638756627758e-75,1564.912376779847,51,52,0.9807692307692307,28980,1,913,28015
735,10,GO:0005524,,train,2.6459476116810738e-52,1.498261925002055e-53,552.159443990188,51,52,0.9807692307692307,28980,1,2446,26482
736,1,GO:0003723,,train,1.9820147233756662e-20,2.158112525057079e-21,9.04642190416926,40,115,0.34782608695652173,28980,75,1607,27258
736,2,GO:0070063,,train,0.0002706394035209,5.631284773733191e-05,48.29631696428572,3,115,0.02608695652173913,28980,112,16,28849
736,3,GO:0019887,,train,0.0011310820834086,0.0002523124488138,27.58641581632653,3,115,0.02608695652173913,28980,112,28,28837
736,4,GO:0019207,,train,0.0015979977547527,0.0003631621578162,24.134765625,3,115,0.02608695652173913,28980,112,32,28833
736,5,GO:0008135,,train,0.004467797190193,0.0010805965293828,6.896584896584897,5,115,0.043478260869565216,28980,110,189,28676
736,6,GO:0090079,,train,0.0052901815798343,0.001292550440883,6.614674665436087,5,115,0.043478260869565216,28980,110,197,28668
736,7,GO:0045182,,train,0.0060798817418891,0.0015019375671368,6.386140819964349,5,115,0.043478260869565216,28980,110,204,28661
736,8,GO:0017069,,train,0.0063950901813492,0.0015846755088037,39.281143635125936,2,115,0.017391304347826087,28980,113,13,28852
736,9,GO:0019899,,train,0.0078709566225121,0.0019815156930564,4.894795507159393,6,115,0.05217391304347826,28980,109,321,28544
736,10,GO:0043021,,train,0.0145449004056842,0.0038661987368889,10.146499060150376,3,115,0.02608695652173913,28980,112,76,28789
737,1,GO:0015144,,train,1.1910936310763078e-86,3.49962478240483e-88,1491.0869565217392,38,54,0.7037037037037037,28980,16,46,28880
737,2,GO:0022857,,train,4.582183222018951e-44,3.0725070730296684e-45,77.32250580046404,38,54,0.7037037037037037,28980,16,862,28064
737,3,GO:0005215,,train,6.611924128627105e-41,4.7685963045024255e-42,62.86645299145299,38,54,0.7037037037037037,28980,16,1053,27873
737,4,GO:0004930,,train,0.0005379608466454,0.0001155283407082,17.720615384615385,4,54,0.07407407407407407,28980,50,130,28796
737,5,GO:0004888,,train,0.0324814816652594,0.0093313967452089,5.19125284738041,4,54,0.07407407407407407,28980,50,439,28487
739,1,GO:0004812,,train,1.684997751713717e-55,8.904519858486527e-57,inf,26,26,1.0,28980,0,189,28765
739,2,GO:0016875,,train,1.912396131779261e-55,1.0123033102279417e-56,inf,26,26,1.0,28980,0,190,28764
739,3,GO:0140101,,train,2.5411534235942898e-48,1.5684478025348358e-49,inf,26,26,1.0,28980,0,371,28583
739,4,GO:0016874,,train,1.3554902317995704e-43,9.21210808733926e-45,inf,26,26,1.0,28980,0,573,28381
739,5,GO:0140098,,train,4.1272601864764126e-38,3.1591911612803895e-39,inf,26,26,1.0,28980,0,944,28010
739,6,GO:0005524,,train,5.2116679241082165e-25,5.163271792874003e-26,267.81957928802586,25,26,0.9615384615384616,28980,1,2472,26482
739,7,GO:0032559,,train,7.411139803959985e-25,7.387910113037417e-26,263.6164274322169,25,26,0.9615384615384616,28980,1,2508,26446
739,8,GO:0030554,,train,7.707402325750776e-25,7.685501806501931e-26,263.15684713375794,25,26,0.9615384615384616,28980,1,2512,26442
739,9,GO:0035639,,train,2.520445924141762e-23,2.5878556885833188e-24,225.03454231433503,25,26,0.9615384615384616,28980,1,2895,26059
739,10,GO:0032555,,train,4.2861256179590137e-23,4.4120588866941955e-24,219.70926301555104,25,26,0.9615384615384616,28980,1,2958,25996
740,1,GO:0051213,,train,2.0193792126203147e-60,9.725105971666512e-62,516.72278338945,32,43,0.7441860465116279,28980,11,162,28775
740,2,GO:0016705,,train,1.212829022488181e-46,7.777141313608776e-48,215.10584886128365,29,43,0.6744186046511628,28980,14,276,28661
740,3,GO:0005506,,train,3.232729981586034e-32,2.7973999957832098e-33,75.70721691818089,26,43,0.6046511627906976,28980,17,573,28364
740,4,GO:0048029,,train,1.4877879536206694e-22,1.5480630434017686e-23,173.72453703703704,13,43,0.3023255813953488,28980,30,72,28865
740,5,GO:0046914,,train,8.202015103715387e-20,9.074907299040047e-21,22.88128224262678,26,43,0.6046511627906976,28980,17,1813,27124
740,6,GO:0031406,,train,1.446307191863387e-16,1.7269086662668562e-17,55.05058997050148,13,43,0.3023255813953488,28980,30,226,28711
740,7,GO:0043177,,train,3.0160241435186396e-16,3.638277359759136e-17,51.81402777777778,13,43,0.3023255813953488,28980,30,240,28697
740,8,GO:0030246,,train,1.3404431538471548e-14,1.6912114900605489e-15,37.91335372069317,13,43,0.3023255813953488,28980,30,327,28610
740,9,GO:0019842,,train,1.6216655564448513e-12,2.1747619642629786e-13,25.474449035812672,13,43,0.3023255813953488,28980,30,484,28453
740,10,GO:0008198,,train,1.904213522917859e-06,3.326809459144656e-07,84.69450549450549,4,43,0.09302325581395349,28980,39,35,28902
741,1,GO:0004518,,train,1.3900663580744684e-75,4.959723537905213e-77,2178.538461538461,47,48,0.9791666666666666,28980,1,611,28321
741,2,GO:0004536,,train,6.070554029885567e-59,3.0053128015076333e-60,495.446735395189,30,48,0.625,28980,18,97,28835
741,3,GO:0016788,,train,2.1700586585919812e-57,1.10864525312254e-58,837.7130774235524,47,48,0.9791666666666666,28980,1,1537,27395
741,4,GO:0004519,,train,2.7881450878295906e-45,1.8360576961774383e-46,132.56744186046512,32,48,0.6666666666666666,28980,16,430,28502
741,5,GO:0140097,,train,1.6385577930719508e-41,1.166387039624115e-42,105.40889526542324,31,48,0.6458333333333334,28980,17,492,28440
741,6,GO:0004527,,train,1.5248926061205375e-34,1.2614748571006233e-35,164.68300653594773,21,48,0.4375,28980,27,136,28796
741,7,GO:0016796,,train,5.945607887161976e-33,5.063093455189344e-34,323.2462146148782,17,48,0.3541666666666667,28980,31,49,28883
741,8,GO:0004520,,train,1.767521558377008e-27,1.665675616866987e-28,175.91463414634146,16,48,0.3333333333333333,28980,32,82,28850
741,9,GO:0016888,,train,1.072573771512382e-25,1.0465896923888286e-26,228.68778280542983,14,48,0.2916666666666667,28980,34,52,28880
741,10,GO:0016893,,train,6.777394772584153e-21,7.310064608095279e-22,94.89364705882352,14,48,0.2916666666666667,28980,34,125,28807
742,1,GO:0008236,,train,3.561460506806914e-92,9.368695360203326e-94,1282.5640373197623,53,56,0.9464285714285714,28980,3,393,28531
742,2,GO:0016825,,train,3.561460506806914e-92,9.368695360203326e-94,1282.5640373197623,53,56,0.9464285714285714,28980,3,393,28531
742,3,GO:0017171,,train,3.561460506806914e-92,9.368695360203326e-94,1282.5640373197623,53,56,0.9464285714285714,28980,3,393,28531
742,4,GO:0004252,,train,5.4832697692140395e-92,1.4568725080344305e-93,973.216,51,56,0.9107142857142857,28980,5,300,28624
742,5,GO:0070011,,train,1.3306658526289228e-76,4.662027593942617e-78,inf,56,56,1.0,28980,0,1176,27748
742,6,GO:0004175,,train,3.019858070388589e-76,1.062439447677504e-77,506.353591160221,52,56,0.9285714285714286,28980,4,724,28200
742,7,GO:0008233,,train,2.820050157087016e-75,1.0103176442327739e-76,inf,56,56,1.0,28980,0,1244,27680
742,8,GO:0140096,,train,4.209246881163564e-59,2.0776813998771435e-60,inf,56,56,1.0,28980,0,2460,26464
742,9,GO:0005509,,train,0.0001495497577215,3.023238357314633e-05,7.460970464135021,8,56,0.14285714285714285,28980,48,632,28292
743,1,GO:0022884,,train,9.268565322477324e-06,1.698028752578527e-06,19.45251017639077,6,274,0.021897810218978103,28980,268,33,28673
743,2,GO:0008320,,train,8.181675844962506e-05,1.619462275080167e-05,18.380335854377645,5,274,0.01824817518248175,28980,269,29,28677
743,3,GO:0005215,,train,8.344804133326456e-05,1.652973768917992e-05,2.7209828865667123,26,274,0.0948905109489051,28980,248,1065,27641
743,4,GO:0008233,,train,9.099319032258832e-05,1.8096281720715123e-05,2.5550024888003984,29,274,0.10583941605839416,28980,245,1271,27435
743,5,GO:0140318,,train,0.0001079359323265,2.1604892802166908e-05,17.193308550185872,5,274,0.01824817518248175,28980,269,31,28675
743,6,GO:0022857,,train,0.0002511215020419,5.20604291516806e-05,2.767002928734136,22,274,0.08029197080291971,28980,252,878,27828
743,7,GO:0016702,,train,0.0006413376102307,0.0001387808221804,8.323996898623765,6,274,0.021897810218978103,28980,268,77,28629
743,8,GO:1904680,,train,0.0009251288724645,0.0002041207682984,10.242350586216755,5,274,0.01824817518248175,28980,269,52,28654
743,9,GO:0042887,,train,0.0010001406844097,0.0002216675284367,10.048747983446727,5,274,0.01824817518248175,28980,269,53,28653
743,10,GO:0016701,,train,0.0021576574256469,0.0004978091186804,6.469244685662596,6,274,0.021897810218978103,28980,268,99,28607
744,1,GO:0022857,,train,6.36461030154925e-18,7.334674085682618e-19,45.0317100792752,17,29,0.5862068965517241,28980,12,883,28068
744,2,GO:0015288,,train,5.695575634409379e-17,6.717165393599954e-18,236.42181818181817,9,29,0.3103448275862069,28980,20,55,28896
744,3,GO:0022829,,train,8.767284963690071e-17,1.0409176540948489e-17,224.1698275862069,9,29,0.3103448275862069,28980,20,58,28893
744,4,GO:0005215,,train,1.5376633545250452e-16,1.838241248445004e-17,36.77133767846058,17,29,0.5862068965517241,28980,12,1074,27877
744,5,GO:0015267,,train,2.643175474914341e-09,3.9844687564546386e-10,28.826292134831466,9,29,0.3103448275862069,28980,20,445,28506
744,6,GO:0022803,,train,2.643175474914341e-09,3.9844687564546386e-10,28.826292134831466,9,29,0.3103448275862069,28980,20,445,28506
744,7,GO:0005319,,train,0.0011780521854679,0.0002632387752511,97.4040404040404,2,29,0.06896551724137931,28980,27,22,28929
744,8,GO:0008509,,train,0.0068442540332432,0.0017058005482272,36.2736974262398,2,29,0.06896551724137931,28980,27,59,28892
745,1,GO:0050660,,train,7.338119153382735e-35,6.033951566788336e-36,83.44803591470259,26,53,0.49056603773584906,28980,27,330,28597
745,2,GO:0071949,,train,2.143212675227348e-20,2.3355160535037448e-21,85.4596312778131,14,53,0.2641509433962264,28980,39,121,28806
745,3,GO:0009055,,train,1.0791029790247628e-05,1.9851676211370387e-06,9.292864438931854,9,53,0.16981132075471697,28980,44,623,28304
745,4,GO:0016627,,train,2.7164581022048317e-05,5.145331484564092e-06,15.586419194205522,6,53,0.11320754716981132,28980,47,235,28692
745,5,GO:0016638,,train,3.876772734246566e-05,7.443058411767874e-06,36.81505102040816,4,53,0.07547169811320754,28980,49,64,28863
745,6,GO:0016903,,train,0.0002480344758423,5.139138903924558e-05,13.910852713178295,5,53,0.09433962264150944,28980,48,215,28712
745,7,GO:0016725,,train,0.0002811582639664,5.86149951838883e-05,45.61421052631579,3,53,0.05660377358490566,28980,50,38,28889
745,8,GO:0016763,,train,0.0241926972892292,0.0067327916226854,8.32463768115942,3,53,0.05660377358490566,28980,50,207,28720
745,9,GO:0051536,,train,0.0271535546947224,0.0076440712604002,5.514072927749298,4,53,0.07547169811320754,28980,49,422,28505
745,10,GO:0016757,,train,0.0273509881858241,0.0077060610004176,5.500844309354948,4,53,0.07547169811320754,28980,49,423,28504
746,1,GO:0016831,,train,2.822290196188749e-98,6.688440017332216e-100,1336.945205479452,51,56,0.9107142857142857,28980,5,219,28705
746,2,GO:0016830,,train,1.3545552594685123e-88,3.884669417405377e-90,913.1379310344828,52,56,0.9285714285714286,28980,4,406,28518
746,3,GO:0016829,,train,5.089869916191968e-68,2.1068008880625864e-69,413.9132882882883,53,56,0.9464285714285714,28980,3,1184,27740
746,4,GO:0004497,,train,0.0115708360192444,0.0030112577905196,7.217906683480454,4,56,0.07142857142857142,28980,52,305,28619
746,5,GO:0016833,,train,0.023895663201101,0.006641534184376,17.524590163934427,2,56,0.03571428571428571,28980,54,61,28863
747,1,GO:0004553,,train,4.079129543126913e-101,9.260700694036844e-103,1089.717653508772,71,73,0.9726027397260274,28980,2,912,27995
747,2,GO:0016798,,train,4.4647697373347184e-101,1.0149284694530104e-102,inf,73,73,1.0,28980,0,1123,27784
747,3,GO:0097599,,train,3.194660054927059e-05,6.087606894952842e-06,38.9133805190428,4,73,0.0547945205479452,28980,69,43,28864
748,1,GO:0016765,,train,2.1899765471379123e-53,1.2118421939665219e-54,697.3538961038961,30,34,0.8823529411764706,28980,4,308,28638
748,2,GO:0004659,,train,3.7751647601342e-08,5.9819452994312225e-09,97.684246112238,5,34,0.14705882352941177,28980,29,51,28895
749,1,GO:0015075,,train,9.509713969998378e-16,1.1611005017123132e-16,16.59192037470726,20,81,0.24691358024691357,28980,61,560,28339
749,2,GO:0022857,,train,3.086979235115593e-13,4.0304263558339036e-14,11.156996587030717,21,81,0.25925925925925924,28980,60,879,28020
749,3,GO:0008324,,train,1.1853614446159657e-12,1.5816625304583661e-13,17.816558441558442,15,81,0.18518518518518517,28980,66,364,28535
749,4,GO:0015318,,train,1.7033752048623357e-12,2.2863359957463233e-13,13.897284363468634,17,81,0.20987654320987653,28980,64,542,28357
749,5,GO:0005215,,train,1.1720756595841708e-11,1.6205867865475252e-12,9.102943925233644,21,81,0.25925925925925924,28980,60,1070,27829
749,6,GO:0022890,,train,1.7589309854567928e-10,2.5407296157504894e-11,15.639221304567672,13,81,0.16049382716049382,28980,68,349,28550
749,7,GO:0015078,,train,6.459309015803548e-10,9.508166448256387e-11,23.52358336062889,10,81,0.12345679012345678,28980,71,172,28727
749,8,GO:0015077,,train,2.2248878546365052e-09,3.3467496070417587e-10,16.91530612244898,11,81,0.13580246913580246,28980,70,266,28633
749,9,GO:0005216,,train,5.107146658124309e-05,9.915976228153592e-06,8.567160818164758,8,81,0.09876543209876543,28980,73,365,28534
749,10,GO:0015267,,train,0.0001970405747287,4.037551103575231e-05,6.991338534308004,8,81,0.09876543209876543,28980,73,446,28453
750,1,GO:0031369,,train,6.514136041953863e-13,8.608040450318971e-14,213.67019027484145,7,93,0.07526881720430108,28980,86,11,28876
750,2,GO:0031625,,train,3.442488810764092e-07,5.740002434563437e-08,60.73232323232323,5,93,0.053763440860215055,28980,88,27,28860
750,3,GO:0003743,,train,4.5622835809678577e-07,7.675306736238804e-08,22.311627906976742,7,93,0.07526881720430108,28980,86,105,28782
750,4,GO:0044389,,train,5.437810835098525e-07,9.183284841767877e-08,54.65340909090909,5,93,0.053763440860215055,28980,88,30,28857
750,5,GO:0019899,,train,6.075396172058106e-07,1.0295622595821586e-07,10.85857626087948,10,93,0.10752688172043011,28980,83,317,28570
750,6,GO:0017056,,train,1.2030064163339e-05,2.2194493980346552e-06,51.88674157303371,4,93,0.043010752688172046,28980,89,25,28862
750,7,GO:0008135,,train,1.6899544512759438e-05,3.149512323583665e-06,12.492227334908591,7,93,0.07526881720430108,28980,86,187,28700
750,8,GO:0090079,,train,2.185767467060611e-05,4.111319947856046e-06,11.97638640429338,7,93,0.07526881720430108,28980,86,195,28692
750,9,GO:0045182,,train,2.715574939775679e-05,5.1428631647918e-06,11.558542482155191,7,93,0.07526881720430108,28980,86,202,28685
750,10,GO:0003723,,train,0.0010392503097106,0.0002309140697529,3.211609162895928,15,93,0.16129032258064516,28980,78,1632,27255
751,1,GO:0016810,,train,4.118241901829938e-105,8.565344788057697e-107,3211.3274336283184,64,65,0.9846153846153847,28980,1,565,28350
751,2,GO:0016812,,train,3.2179738866167804e-26,3.1145635883006247e-27,89.64815775817333,18,65,0.27692307692307694,28980,47,123,28792
751,3,GO:0016811,,train,1.5757896757305097e-19,1.753647062747226e-20,40.77325970548862,17,65,0.26153846153846155,28980,48,249,28666
751,4,GO:0016151,,train,5.276724196257951e-12,7.190825485834136e-13,81.02456140350877,8,65,0.12307692307692308,28980,57,50,28865
751,5,GO:0019213,,train,1.0681092995465669e-07,1.7334052551448517e-08,77.64516129032258,5,65,0.07692307692307693,28980,60,31,28884
751,6,GO:0046914,,train,2.32728172112072e-06,4.0945759782790057e-07,5.266431119648738,17,65,0.26153846153846155,28980,48,1822,27093
751,7,GO:0019239,,train,9.001594564890276e-06,1.646745702836798e-06,28.94779116465864,5,65,0.07692307692307693,28980,60,83,28832
751,8,GO:0016814,,train,1.829524520243116e-05,3.41766349286415e-06,24.75773195876289,5,65,0.07692307692307693,28980,60,97,28818
751,9,GO:0008270,,train,0.002362747941002,0.0005477571902946,4.760911941689974,8,65,0.12307692307692308,28980,57,828,28087
751,10,GO:0050897,,train,0.015751541779965,0.0042155457627138,22.35694928377855,2,65,0.03076923076923077,28980,63,41,28874
752,1,GO:0032559,,train,8.102589288069459e-96,2.0080237096718408e-97,63.74696857751314,111,130,0.8538461538461538,28980,19,2422,26428
752,2,GO:0030554,,train,9.629772411197389e-96,2.3949605346417623e-97,63.63222979129605,111,130,0.8538461538461538,28980,19,2426,26424
752,3,GO:0005524,,train,9.863191777903227e-95,2.499241552534286e-96,60.974654377880185,110,130,0.8461538461538461,28980,20,2387,26463
752,4,GO:0032555,,train,1.9742449174973161e-91,5.3148521521517215e-93,60.17093666734986,113,130,0.8692307692307693,28980,17,2870,25980
752,5,GO:0017076,,train,2.4759895999423825e-91,6.672848908653343e-93,60.03153890206987,113,130,0.8692307692307693,28980,17,2876,25974
752,6,GO:0035639,,train,1.0074824767997106e-90,2.7594578193975143e-92,57.7062361506806,112,130,0.8615384615384616,28980,18,2808,26042
752,7,GO:0032553,,train,1.2163548081830324e-88,3.4812041116525244e-90,56.31014638291298,113,130,0.8692307692307693,28980,17,3046,25804
752,8,GO:0097367,,train,4.97052568151772e-86,1.4793491204329625e-87,52.90811107051516,113,130,0.8692307692307693,28980,17,3220,25630
752,9,GO:0004714,,train,2.5044155476254575e-33,2.1172754695629584e-34,132.14678899082568,21,130,0.16153846153846155,28980,109,42,28808
752,10,GO:0004713,,train,2.1978026928644005e-30,1.964933596573264e-31,56.08458035133377,24,130,0.18461538461538463,28980,106,116,28734
753,1,GO:0008135,,train,1.7859477561262583e-104,3.7825240287057576e-106,9463.561643835616,48,49,0.9795918367346939,28980,1,146,28785
753,2,GO:0090079,,train,1.6068462747625064e-103,3.464390128673301e-105,8969.454545454546,48,49,0.9795918367346939,28980,1,154,28777
753,3,GO:0045182,,train,1.0085094185434032e-102,2.218679360594357e-104,8577.391304347826,48,49,0.9795918367346939,28980,1,161,28770
753,4,GO:0003743,,train,1.8202215811916498e-77,6.291887001804926e-79,1051.3967611336031,36,49,0.7346938775510204,28980,13,76,28855
753,5,GO:0003723,,train,7.917639411133936e-58,4.010193790271723e-59,820.4727954971858,48,49,0.9795918367346939,28980,1,1599,27332
753,6,GO:0031369,,train,1.3607293552928976e-17,1.5808807519968457e-18,564.3121951219512,8,49,0.16326530612244897,28980,41,10,28921
753,7,GO:0005085,,train,3.9358782405837374e-10,5.7625214419654686e-11,45.32966168371361,8,49,0.16326530612244897,28980,41,124,28807
753,8,GO:0051020,,train,3.78646389673268e-09,5.75229275227925e-10,33.40650406504065,8,49,0.16326530612244897,28980,41,168,28763
753,9,GO:0019899,,train,4.331039517612554e-07,7.276126090021968e-08,17.501032189005276,8,49,0.16326530612244897,28980,41,319,28612
753,10,GO:0043022,,train,9.276662535512391e-06,1.6997839341368604e-06,54.62695035460993,4,49,0.08163265306122448,28980,45,47,28884
754,1,GO:0022857,,train,0.0007654154765654,0.0001670653752787,20.888392857142858,4,10,0.4,28980,6,896,28074
754,2,GO:0005215,,train,0.0015414904877585,0.0003496880902598,17.100889297761423,4,10,0.4,28980,6,1087,27883
754,3,GO:0042626,,train,0.0017295805164079,0.0003946870616286,84.95588235294117,2,10,0.2,28980,8,85,28885
754,4,GO:0008199,,train,0.0019653248446512,0.0004508439188699,79.33791208791209,2,10,0.2,28980,8,91,28879
754,5,GO:0015399,,train,0.0025587038132001,0.0005961089558655,68.72619047619048,2,10,0.2,28980,8,105,28865
754,6,GO:0005506,,train,0.0039481179638422,0.0009460586737038,20.403163950143817,3,10,0.3,28980,7,596,28374
754,7,GO:0046873,,train,0.0047455631869256,0.0011500730657478,49.0187074829932,2,10,0.2,28980,8,147,28823
754,8,GO:0022804,,train,0.0082956624822673,0.0020969409016458,35.9625,2,10,0.2,28980,8,200,28770
754,9,GO:0022890,,train,0.0236102981678861,0.0065532289053144,19.86805555555556,2,10,0.2,28980,8,360,28610
754,10,GO:0008324,,train,0.0255727753020649,0.0071616056445423,18.96087533156499,2,10,0.2,28980,8,377,28593
755,1,GO:0016746,,train,3.8314995882233945e-62,1.790210575978063e-63,1898.193661971831,38,39,0.9743589743589743,28980,1,568,28373
755,2,GO:0016407,,train,4.651657911303906e-50,2.7579915084744134e-51,409.88449367088606,27,39,0.6923076923076923,28980,12,158,28783
755,3,GO:0016747,,train,1.7861021739672263e-47,1.1196820611916291e-48,247.01174496644296,31,39,0.7948717948717948,28980,8,447,28494
755,4,GO:0008080,,train,2.8721950491174056e-25,2.831220183460781e-26,165.32110091743118,15,39,0.38461538461538464,28980,24,109,28832
755,5,GO:0016410,,train,4.517303458685243e-24,4.578571628160337e-25,135.37593984962405,15,39,0.38461538461538464,28980,24,133,28808
755,6,GO:0008374,,train,0.0001518710286213,3.074613114223245e-05,57.33928571428572,3,39,0.07692307692307693,28980,36,42,28899
755,7,GO:0004402,,train,0.006767628627105,0.0016843241297092,36.32683846637335,2,39,0.05128205128205128,28980,37,43,28898
755,8,GO:0061733,,train,0.0076223091553965,0.0019142296156432,33.95417156286722,2,39,0.05128205128205128,28980,37,46,28895
755,9,GO:0034212,,train,0.0094639460558663,0.0024160966071088,30.03014553014553,2,39,0.05128205128205128,28980,37,52,28889
756,1,GO:0005096,,train,4.028528805199964e-38,3.0824376011900006e-39,1501.974025974026,16,23,0.6956521739130435,28980,7,44,28913
756,2,GO:0060589,,train,1.350464105598463e-37,1.0432005877678607e-38,1062.6839826839828,17,23,0.7391304347826086,28980,6,77,28880
756,3,GO:0030695,,train,5.025738525070681e-37,3.933788364234953e-38,1246.533692722372,16,23,0.6956521739130435,28980,7,53,28904
756,4,GO:0008047,,train,2.416149795942339e-35,1.9676293853354723e-36,756.841049382716,17,23,0.7391304347826086,28980,6,108,28849
756,5,GO:0030234,,train,2.4829232147129438e-29,2.267848546584339e-30,278.2659465020576,19,23,0.8260869565217391,28980,4,486,28471
756,6,GO:0098772,,train,4.455131670415038e-25,4.404625300304875e-26,161.7702784503632,19,23,0.8260869565217391,28980,4,826,28131
756,7,GO:0017016,,train,0.0002605389951842,5.40814752285102e-05,48.111666666666665,3,23,0.13043478260869565,28980,20,90,28867
756,8,GO:0031267,,train,0.0002932600154336,6.132026804245126e-05,46.057978723404254,3,23,0.13043478260869565,28980,20,94,28863
756,9,GO:0017137,,train,0.0007543357627963,0.0001645365465559,125.25974025974024,2,23,0.08695652173913043,28980,21,22,28935
756,10,GO:0051087,,train,0.0009458618689334,0.0002089446745064,110.21714285714286,2,23,0.08695652173913043,28980,21,25,28932
757,1,GO:0046912,,train,2.181921397599618e-24,2.1942573037933884e-25,73.74964316300314,18,244,0.07377049180327869,28980,226,31,28705
757,2,GO:0016746,,train,2.8166849182367543e-09,4.25015203850295e-10,5.277225866916589,24,244,0.09836065573770492,28980,220,582,28154
757,3,GO:0010181,,train,2.0329183764889103e-08,3.181850451293391e-09,9.988303621843995,13,244,0.05327868852459016,28980,231,161,28575
757,4,GO:0016861,,train,3.779106468717235e-08,5.990199813173085e-09,10.71889055472264,12,244,0.04918032786885246,28980,232,138,28598
757,5,GO:0016860,,train,1.850672749547886e-07,3.042981557609715e-08,8.152745731425934,13,244,0.05327868852459016,28980,231,197,28539
757,6,GO:0016661,,train,1.2183975247189543e-06,2.1022238101164842e-07,14.725218284540318,8,244,0.03278688524590164,28980,236,66,28670
757,7,GO:0016614,,train,0.0002615901219905,5.431498915163349e-05,3.3887635039571484,16,244,0.06557377049180328,28980,228,583,28153
757,8,GO:0016616,,train,0.0002824862156551,5.89019797590157e-05,3.526617553918464,15,244,0.06147540983606557,28980,229,524,28212
757,9,GO:0016833,,train,0.0008716624123123,0.000191736621673,10.344106189583032,5,244,0.020491803278688523,28980,239,58,28678
757,10,GO:0000287,,train,0.0009966561728059,0.0002208660382364,2.980598242959896,16,244,0.06557377049180328,28980,228,661,28075
758,1,GO:0003774,,train,2.689746606901735e-21,2.8696303548455097e-22,135.8641304347826,13,43,0.3023255813953488,28980,30,92,28845
758,2,GO:0017111,,train,3.3073850259635502e-15,4.0972936329495423e-16,24.01414100892589,17,43,0.3953488372093023,28980,26,767,28170
758,3,GO:0016817,,train,4.746935271248365e-15,5.911246400702113e-16,21.303932346723045,18,43,0.4186046511627907,28980,25,946,27991
758,4,GO:0016462,,train,4.9283846466188056e-14,6.303227397585524e-15,20.16061606160616,17,43,0.3953488372093023,28980,26,909,28028
758,5,GO:0016818,,train,7.83819312101101e-14,1.0077578465628884e-14,19.560198882314268,17,43,0.3953488372093023,28980,26,936,28001
758,6,GO:0003777,,train,0.0004823942590546,0.0001031270529999,37.34353448275862,3,43,0.06976744186046512,28980,40,58,28879
758,7,GO:0016887,,train,0.0097307458077795,0.0024910504032043,7.707692307692308,4,43,0.09302325581395349,28980,39,380,28557
758,8,GO:0003779,,train,0.0183930529069715,0.0049957637330005,9.360978260869564,3,43,0.06976744186046512,28980,40,230,28707
758,9,GO:0043021,,train,0.0223168820291272,0.0061628510674219,18.283180234399747,2,43,0.046511627906976744,28980,41,77,28860
759,1,GO:0050660,,train,4.8082228164242306e-29,4.414263206102921e-30,94.37627651217596,21,40,0.525,28980,19,335,28605
759,2,GO:0071949,,train,8.531549190010922e-11,1.2196139100463807e-11,56.718503937007874,8,40,0.2,28980,32,127,28813
759,3,GO:0016638,,train,3.1736782809047006e-09,4.799982706245705e-10,82.19544592030361,6,40,0.15,28980,34,62,28878
759,4,GO:0016627,,train,2.2517945274426438e-07,3.7203389679164855e-08,26.022015022015022,7,40,0.175,28980,33,234,28706
759,5,GO:0016645,,train,5.414425481428746e-06,9.752849484519834e-07,32.93142857142857,5,40,0.125,28980,35,125,28815
759,6,GO:0016651,,train,0.0038440154199752,0.0009194242582563,10.228295819935692,4,40,0.1,28980,36,311,28629
759,7,GO:0050661,,train,0.0279400865305627,0.0078837422366115,7.927405220920579,3,40,0.075,28980,37,293,28647
759,8,GO:0016628,,train,0.0302640032034691,0.0086056970177834,15.332801701222754,2,40,0.05,28980,38,99,28841
759,9,GO:0016614,,train,0.0319662028319152,0.0091655738148866,5.293183940242764,4,40,0.1,28980,36,595,28345
759,10,GO:0051287,,train,0.0368837209771496,0.0107635594332942,7.051096689394562,3,40,0.075,28980,37,329,28611
761,1,GO:0004252,,train,2.0634427315748017e-170,1.3721226237439727e-172,9578.950570342206,88,89,0.9887640449438202,28980,1,263,28628
761,2,GO:0008236,,train,3.994143365870745e-160,3.018686435230548e-162,7013.698324022346,88,89,0.9887640449438202,28980,1,358,28533
761,3,GO:0016825,,train,3.994143365870745e-160,3.018686435230548e-162,7013.698324022346,88,89,0.9887640449438202,28980,1,358,28533
761,4,GO:0017171,,train,3.994143365870745e-160,3.018686435230548e-162,7013.698324022346,88,89,0.9887640449438202,28980,1,358,28533
761,5,GO:0004175,,train,2.381765112562645e-137,2.5815188553422347e-139,3607.360465116279,88,89,0.9887640449438202,28980,1,688,28203
761,6,GO:0070011,,train,5.298323980177646e-119,8.241526887173241e-121,2134.3846153846152,88,89,0.9887640449438202,28980,1,1144,27747
761,7,GO:0008233,,train,6.803709127127954e-117,1.1021622132295628e-118,2009.696369636964,88,89,0.9887640449438202,28980,1,1212,27679
761,8,GO:0140096,,train,2.9274064277446657e-91,7.915154034649579e-93,959.1202635914332,88,89,0.9887640449438202,28980,1,2428,26463
761,9,GO:0090729,,train,0.0051595529290305,0.0012573548002638,6.684407096171802,5,89,0.056179775280898875,28980,84,255,28636
762,1,GO:0030234,,train,1.5911400958970285e-29,1.4444570867928904e-30,79.87966804979253,23,40,0.575,28980,17,482,28458
762,2,GO:0098772,,train,2.0163625033479022e-24,2.0253997199460863e-25,46.27980535279806,23,40,0.575,28980,17,822,28118
762,3,GO:0042802,,train,0.0477705476703992,0.0143520150249762,4.617647058823529,4,40,0.1,28980,36,680,28260
763,1,GO:0016788,,train,4.959443660066697e-20,5.461097553443687e-21,297.20165922144224,17,18,0.9444444444444444,28980,1,1567,27395
763,2,GO:0004312,,train,0.0118478338022463,0.0030930630941681,27.301136363636363,2,18,0.1111111111111111,28980,16,132,28830
764,1,GO:0016788,,train,2.960622959507073e-28,2.752736700200794e-29,114.2798459563543,26,30,0.8666666666666667,28980,4,1558,27392
764,2,GO:0004519,,train,9.567107521909312e-19,1.0857127029286895e-19,63.76510067114094,15,30,0.5,28980,15,447,28503
764,3,GO:0004518,,train,3.9293447442227144e-18,4.513273205641169e-19,50.39252336448598,16,30,0.5333333333333333,28980,14,642,28308
764,4,GO:0008081,,train,1.460038712475366e-12,1.9554433586540626e-13,101.84289496910856,8,30,0.26666666666666666,28980,22,103,28847
764,5,GO:0004620,,train,1.0828454882705859e-10,1.5546256958766563e-11,86.9319845027981,7,30,0.23333333333333334,28980,23,101,28849
764,6,GO:0042578,,train,2.505903895022453e-10,3.643202692385516e-11,29.845911949685533,10,30,0.3333333333333333,28980,20,477,28473
764,7,GO:0016298,,train,7.330815012895324e-10,1.0823243889326076e-10,64.96135265700484,7,30,0.23333333333333334,28980,23,135,28815
764,8,GO:0004521,,train,1.1292929117318728e-07,1.8360065794041343e-08,44.42592592592592,6,30,0.2,28980,24,162,28788
764,9,GO:0004540,,train,1.232384012103237e-06,2.1270781261716825e-07,28.933467741935484,6,30,0.2,28980,24,248,28702
764,10,GO:0016891,,train,5.660300118175871e-06,1.0205685100440132e-06,63.472527472527474,4,30,0.13333333333333333,28980,26,70,28880
765,1,GO:0051540,,train,4.750101956606315e-71,1.8576284125932072e-72,171.61503759398497,48,69,0.6956521739130435,28980,21,380,28531
765,2,GO:0051536,,train,5.946274564848949e-69,2.409027660071505e-70,160.83041496761814,47,69,0.6811594202898551,28980,22,379,28532
765,3,GO:0051539,,train,1.6262011713833225e-63,7.364756747689065e-65,197.55873015873016,39,69,0.5652173913043478,28980,30,189,28722
765,4,GO:0009055,,train,7.5871285544996495e-22,8.012302908565849e-23,24.82719298245614,24,69,0.34782608695652173,28980,45,608,28303
765,5,GO:0005506,,train,1.884534328466737e-14,2.3864474797226424e-15,17.20967905234383,18,69,0.2608695652173913,28980,51,581,28330
765,6,GO:0046914,,train,3.6502452299629054e-08,5.780597508035113e-09,6.079141937148691,20,69,0.2898550724637681,28980,49,1819,27092
765,7,GO:0016730,,train,0.0221462774245581,0.00611249453362,18.332168942521434,2,69,0.028985507246376812,28980,67,47,28864
766,1,GO:0008289,,train,0.0001109179716005,2.222128505071572e-05,17.27651103872602,5,32,0.15625,28980,27,307,28641
766,2,GO:0019840,,train,0.0030837367843991,0.0007269188828561,56.694117647058825,2,32,0.0625,28980,30,34,28914
766,3,GO:0043178,,train,0.0072537774583727,0.0018150911635298,35.02181818181818,2,32,0.0625,28980,30,55,28893
767,1,GO:0003707,,train,2.6012984045894848e-111,4.7473676833325983e-113,inf,42,42,1.0,28980,0,41,28897
767,2,GO:0000981,,train,1.982937583597277e-93,5.134946901895285e-95,6195.0,36,42,0.8571428571428571,28980,6,28,28910
767,3,GO:0038023,,train,6.041004163751297e-69,2.4527145826989185e-70,inf,42,42,1.0,28980,0,616,28322
767,4,GO:0060089,,train,2.049715684351393e-68,8.42414712817472e-70,inf,42,42,1.0,28980,0,635,28303
767,5,GO:0003700,,train,7.164960597344795e-58,3.624772812963781e-59,448.685,38,42,0.9047619047619048,28980,4,600,28338
767,6,GO:0140110,,train,1.3837028313430315e-55,7.287979877419725e-57,387.1969696969697,38,42,0.9047619047619048,28980,4,693,28245
767,7,GO:0003677,,train,2.0594294898315237e-46,1.3260175231126602e-47,inf,42,42,1.0,28980,0,2195,26743
767,8,GO:0042562,,train,9.97585474705468e-07,1.7118832090765545e-07,101.43157894736842,4,42,0.09523809523809523,28980,38,30,28908
767,9,GO:0005496,,train,1.562236352230163e-06,2.713331380136695e-07,89.48606811145511,4,42,0.09523809523809523,28980,38,34,28904
767,10,GO:0043178,,train,7.8230152873859e-06,1.423345576645687e-06,57.36842105263158,4,42,0.09523809523809523,28980,38,53,28885
768,1,GO:0016810,,train,1.5982158054528522e-49,9.606991923101776e-51,126.50446428571428,37,51,0.7254901960784313,28980,14,592,28337
768,2,GO:0016811,,train,8.339238534666197e-39,6.2537571106850245e-40,124.319,26,51,0.5098039215686274,28980,25,240,28689
768,3,GO:0016813,,train,8.165841175718619e-16,9.941481655179591e-17,162.91917293233084,9,51,0.17647058823529413,28980,42,38,28891
768,4,GO:0019213,,train,2.8147199215852924e-10,4.098770463192574e-11,128.44,6,51,0.11764705882352941,28980,45,30,28899
768,5,GO:0008237,,train,2.1217016869327826e-07,3.5010532860217265e-08,19.24406011250105,8,51,0.1568627450980392,28980,43,277,28652
768,6,GO:0050897,,train,5.536702772195088e-06,9.977969784850507e-07,63.04418985270049,4,51,0.0784313725490196,28980,47,39,28890
768,7,GO:0070011,,train,0.0002341716932589,4.838876070680774e-05,5.530118558141392,10,51,0.19607843137254902,28980,41,1222,27707
768,8,GO:0008238,,train,0.0002587592254678,5.368929882499318e-05,13.804828780300117,5,51,0.09803921568627451,28980,46,226,28703
768,9,GO:0008233,,train,0.0003596244008811,7.585012409832825e-05,5.2257515598411794,10,51,0.19607843137254902,28980,41,1290,27639
768,10,GO:0008270,,train,0.002661388242695,0.0006215908972378,5.392586906459042,7,51,0.13725490196078433,28980,44,829,28100
769,1,GO:0008242,,train,9.311276570718564e-51,5.444329623327842e-52,700.0,24,39,0.6153846153846154,28980,15,66,28875
769,2,GO:0008233,,train,8.521554040014835e-47,5.4418923183737116e-48,405.41805225653206,37,39,0.9487179487179487,28980,2,1263,27678
769,3,GO:0140096,,train,1.6996252031403904e-38,1.2855354232968591e-39,405.8087167070218,38,39,0.9743589743589743,28980,1,2478,26463
769,4,GO:0070011,,train,1.1355951095954938e-34,9.37763310762427e-36,89.50249791840133,31,39,0.7948717948717948,28980,8,1201,27740
769,5,GO:0070003,,train,2.1742162625129385e-30,1.9432093672340792e-31,295.37595907928386,16,39,0.41025641025641024,28980,23,68,28873
769,6,GO:0008234,,train,3.060913403626335e-10,4.4626551864101326e-11,35.137959183673466,9,39,0.23076923076923078,28980,30,245,28696
769,7,GO:0008047,,train,1.022168869104802e-07,1.6567537723750972e-08,44.0366692131398,6,39,0.15384615384615385,28980,33,119,28822
769,8,GO:0030234,,train,0.0002621218097521,5.443306410442319e-05,10.36327199854254,6,39,0.15384615384615385,28980,33,499,28442
769,9,GO:0098772,,train,0.0036328672939153,0.000865941388247,6.089933903998267,6,39,0.15384615384615385,28980,33,839,28102
769,10,GO:0004175,,train,0.0139026117632848,0.0036820316065225,5.373083085374227,5,39,0.1282051282051282,28980,34,771,28170
770,1,GO:0008483,,train,1.0469642185902111e-38,7.866722971215666e-40,444.7113402061856,21,28,0.75,28980,7,194,28758
770,2,GO:0016769,,train,1.4137865486791054e-38,1.0668524326675973e-39,437.8934010152285,21,28,0.75,28980,7,197,28755
770,3,GO:0019842,,train,2.067586815341165e-06,3.625560147825589e-07,19.36190476190476,7,28,0.25,28980,21,490,28462
770,4,GO:0016833,,train,2.2698963280608143e-06,3.991618378108525e-07,81.61864406779661,4,28,0.14285714285714285,28980,24,59,28893
770,5,GO:0030170,,train,3.891838620366527e-06,6.936153196329481e-07,23.727272727272727,6,28,0.21428571428571427,28980,22,329,28623
770,6,GO:0070279,,train,3.891838620366527e-06,6.936153196329481e-07,23.727272727272727,6,28,0.21428571428571427,28980,22,329,28623
770,7,GO:0016830,,train,0.0038978612035962,0.0009332167330753,10.461820851688692,4,28,0.14285714285714285,28980,24,454,28498
770,8,GO:0008168,,train,0.0090496024755185,0.0023042196067963,8.124284077892325,4,28,0.14285714285714285,28980,24,582,28370
770,9,GO:0016741,,train,0.0160913219309405,0.0043137099334162,6.78626320845341,4,28,0.14285714285714285,28980,24,694,28258
770,10,GO:0016829,,train,0.0220654735886658,0.0060876067099643,4.891304347826087,5,28,0.17857142857142858,28980,23,1232,27720
771,1,GO:0008168,,train,5.285804621295178e-51,3.0751407498878704e-52,423.5397830018083,33,37,0.8918918918918919,28980,4,553,28390
771,2,GO:0016741,,train,1.8366884415176366e-48,1.1293344578450123e-49,350.8172932330827,33,37,0.8918918918918919,28980,4,665,28278
771,3,GO:0008757,,train,7.391978285991977e-15,9.259190658494214e-16,50.595882352941175,12,37,0.32432432432432434,28980,25,272,28671
771,4,GO:0140097,,train,9.301258754337187e-08,1.5051162480287847e-08,17.778001667593106,9,37,0.24324324324324326,28980,28,514,28429
771,5,GO:0008276,,train,0.000804524455686,0.0001760493799682,31.055595408895265,3,37,0.08108108108108109,28980,34,82,28861
771,6,GO:0003682,,train,0.0023544282081809,0.0005456215119934,66.09828571428571,2,37,0.05405405405405406,28980,35,25,28918
771,7,GO:0008171,,train,0.0249775078851446,0.0069795367992616,17.170833333333334,2,37,0.05405405405405406,28980,35,96,28847
771,8,GO:0008170,,train,0.0455996430808503,0.0136303353545126,12.015015641293012,2,37,0.05405405405405406,28980,35,137,28806
772,1,GO:0008270,,train,7.306967598819005e-08,1.1746971960722591e-08,20.407980652962515,9,24,0.375,28980,15,827,28129
772,2,GO:0046914,,train,4.625891564350376e-05,8.936858794531075e-06,8.893770491803279,9,24,0.375,28980,15,1830,27126
773,1,GO:0008081,,train,1.3160428077137574e-57,6.692592536517805e-59,2797.093023255814,25,28,0.8928571428571429,28980,3,86,28866
773,2,GO:0042578,,train,1.0101418315993854e-40,7.300055360915382e-42,513.8888888888889,25,28,0.8928571428571429,28980,3,462,28490
773,3,GO:0016788,,train,6.879145886638468e-28,6.446491399758753e-29,146.4239897370109,25,28,0.8928571428571429,28980,3,1559,27393
773,4,GO:0004620,,train,0.0007086302014714,0.0001540689971386,32.968,3,28,0.10714285714285714,28980,25,105,28847
773,5,GO:0016298,,train,0.0015211880667217,0.000344904228152,24.87453237410072,3,28,0.10714285714285714,28980,25,139,28813
773,6,GO:0016849,,train,0.0051268115586043,0.0012487751738522,42.751479289940825,2,28,0.07142857142857142,28980,26,52,28900
774,1,GO:0016667,,train,3.07526353468014e-47,1.9503604747290338e-48,94.58644133644134,34,73,0.4657534246575342,28980,39,264,28643
774,2,GO:0046914,,train,8.510361012449104e-12,1.1699658502921653e-12,7.778907111356119,25,73,0.3424657534246575,28980,48,1814,27093
774,3,GO:0005507,,train,4.5085312260999084e-08,7.1780962632489675e-09,23.2834008097166,8,73,0.1095890410958904,28980,65,152,28755
774,4,GO:0016721,,train,4.600531622422106e-07,7.741000568061803e-08,32.67863215567731,6,73,0.0821917808219178,28980,67,79,28828
774,5,GO:0005506,,train,1.3755949063960016e-05,2.547935258851662e-06,7.631444201902606,10,73,0.136986301369863,28980,63,589,28318
774,6,GO:0016209,,train,0.0002079931325552,4.2723374797949184e-05,8.293648816936487,7,73,0.0958904109589041,28980,66,365,28542
775,1,GO:0004252,,train,1.0004479238022569e-194,4.4839479843496894e-197,inf,99,99,1.0,28980,0,252,28629
775,2,GO:0008236,,train,5.595729439991591e-183,3.1144757699809657e-185,inf,99,99,1.0,28980,0,347,28534
775,3,GO:0016825,,train,5.595729439991591e-183,3.1144757699809657e-185,inf,99,99,1.0,28980,0,347,28534
775,4,GO:0017171,,train,5.595729439991591e-183,3.1144757699809657e-185,inf,99,99,1.0,28980,0,347,28534
775,5,GO:0004175,,train,4.8121519623173135e-157,3.834271710315228e-159,inf,99,99,1.0,28980,0,677,28204
775,6,GO:0070011,,train,3.072382013189972e-136,3.451264021600925e-138,inf,99,99,1.0,28980,0,1133,27748
775,7,GO:0008233,,train,7.380070271426911e-134,8.755685795259978e-136,inf,99,99,1.0,28980,0,1201,27680
775,8,GO:0140096,,train,6.714852773854384e-105,1.4024929044023132e-106,inf,99,99,1.0,28980,0,2417,26464
775,9,GO:0005509,,train,0.0003269894700991,6.866999183117263e-05,5.03852327447833,10,99,0.10101010101010101,28980,89,630,28251
775,10,GO:0090729,,train,0.0012271300578917,0.000274744559641,7.271272542545085,6,99,0.06060606060606061,28980,93,254,28627
776,1,GO:0005267,,train,1.2261788204632188e-164,8.836159880304415e-167,20032.954545454544,61,72,0.8472222222222222,28980,11,8,28900
776,2,GO:0015079,,train,6.086381753052671e-156,4.938710916587837e-158,8009.854545454546,61,72,0.8472222222222222,28980,11,20,28888
776,3,GO:0022843,,train,1.000302272242563e-155,8.146118044451255e-158,17104.673469387755,58,72,0.8055555555555556,28980,14,7,28901
776,4,GO:0005244,,train,1.897323337787642e-149,1.695180062762489e-151,7979.971428571429,58,72,0.8055555555555556,28980,14,15,28893
776,5,GO:0022832,,train,1.897323337787642e-149,1.695180062762489e-151,7979.971428571429,58,72,0.8055555555555556,28980,14,15,28893
776,6,GO:0046873,,train,5.653106690470782e-149,5.067377471025747e-151,3820.1807228915663,66,72,0.9166666666666666,28980,6,83,28825
776,7,GO:0005249,,train,9.962739004570657e-147,9.193141712627812e-149,80635.31578947368,53,72,0.7361111111111112,28980,19,1,28907
776,8,GO:0005261,,train,3.8764582999268e-136,4.371902760851328e-138,2137.5675675675675,66,72,0.9166666666666666,28980,6,148,28760
776,9,GO:0022836,,train,1.6025410947941283e-122,2.3331368430520608e-124,1139.5116883116882,61,72,0.8472222222222222,28980,11,140,28768
776,10,GO:0022890,,train,4.377519427520579e-119,6.7835714244321e-121,1063.2837837837835,66,72,0.9166666666666666,28980,6,296,28612
777,1,GO:0016620,,train,1.562947074194492e-68,6.414415007020193e-70,inf,31,31,1.0,28980,0,154,28795
777,2,GO:0016903,,train,5.007926999036357e-66,2.155035522038963e-67,inf,31,31,1.0,28980,0,189,28760
777,3,GO:0051287,,train,3.3466529440233557e-60,1.619553757953711e-61,inf,31,31,1.0,28980,0,301,28648
777,4,GO:0050661,,train,6.692073659646747e-39,5.008714356972623e-40,301.9908424908425,23,31,0.7419354838709677,28980,8,273,28676
777,5,GO:0046983,,train,9.361582229996536e-38,7.217882189223097e-39,249.7696793002916,24,31,0.7741935483870968,28980,7,392,28557
777,6,GO:0016628,,train,2.164335737231268e-05,4.067203841678702e-06,44.06567392134402,4,31,0.12903225806451613,28980,27,97,28852
777,7,GO:0016627,,train,0.0005706962603637,0.0001230264457924,17.947804344428818,4,31,0.12903225806451613,28980,27,237,28712
778,1,GO:0016616,,train,4.1945741301188784e-58,2.112216342875576e-59,419.1760956175299,37,42,0.8809523809523809,28980,5,502,28436
778,2,GO:0016614,,train,2.277533024087612e-56,1.1815657455720072e-57,373.6341637010676,37,42,0.8809523809523809,28980,5,562,28376
778,3,GO:0050661,,train,3.5682192392237674e-32,3.090846966747131e-33,115.07445255474452,22,42,0.5238095238095238,28980,20,274,28664
778,4,GO:0015926,,train,5.768061140426831e-07,9.757902887179585e-08,53.43391336542022,5,42,0.11904761904761904,28980,37,73,28865
778,5,GO:0004553,,train,5.848180291493606e-06,1.056156999650177e-06,8.98156474820144,10,42,0.23809523809523808,28980,32,973,27965
778,6,GO:0016798,,train,3.1912025945462394e-05,6.079148862622432e-06,7.312394603709949,10,42,0.23809523809523808,28980,32,1186,27752
778,7,GO:0030145,,train,0.0042987107708493,0.0010367427066351,16.535017221584386,3,42,0.07142857142857142,28980,39,134,28804
778,8,GO:0008422,,train,0.0090679856422955,0.002309431618892,30.735106382978724,2,42,0.047619047619047616,28980,40,47,28891
779,1,GO:0003735,,train,2.603361790814418e-242,5.643400782736237e-245,466.95513818606463,171,185,0.9243243243243243,28980,14,734,28061
779,2,GO:0005198,,train,1.0333874501660065e-212,3.48125367692213e-215,325.57343707343705,173,185,0.9351351351351351,28980,12,1221,27574
779,3,GO:0019843,,train,2.4303006128861672e-42,1.6986546159142266e-43,29.66148782730749,43,185,0.23243243243243245,28980,142,291,28504
779,4,GO:0003723,,train,3.4413494677696503e-32,2.97893419962484e-33,9.092308254543369,64,185,0.34594594594594597,28980,121,1583,27212
779,5,GO:0000049,,train,6.992798418987899e-08,1.1229610373756236e-08,13.76998799519808,10,185,0.05405405405405406,28980,175,119,28676
779,6,GO:0017056,,train,0.0488096488987526,0.0146956549017599,11.644606354988868,2,185,0.010810810810810811,28980,183,27,28768
780,1,GO:0038023,,train,2.3297839841546924e-06,4.099660893698109e-07,5.165109034267913,16,152,0.10526315789473684,28980,136,642,28186
780,2,GO:0060089,,train,3.3603949928660426e-06,5.969310494987751e-07,5.013259766841684,16,152,0.10526315789473684,28980,136,661,28167
780,3,GO:0017056,,train,7.88661109484746e-05,1.5599026895277866e-05,31.138378378378377,4,152,0.02631578947368421,28980,148,25,28803
780,4,GO:0004888,,train,0.0005691366285806,0.0001226402155971,4.618124451094558,10,152,0.06578947368421052,28980,142,433,28395
781,1,GO:0050145,,train,8.507265628148976e-170,5.781661029764076e-172,34927.31578947369,69,126,0.5476190476190477,28980,57,1,28853
781,2,GO:0016301,,train,1.5925196070089618e-167,1.1102899096819665e-169,1093.241610738255,123,126,0.9761904761904762,28980,3,1043,27811
781,3,GO:0019205,,train,3.588140504235325e-156,2.901036351082256e-158,767.0266393442623,78,126,0.6190476190476191,28980,48,61,28793
781,4,GO:0016772,,train,6.9311257673369005e-143,6.842397936527918e-145,656.5318396226415,123,126,0.9761904761904762,28980,3,1696,27158
781,5,GO:0005524,,train,1.0553217977816871e-120,1.5920869609443383e-122,269.68333333333334,121,126,0.9603174603174603,28980,5,2376,26478
781,6,GO:0032559,,train,6.111980125081414e-120,9.328123869020172e-122,265.2970149253732,121,126,0.9603174603174603,28980,5,2412,26442
781,7,GO:0030554,,train,7.398404541533509e-120,1.1334814351647843e-121,264.8177152317881,121,126,0.9603174603174603,28980,5,2416,26438
781,8,GO:0016776,,train,1.57349953721604e-118,2.4752299601166286e-120,247.02836363636365,71,126,0.5634920634920635,28980,55,150,28704
781,9,GO:0035639,,train,2.1609263957934923e-112,3.79809543157306e-114,225.2700964630225,121,126,0.9603174603174603,28980,5,2799,26055
781,10,GO:0032555,,train,2.858724506581744e-111,5.242292940563528e-113,219.77861635220123,121,126,0.9603174603174603,28980,5,2862,25992
783,1,GO:0008658,,train,6.931412496473631e-73,2.6213356571894004e-74,inf,26,26,1.0,28980,0,30,28924
783,2,GO:0008144,,train,2.6682135912789073e-66,1.1450721830341268e-67,inf,26,26,1.0,28980,0,64,28890
783,3,GO:0033293,,train,1.622384076222526e-61,7.661139323522019e-63,inf,26,26,1.0,28980,0,105,28849
783,4,GO:1901681,,train,1.3247468635897773e-56,6.845515034632121e-58,inf,26,26,1.0,28980,0,170,28784
783,5,GO:0033218,,train,1.0095940435717956e-55,5.296841937009948e-57,inf,26,26,1.0,28980,0,185,28769
783,6,GO:0031406,,train,3.0188175326417115e-54,1.6439586938456635e-55,inf,26,26,1.0,28980,0,213,28741
783,7,GO:0043177,,train,1.4181581407186842e-53,7.830881727318508e-55,inf,26,26,1.0,28980,0,227,28727
783,8,GO:0004185,,train,1.6632345973167707e-09,2.488737242023044e-10,196.7278911564626,5,26,0.19230769230769232,28980,21,35,28919
783,9,GO:0070008,,train,1.0155379993630776e-08,1.5674692324000514e-09,132.33516483516485,5,26,0.19230769230769232,28980,21,52,28902
783,10,GO:0004180,,train,7.075053570096659e-08,1.1369992643041352e-08,87.0253164556962,5,26,0.19230769230769232,28980,21,79,28875
784,1,GO:0004812,,train,1.8552701624742227e-84,5.668473443655313e-86,6574.628571428571,40,41,0.975609756097561,28980,1,175,28764
784,2,GO:0016875,,train,2.272487659634186e-84,6.956526948231316e-86,6537.045454545455,40,41,0.975609756097561,28980,1,176,28763
784,3,GO:0140101,,train,4.244422863530084e-73,1.5989477114273918e-74,3202.464985994398,40,41,0.975609756097561,28980,1,357,28582
784,4,GO:0016874,,train,1.030516318262375e-65,4.476830711495157e-67,2030.7692307692307,40,41,0.975609756097561,28980,1,559,28380
784,5,GO:0140098,,train,3.427225378454743e-57,1.7519138428694752e-58,1204.6881720430108,40,41,0.975609756097561,28980,1,930,28009
784,6,GO:0005524,,train,2.415903640975661e-43,1.6482525060293273e-44,inf,41,41,1.0,28980,0,2456,26483
784,7,GO:0032559,,train,4.331791537240398e-43,2.9782097834909965e-44,inf,41,41,1.0,28980,0,2492,26447
784,8,GO:0030554,,train,4.619745524039776e-43,3.1788915944486733e-44,inf,41,41,1.0,28980,0,2496,26443
784,9,GO:0035639,,train,1.460855357111251e-40,1.0578652027943323e-41,inf,41,41,1.0,28980,0,2879,26060
784,10,GO:0032555,,train,3.504821716094204e-40,2.553385361316544e-41,inf,41,41,1.0,28980,0,2942,25997
785,1,GO:0004364,,train,3.926722025880515e-199,1.633402254665123e-201,14253.884615384615,77,89,0.8651685393258427,28980,12,13,28878
785,2,GO:0016765,,train,2.51110056100191e-137,2.736413301381816e-139,703.8665389527458,77,89,0.8651685393258427,28980,12,261,28630
785,3,GO:0072341,,train,1.1276408597623785e-18,1.2820031569082785e-19,104.55330715795832,12,89,0.1348314606741573,28980,77,43,28848
785,4,GO:0042277,,train,5.1927203581307714e-17,6.119551806181005e-18,72.46501885211562,12,89,0.1348314606741573,28980,77,62,28829
785,5,GO:1901681,,train,7.1695736790313655e-12,9.82910180093939e-13,24.31422924901186,12,89,0.1348314606741573,28980,77,184,28707
785,6,GO:0033218,,train,1.6930183340126663e-11,2.352778210316105e-12,22.469751354173464,12,89,0.1348314606741573,28980,77,199,28692
785,7,GO:0016209,,train,1.2342666803239398e-07,2.00920407257818e-08,11.1453228212231,11,89,0.12359550561797752,28980,78,361,28530
785,8,GO:0004601,,train,1.0559975127408197e-06,1.813047843153746e-07,14.919298245614035,8,89,0.0898876404494382,28980,81,190,28701
785,9,GO:0016684,,train,2.223266534340657e-06,3.908317213749973e-07,13.424609443566789,8,89,0.0898876404494382,28980,81,211,28680
785,10,GO:0016859,,train,0.0029072015755043,0.0006829202751843,10.82955294117647,4,89,0.0449438202247191,28980,85,125,28766
786,1,GO:0008017,,train,7.18718503587482e-15,8.990034303888883e-16,36.44434697855751,13,127,0.10236220472440945,28980,114,90,28763
786,2,GO:0015631,,train,2.447286272132585e-14,3.1084844233432603e-15,32.78850877192983,13,127,0.10236220472440945,28980,114,100,28753
786,3,GO:0008092,,train,5.59797896597625e-14,7.171093540209785e-15,13.692901234567902,19,127,0.14960629921259844,28980,108,366,28487
786,4,GO:0051020,,train,7.427571639060429e-12,1.018933063412719e-12,20.07157464212679,13,127,0.10236220472440945,28980,114,163,28690
786,5,GO:0019899,,train,9.181377301042989e-12,1.2635589114538464e-12,13.228817241678978,16,127,0.12598425196850394,28980,111,311,28542
786,6,GO:0098772,,train,1.952955829543666e-07,3.216310066407268e-08,5.596308088259765,18,127,0.14173228346456693,28980,109,827,28026
786,7,GO:0060589,,train,1.13877783296627e-06,1.9601776800860658e-07,19.287547892720305,7,127,0.05511811023622047,28980,120,87,28766
786,8,GO:0060090,,train,2.180443367027314e-06,3.8292052568558316e-07,24.61812482188658,6,127,0.047244094488188976,28980,121,58,28795
786,9,GO:0030674,,train,9.658402854414476e-06,1.7722774549624244e-06,28.80047980807677,5,127,0.03937007874015748,28980,122,41,28812
786,10,GO:0005085,,train,1.0693178771373589e-05,1.9668532532283083e-06,13.4064,7,127,0.05511811023622047,28980,120,125,28728
787,1,GO:0003677,,train,2.17637397469208e-68,8.951076721644201e-70,167.65182111572153,68,73,0.9315068493150684,28980,5,2169,26738
787,2,GO:0003700,,train,2.9953808127078477e-34,2.488472913507179e-35,38.59363636363637,33,73,0.4520547945205479,28980,40,605,28302
787,3,GO:0140110,,train,2.521639894935789e-32,2.177635530442249e-33,33.34158309455587,33,73,0.4520547945205479,28980,40,698,28209
787,4,GO:0043565,,train,5.379520858222015e-08,8.596328406597268e-09,14.500735331406258,10,73,0.136986301369863,28980,63,313,28594
787,5,GO:0000976,,train,2.4688593444381623e-05,4.65971255711254e-06,41.83623188405797,4,73,0.0547945205479452,28980,69,40,28867
787,6,GO:0001067,,train,2.4688593444381623e-05,4.65971255711254e-06,41.83623188405797,4,73,0.0547945205479452,28980,69,40,28867
787,7,GO:1990837,,train,0.0001402382408605,2.829659908742493e-05,25.723076923076924,4,73,0.0547945205479452,28980,69,65,28842
787,8,GO:0003690,,train,0.0010963049397256,0.0002440729279642,14.38830584707646,4,73,0.0547945205479452,28980,69,116,28791
787,9,GO:1901681,,train,0.0448961251174741,0.0133976865738556,6.376165803108808,3,73,0.0410958904109589,28980,70,193,28714
788,1,GO:0003712,,train,0.002716241870961,0.0006355164139603,19.539972899729,3,57,0.05263157894736842,28980,54,82,28841
788,2,GO:0051087,,train,0.0052901815798343,0.0012925976083838,42.03345454545455,2,57,0.03508771929824561,28980,55,25,28898
788,3,GO:0140110,,train,0.047724056183172,0.0143338532397709,3.7345041322314048,5,57,0.08771929824561403,28980,52,726,28197
789,1,GO:0004553,,train,4.57278412245753e-119,7.099556448728626e-121,662.4178730512249,85,89,0.9550561797752809,28980,4,898,27993
789,2,GO:0016798,,train,2.633999230346909e-114,4.4058164470459767e-116,717.4672672672673,86,89,0.9662921348314607,28980,3,1110,27781
789,3,GO:0015929,,train,2.10397710529285e-25,2.0665656718654035e-26,224.5211111111111,14,89,0.15730337078651685,28980,75,24,28867
789,4,GO:0015925,,train,7.788712278907535e-20,8.613055878629038e-21,136.28335301062577,12,89,0.1348314606741573,28980,77,33,28858
789,5,GO:0030246,,train,1.3512562543656431e-16,1.612229171875462e-17,22.493307672119677,18,89,0.20224719101123595,28980,71,322,28569
789,6,GO:0015926,,train,0.0072145752812298,0.0018035909848556,13.40279069767442,3,89,0.033707865168539325,28980,86,75,28816
790,1,GO:0090729,,train,0.000795136076084,0.0001738552207836,10.605623381428044,5,58,0.08620689655172414,28980,53,255,28667
790,2,GO:0005198,,train,0.0229200311044425,0.0063388116605748,3.1787590187590187,8,58,0.13793103448275862,28980,50,1386,27536
791,1,GO:0005525,,train,1.5102485167636896e-74,5.485860388396681e-76,inf,41,41,1.0,28980,0,402,28537
791,2,GO:0032550,,train,1.8268643146948133e-74,6.65734893950947e-76,inf,41,41,1.0,28980,0,404,28535
791,3,GO:0001883,,train,2.6766484024353364e-74,9.777603649520652e-76,inf,41,41,1.0,28980,0,408,28531
791,4,GO:0032549,,train,3.234277154984133e-74,1.183353008927317e-75,inf,41,41,1.0,28980,0,410,28529
791,5,GO:0001882,,train,8.18397864704809e-74,3.032701464251643e-75,inf,41,41,1.0,28980,0,420,28519
791,6,GO:0032561,,train,2.4258814755853703e-73,9.12450366069548e-75,inf,41,41,1.0,28980,0,432,28507
791,7,GO:0019001,,train,2.904195175723461e-73,1.0932099483858122e-74,inf,41,41,1.0,28980,0,434,28505
791,8,GO:0003924,,train,3.769233505871075e-56,1.9664894026881052e-57,409.6742525658189,32,41,0.7804878048780488,28980,9,249,28690
791,9,GO:0017111,,train,1.4234735390792424e-41,1.0107800505984956e-42,133.27186761229314,32,41,0.7804878048780488,28980,9,752,28187
791,10,GO:0035639,,train,1.460855357111251e-40,1.0578652027943323e-41,inf,41,41,1.0,28980,0,2879,26060
792,1,GO:0004867,,train,2.676395003343518e-143,2.626453191903444e-145,1487.984126984127,65,100,0.65,28980,35,36,28844
792,2,GO:0004866,,train,1.0461815616886439e-136,1.1523105931831447e-138,628.8571428571429,71,100,0.71,28980,29,112,28768
792,3,GO:0061135,,train,2.7156566420203038e-136,3.038875229960911e-138,617.7816091954023,71,100,0.71,28980,29,114,28766
792,4,GO:0030414,,train,4.342447010539682e-136,4.910169452700345e-138,612.3883058470765,71,100,0.71,28980,29,115,28765
792,5,GO:0061134,,train,2.806994314138204e-135,3.23975674420849e-137,591.7215299913069,71,100,0.71,28980,29,119,28761
792,6,GO:0004857,,train,3.6295349167171913e-122,5.326762730396089e-124,349.32389775261623,71,100,0.71,28980,29,201,28679
792,7,GO:0030234,,train,1.8910764801644068e-103,4.093814684481637e-105,168.93632464533158,72,100,0.72,28980,28,433,28447
792,8,GO:0098772,,train,1.2249452898321752e-88,3.5093783679171206e-90,98.4400307042794,73,100,0.73,28980,27,772,28108
792,9,GO:0090729,,train,1.8416110209814796e-05,3.4418602436833463e-06,9.878536922015185,8,100,0.08,28980,92,252,28628
793,1,GO:0005216,,train,2.105946475914693e-62,9.80887276768422e-64,inf,33,33,1.0,28980,0,340,28607
793,2,GO:0015267,,train,1.716704662656312e-59,8.393180660202667e-61,inf,33,33,1.0,28980,0,421,28526
793,3,GO:0022803,,train,1.716704662656312e-59,8.393180660202667e-61,inf,33,33,1.0,28980,0,421,28526
793,4,GO:0005230,,train,9.311016306806281e-59,4.6477346535424616e-60,1510.61569416499,26,33,0.7878787878787878,28980,7,71,28876
793,5,GO:0004888,,train,1.6041203066561036e-56,8.307949445375958e-58,2221.78102189781,32,33,0.9696969696969697,28980,1,411,28536
793,6,GO:0015318,,train,1.951447014727981e-56,1.01125165335378e-57,inf,33,33,1.0,28980,0,526,28421
793,7,GO:0015075,,train,6.74852317169093e-56,3.538640324963167e-57,inf,33,33,1.0,28980,0,547,28400
793,8,GO:0015276,,train,1.958805412149632e-55,1.037443297643769e-56,1071.46,26,33,0.7878787878787878,28980,7,100,28847
793,9,GO:0022834,,train,2.4583978326092574e-55,1.3042032032268114e-56,1060.8147100424328,26,33,0.7878787878787878,28980,7,101,28846
793,10,GO:0038023,,train,6.520136493965757e-51,3.802792207717672e-52,1447.7188498402556,32,33,0.9696969696969697,28980,1,626,28321
794,1,GO:0004812,,train,7.761620720383295e-52,4.438200089693937e-53,478.4123588829471,28,37,0.7567567567567568,28980,9,187,28756
794,2,GO:0016875,,train,8.896682712993018e-52,5.097668625425299e-53,475.8510638297872,28,37,0.7567567567567568,28980,9,188,28755
794,3,GO:0140101,,train,1.972425754017116e-51,1.1388379650138373e-52,403.4093806921676,31,37,0.8378378378378378,28980,6,366,28577
794,4,GO:0016874,,train,3.2847486469078755e-41,2.351678733644681e-42,180.4423245614035,29,37,0.7837837837837838,28980,8,570,28373
794,5,GO:0140098,,train,2.977628007661964e-39,2.211174678332331e-40,154.0866169684061,31,37,0.8378378378378378,28980,6,939,28004
794,6,GO:0005524,,train,2.1367553128341352e-20,2.3278533580660712e-21,28.938097165991906,27,37,0.7297297297297297,28980,10,2470,26473
794,7,GO:0032559,,train,3.0970034455790354e-20,3.38849572875112e-21,28.483599361532324,27,37,0.7297297297297297,28980,10,2506,26437
794,8,GO:0030554,,train,3.2243650465416807e-20,3.531622845891363e-21,28.43390438247012,27,37,0.7297297297297297,28980,10,2510,26433
794,9,GO:0035639,,train,1.2241684278965503e-18,1.3924615535994094e-19,24.312132734185965,27,37,0.7297297297297297,28980,10,2893,26050
794,10,GO:0032555,,train,2.122391826717242e-18,2.427224914756456e-19,23.736434370771317,27,37,0.7297297297297297,28980,10,2956,25987
795,1,GO:0005507,,train,1.1616420805200031e-70,4.556459987158464e-72,inf,31,31,1.0,28980,0,129,28820
795,2,GO:0046914,,train,7.550434573700611e-37,5.936481353315299e-38,inf,31,31,1.0,28980,0,1808,27141
795,3,GO:0016679,,train,3.968876818270034e-26,3.8483118810890856e-27,379.4161616161616,13,31,0.41935483870967744,28980,18,55,28894
796,1,GO:0003677,,train,1.5278477582991904e-172,9.891154893052143e-175,1016.1322751322753,158,160,0.9875,28980,2,2079,26741
796,2,GO:0003700,,train,0.0010522002099363,0.0002339455603426,3.6517571884984026,12,160,0.075,28980,148,626,28194
796,3,GO:0140110,,train,0.0033090448568565,0.0007828410892572,3.168928316355298,12,160,0.075,28980,148,719,28101
796,4,GO:0000976,,train,0.0073961982476094,0.0018526786541086,13.412614572005593,3,160,0.01875,28980,157,41,28779
796,5,GO:0001067,,train,0.0073961982476094,0.0018526786541086,13.412614572005593,3,160,0.01875,28980,157,41,28779
796,6,GO:1990837,,train,0.0238554010446839,0.0066289461379111,8.32484076433121,3,160,0.01875,28980,157,66,28754
797,1,GO:0044877,,train,1.0111048538089976e-11,1.393279207990604e-12,20.041433189655173,13,77,0.16883116883116883,28980,64,290,28613
797,2,GO:0032182,,train,0.0001155530491448,2.3173570449816443e-05,65.05630630630631,3,77,0.03896103896103896,28980,74,18,28885
797,3,GO:0030234,,train,0.000283107354403,5.903978838196812e-05,6.626658501735048,8,77,0.1038961038961039,28980,69,497,28406
797,4,GO:0017069,,train,0.0030369265646014,0.0007154396529432,59.261538461538464,2,77,0.025974025974025976,28980,75,13,28890
797,5,GO:0043021,,train,0.00506777706256,0.0012335049832384,15.377133712660028,3,77,0.03896103896103896,28980,74,76,28827
797,6,GO:0098772,,train,0.0072188445727671,0.0018050812102159,3.88772877599432,8,77,0.1038961038961039,28980,69,837,28066
797,7,GO:0051015,,train,0.0102474674550073,0.0026356377026383,11.676891891891891,3,77,0.03896103896103896,28980,74,100,28803
797,8,GO:0003743,,train,0.0127067004088586,0.0033392450821065,10.70939747086536,3,77,0.03896103896103896,28980,74,109,28794
797,9,GO:0061630,,train,0.017064239567212,0.0046043504307229,21.382962962962964,2,77,0.025974025974025976,28980,75,36,28867
797,10,GO:0061659,,train,0.017064239567212,0.0046043504307229,21.382962962962964,2,77,0.025974025974025976,28980,75,36,28867
798,1,GO:0008168,,train,1.1095008926111738e-37,8.564123537599797e-39,118.6821983273596,28,40,0.7,28980,12,558,28382
798,2,GO:0016741,,train,1.505242368445611e-35,1.218762605496578e-36,98.45273631840796,28,40,0.7,28980,12,670,28270
798,3,GO:0008757,,train,8.728628388160665e-18,1.009224485106194e-18,57.17663817663818,14,40,0.35,28980,26,270,28670
798,4,GO:0008170,,train,1.0756728377975986e-10,1.5440129200598275e-11,54.97900763358778,8,40,0.2,28980,32,131,28809
798,5,GO:0016645,,train,3.3799544703021603e-09,5.117902761517377e-10,49.69672333086967,7,40,0.175,28980,33,123,28817
798,6,GO:0008173,,train,1.4111730916633276e-08,2.1921817690747948e-09,39.910675381263616,7,40,0.175,28980,33,153,28787
798,7,GO:0016646,,train,1.451752151249021e-06,2.514210012064392e-07,43.83890577507599,5,40,0.125,28980,35,94,28846
798,8,GO:0140098,,train,0.000220398989512,4.542012746338067e-05,7.270790020790021,8,40,0.2,28980,32,962,27978
798,9,GO:0042054,,train,0.0002910287681413,6.0802565380198935e-05,45.04365904365904,3,40,0.075,28980,37,52,28888
798,10,GO:0008175,,train,0.0004299294538863,9.133340362608744e-05,39.02702702702703,3,40,0.075,28980,37,60,28880
800,1,GO:0004112,,train,3.887005495451997e-87,1.1340942301520896e-88,54249.375,30,31,0.967741935483871,28980,1,16,28933
800,2,GO:0008081,,train,3.412459077488228e-72,1.3085241621794801e-73,10691.851851851852,30,31,0.967741935483871,28980,1,81,28868
800,3,GO:0042578,,train,1.2556283699645113e-51,7.21295729999826e-53,1870.3719912472648,30,31,0.967741935483871,28980,1,457,28492
800,4,GO:0016788,,train,3.818964374661917e-36,3.0507413802334845e-37,528.8610038610038,30,31,0.967741935483871,28980,1,1554,27395
800,5,GO:0030695,,train,0.0097108856943097,0.0024845439158127,29.72928461142563,2,31,0.06451612903225806,28980,29,67,28882
800,6,GO:0060589,,train,0.0168955167456164,0.004552885682483,21.63193403298351,2,31,0.06451612903225806,28980,29,92,28857
802,1,GO:0003779,,train,1.5728014013035795e-104,3.3218789300169337e-106,7854.098360655737,50,51,0.9803921568627451,28980,1,183,28746
802,2,GO:0008092,,train,1.0659492842802881e-92,2.779080947386871e-94,4267.761194029851,50,51,0.9803921568627451,28980,1,335,28594
802,3,GO:0044877,,train,7.966349798798276e-10,1.1777885413051794e-10,23.83750936485474,10,51,0.19607843137254902,28980,41,293,28636
802,4,GO:0051015,,train,3.9022180632241025e-09,5.931572642607688e-10,47.78196022727273,7,51,0.13725490196078433,28980,44,96,28833
802,5,GO:0005543,,train,3.202454863803853e-07,5.329450766402932e-08,35.25382262996942,6,51,0.11764705882352941,28980,45,109,28820
802,6,GO:0008289,,train,6.680720735345013e-06,1.2092501808505972e-06,14.930551415797318,7,51,0.13725490196078433,28980,44,305,28624
802,7,GO:0035091,,train,2.643502694974851e-05,4.999141318995098e-06,40.94893617021277,4,51,0.0784313725490196,28980,47,60,28869
802,8,GO:0008083,,train,0.0398674564885862,0.0117288826058198,12.9347387306571,2,51,0.0392156862745098,28980,49,91,28838
803,1,GO:0016747,,train,4.659637603613663e-104,9.95071568396274e-106,4013.267303102625,59,60,0.9833333333333333,28980,1,419,28501
803,2,GO:0016746,,train,1.1165595777765648e-97,2.6918842678328877e-99,3060.3418647166363,59,60,0.9833333333333333,28980,1,547,28373
803,3,GO:0004312,,train,2.3504683045962896e-25,2.3100510185196568e-26,97.3267740011926,17,60,0.2833333333333333,28980,43,117,28803
804,1,GO:0003968,,train,5.884583486753052e-76,2.0858148106076084e-77,inf,28,28,1.0,28980,0,39,28913
804,2,GO:0034062,,train,4.7778973508955587e-63,2.189012349298607e-64,inf,28,28,1.0,28980,0,140,28812
804,3,GO:0097747,,train,4.7778973508955587e-63,2.189012349298607e-64,inf,28,28,1.0,28980,0,140,28812
804,4,GO:0016779,,train,1.864208254624114e-49,1.1244118687263236e-50,inf,28,28,1.0,28980,0,462,28490
804,5,GO:0140098,,train,4.672394383266204e-41,3.3547290720876084e-42,inf,28,28,1.0,28980,0,942,28010
804,6,GO:0016772,,train,2.1152065809690632e-33,1.7845138568681786e-34,inf,28,28,1.0,28980,0,1791,27161
804,7,GO:0003723,,train,1.9419195893729576e-18,2.217987661178534e-19,41.98678549477566,20,28,0.7142857142857143,28980,8,1627,27325
804,8,GO:0005524,,train,7.355058229122505e-06,1.3351875046393112e-06,7.988028169014084,12,28,0.42857142857142855,28980,16,2485,26467
804,9,GO:0032559,,train,8.520344412737235e-06,1.5549622313429114e-06,7.863248710829036,12,28,0.42857142857142855,28980,16,2521,26431
804,10,GO:0030554,,train,8.659282796275905e-06,1.581271760940192e-06,7.849603960396039,12,28,0.42857142857142855,28980,16,2525,26427
805,1,GO:0016884,,train,6.106045479805721e-70,2.427250114566706e-71,1927.1333333333332,29,44,0.6590909090909091,28980,15,29,28907
805,2,GO:0016879,,train,4.181220056116325e-56,2.187555737242217e-57,351.2905198776758,32,44,0.7272727272727273,28980,12,218,28718
805,3,GO:0016874,,train,9.53098876782222e-55,5.123286870244536e-56,266.862735129639,37,44,0.8409090909090909,28980,7,562,28374
805,4,GO:0005524,,train,1.565890374609363e-46,1.0064046289635709e-47,inf,44,44,1.0,28980,0,2453,26483
805,5,GO:0032559,,train,2.943619811305361e-46,1.8996380596729972e-47,inf,44,44,1.0,28980,0,2489,26447
805,6,GO:0030554,,train,3.1514090705504147e-46,2.0374256140565266e-47,inf,44,44,1.0,28980,0,2493,26443
805,7,GO:0035639,,train,1.5279160981639125e-43,1.0406318446937625e-44,inf,44,44,1.0,28980,0,2876,26060
805,8,GO:0032555,,train,3.911929158151947e-43,2.680376805494743e-44,inf,44,44,1.0,28980,0,2939,25997
805,9,GO:0017076,,train,4.26353167412278e-43,2.930030555553224e-44,inf,44,44,1.0,28980,0,2945,25991
805,10,GO:0032553,,train,4.837021320431532e-42,3.3992483662053625e-43,inf,44,44,1.0,28980,0,3115,25821
806,1,GO:0005198,,train,6.333121924011193e-10,9.320562599593472e-11,4.903764582756179,29,148,0.19594594594594594,28980,119,1365,27467
806,2,GO:0016831,,train,0.0429230682522178,0.012725909534543,3.769230769230769,5,148,0.033783783783783786,28980,143,265,28567
807,1,GO:0019239,,train,1.550718695379486e-21,1.645796008249078e-22,102.94390617032128,14,67,0.208955223880597,28980,53,74,28839
807,2,GO:0016814,,train,1.3689469310508563e-20,1.4853617578030793e-21,86.52444253859348,14,67,0.208955223880597,28980,53,88,28825
807,3,GO:0016810,,train,1.0212082561410826e-09,1.5151946033203225e-10,12.154379506059213,14,67,0.208955223880597,28980,53,615,28298
807,4,GO:0003723,,train,2.1962628890537e-08,3.4420149563339756e-09,6.634098587223587,19,67,0.2835820895522388,28980,48,1628,27285
807,5,GO:0003677,,train,0.000187255802738,3.828275030931336e-05,3.770356048767999,16,67,0.23880597014925373,28980,51,2221,26692
807,6,GO:0003729,,train,0.007652647273617,0.0019222969321049,13.111347087378642,3,67,0.04477611940298507,28980,64,103,28810
808,1,GO:0030170,,train,1.776675822133632e-90,4.8818640219156554e-92,148.0836869801392,61,104,0.5865384615384616,28980,43,274,28602
808,2,GO:0070279,,train,1.776675822133632e-90,4.8818640219156554e-92,148.0836869801392,61,104,0.5865384615384616,28980,43,274,28602
808,3,GO:0019842,,train,2.380774216640682e-79,7.866869720159034e-81,92.53467036483892,61,104,0.5865384615384616,28980,43,436,28440
808,4,GO:0008483,,train,3.725425340979108e-42,2.6104278101830936e-43,69.68548876745598,32,104,0.3076923076923077,28980,72,183,28693
808,5,GO:0016769,,train,5.938895478240783e-42,4.1822962561709694e-43,68.55436081242533,32,104,0.3076923076923077,28980,72,186,28690
808,6,GO:0016846,,train,2.927473674340538e-20,3.2012945561453057e-21,108.41353383458646,13,104,0.125,28980,91,38,28838
808,7,GO:0016829,,train,2.7850542934695965e-19,3.118164311345694e-20,10.682420102007391,33,104,0.3173076923076923,28980,71,1204,27672
808,8,GO:0016742,,train,1.15684478994968e-18,1.315543684150528e-19,77.6900269541779,13,104,0.125,28980,91,53,28823
808,9,GO:0016783,,train,4.35747031911003e-17,5.126285497128008e-18,103.3799283154122,11,104,0.10576923076923077,28980,93,33,28843
808,10,GO:0016782,,train,9.385806420556982e-13,1.2490763268181262e-13,36.60689097005434,11,104,0.10576923076923077,28980,93,93,28783
809,1,GO:0140097,,train,1.2124752169497694e-19,1.347194685499744e-20,668.2426614481409,12,13,0.9230769230769231,28980,1,511,28456
809,2,GO:0016874,,train,2.810325105060541e-14,3.574547150063822e-15,160.59988681380872,10,13,0.7692307692307693,28980,3,589,28378
809,3,GO:0003677,,train,0.0082098466559461,0.0020738057742105,7.4862791218638,5,13,0.38461538461538464,28980,8,2232,26735
810,1,GO:0016638,,train,9.466783555688423e-10,1.402948648335464e-10,103.5304659498208,6,33,0.18181818181818182,28980,27,62,28885
810,2,GO:0016866,,train,8.334657487336769e-08,1.344063317449949e-08,46.391304347826086,6,33,0.18181818181818182,28980,27,138,28809
810,3,GO:0016627,,train,1.6391874705715975e-06,2.852263987812429e-07,27.150827423167847,6,33,0.18181818181818182,28980,27,235,28712
810,4,GO:0016645,,train,7.265784530556809e-05,1.4300848422770366e-05,31.55008210180624,4,33,0.12121212121212122,28980,29,126,28821
810,5,GO:0050660,,train,0.0002353052188013,4.865056197967728e-05,14.548229548229548,5,33,0.15151515151515152,28980,28,351,28596
810,6,GO:0030695,,train,0.0003191096669657,6.695909261140842e-05,43.75909090909091,3,33,0.09090909090909091,28980,30,66,28881
810,7,GO:0060589,,train,0.0007695771041837,0.0001680188111867,31.70989010989011,3,33,0.09090909090909091,28980,30,91,28856
810,8,GO:0017137,,train,0.0015078018259571,0.0003416482738312,84.82404692082112,2,33,0.06060606060606061,28980,31,22,28925
810,9,GO:0016853,,train,0.0018687510469011,0.0004283067695156,7.121004566210046,6,33,0.18181818181818182,28980,27,876,28071
810,10,GO:0005096,,train,0.00843096121586,0.0021355866547599,32.134593993325915,2,33,0.06060606060606061,28980,31,58,28889
811,1,GO:0004842,,train,8.106759628809075e-17,9.608328048206204e-18,887.3846153846154,8,10,0.8,28980,2,130,28840
811,2,GO:0019787,,train,1.427939704523407e-16,1.7045593625488132e-17,823.7142857142857,8,10,0.8,28980,2,140,28830
811,3,GO:0140096,,train,7.197070959255801e-07,1.2251275549765784e-07,42.20414673046252,8,10,0.8,28980,2,2508,26462
811,4,GO:0061630,,train,0.0438394203248271,0.0130374020897456,86.88588588588588,1,10,0.1,28980,9,37,28933
811,5,GO:0061659,,train,0.0438394203248271,0.0130374020897456,86.88588588588588,1,10,0.1,28980,9,37,28933
812,1,GO:0019865,,train,6.0932635984891445e-05,1.1905576999127807e-05,33.33371891266628,4,137,0.029197080291970802,28980,133,26,28817
812,2,GO:0044877,,train,0.0004748729751915,0.0001014236418584,6.001418998817501,8,137,0.058394160583941604,28980,129,295,28548
812,3,GO:0008134,,train,0.0012260566267302,0.0002744683112597,13.961193305845258,4,137,0.029197080291970802,28980,133,62,28781
812,4,GO:0017056,,train,0.0292604447693475,0.0082851878940889,15.81124828532236,2,137,0.014598540145985401,28980,135,27,28816
812,5,GO:0004721,,train,0.0365795111680451,0.010661010413957,4.898667122351333,4,137,0.029197080291970802,28980,133,176,28667
813,1,GO:0051213,,train,8.906691590318496e-31,7.900360938420015e-32,99.71445086705202,21,56,0.375,28980,35,173,28751
813,2,GO:0016829,,train,4.790994724646068e-13,6.288908621477876e-14,12.648132931616908,20,56,0.35714285714285715,28980,36,1217,27707
813,3,GO:0016846,,train,5.233913683038419e-13,6.887172353812163e-14,111.94186046511628,8,56,0.14285714285714285,28980,48,43,28881
813,4,GO:0016831,,train,1.5378678433444224e-08,2.392599266485698e-09,21.02934702861335,9,56,0.16071428571428573,28980,47,261,28663
813,5,GO:0016830,,train,1.2915423632553663e-06,2.231454685086608e-07,12.144007960953418,9,56,0.16071428571428573,28980,47,449,28475
813,6,GO:0016765,,train,0.0021336749481509,0.0004915884075111,8.417535182241064,5,56,0.08928571428571429,28980,51,333,28591
813,7,GO:0004364,,train,0.0030273914201616,0.0007127499441614,18.761873780091086,3,56,0.05357142857142857,28980,53,87,28837
813,8,GO:0008144,,train,0.0030273914201616,0.0007127499441614,18.761873780091086,3,56,0.05357142857142857,28980,53,87,28837
813,9,GO:0016813,,train,0.0141353700743105,0.0037494734751993,23.76872427983539,2,56,0.03571428571428571,28980,54,45,28879
813,10,GO:0016840,,train,0.0309548528260547,0.0088275329484618,15.05112154407929,2,56,0.03571428571428571,28980,54,71,28853
814,1,GO:0016651,,train,3.318122678678553e-05,6.328703975415549e-06,46.07234726688103,4,12,0.3333333333333333,28980,8,311,28657
814,2,GO:0051536,,train,0.0001038954529856,2.075656880692373e-05,33.822274881516584,4,12,0.3333333333333333,28980,8,422,28546
814,3,GO:0051540,,train,0.0001057581549991,2.114109762761931e-05,33.660377358490564,4,12,0.3333333333333333,28980,8,424,28544
814,4,GO:0008137,,train,0.0049542454999307,0.0012029686542146,46.52258064516129,2,12,0.16666666666666666,28980,10,124,28844
814,5,GO:0050136,,train,0.0052417840711446,0.0012796973503506,45.0625,2,12,0.16666666666666666,28980,10,128,28840
814,6,GO:0003954,,train,0.0058487414376489,0.0014400407705258,42.4,2,12,0.16666666666666666,28980,10,136,28832
814,7,GO:0016655,,train,0.0084729365663004,0.0021472119470095,34.49221556886228,2,12,0.16666666666666666,28980,10,167,28801
814,8,GO:0010181,,train,0.008940884681872,0.0022739186456927,33.48372093023256,2,12,0.16666666666666666,28980,10,172,28796
814,9,GO:0051539,,train,0.0145285483665482,0.0038614265849281,25.43539823008849,2,12,0.16666666666666666,28980,10,226,28742
814,10,GO:0051287,,train,0.0283448360715778,0.0080051722344108,17.356363636363636,2,12,0.16666666666666666,28980,10,330,28638
815,1,GO:0016861,,train,3.3873629308657706e-07,5.647093312112108e-08,9.840475445730371,11,241,0.04564315352697095,28980,230,139,28600
815,2,GO:0016860,,train,9.009736499919907e-06,1.6484991117702128e-06,6.859077998689098,11,241,0.04564315352697095,28980,230,199,28540
815,3,GO:0016830,,train,9.227856349597656e-06,1.6900301109554016e-06,4.552559074912016,16,241,0.06639004149377593,28980,225,442,28297
815,4,GO:0016903,,train,1.3972649205750034e-05,2.5888920006552703e-06,6.528604118993135,11,241,0.04564315352697095,28980,230,209,28530
815,5,GO:0016831,,train,1.6533146637303756e-05,3.079775008542478e-06,5.784706001827968,12,241,0.04979253112033195,28980,229,258,28481
815,6,GO:0016620,,train,1.985511413918865e-05,3.7224340302547775e-06,7.065924551638838,10,241,0.04149377593360996,28980,231,175,28564
815,7,GO:1901681,,train,3.258761244662885e-05,6.212619205046154e-06,6.645487129358097,10,241,0.04149377593360996,28980,231,186,28553
815,8,GO:0031369,,train,6.64514728962521e-05,1.3024776786150593e-05,34.629294755877034,4,241,0.016597510373443983,28980,237,14,28725
815,9,GO:0045296,,train,8.275722538084954e-05,1.639047370301795e-05,32.31954992967651,4,241,0.016597510373443983,28980,237,15,28724
815,10,GO:0050839,,train,0.0002855300564082,5.9578480586920985e-05,13.509416195856874,5,241,0.02074688796680498,28980,236,45,28694
816,1,GO:0005525,,train,1.3768429551950442e-98,3.2427622110226897e-100,inf,54,54,1.0,28980,0,389,28537
816,2,GO:0032550,,train,1.7795370334197497e-98,4.201619500648324e-100,inf,54,54,1.0,28980,0,391,28535
816,3,GO:0001883,,train,2.961773583943119e-98,7.02767262206382e-100,inf,54,54,1.0,28980,0,395,28531
816,4,GO:0032549,,train,3.8093396012355474e-98,9.072247402538302e-100,inf,54,54,1.0,28980,0,397,28529
816,5,GO:0001882,,train,1.3236909910826283e-97,3.195129556352596e-99,inf,54,54,1.0,28980,0,407,28519
816,6,GO:0032561,,train,5.725659969611841e-97,1.3938024532757536e-98,inf,54,54,1.0,28980,0,419,28507
816,7,GO:0019001,,train,7.281884991781807e-97,1.7747688177527206e-98,inf,54,54,1.0,28980,0,421,28505
816,8,GO:0003924,,train,5.062678138187882e-79,1.678809401068835e-80,532.6227848101266,44,54,0.8148148148148148,28980,10,237,28689
816,9,GO:0017111,,train,3.819283315632148e-63,1.7464631501601732e-64,219.6219512195122,46,54,0.8518518518518519,28980,8,738,28188
816,10,GO:0016462,,train,8.996907905130592e-60,4.3828859730591945e-61,183.25511363636363,46,54,0.8518518518518519,28980,8,880,28046
818,1,GO:0004866,,train,7.154678124756706e-86,2.1335976597247345e-87,1225.106382978723,42,49,0.8571428571428571,28980,7,141,28790
818,2,GO:0061135,,train,1.1941143674852429e-85,3.574962309429412e-87,1207.8881118881118,42,49,0.8571428571428571,28980,7,143,28788
818,3,GO:0030414,,train,1.5405241769744163e-85,4.6165633566066975e-87,1199.4583333333333,42,49,0.8571428571428571,28980,7,144,28787
818,4,GO:0061134,,train,4.189955085989903e-85,1.264215876781674e-86,1166.8783783783783,42,49,0.8571428571428571,28980,7,148,28783
818,5,GO:0004857,,train,8.32688920847203e-81,2.702695972987377e-82,898.2430858806405,43,49,0.8775510204081632,28980,6,229,28702
818,6,GO:0030234,,train,2.7879810189485122e-71,1.083765653731926e-72,543.4620390455532,44,49,0.8979591836734694,28980,5,461,28470
818,7,GO:0098772,,train,3.2600855710463966e-61,1.547100982832458e-62,309.043695380774,44,49,0.8979591836734694,28980,5,801,28130
818,8,GO:0004867,,train,6.5921988189687955e-25,6.552225032299595e-26,147.9736662106703,15,49,0.30612244897959184,28980,34,86,28845
818,9,GO:0004869,,train,9.33952764532153e-12,1.2855974574615777e-12,123.47008547008546,7,49,0.14285714285714285,28980,42,39,28892
819,1,GO:0035639,,train,2.503098377500651e-72,9.561590896273397e-74,58.48751072311652,89,103,0.8640776699029126,28980,14,2831,26046
819,2,GO:0032555,,train,1.6403997602512033e-71,6.362273435195222e-73,57.07589594234376,89,103,0.8640776699029126,28980,14,2894,25983
819,3,GO:0017076,,train,1.959160845162129e-71,7.604324105339723e-73,56.9446551724138,89,103,0.8640776699029126,28980,14,2900,25977
819,4,GO:0032553,,train,2.5444372861552943e-69,1.0256161073760684e-70,53.43934388087482,89,103,0.8640776699029126,28980,14,3070,25807
819,5,GO:0097367,,train,2.808134108908612e-67,1.1787960799326364e-68,50.23201074511186,89,103,0.8640776699029126,28980,14,3244,25633
819,6,GO:0005524,,train,8.916052547201178e-65,3.9621676521382043e-66,40.32474789283564,81,103,0.7864077669902912,28980,22,2416,26461
819,7,GO:0032559,,train,2.80134079580441e-64,1.249799933213263e-65,39.67864822779178,81,103,0.7864077669902912,28980,22,2452,26425
819,8,GO:0030554,,train,3.1772922121638435e-64,1.4184589540198897e-65,39.60802857565887,81,103,0.7864077669902912,28980,22,2456,26421
819,9,GO:0017111,,train,2.802471186414721e-16,3.377381275715547e-17,11.873754265058611,25,103,0.24271844660194175,28980,78,759,28118
819,10,GO:0016887,,train,9.825024895676337e-16,1.2001744094375694e-16,17.668884540117418,19,103,0.18446601941747573,28980,84,365,28512
820,1,GO:0010181,,train,1.8362767616827923e-73,6.853023389237125e-75,1073.254658385093,36,43,0.8372093023255814,28980,7,138,28799
820,2,GO:0016651,,train,1.4796224252451162e-39,1.0935604707189935e-40,151.60757174842254,26,43,0.6046511627906976,28980,17,289,28648
820,3,GO:0032553,,train,2.923045962790183e-27,2.7657493217952048e-28,42.50967476327707,36,43,0.8372093023255814,28980,7,3123,25814
820,4,GO:0097367,,train,1.9087937894483904e-26,1.8396260852697087e-27,39.99480046795789,36,43,0.8372093023255814,28980,7,3297,25640
820,5,GO:0016655,,train,1.992628458825269e-24,2.0009755856850403e-25,111.48487049140644,16,43,0.37209302325581395,28980,27,153,28784
820,6,GO:0009055,,train,2.483193933237684e-21,2.6470816776670275e-22,40.24580846831486,20,43,0.46511627906976744,28980,23,612,28325
820,7,GO:0016661,,train,4.0442400651195966e-21,4.331294981421113e-22,180.28095733610823,12,43,0.27906976744186046,28980,31,62,28875
820,8,GO:0016646,,train,2.0802261092963702e-06,3.648332810837909e-07,40.37374020156775,5,43,0.11627906976744186,28980,38,94,28843
820,9,GO:0016645,,train,7.762636357447681e-06,1.4114504458703974e-06,30.32842105263158,5,43,0.11627906976744186,28980,38,125,28812
820,10,GO:0050661,,train,0.033419757207054,0.0096293386029406,7.332081911262799,3,43,0.06976744186046512,28980,40,293,28644
821,1,GO:0090729,,train,1.3676810008024288e-138,1.4623533564545403e-140,646.4414414414415,75,93,0.8064516129032258,28980,18,185,28702
821,2,GO:0008200,,train,2.874343689922585e-72,1.0996551715261726e-73,13088.96875,29,93,0.3118279569892473,28980,64,1,28886
821,3,GO:0016248,,train,2.874343689922585e-72,1.0996551715261726e-73,13088.96875,29,93,0.3118279569892473,28980,64,1,28886
821,4,GO:0099106,,train,1.3475435703910601e-65,5.873816775762069e-67,1453.9270833333333,29,93,0.3118279569892473,28980,64,9,28878
821,5,GO:0016247,,train,6.289032760781476e-64,2.827918471980422e-65,1090.33203125,29,93,0.3118279569892473,28980,64,12,28875
821,6,GO:0019871,,train,4.540050550466362e-58,2.2928339189161344e-59,inf,23,93,0.24731182795698925,28980,70,0,28887
821,7,GO:0017080,,train,1.0983267367170497e-54,5.920031624218214e-56,3163.4857142857145,23,93,0.24731182795698925,28980,70,3,28884
821,8,GO:0098772,,train,1.954830065788256e-22,2.0397529643313025e-23,16.401986561495765,30,93,0.3225806451612903,28980,63,815,28072
821,9,GO:0008061,,train,0.0001930229457005,3.951267963076635e-05,23.560367722165477,4,93,0.043010752688172046,28980,89,55,28832
822,1,GO:0016849,,train,5.5202036307969816e-117,8.926245435158138e-119,inf,40,40,1.0,28980,0,14,28926
822,2,GO:0016829,,train,1.629391779676193e-54,8.825454494013185e-56,inf,40,40,1.0,28980,0,1197,27743
823,1,GO:0010181,,train,5.574128834167304e-76,1.9708742721504344e-77,1878.391304347826,36,40,0.9,28980,4,138,28802
823,2,GO:0097367,,train,1.2132834043203986e-32,1.0388808011332353e-33,147.8770864946889,38,40,0.95,28980,2,3295,25645
823,3,GO:0032553,,train,1.2085402872516637e-29,1.0939419069067699e-30,74.40057636887607,36,40,0.9,28980,4,3123,25817
823,4,GO:0004497,,train,1.1713932167379172e-06,2.0187205360954881e-07,20.114990969295604,7,40,0.175,28980,33,302,28638
823,5,GO:0016646,,train,1.451752151249021e-06,2.514210012064392e-07,43.83890577507599,5,40,0.125,28980,35,94,28846
823,6,GO:0042803,,train,1.524552549837424e-06,2.6452016148715654e-07,26.988735919899877,6,40,0.15,28980,34,188,28752
823,7,GO:0016645,,train,5.414425481428746e-06,9.752849484519834e-07,32.93142857142857,5,40,0.125,28980,35,125,28815
823,8,GO:0016638,,train,1.285889404069588e-05,2.376882016486247e-06,50.13194444444444,4,40,0.1,28980,36,64,28876
823,9,GO:0046983,,train,0.0001071634892762,2.143458138613227e-05,12.27977044476327,6,40,0.15,28980,34,410,28530
823,10,GO:0042802,,train,0.0014488087183607,0.0003276870291608,7.35606454971369,6,40,0.15,28980,34,678,28262
824,1,GO:0016811,,train,7.132273324405496e-16,8.672720675398311e-17,335.147859922179,9,12,0.75,28980,3,257,28711
824,2,GO:0016810,,train,1.0902756119261874e-14,1.372386063346758e-15,228.9903069466882,10,12,0.8333333333333334,28980,2,619,28349
824,3,GO:0030246,,train,9.332078400388556e-07,1.5978556478387418e-07,61.05117270788912,5,12,0.4166666666666667,28980,7,335,28633
824,4,GO:0019213,,train,0.0491260834738401,0.0148081963542729,75.15064935064935,1,12,0.08333333333333333,28980,11,35,28933
825,1,GO:0008270,,train,5.400564308658627e-13,7.114373757517606e-14,45.52588996763754,12,21,0.5714285714285714,28980,9,824,28135
825,2,GO:0046914,,train,2.252337754258789e-10,3.2672984032251e-11,24.14628970427163,13,21,0.6190476190476191,28980,8,1826,27133
825,3,GO:0019239,,train,0.0001696605003258,3.458615056296152e-05,56.615686274509805,3,21,0.14285714285714285,28980,18,85,28874
825,4,GO:0016814,,train,0.0002590823680012,5.376393634240329e-05,48.58585858585859,3,21,0.14285714285714285,28980,18,99,28860
825,5,GO:0016810,,train,0.0003437697413182,7.230587627714456e-05,14.190204326923077,5,21,0.23809523809523808,28980,16,624,28335
826,1,GO:0016628,,train,8.946956639822491e-09,1.378329817172759e-09,14.523651452282158,11,252,0.04365079365079365,28980,241,90,28638
826,2,GO:0070403,,train,3.035278900503714e-07,5.0485729844626324e-08,24.844155844155843,7,252,0.027777777777777776,28980,245,33,28695
826,3,GO:0017111,,train,6.607197822622569e-07,1.122586852131438e-07,3.873684210526316,24,252,0.09523809523809523,28980,228,760,27968
826,4,GO:0016818,,train,1.737959448769048e-06,3.028204822122125e-07,3.4502104991837785,26,252,0.10317460317460317,28980,226,927,27801
826,5,GO:0016817,,train,2.14545528108109e-06,3.765246679250319e-07,3.408400475498613,26,252,0.10317460317460317,28980,226,938,27790
826,6,GO:0016462,,train,3.527450282528272e-06,6.278462640724663e-07,3.4013846582602785,25,252,0.0992063492063492,28980,227,901,27827
826,7,GO:0016627,,train,8.267406813324342e-06,1.5071058557962731e-06,6.222489082969433,12,252,0.047619047619047616,28980,240,229,28499
826,8,GO:0016887,,train,8.699639206092485e-06,1.5889577423319757e-06,4.864155603581352,15,252,0.05952380952380952,28980,237,369,28359
826,9,GO:0016779,,train,3.68710913799258e-05,7.065960096302387e-06,4.041192877065008,16,252,0.06349206349206349,28980,236,474,28254
826,10,GO:0016833,,train,9.18660905117163e-05,1.8280644252455957e-05,12.268292682926829,6,252,0.023809523809523808,28980,246,57,28671
827,1,GO:0003723,,train,7.205855461997539e-09,1.1073591045973312e-09,4.909883620181744,26,115,0.22608695652173913,28980,89,1621,27244
827,2,GO:0034062,,train,0.0002781230125868,5.795145995635082e-05,9.75297315664288,6,115,0.05217391304347826,28980,109,162,28703
827,3,GO:0097747,,train,0.0002781230125868,5.795145995635082e-05,9.75297315664288,6,115,0.05217391304347826,28980,109,162,28703
827,4,GO:0016779,,train,0.0032571295636923,0.00076970044791,4.402683522705239,8,115,0.06956521739130435,28980,107,482,28383
827,5,GO:0003899,,train,0.0034765577491154,0.0008262387737227,10.262777629114264,4,115,0.034782608695652174,28980,111,101,28764
827,6,GO:0140098,,train,0.0194534503173367,0.0053065743725294,2.7683531746031744,10,115,0.08695652173913043,28980,105,960,27905
827,7,GO:0016874,,train,0.0346122121119402,0.0100286899844509,3.09545482982983,7,115,0.06086956521739131,28980,108,592,28273
827,8,GO:0016168,,train,0.0427941772898211,0.0126776668990233,12.44290956183898,2,115,0.017391304347826087,28980,113,41,28824
827,9,GO:0016877,,train,0.0462015266570697,0.0138278406964666,11.863346367565343,2,115,0.017391304347826087,28980,113,43,28822
828,1,GO:0016840,,train,2.667351378632065e-53,1.4783457270327995e-54,943.4122448979592,24,39,0.6153846153846154,28980,15,49,28892
828,2,GO:0016829,,train,1.1233252968237944e-40,8.12129604991981e-42,156.79002493765586,34,39,0.8717948717948718,28980,5,1203,27738
828,3,GO:0016835,,train,1.571489377019e-10,2.2662923523052806e-11,24.110760467980292,11,39,0.28205128205128205,28980,28,464,28477
828,4,GO:0016836,,train,3.034355793124542e-10,4.4230466726975775e-11,27.53130418031208,10,39,0.2564102564102564,28980,29,358,28583
828,5,GO:0016853,,train,0.0228104671429163,0.0063071740153495,4.705882352941177,5,39,0.1282051282051282,28980,34,877,28064
829,1,GO:0005507,,train,1.00082650749042e-87,2.8966124422196886e-89,3201.8888888888887,40,43,0.9302325581395349,28980,3,120,28817
829,2,GO:0046914,,train,6.427196769254696e-46,4.172208466083255e-47,309.42686318131257,41,43,0.9534883720930233,28980,2,1798,27139
829,3,GO:0016679,,train,3.5878393284922912e-31,3.1603927881115267e-32,329.17378917378915,16,43,0.37209302325581395,28980,27,52,28885
830,1,GO:0005216,,train,1.067116670652498e-73,3.9668718840496235e-75,532.3809523809524,43,50,0.86,28980,7,330,28600
830,2,GO:0015267,,train,7.260748153060689e-70,2.8947705528651026e-71,426.2485227667709,43,50,0.86,28980,7,411,28519
830,3,GO:0022803,,train,7.260748153060689e-70,2.8947705528651026e-71,426.2485227667709,43,50,0.86,28980,7,411,28519
830,4,GO:0015318,,train,7.46023932888611e-66,3.2212534114825924e-67,338.2619047619048,43,50,0.86,28980,7,516,28414
830,5,GO:0015075,,train,3.782871419661695e-65,1.6644323966171212e-66,324.7935621175845,43,50,0.86,28980,7,537,28393
830,6,GO:0022857,,train,6.372044017756097e-64,2.867111817462977e-65,378.072599531616,46,50,0.92,28980,4,854,28076
830,7,GO:0005215,,train,4.9427755579832245e-60,2.403552575285512e-61,306.8684210526316,46,50,0.92,28980,4,1045,27885
830,8,GO:0038023,,train,9.00720220858419e-07,1.5414381844493906e-07,10.911265432098766,10,50,0.2,28980,40,648,28282
830,9,GO:0060089,,train,1.1634277853778614e-06,2.00397087559593e-07,10.593328335832084,10,50,0.2,28980,40,667,28263
830,10,GO:0022836,,train,0.0186575554588202,0.0050697918515398,9.26241134751773,3,50,0.06,28980,47,198,28732
831,1,GO:0043022,,train,0.002205252718611,0.0005093715817514,69.41656662665066,2,19,0.10526315789473684,28980,17,49,28912
831,2,GO:0043021,,train,0.0050080184668039,0.001217492610833,44.13139801375095,2,19,0.10526315789473684,28980,17,77,28884
831,3,GO:0005509,,train,0.0282600753811878,0.0079804062065984,8.33712715855573,3,19,0.15789473684210525,28980,16,637,28324
832,1,GO:0015035,,train,6.128221818377601e-35,5.030107371794252e-36,307.97525309336334,19,33,0.5757575757575758,28980,14,127,28820
832,2,GO:0015036,,train,2.6844203999794553e-34,2.2285635567102484e-35,237.8908188585608,20,33,0.6060606060606061,28980,13,186,28761
832,3,GO:0016667,,train,3.297866506890984e-33,2.79580094060477e-34,181.12815884476532,21,33,0.6363636363636364,28980,12,277,28670
832,4,GO:0016853,,train,0.0002439167592646,5.050963972352061e-05,8.637538461538462,7,33,0.21212121212121213,28980,26,875,28072
832,5,GO:0016860,,train,0.0004373393547928,9.29844168230006e-05,19.244057582859057,4,33,0.12121212121212122,28980,29,206,28741
832,6,GO:0051082,,train,0.0207806502290302,0.0056931300537022,19.188560026604588,2,33,0.06060606060606061,28980,31,97,28850
833,1,GO:0070403,,train,8.358571527941322e-47,5.335362615163647e-48,inf,16,16,1.0,28980,0,24,28940
833,2,GO:0051287,,train,6.9234209107587605e-31,6.122918747863226e-32,inf,16,16,1.0,28980,0,316,28648
833,3,GO:0019213,,train,2.3132274993406126e-16,2.783706408674236e-17,776.0344827586207,7,16,0.4375,28980,9,29,28935
833,4,GO:0016811,,train,3.429040793885816e-14,4.367539435748755e-15,143.6147859922179,9,16,0.5625,28980,7,257,28707
833,5,GO:0016810,,train,7.089910547497184e-11,1.008956135850025e-11,58.7778801843318,9,16,0.5625,28980,7,620,28344
833,6,GO:0008270,,train,8.639618836425411e-07,1.477772926322992e-07,26.39659563061252,7,16,0.4375,28980,9,829,28135
833,7,GO:0046914,,train,0.0001396108409189,2.815364645066204e-05,11.518922852983987,7,16,0.4375,28980,9,1832,27132
833,8,GO:0140096,,train,0.0009440649672033,0.0002084924213535,8.200921128382268,7,16,0.4375,28980,9,2509,26455
834,1,GO:0003723,,train,1.6741292193407025e-33,1.408471487812783e-34,27.88612702366127,41,66,0.6212121212121212,28980,25,1606,27308
834,2,GO:0003725,,train,1.8211460191440337e-25,1.7855627987447874e-26,322.12349914236705,13,66,0.19696969696969696,28980,53,22,28892
834,3,GO:0003729,,train,9.21884877062709e-07,1.5781982076791962e-07,28.814,6,66,0.09090909090909091,28980,60,100,28814
835,1,GO:0016620,,train,1.6764972468474763e-136,1.8613013930784592e-138,2537.8732782369148,64,70,0.9142857142857143,28980,6,121,28789
835,2,GO:0016903,,train,8.585929802189565e-131,1.1091762728902944e-132,1966.08547008547,64,70,0.9142857142857143,28980,6,156,28754
835,3,GO:0051287,,train,2.9957931107268304e-127,4.054417251532928e-129,2414.106918238994,67,70,0.9571428571428572,28980,3,265,28645
835,4,GO:0050661,,train,7.408289850550015e-107,1.4800520485324165e-108,648.9094744917529,59,70,0.8428571428571429,28980,11,237,28673
835,5,GO:0046983,,train,3.772265238528413e-29,3.4587662057573696e-30,43.21212121212121,26,70,0.37142857142857144,28980,44,390,28520
836,1,GO:0016628,,train,1.2044744365174068e-43,8.17166943484874e-45,1018.4126984126984,20,27,0.7407407407407407,28980,7,81,28872
836,2,GO:0016627,,train,1.1701569403093112e-35,9.450516109888891e-37,371.45442792501615,20,27,0.7407407407407407,28980,7,221,28732
836,3,GO:0016725,,train,1.3375714307881207e-24,1.340039925387519e-25,662.81875,11,27,0.4074074074074074,28980,16,30,28923
836,4,GO:0050661,,train,1.439605642777085e-22,1.4975069975397456e-23,127.54448398576513,15,27,0.5555555555555556,28980,12,281,28672
836,5,GO:0051287,,train,6.969710343757101e-18,8.038125676940476e-19,83.35020152261532,13,27,0.48148148148148145,28980,14,319,28634
836,6,GO:0016638,,train,2.6044555786318034e-10,3.791059486838748e-11,133.13824884792626,6,27,0.2222222222222222,28980,21,62,28891
837,1,GO:0016614,,train,2.4872706203394635e-129,3.28605047242903e-131,177.404883357138,92,121,0.7603305785123967,28980,29,507,28352
837,2,GO:0016616,,train,4.159003255567006e-127,5.677404332818423e-129,175.5834027777778,89,121,0.7355371900826446,28980,32,450,28409
837,3,GO:0004312,,train,7.817716473126083e-68,3.2473626736071665e-69,166.23747936158503,42,121,0.34710743801652894,28980,79,92,28767
837,4,GO:0016747,,train,6.239846662070731e-43,4.310149816668947e-44,34.658169782835905,42,121,0.34710743801652894,28980,79,436,28423
837,5,GO:0016746,,train,1.2841509693525712e-38,9.679000627308096e-40,26.67182870993805,42,121,0.34710743801652894,28980,79,564,28295
837,6,GO:0051287,,train,3.61914582074569e-26,3.5081446878306486e-27,26.89075688873387,27,121,0.2231404958677686,28980,94,305,28554
837,7,GO:0050661,,train,1.4214290378884323e-11,1.971188172763816e-12,14.391660511649768,15,121,0.12396694214876033,28980,106,281,28578
837,8,GO:0016628,,train,1.0725545515475008e-10,1.5392227635794614e-11,28.48034848034848,10,121,0.08264462809917356,28980,111,91,28768
837,9,GO:0016627,,train,3.7751647601342e-08,5.982845988905301e-09,12.447391304347828,11,121,0.09090909090909091,28980,110,230,28629
837,10,GO:0042626,,train,0.0021375841138356,0.0004925978974647,11.852950262588816,4,121,0.03305785123966942,28980,117,83,28776
838,1,GO:0008233,,train,3.988899593800154e-72,1.5319000988581313e-73,622.9774919614148,56,58,0.9655172413793104,28980,2,1244,27678
838,2,GO:0004190,,train,1.098440614544881e-68,4.491967946523286e-70,567.6504629629629,34,58,0.5862068965517241,28980,24,72,28850
838,3,GO:0070001,,train,1.6018584384168919e-68,6.5788016833948e-70,559.8550228310502,34,58,0.5862068965517241,28980,24,73,28849
838,4,GO:0140096,,train,5.503971921215238e-56,2.884437931585688e-57,301.19349593495934,56,58,0.9655172413793104,28980,2,2460,26462
838,5,GO:0070011,,train,3.93673956845792e-55,2.101162812704787e-56,112.45135135135136,48,58,0.8275862068965517,28980,10,1184,27738
838,6,GO:0004175,,train,2.213200271264396e-48,1.3640839472537977e-49,85.10265700483092,40,58,0.6896551724137931,28980,18,736,28186
838,7,GO:0008234,,train,2.142201374397788e-11,2.988300947617619e-12,27.62183696699063,11,58,0.1896551724137931,28980,47,243,28679
838,8,GO:0004197,,train,1.154732228276825e-05,2.1280195822976557e-06,27.46617114541643,5,58,0.08620689655172414,28980,53,99,28823
839,1,GO:0004842,,train,7.860857455005388e-52,4.49724773987917e-53,1517.7894736842106,24,28,0.8571428571428571,28980,4,114,28838
839,2,GO:0019787,,train,4.8201243409278966e-51,2.8028083360406232e-52,1394.9032258064517,24,28,0.8571428571428571,28980,4,124,28828
839,3,GO:0140096,,train,4.114840034379848e-21,4.410522215131928e-22,63.70786516853933,24,28,0.8571428571428571,28980,4,2492,26460
839,4,GO:0005509,,train,0.0001398389644231,2.8207842195198803e-05,12.181531402351592,6,28,0.21428571428571427,28980,22,634,28318
841,1,GO:0016830,,train,7.022883833140886e-59,3.489120596715277e-60,66.66614634146342,48,98,0.4897959183673469,28980,50,410,28472
841,2,GO:0016829,,train,1.6499105871499331e-49,9.932232640809422e-51,31.274061529777025,56,98,0.5714285714285714,28980,42,1181,27701
841,3,GO:0016833,,train,4.012648386047458e-36,3.208990272698116e-37,187.27272727272728,21,98,0.21428571428571427,28980,77,42,28840
841,4,GO:0016832,,train,1.158480500960558e-30,1.0292853383171844e-31,91.31923890063425,21,98,0.21428571428571427,28980,77,86,28796
841,5,GO:0046912,,train,3.648877899167967e-11,5.1403034294456905e-12,62.52791327913279,8,98,0.08163265306122448,28980,90,41,28841
841,6,GO:0016645,,train,4.104753158207226e-09,6.245448605246016e-10,24.03649363914941,9,98,0.09183673469387756,28980,89,121,28761
841,7,GO:0016646,,train,6.162215515221666e-06,1.113592509986304e-06,20.188639551192143,6,98,0.061224489795918366,28980,92,93,28789
841,8,GO:0016831,,train,0.0001854330368335,3.787751020418247e-05,8.370576191868967,7,98,0.07142857142857142,28980,91,263,28619
841,9,GO:0050660,,train,0.0009556511574849,0.0002113591188156,6.288957460877231,7,98,0.07142857142857142,28980,91,349,28533
841,10,GO:0016746,,train,0.0009809741149675,0.0002172763744401,4.791090282875049,9,98,0.09183673469387756,28980,89,597,28285
843,1,GO:0016782,,train,6.025209713934499e-48,3.752408193990317e-49,6875.0,20,21,0.9523809523809523,28980,1,84,28875
844,1,GO:0016679,,train,1.5310701345095952e-17,1.781023377607172e-18,642.3555555555556,8,14,0.5714285714285714,28980,6,60,28906
844,2,GO:0005344,,train,0.0001889257415748,3.862968849614029e-05,57.39017916390179,3,14,0.21428571428571427,28980,11,137,28829
844,3,GO:0016705,,train,0.0321961530735608,0.0092416493860527,15.766226622662266,2,14,0.14285714285714285,28980,12,303,28663
844,4,GO:0004497,,train,0.0329397912588707,0.0094756056525796,15.558631921824103,2,14,0.14285714285714285,28980,12,307,28659
844,5,GO:0005215,,train,0.0472855749030389,0.0141910746369521,6.988135026737968,3,14,0.21428571428571427,28980,11,1088,27878
845,1,GO:0010181,,train,9.643159629659612e-105,2.0225861366951643e-106,10660.11811023622,47,48,0.9791666666666666,28980,1,127,28805
845,2,GO:0032553,,train,2.6659228059744023e-43,1.819609262067656e-44,389.95501285347046,47,48,0.9791666666666666,28980,1,3112,25820
845,3,GO:0097367,,train,3.2673708193754586e-42,2.287551998801109e-43,366.81740718198415,47,48,0.9791666666666666,28980,1,3286,25646
845,4,GO:0009055,,train,1.130864075012463e-21,1.1975491786536762e-22,36.05146390252773,21,48,0.4375,28980,27,611,28321
845,5,GO:0016651,,train,0.0073068480222053,0.0018287989425468,8.366267173341129,4,48,0.08333333333333333,28980,44,311,28621
846,1,GO:0003723,,train,7.537414413679544e-05,1.4861978620991008e-05,4.248816051844466,15,74,0.20270270270270271,28980,59,1632,27274
846,2,GO:0005198,,train,0.0002286185768381,4.71810022504765e-05,4.247634762170439,13,74,0.17567567567567569,28980,61,1381,27525
846,3,GO:0042802,,train,0.0072466519570939,0.0018126713261746,4.356423201569699,7,74,0.0945945945945946,28980,67,677,28229
847,1,GO:0008234,,train,1.2531605822087423e-168,8.590080447515767e-171,4564.507751937985,82,85,0.9647058823529412,28980,3,172,28723
847,2,GO:0008233,,train,1.6618935844389517e-108,3.222818504551033e-110,943.8266228430568,83,85,0.9764705882352941,28980,2,1217,27678
847,3,GO:0070011,,train,1.0914564149175652e-107,2.1517712957773722e-109,659.4463768115942,82,85,0.9647058823529412,28980,3,1150,27745
847,4,GO:0140096,,train,5.1541108275366155e-87,1.509831217604539e-88,914.0180921052632,84,85,0.9882352941176471,28980,1,2432,26463
847,5,GO:0004197,,train,9.955522169865246e-21,1.0772973282796444e-21,69.35634028892456,15,85,0.17647058823529413,28980,70,89,28806
847,6,GO:0004175,,train,4.523759644897907e-08,7.2036668218252994e-09,7.92209498779801,15,85,0.17647058823529413,28980,70,761,28134
848,1,GO:0019899,,train,3.882871440743246e-07,6.50045706530968e-08,6.92050979302681,14,198,0.0707070707070707,28980,184,313,28469
848,2,GO:0030247,,train,1.1586314429991663e-06,1.995369907546679e-07,19.49738219895288,7,198,0.03535353535353535,28980,191,54,28728
848,3,GO:0017056,,train,8.074381635630972e-06,1.4709722410284738e-06,31.04274611398964,5,198,0.025252525252525252,28980,193,24,28758
848,4,GO:0031625,,train,1.3257043473319554e-05,2.4531957588821405e-06,27.59067357512953,5,198,0.025252525252525252,28980,193,27,28755
848,5,GO:0044389,,train,2.071694795975696e-05,3.889472404548798e-06,24.82901554404145,5,198,0.025252525252525252,28980,193,30,28752
848,6,GO:0030246,,train,0.0001212392731971,2.4342325877878463e-05,5.0872519220454135,11,198,0.05555555555555555,28980,187,329,28453
848,7,GO:0050660,,train,0.0008295238511421,0.0001819329488092,4.371541015865208,10,198,0.050505050505050504,28980,188,346,28436
848,8,GO:0017016,,train,0.0019697804148438,0.00045203912968,8.447362223268959,5,198,0.025252525252525252,28980,193,88,28694
848,9,GO:0016758,,train,0.0023172269450444,0.000536593110132,6.347739361702128,6,198,0.030303030303030304,28980,192,141,28641
848,10,GO:0031267,,train,0.0023647186408976,0.0005483526016154,8.078959225050687,5,198,0.025252525252525252,28980,193,92,28690
849,1,GO:0004812,,train,3.081788467425009e-205,1.1013803000435043e-207,11172.404958677684,94,96,0.9791666666666666,28980,2,121,28763
849,2,GO:0016875,,train,5.367907380074467e-205,1.9498506463052812e-207,11080.44262295082,94,96,0.9791666666666666,28980,2,122,28762
849,3,GO:0140101,,train,3.654244340581627e-175,2.269384539365805e-177,4433.3564356435645,94,96,0.9791666666666666,28980,2,303,28581
849,4,GO:0016874,,train,4.9597393308842464e-160,3.7629917294988414e-162,5349.4047619047615,95,96,0.9895833333333334,28980,1,504,28380
849,5,GO:0140098,,train,8.682717536061337e-136,9.86874770481237e-138,1502.7123287671234,94,96,0.9791666666666666,28980,2,876,28008
849,6,GO:0005524,,train,5.093349468519204e-102,1.1369283460795131e-103,inf,96,96,1.0,28980,0,2401,26483
849,7,GO:0032559,,train,2.0403513704526688e-101,4.614205284557696e-103,inf,96,96,1.0,28980,0,2437,26447
849,8,GO:0030554,,train,2.3779020087686953e-101,5.384533651985239e-103,inf,96,96,1.0,28980,0,2441,26443
849,9,GO:0035639,,train,1.984852322944072e-95,4.988731561314742e-97,inf,96,96,1.0,28980,0,2824,26060
849,10,GO:0032555,,train,1.5678262892295978e-94,4.004876011975889e-96,inf,96,96,1.0,28980,0,2887,25997
850,1,GO:0030170,,train,4.3455889947229987e-225,1.1966059275975098e-227,4990.651515151515,115,118,0.9745762711864406,28980,3,220,28642
850,2,GO:0070279,,train,4.3455889947229987e-225,1.1966059275975098e-227,4990.651515151515,115,118,0.9745762711864406,28980,3,220,28642
850,3,GO:0019842,,train,4.263533563336111e-202,1.6611007526253117e-204,2857.9406631762654,115,118,0.9745762711864406,28980,3,382,28480
850,4,GO:0008483,,train,1.0472964543733043e-172,6.688069456993302e-175,738.9514285714286,90,118,0.7627118644067796,28980,28,125,28737
850,5,GO:0016769,,train,5.1156877580534015e-172,3.326837983091236e-174,721.5569196428571,90,118,0.7627118644067796,28980,28,128,28734
850,6,GO:0016846,,train,1.1285634638546774e-05,2.0784715989261964e-06,27.718353212774144,5,118,0.0423728813559322,28980,113,46,28816
850,7,GO:0016831,,train,7.823328069882731e-05,1.5464691629483746e-05,7.938931297709924,8,118,0.06779661016949153,28980,110,262,28600
850,8,GO:0016829,,train,0.0002076936320414,4.265577098873399e-05,3.551059080470845,16,118,0.13559322033898305,28980,102,1221,27641
850,9,GO:0016830,,train,0.0005183987496376,0.0001111754766411,5.225005619010646,9,118,0.07627118644067797,28980,109,449,28413
850,10,GO:0016758,,train,0.0119315242594993,0.0031177079530929,7.046742730953257,4,118,0.03389830508474576,28980,114,143,28719
851,1,GO:0016668,,train,3.9335189722997436e-143,3.8716418393318505e-145,2302.8571428571427,62,99,0.6262626262626263,28980,37,21,28860
851,2,GO:0050660,,train,1.3235746298642339e-125,1.849445172233177e-127,337.5273291925466,76,99,0.7676767676767676,28980,23,280,28601
851,3,GO:0016651,,train,1.2463031536921335e-105,2.5629223830209974e-107,229.97590361445785,66,99,0.6666666666666666,28980,33,249,28632
851,4,GO:0016667,,train,4.335988183883454e-98,1.036460836643202e-99,203.38868529546497,62,99,0.6262626262626263,28980,37,236,28645
851,5,GO:0015036,,train,1.4196069315241686e-65,6.19625136353813e-67,135.284180543383,43,99,0.43434343434343436,28980,56,163,28718
851,6,GO:0016209,,train,5.101598362317631e-45,3.3714754973748653e-46,53.24364385982134,38,99,0.3838383838383838,28980,61,334,28547
851,7,GO:0009055,,train,1.0569676158802517e-37,8.155528313057922e-39,31.0070826306914,39,99,0.3939393939393939,28980,60,593,28288
851,8,GO:0050661,,train,1.0684714525444895e-31,9.324124724287532e-33,42.1044776119403,28,99,0.2828282828282828,28980,71,268,28613
851,9,GO:0016730,,train,9.182681666068512e-17,1.0910436428969705e-17,94.8782894736842,11,99,0.1111111111111111,28980,88,38,28843
851,10,GO:0016709,,train,0.0005989727241326,0.0001292975365185,17.08524833209785,4,99,0.04040404040404041,28980,95,71,28810
852,1,GO:0032559,,train,1.7482500640601036e-82,5.500250662918684e-84,83.02676498702718,92,104,0.8846153846153846,28980,12,2441,26435
852,2,GO:0030554,,train,2.0193963600275537e-82,6.365147738200919e-84,82.8783912747103,92,104,0.8846153846153846,28980,12,2445,26431
852,3,GO:0005524,,train,3.542308344954727e-81,1.1393662485749449e-82,77.01163757273483,91,104,0.875,28980,13,2406,26470
852,4,GO:0032555,,train,5.591907748769812e-76,1.97879853546414e-77,68.90983512048888,92,104,0.8846153846153846,28980,12,2891,25985
852,5,GO:0017076,,train,6.706091712359832e-76,2.3809307072619488e-77,68.75123691174778,92,104,0.8846153846153846,28980,12,2897,25979
852,6,GO:0035639,,train,5.04174228986154e-75,1.8077430831035315e-76,64.44998232591021,91,104,0.875,28980,13,2829,26047
852,7,GO:0032553,,train,1.0390555825799138e-73,3.8595145405610647e-75,64.51548744701662,92,104,0.8846153846153846,28980,12,3067,25809
852,8,GO:0097367,,train,1.368635219955674e-71,5.304228245016717e-73,60.64023449552607,92,104,0.8846153846153846,28980,12,3241,25635
852,9,GO:0003677,,train,3.640311760705804e-22,3.821956513023969e-23,9.284764320178152,45,104,0.4326923076923077,28980,59,2192,26684
852,10,GO:0140097,,train,1.6927504459036448e-15,2.0791817147593466e-16,14.300724811596986,21,104,0.20192307692307693,28980,83,502,28374
853,1,GO:0015144,,train,1.2060239711507861e-09,1.7945462840369872e-10,21.926248282180484,10,187,0.053475935828877004,28980,177,74,28719
853,2,GO:0046789,,train,3.559211343842811e-09,5.39558798499767e-10,15.86283185840708,11,187,0.058823529411764705,28980,176,113,28680
853,3,GO:0046812,,train,4.212216866964526e-09,6.41019029905402e-10,15.585869565217392,11,187,0.058823529411764705,28980,176,115,28678
853,4,GO:0038023,,train,3.3336296556786534e-05,6.36023374855291e-06,4.1028219562405495,16,187,0.0855614973262032,28980,171,642,28151
853,5,GO:0022857,,train,3.377465627930809e-05,6.449804736350864e-06,3.583103616020756,19,187,0.10160427807486631,28980,168,881,27912
853,6,GO:0004888,,train,3.531694390559776e-05,6.756743728138353e-06,4.928080727078322,13,187,0.06951871657754011,28980,174,430,28363
853,7,GO:0060089,,train,4.688744727123814e-05,9.063780195767073e-06,3.982199573568313,16,187,0.0855614973262032,28980,171,661,28132
853,8,GO:0005215,,train,0.0004174897089271,8.861734865060987e-05,2.92454579779673,19,187,0.10160427807486631,28980,168,1072,27721
853,9,GO:0005509,,train,0.001264391429954,0.0002838648949576,3.356230178371739,13,187,0.06951871657754011,28980,174,627,28166
853,10,GO:0050839,,train,0.0013597933581914,0.000306597811114,13.659776669042529,4,187,0.0213903743315508,28980,183,46,28747
854,1,GO:0005216,,train,7.408248060854092e-44,5.0043706325481243e-45,1967.1747851002865,24,25,0.96,28980,1,349,28606
854,2,GO:0015267,,train,9.049222744687364e-42,6.399163284903563e-43,1592.093023255814,24,25,0.96,28980,1,430,28525
854,3,GO:0022803,,train,9.049222744687364e-42,6.399163284903563e-43,1592.093023255814,24,25,0.96,28980,1,430,28525
854,4,GO:0015318,,train,1.431560905240282e-39,1.057619768291294e-40,1274.9158878504672,24,25,0.96,28980,1,535,28420
854,5,GO:0015075,,train,3.5044109447096966e-39,2.6085210213279846e-40,1225.8561151079136,24,25,0.96,28980,1,556,28399
854,6,GO:0022857,,train,1.4089408337350387e-34,1.1651404557032e-35,769.2876712328767,24,25,0.96,28980,1,876,28079
854,7,GO:0005215,,train,1.4439812675334967e-32,1.2393781275077319e-33,627.2839737582005,24,25,0.96,28980,1,1067,27888
854,8,GO:0005261,,train,9.220348461251442e-15,1.1579117629957212e-15,93.95751633986929,10,25,0.4,28980,15,204,28751
854,9,GO:0005262,,train,4.798624792853185e-13,6.300329941578925e-14,435.0977443609023,6,25,0.24,28980,19,21,28934
854,10,GO:0015085,,train,6.074091679679461e-13,8.014092897816533e-14,415.3062200956938,6,25,0.24,28980,19,22,28933
855,1,GO:0016811,,train,8.06587135113541e-46,5.247766432572208e-47,388.7270833333333,26,34,0.7647058823529411,28980,8,240,28706
855,2,GO:0016810,,train,4.280013018634446e-38,3.27736884632816e-39,181.6060749881348,27,34,0.7941176470588235,28980,7,602,28344
855,3,GO:0019213,,train,3.947804228605002e-09,6.003178882353037e-10,160.81757508342602,5,34,0.14705882352941177,28980,29,31,28915
856,1,GO:0016791,,train,4.93226021005921e-54,2.7018562242759244e-55,191.33600917431195,35,51,0.6862745098039216,28980,16,327,28602
856,2,GO:0042578,,train,2.1086726022618137e-49,1.2730978800895212e-50,137.8173396017699,35,51,0.6862745098039216,28980,16,452,28477
856,3,GO:0016788,,train,1.6047205689496375e-31,1.4031962088978728e-32,38.66607488702389,35,51,0.6862745098039216,28980,16,1549,27380
856,4,GO:0016868,,train,1.0472092685699796e-22,1.086567428091182e-23,254.0131868131868,12,51,0.23529411764705882,28980,39,35,28894
856,5,GO:0000287,,train,1.6196017797283143e-17,1.8854314886019044e-18,25.51049582066869,19,51,0.37254901960784315,28980,32,658,28271
856,6,GO:0016866,,train,1.5960499241484154e-16,1.909443679943208e-17,67.12587412587412,12,51,0.23529411764705882,28980,39,132,28797
856,7,GO:0030145,,train,7.372743669228111e-10,1.0887307272630552e-10,41.53596538669551,8,51,0.1568627450980392,28980,43,129,28800
856,8,GO:0016853,,train,1.897709039100659e-07,3.123656762664148e-08,9.923607427055703,12,51,0.23529411764705882,28980,39,870,28059
856,9,GO:0046914,,train,0.0049564746816095,0.0012036551281759,3.6138633666271054,10,51,0.19607843137254902,28980,41,1829,27100
857,1,GO:0004364,,train,4.0303423548698415e-70,1.5938606728986982e-71,13046.645161290322,28,29,0.9655172413793104,28980,1,62,28889
857,2,GO:0016765,,train,1.2141844510770901e-52,6.839724344322125e-54,2586.9290322580646,28,29,0.9655172413793104,28980,1,310,28641
857,3,GO:0072341,,train,1.533149827504154e-06,2.66146582235979e-07,90.66666666666669,4,29,0.13793103448275862,28980,25,51,28900
857,4,GO:0042277,,train,4.935930424180514e-06,8.862031686967916e-07,66.01371428571429,4,29,0.13793103448275862,28980,25,70,28881
857,5,GO:0004601,,train,8.074381635630972e-06,1.4709722410284738e-06,31.04274611398964,5,29,0.1724137931034483,28980,24,193,28758
857,6,GO:0016684,,train,1.3036942717178072e-05,2.411702646951388e-06,27.97605140186916,5,29,0.1724137931034483,28980,24,214,28737
857,7,GO:0016209,,train,0.0001543395979896,3.126512502122396e-05,16.22615803814714,5,29,0.1724137931034483,28980,24,367,28584
857,8,GO:1901681,,train,0.0002056892954229,4.2213996652694616e-05,23.96583333333333,4,29,0.13793103448275862,28980,25,192,28759
857,9,GO:0033218,,train,0.0002703120878739,5.623682362483417e-05,22.2175845410628,4,29,0.13793103448275862,28980,25,207,28744
857,10,GO:0008144,,train,0.0138511256397072,0.0036667727804445,24.295454545454547,2,29,0.06896551724137931,28980,27,88,28863
858,1,GO:0016810,,train,7.925886581600131e-07,1.3522091411441885e-07,17.379035350049843,8,29,0.27586206896551724,28980,21,621,28330
858,2,GO:0016812,,train,1.5799104334418695e-06,2.744490983481351e-07,44.140625,5,29,0.1724137931034483,28980,24,136,28815
858,3,GO:0016725,,train,4.835887570123908e-05,9.3609705197817e-06,87.7925101214575,3,29,0.10344827586206896,28980,26,38,28913
858,4,GO:0016814,,train,0.0006677790045432,0.0001447177278498,33.62703962703963,3,29,0.10344827586206896,28980,26,99,28852
858,5,GO:0016881,,train,0.0112238330668773,0.0029110882026578,27.419753086419757,2,29,0.06896551724137931,28980,27,78,28873
859,1,GO:0016705,,train,1.1572747610948067e-36,9.14307065844302e-38,423.9929577464789,21,26,0.8076923076923077,28980,5,284,28670
859,2,GO:0004497,,train,5.745809790599009e-27,5.475325672677322e-28,185.40867579908675,17,26,0.6538461538461539,28980,9,292,28662
859,3,GO:0016645,,train,2.823252748269443e-05,5.35340394280344e-06,41.5988455988456,4,26,0.15384615384615385,28980,22,126,28828
860,1,GO:0008289,,train,0.0002681806525348,5.572268706769128e-05,23.256493506493506,4,20,0.2,28980,16,308,28652
860,2,GO:0005319,,train,0.0005739870860631,0.0001237526716883,146.15151515151516,2,20,0.1,28980,18,22,28938
860,3,GO:0008047,,train,0.0126865431825909,0.0033328329748213,26.049683830171634,2,20,0.1,28980,18,123,28837
861,1,GO:0016868,,train,2.470702898987412e-96,6.065117114425552e-98,18915.115384615383,34,38,0.8947368421052632,28980,4,13,28929
861,2,GO:0016866,,train,2.1544268924847704e-81,6.916987064368012e-83,4805.666666666667,36,38,0.9473684210526315,28980,2,108,28834
861,3,GO:0016853,,train,2.477102011694026e-54,1.3470543925481243e-55,1230.2828402366863,37,38,0.9736842105263158,28980,1,845,28097
861,4,GO:0000287,,train,5.521666056116316e-13,7.277140810987286e-14,24.88097033685269,14,38,0.3684210526315789,28980,24,663,28279
861,5,GO:0030145,,train,1.4887572383940162e-07,2.436996645324945e-08,41.23711832061068,6,38,0.15789473684210525,28980,32,131,28811
862,1,GO:0016810,,train,5.746175797865269e-133,6.918236086717126e-135,1077.2898351648353,83,87,0.9540229885057471,28980,4,546,28347
862,2,GO:0016812,,train,6.906543537602762e-39,5.171258541205337e-40,106.66115466856736,26,87,0.2988505747126437,28980,61,115,28778
862,3,GO:0019239,,train,3.4398665269239145e-16,4.1546034187266885e-17,60.66736842105263,12,87,0.13793103448275862,28980,75,76,28817
862,4,GO:0016814,,train,2.1460222475548307e-15,2.642844282954128e-16,51.205333333333336,12,87,0.13793103448275862,28980,75,90,28803
862,5,GO:0016811,,train,4.847242657908669e-13,6.365582457569371e-14,21.79680365296804,14,87,0.16091954022988506,28980,73,252,28641
862,6,GO:0008270,,train,2.2301118309201837e-08,3.4963700732591682e-09,7.71501202335967,16,87,0.1839080459770115,28980,71,820,28073
862,7,GO:0019213,,train,4.5209098229529166e-07,7.60350936071927e-08,56.770259638080255,5,87,0.05747126436781609,28980,82,31,28862
862,8,GO:0046914,,train,2.245445718770909e-06,3.94796414566687e-07,4.442985731047894,20,87,0.22988505747126436,28980,67,1819,27074
862,9,GO:0016151,,train,0.0001407197022557,2.840199046613421e-05,25.737617135207497,4,87,0.04597701149425287,28980,83,54,28839
862,10,GO:0050897,,train,0.0264491427996227,0.0074271752900718,16.557819225251077,2,87,0.022988505747126436,28980,85,41,28852
863,1,GO:0003723,,train,7.239075059278648e-06,1.3132844667695658e-06,5.849693815064299,14,54,0.25925925925925924,28980,40,1633,27293
863,2,GO:0017056,,train,0.0001078860266102,2.159174308817364e-05,65.38461538461539,3,54,0.05555555555555555,28980,51,26,28900
863,3,GO:0003684,,train,0.0008412509035517,0.0001846528113282,30.32563025210084,3,54,0.05555555555555555,28980,51,56,28870
863,4,GO:0042277,,train,0.0015891333637484,0.0003610079748035,23.906379453189725,3,54,0.05555555555555555,28980,51,71,28855
863,5,GO:0003713,,train,0.0041372289389832,0.0009946462167804,48.33277591973244,2,54,0.037037037037037035,28980,52,23,28903
863,6,GO:0033218,,train,0.0256454391543189,0.0071842087656429,8.121606334841628,3,54,0.05555555555555555,28980,51,208,28718
863,7,GO:0003712,,train,0.0376833998807673,0.0110212105460228,13.365616311399444,2,54,0.037037037037037035,28980,52,83,28843
864,1,GO:0016651,,train,2.065475847603465e-06,3.6212534633701676e-07,13.806731813246472,8,62,0.12903225806451613,28980,54,307,28611
864,2,GO:0005215,,train,0.0004667774673884,9.95168411885332e-05,4.952145449370241,10,62,0.16129032258064516,28980,52,1081,27837
864,3,GO:0016646,,train,0.0051809239117128,0.0012636251717761,15.265889830508474,3,62,0.04838709677419355,28980,59,96,28822
864,4,GO:0016645,,train,0.0106556223230029,0.0027499789866027,11.527158681436006,3,62,0.04838709677419355,28980,59,127,28791
864,5,GO:0008509,,train,0.0270014303143783,0.0075988733933922,16.3045197740113,2,62,0.03225806451612903,28980,60,59,28859
864,6,GO:0016709,,train,0.0385548755226688,0.0113043251927935,13.17123287671233,2,62,0.03225806451612903,28980,60,73,28845
865,1,GO:0008237,,train,6.108811986611727e-67,2.580457241320008e-68,3886.836653386454,34,35,0.9714285714285714,28980,1,251,28694
865,2,GO:0004222,,train,8.24310660615118e-62,3.8732000457762816e-63,1266.9924242424242,29,35,0.8285714285714286,28980,6,110,28835
865,3,GO:0070011,,train,9.994552154066997e-48,6.239092667872624e-49,inf,35,35,1.0,28980,0,1197,27748
865,4,GO:0008233,,train,6.593325303780768e-47,4.1969991168279606e-48,inf,35,35,1.0,28980,0,1265,27680
865,5,GO:0004175,,train,1.5759194941904358e-41,1.1204138068372112e-42,226.80160857908848,30,35,0.8571428571428571,28980,5,746,28199
865,6,GO:0140096,,train,7.276763869498645e-37,5.717046224915888e-38,inf,35,35,1.0,28980,0,2481,26464
866,1,GO:0003677,,train,2.5219545070391512e-14,3.205542550910413e-15,18.09273465703971,21,35,0.6,28980,14,2216,26729
866,2,GO:0003697,,train,3.824198641980581e-11,5.388404214760112e-12,100.25347222222224,7,35,0.2,28980,28,72,28873
866,3,GO:0003690,,train,1.8833959138463527e-06,3.289887756471221e-07,41.78260869565217,5,35,0.14285714285714285,28980,30,115,28830
866,4,GO:0043565,,train,0.0025906729344733,0.0006038604604858,11.578926079482253,4,35,0.11428571428571428,28980,31,319,28626
867,1,GO:0008173,,train,3.5937027680141774e-50,2.1244081746646192e-51,1271.2941176470588,24,28,0.8571428571428571,28980,4,136,28816
867,2,GO:0008757,,train,6.706741088773554e-44,4.522634673918833e-45,662.123076923077,24,28,0.8571428571428571,28980,4,260,28692
867,3,GO:0008171,,train,1.055828501447982e-37,8.143646027221306e-39,649.62,18,28,0.6428571428571429,28980,10,80,28872
867,4,GO:0008168,,train,3.259772302164683e-36,2.5973520408612178e-37,303.0960854092527,24,28,0.8571428571428571,28980,4,562,28390
867,5,GO:0008170,,train,8.79412056190388e-35,7.246641808195101e-36,428.8909090909091,18,28,0.6428571428571429,28980,10,121,28831
867,6,GO:0016741,,train,2.2183170073582604e-34,1.8390125467451378e-35,251.73293768545997,24,28,0.8571428571428571,28980,4,674,28278
867,7,GO:0140098,,train,6.044745545356455e-31,5.34052569493367e-32,177.6279069767442,24,28,0.8571428571428571,28980,4,946,28006
867,8,GO:0003968,,train,3.3839626840068587e-08,5.349985823471604e-09,101.29733520336606,5,28,0.17857142857142858,28980,23,62,28890
867,9,GO:0034062,,train,3.068720485243907e-06,5.441299791188848e-07,38.39557215257402,5,28,0.17857142857142858,28980,23,163,28789
867,10,GO:0097747,,train,3.068720485243907e-06,5.441299791188848e-07,38.39557215257402,5,28,0.17857142857142858,28980,23,163,28789
868,1,GO:0016798,,train,6.907853373590397e-63,3.172954298793023e-64,74.47830912959023,58,77,0.7532467532467533,28980,19,1138,27765
868,2,GO:0004553,,train,1.0252746148600988e-56,5.289007811959557e-58,62.49383458646616,52,77,0.6753246753246753,28980,25,931,27972
868,3,GO:0030246,,train,3.072674065380987e-19,3.4455858225029787e-20,29.168439144913524,19,77,0.24675324675324675,28980,58,321,28582
868,4,GO:0030247,,train,3.2032263049406806e-11,4.492793024593836e-12,63.11184030626196,8,77,0.1038961038961039,28980,69,53,28850
868,5,GO:0015926,,train,1.040054742851039e-08,1.6062245083957811e-09,40.60845070422536,7,77,0.09090909090909091,28980,70,71,28832
868,6,GO:0008810,,train,3.782461866144935e-08,5.9966264228187565e-09,51.88372789931076,6,77,0.07792207792207792,28980,71,47,28856
868,7,GO:0016829,,train,0.0018042039914301,0.0004130277374138,3.762506797172376,11,77,0.14285714285714285,28980,66,1226,27677
868,8,GO:0097599,,train,0.0249574251693894,0.0069717317402026,17.101037037037038,2,77,0.025974025974025976,28980,75,45,28858
870,1,GO:0140104,,train,0.0018914292588995,0.0004335598895886,74.63741935483871,2,27,0.07407407407407407,28980,25,31,28922
870,2,GO:0003723,,train,0.0026284398414604,0.000613433524238,5.8289939024390245,7,27,0.25925925925925924,28980,20,1640,27313
871,1,GO:0017111,,train,1.9715122433689496e-47,1.2399557039321368e-48,255.5984,34,39,0.8717948717948718,28980,5,750,28191
871,2,GO:0003678,,train,2.90909817053554e-45,1.9165602676082927e-46,922.1052631578948,20,39,0.5128205128205128,28980,19,33,28908
871,3,GO:0016462,,train,5.867755530732188e-45,3.888116416356508e-46,213.82645739910316,34,39,0.8717948717948718,28980,5,892,28049
871,4,GO:0016818,,train,1.5709647366052202e-44,1.0464814749510125e-45,207.3445048966268,34,39,0.8717948717948718,28980,5,919,28022
871,5,GO:0016817,,train,2.3271955518483334e-44,1.553645212720026e-45,204.8116129032258,34,39,0.8717948717948718,28980,5,930,28011
871,6,GO:0008094,,train,2.486798914765377e-44,1.660925542861136e-45,406.4319852941176,23,39,0.5897435897435898,28980,16,102,28839
871,7,GO:0004386,,train,1.6842616276244766e-39,1.2472722836320346e-40,410.62588904694167,20,39,0.5128205128205128,28980,19,74,28867
871,8,GO:0016887,,train,8.377820304125777e-37,6.594370670294977e-38,142.1707122960605,25,39,0.6410256410256411,28980,14,359,28582
871,9,GO:0035639,,train,7.775246289941209e-34,6.504995577839908e-35,167.21227887617064,37,39,0.9487179487179487,28980,2,2883,26058
871,10,GO:0032555,,train,1.7023897648364736e-33,1.433244920215609e-34,163.2408350305499,37,39,0.9487179487179487,28980,2,2946,25995
872,1,GO:0008092,,train,5.3227317182454e-11,7.535741979166306e-12,9.623226533872028,18,163,0.11042944785276074,28980,145,367,28450
872,2,GO:0047429,,train,1.8255576712138644e-08,2.854623091935322e-09,26.50783410138249,8,163,0.049079754601226995,28980,155,56,28761
872,3,GO:0003779,,train,5.7218238263436114e-08,9.15672834851192e-09,10.28294027748644,12,163,0.0736196319018405,28980,151,221,28596
872,4,GO:0060090,,train,9.030263590572504e-06,1.6527839855258812e-06,18.94948385679772,6,163,0.03680981595092025,28980,157,58,28759
872,5,GO:0005198,,train,6.248035689425109e-05,1.2220796876788074e-05,3.121135992390877,22,163,0.13496932515337423,28980,141,1372,27445
872,6,GO:0015631,,train,0.0019841290709027,0.0004555644508227,8.412154242850445,5,163,0.03067484662576687,28980,158,108,28709
872,7,GO:0003723,,train,0.0092670002631843,0.0023622883173749,2.203585687960688,19,163,0.1165644171779141,28980,144,1628,27189
872,8,GO:0008017,,train,0.0107198637879592,0.0027684424277074,7.2976303919700145,4,163,0.024539877300613498,28980,159,99,28718
872,9,GO:0051015,,train,0.0107198637879592,0.0027684424277074,7.2976303919700145,4,163,0.024539877300613498,28980,159,99,28718
872,10,GO:0003729,,train,0.0117718693711204,0.0030704726508028,7.082254285361944,4,163,0.024539877300613498,28980,159,102,28715
873,1,GO:0005525,,train,8.650285691955869e-123,1.2492576518540715e-124,inf,67,67,1.0,28980,0,376,28537
873,2,GO:0032550,,train,1.1944885813479892e-122,1.7320556808367891e-124,inf,67,67,1.0,28980,0,378,28535
873,3,GO:0001883,,train,2.2669515976353472e-122,3.313732452236688e-124,inf,67,67,1.0,28980,0,382,28531
873,4,GO:0032549,,train,3.121992432866987e-122,4.572739890539571e-124,inf,67,67,1.0,28980,0,384,28529
873,5,GO:0001882,,train,1.508747812724163e-121,2.236360527399673e-123,inf,67,67,1.0,28980,0,394,28519
873,6,GO:0032561,,train,9.524681490055392e-121,1.4313389004301538e-122,inf,67,67,1.0,28980,0,406,28507
873,7,GO:0019001,,train,1.28142933724288e-120,1.9407064690938544e-122,inf,67,67,1.0,28980,0,408,28505
873,8,GO:0035639,,train,1.9530890626477582e-66,8.353135985780025e-68,inf,67,67,1.0,28980,0,2853,26060
873,9,GO:0032555,,train,8.200919472553519e-66,3.5482784254508446e-67,inf,67,67,1.0,28980,0,2916,25997
873,10,GO:0017076,,train,9.365243978280241e-66,4.065761952078776e-67,inf,67,67,1.0,28980,0,2922,25991
874,1,GO:0008080,,train,1.2234433430292142e-16,1.4579393383844053e-17,663.2873563218391,8,11,0.7272727272727273,28980,3,116,28853
874,2,GO:0016410,,train,5.135160473309567e-16,6.223206162838469e-17,549.1238095238095,8,11,0.7272727272727273,28980,3,140,28829
874,3,GO:0016407,,train,3.1056817921010865e-15,3.8437781795784895e-16,433.77777777777777,8,11,0.7272727272727273,28980,3,177,28792
874,4,GO:0016747,,train,5.976101203101692e-12,8.166655567996424e-13,161.69645390070923,8,11,0.7272727272727273,28980,3,470,28499
874,5,GO:0016746,,train,3.8675502318005435e-11,5.452886681798641e-12,126.51505016722408,8,11,0.7272727272727273,28980,3,598,28371
874,6,GO:0008289,,train,0.0008698030450057,0.0001912766634109,34.78155339805825,3,11,0.2727272727272727,28980,8,309,28660
874,7,GO:0004867,,train,0.0027655961499886,0.0006480359610908,64.80359147025814,2,11,0.18181818181818182,28980,9,99,28870
874,8,GO:0030234,,train,0.0033060167999355,0.0007820278776541,21.265189243027887,3,11,0.2727272727272727,28980,8,502,28467
874,9,GO:0004866,,train,0.0083078692390482,0.0021009999455342,35.34438305709024,2,11,0.18181818181818182,28980,9,181,28788
874,10,GO:0061135,,train,0.0084707624961913,0.0021464128538552,34.95567698846387,2,11,0.18181818181818182,28980,9,183,28786
875,1,GO:0004033,,train,1.673697584396993e-54,9.070335797329695e-56,5167.321428571428,20,36,0.5555555555555556,28980,16,7,28937
875,2,GO:0016616,,train,1.05794601888544e-38,7.952337593989042e-40,166.59375,27,36,0.75,28980,9,512,28432
875,3,GO:0016614,,train,1.85947717242854e-37,1.4434820010357181e-38,148.8041958041958,27,36,0.75,28980,9,572,28372
875,4,GO:0016709,,train,0.0005210857729564,0.0001117822630975,36.45454545454545,3,36,0.08333333333333333,28980,33,72,28872
875,5,GO:0016705,,train,0.0230406290970607,0.0063755392228618,8.621914509331727,3,36,0.08333333333333333,28980,33,302,28642
875,6,GO:0004497,,train,0.023793026088103,0.0066081284337025,8.508021390374331,3,36,0.08333333333333333,28980,33,306,28638
876,1,GO:0016811,,train,4.5209098229529166e-07,7.604377714326285e-08,68.7404214559387,5,13,0.38461538461538464,28980,8,261,28706
876,2,GO:0016810,,train,2.785781527329762e-05,5.281535590379418e-06,28.38842147435897,5,13,0.38461538461538464,28980,8,624,28343
877,1,GO:0004497,,train,5.750394946222555e-40,4.2129471718377744e-41,2090.520833333333,21,22,0.9545454545454546,28980,1,288,28670
877,2,GO:0016701,,train,5.2270011897116136e-21,5.61791234292759e-22,307.06382978723406,11,22,0.5,28980,11,94,28864
877,3,GO:0016709,,train,1.2296709854555124e-10,1.76830268260278e-11,157.0054347826087,6,22,0.2727272727272727,28980,16,69,28889
877,4,GO:0016705,,train,4.972531686611942e-07,8.377136165950516e-08,35.9435618729097,6,22,0.2727272727272727,28980,16,299,28659
877,5,GO:0050661,,train,1.3261362528188224e-05,2.4543834681750943e-06,28.97412573276733,5,22,0.22727272727272727,28980,17,291,28667
877,6,GO:0050660,,train,3.16764054068741e-05,6.031480069856216e-06,23.971007206301323,5,22,0.22727272727272727,28980,17,351,28607
877,7,GO:0016628,,train,0.0103128787325119,0.0026545761321317,29.15050505050505,2,22,0.09090909090909091,28980,20,99,28859
877,8,GO:0004312,,train,0.0170937002491474,0.0046138018600241,21.837878787878783,2,22,0.09090909090909091,28980,20,132,28826
877,9,GO:0016627,,train,0.0474963282538907,0.0142584987534309,12.0163179916318,2,22,0.09090909090909091,28980,20,239,28719
878,1,GO:0030546,,train,7.974919887793075e-102,1.7941642422664798e-103,1399.8541666666667,49,57,0.8596491228070176,28980,8,126,28797
878,2,GO:0048018,,train,7.974919887793075e-102,1.7941642422664798e-103,1399.8541666666667,49,57,0.8596491228070176,28980,8,126,28797
878,3,GO:0030545,,train,2.8779678955153107e-101,6.52531608263424e-103,1356.5932692307692,49,57,0.8596491228070176,28980,8,130,28793
878,4,GO:0005102,,train,7.78490480182466e-85,2.3580254753161376e-86,597.0307881773399,51,57,0.8947368421052632,28980,6,406,28517
878,5,GO:0042379,,train,1.2666364979959895e-72,4.819875240638575e-74,inf,26,57,0.45614035087719296,28980,31,0,28923
878,6,GO:0008009,,train,1.0922923303264071e-69,4.3612339872715615e-71,inf,25,57,0.43859649122807015,28980,32,0,28923
878,7,GO:0098772,,train,4.6143701677899136e-66,1.9843265097447322e-67,216.42949120603012,49,57,0.8596491228070176,28980,8,796,28127
878,8,GO:0001664,,train,7.602447209989319e-65,3.371738897947632e-66,2694.494623655914,26,57,0.45614035087719296,28980,31,9,28914
878,9,GO:0005125,,train,8.016946487221717e-50,4.788515067945361e-51,433.7590144230769,25,57,0.43859649122807015,28980,32,52,28871
878,10,GO:0005126,,train,5.025310144071461e-47,3.19445850913527e-48,265.7327188940092,26,57,0.45614035087719296,28980,31,91,28832
879,1,GO:0004553,,train,6.801272704687936e-36,5.463013667356334e-37,263.5418410041841,27,30,0.9,28980,3,956,27994
879,2,GO:0016798,,train,1.3541770302374197e-33,1.1369104984797856e-34,213.88280581693755,27,30,0.9,28980,3,1169,27781
879,3,GO:0008810,,train,1.492120453969171e-08,2.3201146467669567e-09,120.425,5,30,0.16666666666666666,28980,25,48,28902
879,4,GO:0015926,,train,6.964107496094061e-06,1.261564893102665e-06,60.03326403326403,4,30,0.13333333333333333,28980,26,74,28876
879,5,GO:0005509,,train,1.7394924625008777e-05,3.244382490770451e-06,13.61487739542551,7,30,0.23333333333333334,28980,23,633,28317
879,6,GO:0030247,,train,0.0001696780559395,3.4594699866388965e-05,55.348659003831415,3,30,0.1,28980,27,58,28892
879,7,GO:0030246,,train,0.0188883609358095,0.0051393382206731,9.433893834487307,3,30,0.1,28980,27,337,28613
880,1,GO:0008233,,train,2.7582525014373534e-08,4.341415149910022e-09,8.00898355429979,16,59,0.2711864406779661,28980,43,1284,27637
880,2,GO:0070011,,train,1.040838253992131e-07,1.6882331231081902e-08,7.76051393142601,15,59,0.2542372881355932,28980,44,1217,27704
880,3,GO:0004175,,train,2.6563994816339177e-07,4.4098239043909575e-08,9.409713712821656,12,59,0.2033898305084746,28980,47,764,28157
880,4,GO:0008236,,train,1.7665991041757723e-05,3.297527460470463e-06,10.20073417494852,8,59,0.13559322033898305,28980,51,438,28483
880,5,GO:0016825,,train,1.7665991041757723e-05,3.297527460470463e-06,10.20073417494852,8,59,0.13559322033898305,28980,51,438,28483
880,6,GO:0017171,,train,1.7665991041757723e-05,3.297527460470463e-06,10.20073417494852,8,59,0.13559322033898305,28980,51,438,28483
880,7,GO:0004252,,train,3.731087904554574e-05,7.154612714419615e-06,11.182860017889087,7,59,0.11864406779661017,28980,52,344,28577
880,8,GO:0140096,,train,0.0001454035036288,2.93643774794888e-05,3.932427906976744,16,59,0.2711864406779661,28980,43,2500,26421
880,9,GO:0005198,,train,0.0020386220793173,0.0004683151520639,4.060546183791436,10,59,0.1694915254237288,28980,49,1384,27537
880,10,GO:0004197,,train,0.0051727185371785,0.0012613208279425,15.286421499292786,3,59,0.05084745762711865,28980,56,101,28820
882,1,GO:0008238,,train,1.2758621117481194e-74,4.6232575569980476e-76,198.318018018018,46,82,0.5609756097560976,28980,36,185,28713
882,2,GO:0004177,,train,5.7694704652823066e-61,2.7565416787870764e-62,265.12824675324674,34,82,0.4146341463414634,28980,48,77,28821
882,3,GO:0070011,,train,1.8311465552521672e-49,1.1037193003841834e-50,40.71570621468926,52,82,0.6341463414634146,28980,30,1180,27718
882,4,GO:0008233,,train,2.8794229551408717e-48,1.7780776252854553e-49,38.40277777777778,52,82,0.6341463414634146,28980,30,1248,27650
882,5,GO:0008237,,train,9.851503535531578e-46,6.423952564693234e-47,80.84312749003983,34,82,0.4146341463414634,28980,48,251,28647
882,6,GO:0140096,,train,7.666021309920562e-34,6.411369141934911e-35,18.59534632034632,52,82,0.6341463414634146,28980,30,2464,26434
882,7,GO:0016813,,train,7.189951404063362e-14,9.23149573893714e-15,93.633741888969,9,82,0.10975609756097561,28980,73,38,28860
882,8,GO:0016811,,train,2.0731951887314557e-13,2.6952691354220347e-14,23.40359477124183,14,82,0.17073170731707318,28980,68,252,28646
882,9,GO:0016810,,train,1.084479258208933e-12,1.446099418041147e-13,13.02081628477905,18,82,0.21951219512195122,28980,64,611,28287
882,10,GO:0046914,,train,3.2302546280458306e-12,4.3736230163247596e-13,7.338169777242625,27,82,0.32926829268292684,28980,55,1812,27086
883,1,GO:0003700,,train,7.206502265216633e-44,4.861755490170169e-45,86.52395915161037,35,54,0.6481481481481481,28980,19,603,28323
883,2,GO:0140110,,train,8.570613464865418e-42,6.0556931415342275e-43,74.71642468239564,35,54,0.6481481481481481,28980,19,696,28230
883,3,GO:0003677,,train,9.947482695489333e-18,1.1524824694806313e-18,14.036630434782609,29,54,0.5370370370370371,28980,25,2208,26718
883,4,GO:0046983,,train,2.8856321499095338e-08,4.546073088500299e-09,15.965069413345276,10,54,0.18518518518518517,28980,44,406,28520
883,5,GO:0000977,,train,6.625463401180781e-08,1.0626127697649113e-08,231.328,4,54,0.07407407407407407,28980,50,10,28916
883,6,GO:0000976,,train,7.60890768208862e-06,1.3826069763598357e-06,57.772,4,54,0.07407407407407407,28980,50,40,28886
883,7,GO:0001067,,train,7.60890768208862e-06,1.3826069763598357e-06,57.772,4,54,0.07407407407407407,28980,50,40,28886
883,8,GO:1990837,,train,4.4137857052574175e-05,8.506399553237997e-06,35.52123076923077,4,54,0.07407407407407407,28980,50,65,28861
883,9,GO:0003690,,train,0.0003573257866918,7.53443774381991e-05,19.868965517241374,4,54,0.07407407407407407,28980,50,116,28810
883,10,GO:0000981,,train,0.0010572595612329,0.000235101424534,27.8351012536162,3,54,0.05555555555555555,28980,51,61,28865
884,1,GO:0030246,,train,2.0875655544862522e-51,1.205928837755775e-52,1285.0384615384614,28,30,0.9333333333333333,28980,2,312,28638
884,2,GO:0048029,,train,3.360554302067197e-20,3.681774347403497e-21,225.91465149359885,11,30,0.36666666666666664,28980,19,74,28876
884,3,GO:0090729,,train,0.0094864012133757,0.0024229408612187,12.40510159965413,3,30,0.1,28980,27,257,28693
885,1,GO:0030597,,train,8.018633243080407e-44,5.4237408554567365e-45,329.4307692307692,23,88,0.26136363636363635,28980,65,31,28861
885,2,GO:0030598,,train,8.018633243080407e-44,5.4237408554567365e-45,329.4307692307692,23,88,0.26136363636363635,28980,65,31,28861
885,3,GO:0140102,,train,1.2652409377393908e-35,1.0225853904042476e-36,118.52200357781751,23,88,0.26136363636363635,28980,65,86,28806
885,4,GO:0016799,,train,5.367962651395381e-31,4.7410163148364166e-32,70.15183023872679,23,88,0.26136363636363635,28980,65,145,28747
885,5,GO:0140098,,train,7.265945622044546e-15,9.09493676743602e-16,11.077959830866808,24,88,0.2727272727272727,28980,64,946,27946
885,6,GO:0016798,,train,5.741711242746714e-12,7.837939593754484e-13,8.361689291101056,23,88,0.26136363636363635,28980,65,1173,27719
885,7,GO:0090729,,train,2.8283126009102206e-09,4.2685257989540544e-10,16.433161216293747,11,88,0.125,28980,77,249,28643
885,8,GO:0046983,,train,0.0001942819922635,3.978748595114887e-05,6.981372549019608,8,88,0.09090909090909091,28980,80,408,28484
885,9,GO:0005198,,train,0.0003604182635655,7.602811951652647e-05,3.771719545632589,14,88,0.1590909090909091,28980,74,1380,27512
886,1,GO:0016765,,train,2.7685261260188435e-80,9.02648029486766e-82,166.2642543859649,53,85,0.6235294117647059,28980,32,285,28610
886,2,GO:0004659,,train,1.9852840465463723e-73,7.426568613058317e-75,874.939393939394,34,85,0.4,28980,51,22,28873
887,1,GO:0016874,,train,5.747701098796053e-20,6.340874223881986e-21,169.77692307692308,14,18,0.7777777777777778,28980,4,585,28377
887,2,GO:0016743,,train,2.062640944408708e-05,3.871870161927234e-06,123.04255319148936,3,18,0.16666666666666666,28980,15,47,28915
887,3,GO:0016879,,train,0.0020469743264812,0.0004702938056241,23.251012145748987,3,18,0.16666666666666666,28980,15,247,28715
887,4,GO:0016741,,train,0.0304599637163144,0.008667665217807,8.134388489208632,3,18,0.16666666666666666,28980,15,695,28267
887,5,GO:0016831,,train,0.0407053013556863,0.0119920677193115,13.38339552238806,2,18,0.1111111111111111,28980,16,268,28694
888,1,GO:0016779,,train,8.270850722531515e-39,6.200048920220919e-40,99.50445890576044,29,47,0.6170212765957447,28980,18,461,28472
888,2,GO:0016772,,train,1.5986465517912162e-22,1.6638811842031198e-23,24.430384854127876,29,47,0.6170212765957447,28980,18,1790,27143
888,3,GO:0070566,,train,2.4340262028162013e-14,3.0909287837854032e-15,106.83429276315788,9,47,0.19148936170212766,28980,38,64,28869
888,4,GO:0035639,,train,1.2631178233098027e-11,1.7486875920444464e-12,9.38157578669229,24,47,0.5106382978723404,28980,23,2896,26037
888,5,GO:0032555,,train,1.991307774512644e-11,2.7737260063296776e-12,9.15961620406424,24,47,0.5106382978723404,28980,23,2959,25974
888,6,GO:0017076,,train,2.076929011075501e-11,2.8966397228023733e-12,9.138969132634358,24,47,0.5106382978723404,28980,23,2965,25968
888,7,GO:0032553,,train,6.689645381064549e-11,9.512124287338466e-12,8.586810900769711,24,47,0.5106382978723404,28980,23,3135,25798
888,8,GO:0003725,,train,1.4203159154605348e-10,2.0462002144989047e-11,145.85702270815813,6,47,0.1276595744680851,28980,41,29,28904
888,9,GO:0097367,,train,2.060104917256688e-10,2.984819673888033e-11,8.080413102605542,24,47,0.5106382978723404,28980,23,3309,25624
888,10,GO:0003723,,train,2.2127300694789707e-09,3.3274863605396876e-10,9.491840490797546,17,47,0.3617021276595745,28980,30,1630,27303
889,1,GO:0030246,,train,2.300126165735327e-22,2.4034185878014798e-23,47.02976808584285,19,55,0.34545454545454546,28980,36,321,28604
889,2,GO:0005539,,train,0.0002511215020419,5.205575297411957e-05,47.62087912087912,3,55,0.05454545454545454,28980,52,35,28890
889,3,GO:0008201,,train,0.003657489777903,0.0008721319035688,51.93890386343217,2,55,0.03636363636363636,28980,53,21,28904
889,4,GO:0042803,,train,0.0217950431128004,0.0060015058517246,8.67921868707209,3,55,0.05454545454545454,28980,52,191,28734
889,5,GO:0030247,,train,0.0218671585629604,0.0060239259198547,18.46242404860889,2,55,0.03636363636363636,28980,53,59,28866
890,1,GO:0004842,,train,3.790852307641124e-25,3.744545209410865e-26,915.5238095238096,12,15,0.8,28980,3,126,28839
890,2,GO:0019787,,train,8.974456603110366e-25,8.962100524358684e-26,847.9117647058823,12,15,0.8,28980,3,136,28829
890,3,GO:0140096,,train,4.3289913677533566e-10,6.348223565917716e-11,42.26996805111821,12,15,0.8,28980,3,2504,26461
890,4,GO:0060589,,train,7.419042342036604e-05,1.4617710634366874e-05,79.32417582417582,3,15,0.2,28980,12,91,28874
890,5,GO:0008047,,train,0.000168567139528,3.431882179804536e-05,59.10450819672131,3,15,0.2,28980,12,122,28843
890,6,GO:0030234,,train,0.0081112343180786,0.0020474706658137,14.174800796812749,3,15,0.2,28980,12,502,28463
890,7,GO:0098772,,train,0.030402493680267,0.0086477491764183,8.350059382422803,3,15,0.2,28980,12,842,28123
890,8,GO:0051087,,train,0.0463788744643965,0.0138877128855804,79.50274725274726,1,15,0.06666666666666667,28980,14,26,28939
891,1,GO:0050660,,train,3.934048542192802e-07,6.587286951745629e-08,13.98178456853896,9,62,0.14516129032258066,28980,53,347,28571
891,2,GO:0008061,,train,0.0012411256188926,0.0002783143396497,26.20641646489104,3,62,0.04838709677419355,28980,59,56,28862
891,3,GO:0004857,,train,0.0013053898373385,0.0002935330806295,9.41290492147973,5,62,0.08064516129032258,28980,57,267,28651
891,4,GO:0090729,,train,0.0092149312284653,0.002348475310884,7.721443965517241,4,62,0.06451612903225806,28980,58,256,28662
891,5,GO:0030234,,train,0.0167531585747248,0.0045087772561809,4.985614035087719,5,62,0.08064516129032258,28980,57,500,28418
892,1,GO:0019865,,train,0.000777839609344,0.0001698683038245,31.737073707370737,3,104,0.028846153846153848,28980,101,27,28849
892,2,GO:0034062,,train,0.0122006262832518,0.0031948149616541,7.002926829268293,4,104,0.038461538461538464,28980,100,164,28712
892,3,GO:0097747,,train,0.0122006262832518,0.0031948149616541,7.002926829268293,4,104,0.038461538461538464,28980,100,164,28712
892,4,GO:0016779,,train,0.0300757137936436,0.0085468699508491,3.591499409681228,6,104,0.057692307692307696,28980,98,484,28392
893,1,GO:0004888,,train,2.5235497733825315e-92,6.608821798646579e-94,168.8032894736842,63,91,0.6923076923076923,28980,28,380,28509
893,2,GO:0038023,,train,3.887005495451997e-87,1.133789400990334e-88,126.18932432432432,66,91,0.7252747252747253,28980,25,592,28297
893,3,GO:0060089,,train,2.7157108509856204e-86,8.050793512017598e-88,122.1831751227496,66,91,0.7252747252747253,28980,25,611,28278
893,4,GO:0004930,,train,3.3044521871459226e-29,3.0249913832003425e-30,76.39646017699116,21,91,0.23076923076923078,28980,70,113,28776
893,5,GO:0004896,,train,3.232790967925188e-19,3.6279761543549205e-20,118.44816968867602,12,91,0.13186813186813187,28980,79,37,28852
893,6,GO:0140375,,train,5.511487935782435e-19,6.211059580207701e-20,112.36611489776048,12,91,0.13186813186813187,28980,79,39,28850
893,7,GO:0019199,,train,5.5424176758091117e-08,8.858256683133992e-09,31.181818181818183,7,91,0.07692307692307693,28980,84,77,28812
893,8,GO:0004714,,train,2.8714165590024026e-07,4.771815373120259e-08,35.705263157894734,6,91,0.06593406593406594,28980,85,57,28832
893,9,GO:0004713,,train,2.861452477984976e-05,5.430028752493387e-06,15.147497805092186,6,91,0.06593406593406594,28980,85,134,28755
893,10,GO:0004672,,train,0.0082973270865341,0.0020976047326006,4.207961972667855,7,91,0.07692307692307693,28980,84,561,28328
894,1,GO:0016705,,train,3.952373184926852e-254,6.946784752485898e-257,9955.902777777776,125,127,0.984251968503937,28980,2,180,28673
894,2,GO:0004497,,train,3.1941647867113834e-219,9.450468508007432e-222,1415.715206185567,115,127,0.905511811023622,28980,12,194,28659
894,3,GO:0005506,,train,1.675361822238147e-207,5.7911560776899366e-210,2469.3838596491228,124,127,0.9763779527559056,28980,3,475,28378
894,4,GO:0020037,,train,6.711751393015876e-204,2.5166364305768877e-206,3228.2162408759123,125,127,0.984251968503937,28980,2,548,28305
894,5,GO:0046906,,train,1.09645916509047e-200,4.432473995444381e-203,5672.210526315789,126,127,0.9921259842519685,28980,1,627,28226
894,6,GO:0046914,,train,1.7149614746956861e-143,1.6729125906601734e-145,654.0548104956268,124,127,0.9763779527559056,28980,3,1715,27138
894,7,GO:0016709,,train,9.913664007265559e-17,1.1781859822912496e-17,52.95458404074703,13,127,0.10236220472440945,28980,114,62,28791
895,1,GO:0016833,,train,5.419323290347406e-15,6.754905410677042e-16,221.22870813397128,8,27,0.2962962962962963,28980,19,55,28898
895,2,GO:0016830,,train,2.3256911944940444e-14,2.951312140653309e-15,51.13363228699552,12,27,0.4444444444444444,28980,15,446,28507
895,3,GO:0046912,,train,3.4848442169709596e-11,4.901056649874793e-12,192.093023255814,6,27,0.2222222222222222,28980,21,43,28910
895,4,GO:0016829,,train,2.2127300694789707e-09,3.3278132749524075e-10,18.10808163265306,12,27,0.4444444444444444,28980,15,1225,27728
895,5,GO:0016746,,train,8.381630096382587e-05,1.6605139391813993e-05,13.501428571428573,6,27,0.2222222222222222,28980,21,600,28353
895,6,GO:0008270,,train,0.0039240240262882,0.0009399403715311,7.691171644240236,5,27,0.18518518518518517,28980,22,831,28122
895,7,GO:0016741,,train,0.0142032066303666,0.0037682995708829,7.081568725723594,4,27,0.14814814814814814,28980,23,694,28259
896,1,GO:0016702,,train,2.2295498434635808e-103,4.846137574625704e-105,7051.267857142857,41,45,0.9111111111111111,28980,4,42,28893
896,2,GO:0016701,,train,6.119527893307859e-98,1.4663777768186508e-99,4623.87109375,41,45,0.9111111111111111,28980,4,64,28871
896,3,GO:0051213,,train,7.860433978240589e-92,2.0999841193295888e-93,4098.384105960265,43,45,0.9555555555555556,28980,2,151,28784
896,4,GO:0005506,,train,2.614563785485032e-33,2.2126943715810583e-34,74.3784965034965,27,45,0.6,28980,18,572,28363
896,5,GO:0008199,,train,4.2580684962758955e-33,3.621048377036332e-34,256.53333333333336,18,45,0.4,28980,27,75,28860
896,6,GO:0046914,,train,1.9954368271130362e-20,2.1733116920661656e-21,22.452814569536425,27,45,0.6,28980,18,1812,27123
896,7,GO:0008198,,train,8.278121893166151e-15,1.0386148773597745e-15,201.59721011333917,8,45,0.17777777777777778,28980,37,31,28904
897,1,GO:0008233,,train,1.5191776141727264e-28,1.4040499671075234e-29,55.369639794168094,28,39,0.717948717948718,28980,11,1272,27669
897,2,GO:0140096,,train,3.640311760705804e-22,3.822983174306561e-23,30.847044632086853,29,39,0.7435897435897436,28980,10,2487,26454
897,3,GO:0070011,,train,2.1687176756496408e-09,3.2584447837850445e-10,12.746206896551724,14,39,0.358974358974359,28980,25,1218,27723
897,4,GO:0008238,,train,7.227428934890545e-05,1.4223238007028935e-05,18.68492972410203,5,39,0.1282051282051282,28980,34,226,28715
897,5,GO:0008237,,train,0.0024713952410709,0.0005744652792541,11.656329435688866,4,39,0.10256410256410256,28980,35,281,28660
897,6,GO:0008234,,train,0.0177779851001821,0.0048177678226494,9.52523240371846,3,39,0.07692307692307693,28980,36,251,28690
897,7,GO:0004180,,train,0.0209252311037769,0.0057380873645152,19.02373104812129,2,39,0.05128205128205128,28980,37,82,28859
897,8,GO:0004177,,train,0.0339930368432211,0.0098224013657185,14.298041160426482,2,39,0.05128205128205128,28980,37,109,28832
898,1,GO:0008238,,train,4.726183210450601e-96,1.1657281727156475e-97,7148.151351351351,46,47,0.9787234042553191,28980,1,185,28748
898,2,GO:0004177,,train,4.9142227731525304e-85,1.4841853938894038e-86,1669.2237442922374,38,47,0.8085106382978723,28980,9,73,28860
898,3,GO:0008235,,train,2.5301877593749185e-61,1.1984982883408744e-62,886.8201754385965,28,47,0.5957446808510638,28980,19,48,28885
898,4,GO:0070011,,train,3.4246392539586434e-61,1.6292041328847986e-62,1076.1905564924114,46,47,0.9787234042553191,28980,1,1186,27747
898,5,GO:0008233,,train,4.1516171705505356e-60,2.012750510373242e-61,1015.3381180223286,46,47,0.9787234042553191,28980,1,1254,27679
898,6,GO:0008237,,train,6.257312810335274e-60,3.044613345627e-61,334.635,35,47,0.7446808510638298,28980,12,250,28683
898,7,GO:0140096,,train,6.948861050194079e-47,4.427387522093952e-48,492.8331983805668,46,47,0.9787234042553191,28980,1,2470,26463
898,8,GO:0030145,,train,3.933093890010073e-21,4.209955495238833e-22,99.36930278393692,14,47,0.2978723404255319,28980,33,123,28810
898,9,GO:0046914,,train,3.197793890869786e-17,3.745138698683951e-18,16.988448431392204,25,47,0.5319148936170213,28980,22,1814,27119
898,10,GO:0004180,,train,3.05965661886657e-08,4.828300731122891e-09,54.13696060037523,6,47,0.1276595744680851,28980,41,78,28855
899,1,GO:0016638,,train,6.732977317242788e-40,4.940711890234403e-41,307.1276595744681,21,63,0.3333333333333333,28980,42,47,28870
899,2,GO:0016646,,train,2.50980599565718e-17,2.929099536191875e-18,77.97160243407708,12,63,0.19047619047619047,28980,51,87,28830
899,3,GO:0016814,,train,3.631115592509584e-17,4.260074976711745e-18,75.36470588235294,12,63,0.19047619047619047,28980,51,90,28827
899,4,GO:0016645,,train,7.138378868965492e-16,8.682236009006275e-17,57.42572283150548,12,63,0.19047619047619047,28980,51,118,28799
899,5,GO:0051287,,train,1.6301951051968426e-08,2.5395839029313677e-09,16.755537325676784,10,63,0.15873015873015872,28980,53,322,28595
899,6,GO:0016810,,train,5.981323539644613e-08,9.577266446289205e-09,10.792258556583088,12,63,0.19047619047619047,28980,51,617,28300
899,7,GO:0050661,,train,0.0002184004442792,4.4982673454831456e-05,10.39092558983666,6,63,0.09523809523809523,28980,57,290,28627
899,8,GO:0016614,,train,0.0002198703390601,4.530474162783333e-05,6.971481310567605,8,63,0.12698412698412698,28980,55,591,28326
899,9,GO:0016616,,train,0.0007630510108664,0.0001665045838809,6.6694078947368425,7,63,0.1111111111111111,28980,56,532,28385
899,10,GO:0019239,,train,0.0039314617122471,0.0009418371234366,16.96,3,63,0.047619047619047616,28980,60,85,28832
900,1,GO:0016887,,train,7.059018156465113e-35,5.8003181090560514e-36,104.73904119630552,25,44,0.5681818181818182,28980,19,359,28577
900,2,GO:0035639,,train,8.154343161501205e-33,6.960704213204006e-34,70.54113155154461,39,44,0.8863636363636364,28980,5,2881,26055
900,3,GO:0032555,,train,1.8457301161345976e-32,1.5901491846242646e-33,68.86467391304348,39,44,0.8863636363636364,28980,5,2944,25992
900,4,GO:0017076,,train,1.9929227361050758e-32,1.718711232707427e-33,68.70874576271187,39,44,0.8863636363636364,28980,5,2950,25986
900,5,GO:0097367,,train,2.1459176495986792e-32,1.8512837912142573e-33,77.8712420285454,40,44,0.9090909090909091,28980,4,3293,25643
900,6,GO:0032553,,train,1.6682325278150448e-31,1.459220882929292e-32,64.54,39,44,0.8863636363636364,28980,5,3120,25816
900,7,GO:0004386,,train,7.597525120712846e-31,6.727983841554599e-32,235.98027898027897,17,44,0.38636363636363635,28980,27,77,28859
900,8,GO:0005524,,train,1.5435718658015116e-28,1.4270477219643117e-29,41.81740229262569,35,44,0.7954545454545454,28980,9,2462,26474
900,9,GO:0032559,,train,2.5140929402948127e-28,2.3353512943946013e-29,41.15870474157104,35,44,0.7954545454545454,28980,9,2498,26438
900,10,GO:0030554,,train,2.652659580475758e-28,2.4656205433545947e-29,41.08668620659029,35,44,0.7954545454545454,28980,9,2502,26434
902,1,GO:0003796,,train,1.7674719307159197e-59,8.64656567447516e-61,4627.403846153846,25,27,0.9259259259259259,28980,2,78,28875
902,2,GO:0061783,,train,7.615399146984025e-59,3.7968800269990943e-60,6299.865546218487,26,27,0.9629629629629629,28980,1,119,28834
902,3,GO:0004553,,train,1.4804564547645291e-36,1.1726731270127096e-37,760.6018808777429,26,27,0.9629629629629629,28980,1,957,27996
902,4,GO:0016798,,train,2.4427235384692307e-34,2.02576393280206e-35,617.4,26,27,0.9629629629629629,28980,1,1170,27783
903,1,GO:0000287,,train,8.869735011645639e-14,1.1419423316689394e-14,29.861387631975862,14,34,0.4117647058823529,28980,20,663,28283
903,2,GO:0016773,,train,1.4377095823371737e-13,1.861100461185216e-14,25.41706904876871,15,34,0.4411764705882353,28980,19,872,28074
903,3,GO:0016301,,train,7.081348176234076e-12,9.704000576624485e-13,19.064657734692943,15,34,0.4411764705882353,28980,19,1151,27795
903,4,GO:0016772,,train,2.0341695583695e-11,2.83462067233902e-12,15.063263041065484,17,34,0.5,28980,17,1802,27144
903,5,GO:0005524,,train,7.481598960712851e-05,1.4745348978432805e-05,5.8081580391439545,12,34,0.35294117647058826,28980,22,2485,26461
903,6,GO:0032559,,train,8.594736734789716e-05,1.7047474128148686e-05,5.717428149002921,12,34,0.35294117647058826,28980,22,2521,26425
903,7,GO:0030554,,train,8.726618721738949e-05,1.7321840952193548e-05,5.707506750675067,12,34,0.35294117647058826,28980,22,2525,26421
903,8,GO:0035639,,train,0.0003345901849303,7.030539873173022e-05,4.883956483681381,12,34,0.35294117647058826,28980,22,2908,26038
903,9,GO:0032555,,train,0.0004086962194858,8.661912728067004e-05,4.76882592331936,12,34,0.35294117647058826,28980,22,2971,25975
903,10,GO:0017076,,train,0.0004162617704685,8.833231582370534e-05,4.758115247198217,12,34,0.35294117647058826,28980,22,2977,25969
904,1,GO:0005509,,train,6.549681967050855e-58,3.3115830550809318e-59,1689.0794701986756,36,37,0.972972972972973,28980,1,604,28339
904,2,GO:0019900,,train,0.0061380036906209,0.0015168350802378,38.40531561461794,2,37,0.05405405405405406,28980,35,43,28900
904,3,GO:0008047,,train,0.0380319978356931,0.011137647782858,13.389082462253194,2,37,0.05405405405405406,28980,35,123,28820
905,1,GO:0016746,,train,5.647907421425683e-44,3.797037681158843e-45,356.4688041594454,29,33,0.8787878787878788,28980,4,577,28370
905,2,GO:0016747,,train,1.1808827596138732e-39,8.696544094880269e-41,234.15613147914036,26,33,0.7878787878787878,28980,7,452,28495
905,3,GO:0008374,,train,4.509011183998452e-31,3.978422733750282e-32,687.3073005093379,14,33,0.42424242424242425,28980,19,31,28916
905,4,GO:0016407,,train,5.5961555723008154e-14,7.167118423440595e-15,71.4832298136646,10,33,0.30303030303030304,28980,23,175,28772
905,5,GO:0016410,,train,0.0417361014689621,0.0123312042480578,12.726911179849758,2,33,0.06060606060606061,28980,31,146,28801
906,1,GO:0004190,,train,1.2747387233305228e-267,1.717725086363888e-270,353694.25,98,99,0.98989898989899,28980,1,8,28873
906,2,GO:0070001,,train,1.4226868239707874e-266,2.0421142565125402e-269,314384.0,98,99,0.98989898989899,28980,1,9,28872
906,3,GO:0004175,,train,1.8918427133946906e-153,1.5794450986246209e-155,4076.5398230088495,98,99,0.98989898989899,28980,1,678,28203
906,4,GO:0070011,,train,6.9300981977790684e-133,8.363946619459755e-135,2397.8888888888887,98,99,0.98989898989899,28980,1,1134,27747
906,5,GO:0008233,,train,1.531943601360739e-130,1.9969971075534724e-132,2256.6905158069885,98,99,0.98989898989899,28980,1,1202,27679
906,6,GO:0140096,,train,6.787340099067327e-102,1.5210226955463294e-103,1072.528535980149,98,99,0.98989898989899,28980,1,2418,26463
907,1,GO:0003899,,train,1.6528018556824263e-145,1.5541769800335672e-147,5498.666666666667,60,67,0.8955223880597015,28980,7,45,28868
907,2,GO:0034062,,train,1.1346734457990223e-132,1.3893824892169533e-134,2737.0186915887853,61,67,0.9104477611940298,28980,6,107,28806
907,3,GO:0097747,,train,1.1346734457990223e-132,1.3893824892169533e-134,2737.0186915887853,61,67,0.9104477611940298,28980,6,107,28806
907,4,GO:0016779,,train,1.0981006693479293e-103,2.357875005513173e-105,825.2663551401869,62,67,0.9253731343283582,28980,5,428,28485
907,5,GO:0140098,,train,4.0910974949132654e-82,1.296706649528709e-83,313.2093876054272,61,67,0.9104477611940298,28980,6,909,28004
907,6,GO:0016772,,train,1.822657667571617e-67,7.624440194780644e-69,191.65304496300516,62,67,0.9253731343283582,28980,5,1757,27156
907,7,GO:0003677,,train,5.134399729578882e-36,4.11961240276432e-37,28.67536529680365,47,67,0.7014925373134329,28980,20,2190,26723
907,8,GO:0008270,,train,3.162784777865687e-07,5.2615797385532516e-08,8.21677692273075,13,67,0.19402985074626866,28980,54,823,28090
907,9,GO:0003697,,train,6.196908580803566e-06,1.1202250593824532e-06,31.428727114210982,5,67,0.07462686567164178,28980,62,74,28839
907,10,GO:0031369,,train,4.85367716718392e-05,9.401093660667331e-06,90.30625,3,67,0.04477611940298507,28980,64,15,28898
908,1,GO:0004601,,train,1.5116561334513242e-18,1.7225715086638109e-19,382.68617021276594,10,14,0.7142857142857143,28980,4,188,28778
908,2,GO:0016684,,train,4.189718803814604e-18,4.814795344454607e-19,343.98325358851673,10,14,0.7142857142857143,28980,4,209,28757
908,3,GO:0016209,,train,8.449921047438449e-16,1.0297235128260815e-16,197.5414364640884,10,14,0.7142857142857143,28980,4,362,28604
909,1,GO:0031625,,train,1.316638997375632e-24,1.3186831684176365e-25,403.3255813953488,12,55,0.21818181818181817,28980,43,20,28905
909,2,GO:0044389,,train,4.78290410997918e-24,4.853378983791159e-25,350.6814964610718,12,55,0.21818181818181817,28980,43,23,28902
909,3,GO:0019899,,train,1.0976448717051703e-22,1.1398632188519286e-23,49.037067099567096,19,55,0.34545454545454546,28980,36,308,28617
909,4,GO:0031369,,train,1.4783213680405616e-14,1.867335073085187e-15,383.32954545454544,7,55,0.12727272727272726,28980,48,11,28914
909,5,GO:0003743,,train,9.672537380977608e-14,1.2464332524510207e-14,62.79520697167756,10,55,0.18181818181818182,28980,45,102,28823
909,6,GO:0008135,,train,2.3075573809190888e-11,3.223022993298244e-12,34.71135265700483,10,55,0.18181818181818182,28980,45,184,28741
909,7,GO:0090079,,train,3.427904573129679e-11,4.81896887437365e-12,33.25578703703704,10,55,0.18181818181818182,28980,45,192,28733
909,8,GO:0045182,,train,4.781594987021754e-11,6.759814104158827e-12,32.07816862088219,10,55,0.18181818181818182,28980,45,199,28726
909,9,GO:0051020,,train,2.588419543928197e-07,4.2909061133344076e-08,24.81410256410257,7,55,0.12727272727272726,28980,48,169,28756
909,10,GO:0017016,,train,5.1996473854173945e-06,9.355313660026844e-07,32.76931818181818,5,55,0.09090909090909091,28980,50,88,28837
910,1,GO:0005509,,train,9.22963404734822e-147,8.489630286396992e-149,548.7145769622833,95,104,0.9134615384615384,28980,9,545,28331
910,2,GO:0042803,,train,0.0003482956837422,7.333623785882272e-05,9.342596613113331,6,104,0.057692307692307696,28980,98,188,28688
910,3,GO:0046983,,train,0.014763366166444,0.0039303240390381,4.250771528123445,6,104,0.057692307692307696,28980,98,410,28466
911,1,GO:0016798,,train,3.752633390062032e-51,2.1754874414660813e-52,98.71139720401231,45,56,0.8035714285714286,28980,11,1151,27773
911,2,GO:0004553,,train,1.3200543393831555e-31,1.1535056081026315e-32,39.21906764808973,32,56,0.5714285714285714,28980,24,951,27973
911,3,GO:0008810,,train,5.529595089961444e-09,8.455484187127966e-10,73.72851063829788,6,56,0.10714285714285714,28980,50,47,28877
911,4,GO:0030246,,train,0.0021873570604594,0.0005049176446793,8.366695932104186,5,56,0.08928571428571429,28980,51,335,28589
911,5,GO:0015925,,train,0.0130611376882893,0.0034423369300623,24.875968992248065,2,56,0.03571428571428571,28980,54,43,28881
911,6,GO:0097599,,train,0.0141353700743105,0.0037494734751993,23.76872427983539,2,56,0.03571428571428571,28980,54,45,28879
911,7,GO:0008422,,train,0.015247041564355,0.0040689149207978,22.75571315996848,2,56,0.03571428571428571,28980,54,47,28877
911,8,GO:0015926,,train,0.0346073946798055,0.0100252666018864,14.058479532163744,2,56,0.03571428571428571,28980,54,76,28848
912,1,GO:0004312,,train,5.8395613404121345e-93,1.5173245771290871e-94,1084.3179487179486,44,57,0.7719298245614035,28980,13,90,28833
912,2,GO:0016616,,train,2.3780865861487774e-92,6.220907875416289e-94,1615.8522727272727,55,57,0.9649122807017544,28980,2,484,28439
912,3,GO:0016614,,train,9.863697990867854e-90,2.762309306403512e-91,1434.6001838235295,55,57,0.9649122807017544,28980,2,544,28379
912,4,GO:0016747,,train,2.3081919252850422e-66,9.892154514726003e-68,222.17582417582415,44,57,0.7719298245614035,28980,13,434,28489
912,5,GO:0016746,,train,1.054049890646638e-61,4.971205214111043e-63,170.8026279770052,44,57,0.7719298245614035,28980,13,562,28361
912,6,GO:0051287,,train,2.5373128452078728e-27,2.3970571303264467e-28,58.01714285714286,22,57,0.38596491228070173,28980,35,310,28613
912,7,GO:0050661,,train,3.9564318386054024e-08,6.274752313973004e-09,18.708188153310104,9,57,0.15789473684210525,28980,48,287,28636
913,1,GO:0003707,,train,5.591869695610986e-74,2.0623264923028478e-75,15518.222222222224,29,30,0.9666666666666667,28980,1,54,28896
913,2,GO:0038023,,train,4.129454799116726e-49,2.505229190898655e-50,inf,30,30,1.0,28980,0,628,28322
913,3,GO:0060089,,train,9.811535069678783e-49,5.998381137891327e-50,inf,30,30,1.0,28980,0,647,28303
913,4,GO:0003677,,train,1.4464919432865446e-30,1.288990975035202e-31,351.2309782608696,29,30,0.9666666666666667,28980,1,2208,26742
913,5,GO:0000981,,train,0.0079677276462709,0.0020068114451368,33.28110599078341,2,30,0.06666666666666667,28980,28,62,28888
914,1,GO:0050660,,train,2.0888627484439343e-86,6.168010224775128e-88,349.55827067669173,52,66,0.7878787878787878,28980,14,304,28610
914,2,GO:0016668,,train,9.516289869219196e-82,3.046929966621725e-83,870.652380952381,38,66,0.5757575757575758,28980,28,45,28869
914,3,GO:0009055,,train,1.0376973708869524e-79,3.4015389695125516e-81,245.55459272097053,55,66,0.8333333333333334,28980,11,577,28337
914,4,GO:0016651,,train,2.299082089480408e-79,7.583462028751616e-81,286.1123595505618,48,66,0.7272727272727273,28980,18,267,28647
914,5,GO:0016667,,train,1.3191069132608182e-57,6.712038867897125e-59,149.56758241758243,38,66,0.5757575757575758,28980,28,260,28654
914,6,GO:0015036,,train,1.3444935490808086e-26,1.2910477938561944e-27,67.15287517531557,20,66,0.30303030303030304,28980,46,186,28728
914,7,GO:0016209,,train,2.030353505517552e-18,2.320777859369449e-19,30.25423728813559,18,66,0.2727272727272727,28980,48,354,28560
914,8,GO:0050661,,train,3.731972928219984e-14,4.7555679285692734e-15,27.335515548281503,14,66,0.21212121212121213,28980,52,282,28632
914,9,GO:0010181,,train,4.3520259044914456e-14,5.555886250043565e-15,39.440329218107,12,66,0.18181818181818182,28980,54,162,28752
914,10,GO:0016661,,train,6.944824411312347e-13,9.187341313380369e-14,70.07854251012145,9,66,0.13636363636363635,28980,57,65,28849
915,1,GO:0004089,,train,1.3842781951501688e-49,8.304777056178181e-51,7548.521739130435,18,21,0.8571428571428571,28980,3,23,28936
915,2,GO:0016836,,train,1.1543919328301e-39,8.498072259431235e-41,inf,21,21,1.0,28980,0,347,28612
915,3,GO:0016835,,train,2.6554910520949827e-37,2.0645262478425414e-38,inf,21,21,1.0,28980,0,454,28505
915,4,GO:0008270,,train,2.8510355205108116e-29,2.605744741481013e-30,689.7794117647059,20,21,0.9523809523809523,28980,1,816,28143
915,5,GO:0016829,,train,1.5795005508687047e-28,1.4611895420345578e-29,inf,21,21,1.0,28980,0,1216,27743
915,6,GO:0046914,,train,1.926155066694988e-22,2.008703763492444e-23,298.4057174271577,20,21,0.9523809523809523,28980,1,1819,27140
916,1,GO:0005509,,train,6.460029589934118e-120,9.87824192502449e-122,645.8608644168147,77,83,0.927710843373494,28980,6,563,28334
916,2,GO:0016168,,train,0.0243478594806782,0.0067814819094322,17.37789822342668,2,83,0.024096385542168676,28980,81,41,28856
917,1,GO:0004623,,train,5.199797626147469e-193,2.4219111889077765e-195,inf,66,66,1.0,28980,0,5,28909
917,2,GO:0004620,,train,4.7818267575607644e-170,3.2217832681224933e-172,inf,66,66,1.0,28980,0,42,28872
917,3,GO:0016298,,train,6.340708797130887e-159,4.885040904723389e-161,inf,66,66,1.0,28980,0,76,28838
917,4,GO:0052689,,train,4.034340495406665e-134,4.762689221808847e-136,inf,66,66,1.0,28980,0,225,28689
917,5,GO:0102567,,train,7.104108623377803e-122,1.0467723108530435e-123,57826.0,44,66,0.6666666666666666,28980,22,1,28913
917,6,GO:0102568,,train,7.104108623377803e-122,1.0467723108530435e-123,57826.0,44,66,0.6666666666666666,28980,22,1,28913
917,7,GO:0005509,,train,2.7488662162760377e-106,5.572298156437349e-108,3203.5391304347827,65,66,0.9848484848484849,28980,1,575,28339
917,8,GO:0016788,,train,4.256493830021206e-83,1.3216988779982066e-84,inf,66,66,1.0,28980,0,1518,27396
917,9,GO:0090729,,train,8.817733889280711e-67,3.745412350076759e-68,214.8849315068493,41,66,0.6212121212121212,28980,25,219,28695
918,1,GO:0004784,,train,7.860957707728299e-145,7.507022329787108e-147,inf,53,53,1.0,28980,0,26,28901
918,2,GO:0016721,,train,3.637697527760372e-142,3.6230985717506713e-144,inf,53,53,1.0,28980,0,32,28895
918,3,GO:0016209,,train,5.257163655740001e-101,1.1965949440519029e-102,inf,53,53,1.0,28980,0,319,28608
918,4,GO:0030145,,train,0.0080724073205777,0.0020369603849036,12.892388059701492,3,53,0.05660377358490566,28980,50,134,28793
919,1,GO:0016829,,train,2.7401304114835774e-12,3.703594843889395e-13,26.45366584900518,14,26,0.5384615384615384,28980,12,1223,27731
919,2,GO:0016833,,train,1.2784596416054226e-10,1.8392112077582182e-11,152.08947368421053,6,26,0.23076923076923078,28980,20,57,28897
919,3,GO:0016782,,train,2.658273241728783e-09,4.0087853790373415e-10,88.33469387755102,6,26,0.23076923076923078,28980,20,98,28856
919,4,GO:0016830,,train,1.431597354176614e-05,2.6550203149931578e-06,18.91725663716814,6,26,0.23076923076923078,28980,20,452,28502
919,5,GO:0016861,,train,0.0282350100133053,0.0079725008500527,16.219594594594593,2,26,0.07692307692307693,28980,24,148,28806
919,6,GO:0016835,,train,0.0302420590767427,0.0085976853074314,7.870854826823876,3,26,0.11538461538461539,28980,23,472,28482
920,1,GO:0003924,,train,8.89422957026333e-76,3.165623495875428e-77,560.1952580195258,42,51,0.8235294117647058,28980,9,239,28690
920,2,GO:0005525,,train,9.237609159134737e-75,3.341959548739315e-76,537.644472361809,45,51,0.8823529411764706,28980,6,398,28531
920,3,GO:0032550,,train,1.1421931447114817e-74,4.13554420969444e-76,534.91875,45,51,0.8823529411764706,28980,6,400,28529
920,4,GO:0001883,,train,1.7339617957382337e-74,6.313719753061559e-76,529.5482673267327,45,51,0.8823529411764706,28980,6,404,28525
920,5,GO:0032549,,train,2.1341353419676483e-74,7.789590872342883e-76,526.9027093596059,45,51,0.8823529411764706,28980,6,406,28523
920,6,GO:0001882,,train,5.936308439866304e-74,2.194575168032128e-75,514.0564903846154,45,51,0.8823529411764706,28980,6,416,28513
920,7,GO:0032561,,train,1.9730737018215346e-73,7.375112176009252e-75,499.43341121495325,45,51,0.8823529411764706,28980,6,428,28501
920,8,GO:0019001,,train,2.3959257902070796e-73,8.997793781074715e-75,497.0755813953488,45,51,0.8823529411764706,28980,6,430,28499
920,9,GO:0017111,,train,1.2765817398763321e-58,6.387209220812536e-60,204.4676113360324,43,51,0.8431372549019608,28980,8,741,28188
920,10,GO:0016462,,train,1.790505342984117e-55,9.467329127006859e-57,170.72168742921858,43,51,0.8431372549019608,28980,8,883,28046
921,1,GO:0004519,,train,1.5675631589481414e-14,1.9814380381583708e-15,31.796875,14,42,0.3333333333333333,28980,28,448,28490
921,2,GO:0004518,,train,8.165555729843971e-14,1.0505645125662687e-14,24.44703646103335,15,42,0.35714285714285715,28980,27,643,28295
921,3,GO:0016788,,train,9.361811311554756e-13,1.2453345392322157e-13,14.448867898319213,19,42,0.4523809523809524,28980,23,1565,27373
921,4,GO:0003723,,train,2.968111663085892e-09,4.4821207555461156e-10,10.303070320237705,16,42,0.38095238095238093,28980,26,1631,27307
922,1,GO:0003954,,train,1.5559548695866076e-148,1.4038553470799285e-150,952.3636363636364,72,105,0.6857142857142857,28980,33,66,28809
922,2,GO:0050136,,train,3.481875679656573e-148,3.172110426731096e-150,1019.9082751744766,71,105,0.6761904761904762,28980,34,59,28816
922,3,GO:0016655,,train,1.1131728550812168e-145,1.0402265599522752e-147,723.1646859083191,74,105,0.7047619047619048,28980,31,95,28780
922,4,GO:0008137,,train,1.347714015173542e-143,1.3107216598928318e-145,969.0263157894736,69,105,0.6571428571428571,28980,36,57,28818
922,5,GO:0016651,,train,1.2002675288463279e-126,1.6455025441605343e-128,314.0002885586496,76,105,0.7238095238095238,28980,29,239,28636
922,6,GO:0048038,,train,1.6641728250840148e-20,1.809106059081577e-21,85.27514792899409,14,105,0.13333333333333333,28980,91,52,28823
923,1,GO:0003723,,train,0.0004436877874828,9.43861708029502e-05,5.211705864386072,10,42,0.23809523809523808,28980,32,1637,27301
923,2,GO:0090729,,train,0.0023394319091057,0.0005420091680322,11.79358552631579,4,42,0.09523809523809523,28980,38,256,28682
923,3,GO:0016763,,train,0.0132544235315519,0.0034971612253182,10.67670011148272,3,42,0.07142857142857142,28980,39,207,28731
924,1,GO:0090079,,train,2.310249480109129e-26,2.230595039528866e-27,54.619780816954986,21,82,0.25609756097560976,28980,61,181,28717
924,2,GO:0045182,,train,4.803095142006736e-26,4.668444702574436e-27,52.57324729682595,21,82,0.25609756097560976,28980,61,188,28710
924,3,GO:0008135,,train,5.234536262201782e-25,5.187461163848208e-26,53.25176121616611,20,82,0.24390243902439024,28980,62,174,28724
924,4,GO:0043022,,train,1.4832566983022198e-19,1.6493665016712734e-20,126.85274725274724,12,82,0.14634146341463414,28980,70,39,28859
924,5,GO:0043021,,train,5.539330329568444e-19,6.245681354105205e-20,82.30478700043918,13,82,0.15853658536585366,28980,69,66,28832
924,6,GO:0003743,,train,6.326842143145173e-17,7.472779541600417e-18,54.80705606792564,13,82,0.15853658536585366,28980,69,99,28799
924,7,GO:0003746,,train,5.145123400836299e-16,6.2367872492195e-17,78.39164813442056,11,82,0.13414634146341464,28980,71,57,28841
924,8,GO:0044877,,train,2.3109984212729808e-11,3.2285061578495027e-12,18.585907046476763,13,82,0.15853658536585366,28980,69,290,28608
924,9,GO:0070063,,train,7.865156238956259e-11,1.1220467786775926e-11,175.414979757085,6,82,0.07317073170731707,28980,76,13,28885
924,10,GO:0003723,,train,1.016943814806056e-10,1.458522107182954e-11,6.953916756963477,24,82,0.2926829268292683,28980,58,1623,27275
925,1,GO:0003735,,train,1.1410249297060277e-194,5.1474306229231707e-197,366.8104575163399,140,154,0.9090909090909091,28980,14,765,28061
925,2,GO:0019843,,train,9.05548122595652e-177,5.438010520318383e-179,297.11427472104657,108,154,0.7012987012987013,28980,46,226,28600
925,3,GO:0005198,,train,6.4693580434482706e-167,4.605132274534756e-169,219.8724082934609,140,154,0.9090909090909091,28980,14,1254,27572
925,4,GO:0003723,,train,1.4871458150393523e-133,1.7817694535287083e-135,92.82561264822134,129,154,0.8376623376623377,28980,25,1518,27308
925,5,GO:0000049,,train,4.4239115788237245e-26,4.2921156367179816e-27,44.73364485981308,22,154,0.14285714285714285,28980,132,107,28719
925,6,GO:0003729,,train,3.470893931375106e-12,4.704521844471575e-13,25.830386574767758,12,154,0.07792207792207792,28980,142,94,28732
925,7,GO:0070180,,train,0.0008316988237519,0.0001824343320225,31.79690949227373,3,154,0.01948051948051948,28980,151,18,28808
926,1,GO:0005525,,train,3.956769169487157e-27,3.760072409941218e-28,127.83325471698112,19,29,0.6551724137931034,28980,10,424,28527
926,2,GO:0032550,,train,4.312494939852403e-27,4.100641115142192e-28,127.22417840375589,19,29,0.6551724137931034,28980,10,426,28525
926,3,GO:0001883,,train,5.121371931716807e-27,4.871281794617123e-28,126.02302325581395,19,29,0.6551724137931034,28980,10,430,28521
926,4,GO:0032549,,train,5.570025102778919e-27,5.306184384754678e-28,125.43078703703704,19,29,0.6551724137931034,28980,10,432,28519
926,5,GO:0001882,,train,8.453730007443143e-27,8.090440265493965e-28,122.55,19,29,0.6551724137931034,28980,10,442,28509
926,6,GO:0032561,,train,1.3802689292167762e-26,1.3258053780067988e-27,119.26057268722468,19,29,0.6551724137931034,28980,10,454,28497
926,7,GO:0019001,,train,1.4954540850349266e-26,1.4377597056228226e-27,118.72916666666669,19,29,0.6551724137931034,28980,10,456,28495
926,8,GO:0016879,,train,4.822793983229452e-23,4.970146536895807e-24,130.92401215805472,15,29,0.5172413793103449,28980,14,235,28716
926,9,GO:0000287,,train,8.854066435954362e-22,9.355425970204582e-23,70.25189681335357,18,29,0.6206896551724138,28980,11,659,28292
926,10,GO:0016874,,train,2.299430202642536e-17,2.681557148173517e-18,52.04317514677104,15,29,0.5172413793103449,28980,14,584,28367
927,1,GO:0016757,,train,3.8126187497777157e-81,1.2274271336103672e-82,63.838353413654616,67,150,0.44666666666666666,28980,83,360,28470
927,2,GO:0016758,,train,6.2448362307269515e-78,2.1293579906160968e-79,148.10824742268042,50,150,0.3333333333333333,28980,100,97,28733
927,3,GO:0008194,,train,3.680189726524046e-17,4.3208836230214656e-18,78.2554347826087,12,150,0.08,28980,138,32,28798
927,4,GO:0046527,,train,2.2000823995224946e-16,2.645615680944384e-17,91.18129496402878,11,150,0.07333333333333333,28980,139,25,28805
927,5,GO:0004553,,train,1.8211065482312935e-09,2.7286990638319317e-10,5.5357266994389,24,150,0.16,28980,126,959,27871
927,6,GO:0016798,,train,3.5619600053736274e-09,5.400798250524033e-10,4.956989247311828,26,150,0.17333333333333334,28980,124,1170,27660
927,7,GO:0019239,,train,3.4776093739778107e-05,6.645119942132366e-06,14.607723577235772,6,150,0.04,28980,144,82,28748
927,8,GO:0016814,,train,7.867300664191132e-05,1.5558527926869476e-05,12.471354166666666,6,150,0.04,28980,144,96,28734
927,9,GO:0015929,,train,0.0002156935997572,4.438093109220485e-05,23.203867848509265,4,150,0.02666666666666667,28980,146,34,28796
927,10,GO:0030246,,train,0.0017959957662917,0.0004108425151293,4.83590700831495,8,150,0.05333333333333334,28980,142,332,28498
928,1,GO:0019104,,train,4.259278790546063e-139,4.491725589819207e-141,19658.12,51,66,0.7727272727272727,28980,15,5,28909
928,2,GO:0016799,,train,1.0344117554444887e-123,1.4817568866987578e-125,1898.4454545454544,58,66,0.8787878787878788,28980,8,110,28804
928,3,GO:0140097,,train,2.0852659132930618e-89,5.876397482461625e-91,386.6323319027182,57,66,0.8636363636363636,28980,9,466,28448
928,4,GO:0016798,,train,1.7106207199417883e-77,5.898000958993129e-79,298.5936563876652,61,66,0.9242424242424242,28980,5,1135,27779
928,5,GO:0003684,,train,1.589361850317684e-26,1.5299068577039312e-27,192.98128342245988,15,66,0.22727272727272727,28980,51,44,28870
928,6,GO:0003677,,train,8.835444450460584e-14,1.1372687381821426e-14,8.907817302423101,28,66,0.42424242424242425,28980,38,2209,26705
928,7,GO:0051539,,train,1.068172924871163e-12,1.423729914217357e-13,29.52469135802469,12,66,0.18181818181818182,28980,54,216,28698
928,8,GO:0016835,,train,3.3266006253281197e-10,4.859758420046089e-11,15.105611369762311,13,66,0.19696969696969696,28980,53,462,28452
928,9,GO:0051536,,train,1.4052638867451406e-09,2.0990246824599327e-10,15.297906602254429,12,66,0.18181818181818182,28980,54,414,28500
928,10,GO:0051540,,train,1.48157457341752e-09,2.2143110037719159e-10,15.223290598290598,12,66,0.18181818181818182,28980,54,416,28498
929,1,GO:0017056,,train,4.740619429463202e-07,7.979494168115404e-08,125.03351351351353,4,41,0.0975609756097561,28980,37,25,28914
929,2,GO:0032182,,train,0.0017642303653272,0.0004031625825326,78.05668016194332,2,41,0.04878048780487805,28980,39,19,28920
929,3,GO:0004842,,train,0.0041054056265999,0.0009865144082666,16.844444444444445,3,41,0.07317073170731707,28980,38,135,28804
929,4,GO:0019787,,train,0.0049689571715786,0.0012068319978193,15.677313974591652,3,41,0.07317073170731707,28980,38,145,28794
929,5,GO:0005496,,train,0.0054303955714551,0.0013292435010422,41.17236467236467,2,41,0.04878048780487805,28980,39,36,28903
929,6,GO:0061630,,train,0.0054303955714551,0.0013292435010422,41.17236467236467,2,41,0.04878048780487805,28980,39,36,28903
929,7,GO:0061659,,train,0.0054303955714551,0.0013292435010422,41.17236467236467,2,41,0.04878048780487805,28980,39,36,28903
929,8,GO:0005198,,train,0.0119929120382461,0.0031376130712592,4.089740871114127,7,41,0.17073170731707318,28980,34,1387,27552
930,1,GO:0016763,,train,5.2120374101286905e-99,1.2183864584710711e-100,4147.5337423312885,47,49,0.9591836734693877,28980,2,163,28768
930,2,GO:0016757,,train,2.2610305832848824e-83,7.000935426464308e-85,1765.653947368421,47,49,0.9591836734693877,28980,2,380,28551
930,3,GO:0016799,,train,0.0111817061870198,0.0028991792325427,11.3699604743083,3,49,0.061224489795918366,28980,46,165,28766
932,1,GO:0035639,,train,3.932251646538769e-31,3.466076457929858e-32,14.860305779356722,54,87,0.6206896551724138,28980,33,2866,26027
932,2,GO:0032555,,train,1.154842054674768e-30,1.025714359719336e-31,14.5054781340203,54,87,0.6206896551724138,28980,33,2929,25964
932,3,GO:0017076,,train,1.2767775740107652e-30,1.1358858400769528e-31,14.472479479634504,54,87,0.6206896551724138,28980,33,2935,25958
932,4,GO:0032553,,train,2.056051455174201e-29,1.870123258726864e-30,13.590513833992096,54,87,0.6206896551724138,28980,33,3105,25788
932,5,GO:0097367,,train,2.994503137911127e-28,2.7851151134744786e-29,12.782500207934792,54,87,0.6206896551724138,28980,33,3279,25614
932,6,GO:0005524,,train,2.8033040905611428e-24,2.8265438321209986e-25,11.55368795152645,45,87,0.5172413793103449,28980,42,2452,26441
932,7,GO:0032559,,train,5.040066291587386e-24,5.1202360779286555e-25,11.371009416628388,45,87,0.5172413793103449,28980,42,2488,26405
932,8,GO:0030554,,train,5.3762462489262536e-24,5.466488188775529e-25,11.351037606053657,45,87,0.5172413793103449,28980,42,2492,26401
932,9,GO:0004386,,train,8.807328121119489e-08,1.4238991094840924e-08,28.97155172413793,7,87,0.08045977011494253,28980,80,87,28806
932,10,GO:0016818,,train,8.612931414404207e-07,1.472955842554758e-07,6.208910803127221,15,87,0.1724137931034483,28980,72,938,27955
933,1,GO:0016705,,train,1.5270325794600458e-225,4.1153879166395466e-228,16406.25773195876,111,112,0.9910714285714286,28980,1,194,28674
933,2,GO:0004497,,train,4.5392467235670525e-197,1.9546804592212453e-199,1592.3333333333333,103,112,0.9196428571428571,28980,9,206,28662
933,3,GO:0005506,,train,5.05058175005716e-188,2.5595413854758427e-190,6455.286885245901,111,112,0.9910714285714286,28980,1,488,28380
933,4,GO:0020037,,train,6.670173568678745e-182,3.751569631737759e-184,5590.6868327402135,111,112,0.9910714285714286,28980,1,562,28306
933,5,GO:0046906,,train,4.615631087969319e-176,2.85291079931314e-178,4880.196261682243,111,112,0.9910714285714286,28980,1,642,28226
933,6,GO:0046914,,train,4.0751795379155467e-131,5.2287214389284625e-133,1743.3680555555557,111,112,0.9910714285714286,28980,1,1728,27140
933,7,GO:0016709,,train,1.0553750220464942e-15,1.2910466918786535e-16,54.86666666666667,12,112,0.10714285714285714,28980,100,63,28805
934,1,GO:0016799,,train,5.046852300485435e-63,2.31371352206102e-64,1565.6521739130435,30,34,0.8823529411764706,28980,4,138,28808
934,2,GO:0016798,,train,6.543676278849141e-44,4.410756398521215e-45,788.3396388650043,33,34,0.9705882352941176,28980,1,1163,27783
935,1,GO:0042578,,train,3.010152183323857e-38,2.288234149376164e-39,178.49698722583756,26,35,0.7428571428571429,28980,9,461,28484
935,2,GO:0016788,,train,5.482066794227763e-25,5.435977414084711e-26,50.78177150192555,26,35,0.7428571428571429,28980,9,1558,27387
935,3,GO:0016791,,train,1.3397891320083707e-24,1.3426541935731425e-25,88.03317373461012,18,35,0.5142857142857142,28980,17,344,28601
935,4,GO:0008081,,train,6.455555278472468e-14,8.279116796775484e-15,97.88348416289593,9,35,0.2571428571428571,28980,26,102,28843
935,5,GO:0016462,,train,5.9051227810036034e-05,1.152413157777368e-05,9.046074396836923,8,35,0.22857142857142856,28980,27,918,28027
935,6,GO:0016818,,train,7.210885049879712e-05,1.4188568087424795e-05,8.779149519890261,8,35,0.22857142857142856,28980,27,945,28000
935,7,GO:0016817,,train,7.800144429103806e-05,1.54142936751133e-05,8.67472493413916,8,35,0.22857142857142856,28980,27,956,27989
935,8,GO:0004112,,train,0.0001178192271467,2.363839490077756e-05,63.013081395348834,3,35,0.08571428571428572,28980,32,43,28902
935,9,GO:0030247,,train,0.0096929701757571,0.0024796762616775,29.672316384180792,2,35,0.05714285714285714,28980,33,59,28886
935,10,GO:0004620,,train,0.0268637785173641,0.0075562815150248,16.48885077186964,2,35,0.05714285714285714,28980,33,106,28839
936,1,GO:0051536,,train,1.1624101318675678e-35,9.384545576433245e-37,127.09298183113644,25,39,0.6410256410256411,28980,14,401,28540
936,2,GO:0051540,,train,1.3081598039517085e-35,1.057656226061668e-36,126.45338532435306,25,39,0.6410256410256411,28980,14,403,28538
936,3,GO:0016730,,train,1.2653675096529367e-34,1.0456694333804769e-35,609.3913043478261,16,39,0.41025641025641024,28980,23,33,28908
936,4,GO:0051539,,train,3.418373247512207e-21,3.6559981037194453e-22,84.29577464788733,15,39,0.38461538461538464,28980,24,213,28728
936,5,GO:0008198,,train,9.978914836562267e-05,1.991281245178609e-05,66.90972222222223,3,39,0.07692307692307693,28980,36,36,28905
936,6,GO:0030145,,train,0.0001696449866543,3.4573048954345646e-05,24.754457572502684,4,39,0.10256410256410256,28980,35,133,28808
936,7,GO:0016861,,train,0.0002380246950775,4.925466344518023e-05,22.540117416829744,4,39,0.10256410256410256,28980,35,146,28795
936,8,GO:0016151,,train,0.0003149680255873,6.605314161114188e-05,43.766666666666666,3,39,0.07692307692307693,28980,36,55,28886
936,9,GO:0046914,,train,0.0005574488676308,0.0001200237038136,5.111517505326068,10,39,0.2564102564102564,28980,29,1829,27112
936,10,GO:0016661,,train,0.0006320623965351,0.0001367181866015,33.8849765258216,3,39,0.07692307692307693,28980,36,71,28870
937,1,GO:0015078,,train,7.296443368339681e-10,1.0770360058899041e-10,23.19605943152455,10,82,0.12195121951219512,28980,72,172,28726
937,2,GO:0015318,,train,3.723237409726129e-08,5.897279981951893e-09,9.783298826777088,13,82,0.15853658536585366,28980,69,546,28352
937,3,GO:0022890,,train,3.9714756532494135e-08,6.299774632318473e-09,12.60049757232856,11,82,0.13414634146341464,28980,71,351,28547
937,4,GO:0015077,,train,3.9830748466128855e-08,6.319340706346598e-09,14.893362463587184,10,82,0.12195121951219512,28980,72,267,28631
937,5,GO:0015075,,train,5.70878227914783e-08,9.134185431849736e-09,9.413976433300103,13,82,0.15853658536585366,28980,69,567,28331
937,6,GO:0008324,,train,6.311335181656008e-08,1.011307479967729e-08,12.011252296387015,11,82,0.13414634146341464,28980,71,368,28530
937,7,GO:0022857,,train,1.8718252662025577e-07,3.0783100578437354e-08,7.086516569693903,15,82,0.18292682926829268,28980,67,885,28013
937,8,GO:0005215,,train,2.102796916675024e-06,3.688533830462561e-07,5.788853132108972,15,82,0.18292682926829268,28980,67,1076,27822
937,9,GO:0015267,,train,0.001356538123032,0.0003057843646697,5.94055182699478,7,82,0.08536585365853659,28980,75,447,28451
937,10,GO:0022803,,train,0.001356538123032,0.0003057843646697,5.94055182699478,7,82,0.08536585365853659,28980,75,447,28451
938,1,GO:0004553,,train,1.8582961561948533e-27,1.751764077287119e-28,50.68143504005573,26,41,0.6341463414634146,28980,15,957,27982
938,2,GO:0016798,,train,2.7726040128492104e-25,2.730613320209463e-26,41.13925925925926,26,41,0.6341463414634146,28980,15,1170,27769
938,3,GO:0005509,,train,3.754642355406246e-20,4.1201307271733876e-21,39.38237446933099,19,41,0.4634146341463415,28980,22,621,28318
938,4,GO:0030247,,train,1.9575386346704143e-11,2.7261149688675483e-12,110.12799564270152,7,41,0.17073170731707318,28980,34,54,28885
938,5,GO:0030246,,train,2.599853923597498e-06,4.590889489833822e-07,17.686097862568452,7,41,0.17073170731707318,28980,34,333,28606
938,6,GO:0016758,,train,0.0002676862214995,5.561211245495545e-05,21.76979776979777,4,41,0.0975609756097561,28980,37,143,28796
938,7,GO:0016757,,train,0.0117361119227356,0.0030594270146885,7.287968819883713,4,41,0.0975609756097561,28980,37,423,28516
939,1,GO:0005524,,train,3.672453619288023e-85,1.1059209422702894e-86,899.1817805383023,82,83,0.9879518072289156,28980,1,2415,26482
939,2,GO:0032559,,train,1.199948956600902e-84,3.641641383362728e-86,884.7702978376172,82,83,0.9879518072289156,28980,1,2451,26446
939,3,GO:0030554,,train,1.361812115959126e-84,4.152814871586402e-86,883.1951120162933,82,83,0.9879518072289156,28980,1,2455,26442
939,4,GO:0035639,,train,1.508454608341877e-79,4.957922695490481e-81,752.937984496124,82,83,0.9879518072289156,28980,1,2838,26059
939,5,GO:0032555,,train,8.722133053598334e-79,2.9178533401322014e-80,734.8059289900034,82,83,0.9879518072289156,28980,1,2901,25996
939,6,GO:0017076,,train,1.0278536315343306e-78,3.447556633877636e-80,733.1200550395597,82,83,0.9879518072289156,28980,1,2907,25990
939,7,GO:0032553,,train,9.719969002163382e-77,3.396878173120343e-78,688.0857978550537,82,83,0.9879518072289156,28980,1,3077,25820
939,8,GO:0097367,,train,8.03844146133889e-75,2.8963538089014364e-76,646.8692709935405,82,83,0.9879518072289156,28980,1,3251,25646
939,9,GO:0051082,,train,2.384252889332366e-37,1.8529521971464294e-38,145.36907894736842,23,83,0.27710843373493976,28980,60,76,28821
939,10,GO:0016773,,train,0.004093783981988,0.0009832420795125,3.881225758788401,9,83,0.10843373493975904,28980,74,878,28019
940,1,GO:0003700,,train,3.6492314954819957e-113,6.339146019922149e-115,167.04992805755396,82,107,0.7663551401869159,28980,25,556,28317
940,2,GO:0140110,,train,4.3179172426071024e-108,8.424093750406686e-110,142.64209553158705,82,107,0.7663551401869159,28980,25,649,28224
940,3,GO:0003677,,train,6.235901808220038e-85,1.885183427390538e-86,76.4250505050505,92,107,0.8598130841121495,28980,15,2145,26728
940,4,GO:0043565,,train,1.4362818342813664e-29,1.3021918379180448e-30,34.33529285561038,28,107,0.2616822429906542,28980,79,295,28578
940,5,GO:0046983,,train,3.0424161369290995e-09,4.59610979820821e-10,10.661584550366449,14,107,0.1308411214953271,28980,93,402,28471
940,6,GO:0000976,,train,8.57616239176098e-08,1.3847674694140238e-08,45.078165711307975,6,107,0.056074766355140186,28980,101,38,28835
940,7,GO:0001067,,train,8.57616239176098e-08,1.3847674694140238e-08,45.078165711307975,6,107,0.056074766355140186,28980,101,38,28835
940,8,GO:1990837,,train,1.2640033346670176e-06,2.182393196393181e-07,27.166430928807166,6,107,0.056074766355140186,28980,101,63,28810
940,9,GO:0016597,,train,1.4942826743586342e-06,2.5918058748213e-07,26.328712871287127,6,107,0.056074766355140186,28980,101,65,28808
940,10,GO:0046914,,train,1.7191887134989013e-05,3.205002481971763e-06,3.63391280988564,21,107,0.19626168224299065,28980,86,1818,27055
941,1,GO:0008083,,train,2.3992611694228944e-103,5.2220495324170564e-105,3548.114285714286,43,50,0.86,28980,7,50,28880
941,2,GO:0030546,,train,3.744511621922736e-92,9.87216351680131e-94,1612.1577608142493,44,50,0.88,28980,6,131,28799
941,3,GO:0048018,,train,3.744511621922736e-92,9.87216351680131e-94,1612.1577608142493,44,50,0.88,28980,6,131,28799
941,4,GO:0030545,,train,1.1514166427047225e-91,3.0828567578642417e-93,1564.1728395061727,44,50,0.88,28980,6,135,28795
941,5,GO:0005102,,train,1.0279404043184205e-80,3.3394437366761235e-82,1089.7886178861788,47,50,0.94,28980,3,410,28520
941,6,GO:0098772,,train,2.599866568424234e-60,1.254351653102122e-61,257.5272575946733,44,50,0.88,28980,6,801,28129
941,7,GO:0005125,,train,0.0278682866504501,0.0078599719914033,16.030555555555555,2,50,0.04,28980,48,75,28855
942,1,GO:0016810,,train,7.557446110648232e-55,4.053573491694324e-56,430.2242833052276,36,40,0.9,28980,4,593,28347
942,2,GO:0016811,,train,0.0001565244440705,3.174818667846642e-05,15.697318007662837,5,40,0.125,28980,35,261,28679
943,1,GO:0004364,,train,1.391978388984429e-21,1.475692002734467e-22,722.125,10,15,0.6666666666666666,28980,5,80,28885
943,2,GO:0016765,,train,9.522980823273105e-16,1.1629992984804047e-16,174.6158536585366,10,15,0.6666666666666666,28980,5,328,28637
943,3,GO:0016667,,train,0.0019482842106315,0.0004468777387949,24.29661016949153,3,15,0.2,28980,12,295,28670
943,4,GO:0015036,,train,0.0182955512182775,0.0049677476886874,21.690045248868778,2,15,0.13333333333333333,28980,13,204,28761
944,1,GO:0030170,,train,1.827491401409969e-157,1.4507723870934813e-159,1597.394422310757,84,90,0.9333333333333333,28980,6,251,28639
944,2,GO:0070279,,train,1.827491401409969e-157,1.4507723870934813e-159,1597.394422310757,84,90,0.9333333333333333,28980,6,251,28639
944,3,GO:0019842,,train,1.7825794629555875e-141,1.7963129017099398e-143,965.3220338983052,84,90,0.9333333333333333,28980,6,413,28477
944,4,GO:0008483,,train,1.0942499718167967e-133,1.3014192476129112e-135,693.8448275862069,70,90,0.7777777777777778,28980,20,145,28745
944,5,GO:0016769,,train,3.4785913687630618e-133,4.177937314915943e-135,679.7094594594595,70,90,0.7777777777777778,28980,20,148,28742
944,6,GO:0016846,,train,9.746744600190896e-05,1.9438098613849965e-05,28.543295398317664,4,90,0.044444444444444446,28980,86,47,28843
944,7,GO:0016829,,train,0.000528938495116,0.0001135287914496,3.816080977845684,13,90,0.14444444444444443,28980,77,1224,27666
944,8,GO:0016831,,train,0.0347483804949536,0.0100701798118339,5.005070816576325,4,90,0.044444444444444446,28980,86,266,28624
944,9,GO:0016830,,train,0.047190104737465,0.0141596579320342,3.692637319828594,5,90,0.05555555555555555,28980,85,453,28437
945,1,GO:0004930,,train,1.4729148183671128e-215,4.832482633421702e-218,53393.936170212764,87,88,0.9886363636363636,28980,1,47,28845
945,2,GO:0004888,,train,1.6052822180655463e-158,1.2508570466222438e-160,6973.685393258427,87,88,0.9886363636363636,28980,1,356,28536
945,3,GO:0038023,,train,2.472209240933856e-142,2.455045647469248e-144,4315.108581436077,87,88,0.9886363636363636,28980,1,571,28321
945,4,GO:0060089,,train,3.4309653456737215e-141,3.477499515490839e-143,4173.345762711864,87,88,0.9886363636363636,28980,1,590,28302
945,5,GO:0003796,,train,1.3996379683235845e-58,7.011105035103639e-60,247.0457142857143,33,88,0.375,28980,55,70,28822
945,6,GO:0061783,,train,5.727832201525148e-53,3.1980690090244986e-54,154.17857142857142,33,88,0.375,28980,55,112,28780
945,7,GO:0004553,,train,5.413234002984771e-25,5.366137582710978e-26,17.64757894736842,33,88,0.375,28980,55,950,27942
945,8,GO:0005506,,train,8.319472033490376e-25,8.305580657390866e-26,23.14617629889084,28,88,0.3181818181818182,28980,60,571,28321
945,9,GO:0016798,,train,2.43663099249386e-22,2.5481948159484076e-23,14.305588993981084,33,88,0.375,28980,55,1163,27729
945,10,GO:0009055,,train,4.943374353833012e-19,5.560698807369938e-20,17.444901315789473,24,88,0.2727272727272727,28980,64,608,28284
946,1,GO:0008137,,train,7.086338564090647e-79,2.3664721454912078e-80,5331.347826086957,34,36,0.9444444444444444,28980,2,92,28852
946,2,GO:0050136,,train,2.3971676743022125e-78,8.089571903788115e-80,5108.5,34,36,0.9444444444444444,28980,2,96,28848
946,3,GO:0003954,,train,2.4072205880156917e-77,8.327994593685831e-79,4714.2307692307695,34,36,0.9444444444444444,28980,2,104,28840
946,4,GO:0016655,,train,5.3273464728871416e-74,1.9632076230752622e-75,3627.8,34,36,0.9444444444444444,28980,2,135,28809
946,5,GO:0016651,,train,3.781678191816318e-64,1.6916101247359937e-65,1734.0604982206405,34,36,0.9444444444444444,28980,2,281,28663
946,6,GO:0048038,,train,3.8808237962918884e-18,4.456404863187802e-19,198.4065934065934,10,36,0.2777777777777778,28980,26,56,28888
947,1,GO:0042578,,train,9.4803742067597e-36,7.637176397629896e-37,1283.9742489270386,21,22,0.9545454545454546,28980,1,466,28492
947,2,GO:0016791,,train,1.408791914304102e-35,1.13943066918406e-36,836.7251461988304,20,22,0.9090909090909091,28980,2,342,28616
947,3,GO:0004721,,train,4.234717838015903e-33,3.5999505422041038e-34,600.6319018404907,17,22,0.7727272727272727,28980,5,163,28795
947,4,GO:0016788,,train,5.742527222227601e-25,5.695930273446013e-26,368.0710172744722,21,22,0.9545454545454546,28980,1,1563,27395
947,5,GO:0140096,,train,1.148246258834145e-13,1.4823567573840932e-14,35.99863945578231,17,22,0.7727272727272727,28980,5,2499,26459
947,6,GO:0004722,,train,9.058888219504684e-13,1.2042427495126185e-13,387.4553571428572,6,22,0.2727272727272727,28980,16,28,28930
947,7,GO:0004725,,train,1.0114873603645052e-07,1.639144645849501e-08,82.39577384351799,5,22,0.22727272727272727,28980,17,103,28855
947,8,GO:0042803,,train,0.0327995039251155,0.0094304458805697,14.982291666666669,2,22,0.09090909090909091,28980,20,192,28766
948,1,GO:0003916,,train,9.21076087105118e-06,1.6866293524604076e-06,55.31609195402299,4,33,0.12121212121212122,28980,29,72,28875
948,2,GO:0003677,,train,0.0006042482150332,0.0001305248363258,5.216610374651022,10,33,0.30303030303030304,28980,23,2227,26720
948,3,GO:0140097,,train,0.0013053898373385,0.0002935664464143,9.800399889685604,5,33,0.15151515151515152,28980,28,518,28429
948,4,GO:0004518,,train,0.0230888288759735,0.0063909055877515,5.967099019297691,4,33,0.12121212121212122,28980,29,654,28293
949,1,GO:0042277,,train,0.0019439036315677,0.0004458160216639,22.16466069142125,3,58,0.05172413793103448,28980,55,71,28851
949,2,GO:0003823,,train,0.0063124143232157,0.0015627094778538,14.157739557739555,3,58,0.05172413793103448,28980,55,111,28811
949,3,GO:0033218,,train,0.0307100904916198,0.0087496364683919,7.529895104895105,3,58,0.05172413793103448,28980,55,208,28714
949,4,GO:0005102,,train,0.044462855545454,0.0132514600673594,4.655220341754558,4,58,0.06896551724137931,28980,54,453,28469
950,1,GO:0009055,,train,1.0617845128544122e-62,4.895710880372748e-64,30.77682375086688,66,173,0.3815028901734104,28980,107,566,28241
950,2,GO:0046906,,train,1.1546800064421468e-57,5.861852099376747e-59,25.247520711749583,66,173,0.3815028901734104,28980,107,687,28120
950,3,GO:0020037,,train,2.563696156496339e-34,2.127589188081592e-35,16.27899383390473,46,173,0.2658959537572254,28980,127,627,28180
950,4,GO:0016168,,train,1.0608428809452262e-32,9.077312169320694e-34,163.59192952543336,20,173,0.11560693641618497,28980,153,23,28784
950,5,GO:0008121,,train,1.6004576715606255e-28,1.4815145566779674e-29,184.55128205128204,17,173,0.09826589595375723,28980,156,17,28790
950,6,GO:0016681,,train,1.6004576715606255e-28,1.4815145566779674e-29,184.55128205128204,17,173,0.09826589595375723,28980,156,17,28790
950,7,GO:0004601,,train,2.1427307220431664e-26,2.067596742071708e-27,29.44589463692454,26,173,0.15028901734104047,28980,147,172,28635
950,8,GO:0016684,,train,3.085325133882697e-25,3.0431173582280343e-26,26.222692185682565,26,173,0.15028901734104047,28980,147,193,28614
950,9,GO:0016679,,train,3.6445011303218515e-24,3.683255382608427e-25,66.79045161290323,18,173,0.10404624277456648,28980,155,50,28757
950,10,GO:0016209,,train,1.599829116463075e-20,1.7377526917553044e-21,15.2565812983919,27,173,0.15606936416184972,28980,146,345,28462
951,1,GO:0051287,,train,1.4674689097364608e-100,3.3530355613980117e-102,593.5876363636364,57,67,0.8507462686567164,28980,10,275,28638
951,2,GO:0016616,,train,1.1639824321264177e-73,4.333777634920107e-75,185.6653432377049,51,67,0.7611940298507462,28980,16,488,28425
951,3,GO:0016614,,train,3.0155504761996174e-71,1.1739949564605245e-72,164.9880246350365,51,67,0.7611940298507462,28980,16,548,28365
951,4,GO:0016620,,train,2.389890581376377e-05,4.5071668755019806e-06,15.789357999816833,6,67,0.08955223880597014,28980,61,179,28734
951,5,GO:0016903,,train,6.203182217177222e-05,1.2125797502775171e-05,13.1908993411981,6,67,0.08955223880597014,28980,61,214,28699
951,6,GO:0016638,,train,0.0022959526793736,0.0005315994369091,20.803846153846155,3,67,0.04477611940298507,28980,64,65,28848
951,7,GO:0070403,,train,0.0145929738288767,0.0038806871259496,23.380566801619437,2,67,0.029850746268656716,28980,65,38,28875
951,8,GO:0016840,,train,0.0420976002250975,0.0124503433773496,12.499241603466956,2,67,0.029850746268656716,28980,65,71,28842
952,1,GO:0008800,,train,5.656936800769747e-79,1.879182802259394e-80,3781.904761904762,33,37,0.8918918918918919,28980,4,63,28880
952,2,GO:0016812,,train,6.645611319494173e-76,2.357511002111329e-77,3054.280373831776,34,37,0.918918918918919,28980,3,107,28836
952,3,GO:0016810,,train,2.81698790838125e-55,1.4985646195097257e-56,835.1978114478114,35,37,0.9459459459459459,28980,2,594,28349
952,4,GO:0008270,,train,5.992415841783403e-12,8.190705778996795e-13,20.823759653020204,14,37,0.3783783783783784,28980,23,822,28121
952,5,GO:0046914,,train,1.522594574621984e-07,2.4937241897974377e-08,9.04471709350804,14,37,0.3783783783783784,28980,23,1825,27118
953,1,GO:0004970,,train,2.299600412749057e-134,2.701291166512499e-136,37757.97222222222,47,53,0.8867924528301887,28980,6,6,28921
953,2,GO:0008066,,train,2.299600412749057e-134,2.701291166512499e-136,37757.97222222222,47,53,0.8867924528301887,28980,6,6,28921
953,3,GO:0022824,,train,4.806699603196149e-125,6.8009371308074526e-127,11321.908333333333,47,53,0.8867924528301887,28980,6,20,28907
953,4,GO:0022835,,train,4.806699603196149e-125,6.8009371308074526e-127,11321.908333333333,47,53,0.8867924528301887,28980,6,20,28907
953,5,GO:0030594,,train,1.633101831264886e-120,2.47809341358412e-122,7545.327777777778,47,53,0.8867924528301887,28980,6,30,28897
953,6,GO:0005230,,train,8.39383302575813e-114,1.426142647256559e-115,4524.0633333333335,47,53,0.8867924528301887,28980,6,50,28877
953,7,GO:0015276,,train,5.958256210510139e-107,1.1886142541399082e-108,2860.455696202532,47,53,0.8867924528301887,28980,6,79,28848
953,8,GO:0022834,,train,9.415328731693572e-107,1.886540953358058e-108,2824.602083333333,47,53,0.8867924528301887,28980,6,80,28847
953,9,GO:0022836,,train,9.117583307638353e-96,2.2649063025096882e-97,1463.5616883116884,47,53,0.8867924528301887,28980,6,154,28773
953,10,GO:0005216,,train,4.8266086975694576e-82,1.5326606989967756e-83,687.2428425357873,47,53,0.8867924528301887,28980,6,326,28601
954,1,GO:0016829,,train,9.145985488002935e-54,5.034217046593877e-55,28.036225129375463,63,116,0.5431034482758621,28980,53,1174,27690
954,2,GO:0016830,,train,4.60919318017805e-51,2.6774555691165225e-52,45.38113730929265,46,116,0.39655172413793105,28980,70,412,28452
954,3,GO:0016832,,train,1.1666425258296482e-36,9.220498387932128e-38,96.42857142857144,25,116,0.21551724137931033,28980,91,82,28782
954,4,GO:0016831,,train,3.88034239222342e-23,3.9920797028118025e-24,28.653127856863,23,116,0.19827586206896552,28980,93,247,28617
954,5,GO:0016742,,train,9.341685003087565e-13,1.2422222382582997e-13,48.53099730458221,10,116,0.08620689655172414,28980,106,56,28808
954,6,GO:0016835,,train,3.7199211264612025e-07,6.220028060415546e-08,7.75913083680074,13,116,0.11206896551724138,28980,103,462,28402
954,7,GO:0016836,,train,1.6395380457619351e-06,2.853354287099528e-07,8.365399493130585,11,116,0.09482758620689655,28980,105,357,28507
954,8,GO:0016765,,train,0.0003199648565926,6.715728381188531e-05,6.404938271604938,8,116,0.06896551724137931,28980,108,330,28534
954,9,GO:0004659,,train,0.0003612422565974,7.622310028037491e-05,19.78846153846154,4,116,0.034482758620689655,28980,112,52,28812
954,10,GO:0016741,,train,0.000542170022047,0.000116527563985,4.296763013793582,11,116,0.09482758620689655,28980,105,687,28177
955,1,GO:0003677,,train,2.2310809060381222e-24,2.245001878384436e-25,11.644441800987332,44,90,0.4888888888888889,28980,46,2193,26697
955,2,GO:0003690,,train,2.5342504174585926e-08,3.985076673673059e-09,25.06794425087108,8,90,0.08888888888888889,28980,82,112,28778
955,3,GO:0008270,,train,1.6901887921706711e-06,2.942989184949606e-07,6.290049942374184,14,90,0.15555555555555556,28980,76,822,28068
955,4,GO:0003723,,train,0.0007290753878636,0.0001588131524197,3.340441176470588,15,90,0.16666666666666666,28980,75,1632,27258
955,5,GO:0046914,,train,0.0022314030087349,0.0005157386337088,2.967763157894737,15,90,0.16666666666666666,28980,75,1824,27066
956,1,GO:0016799,,train,1.1188990110963043e-09,1.6630909518418866e-10,118.53086419753086,6,15,0.4,28980,9,162,28803
956,2,GO:0016798,,train,8.916226852620499e-05,1.771387366038967e-05,15.560224089635854,6,15,0.4,28980,9,1190,27775
957,1,GO:0030674,,train,1.7361578075612669e-13,2.253033098250113e-14,45.612698412698414,11,209,0.05263157894736842,28980,198,35,28736
957,2,GO:0060090,,train,8.161675973505911e-12,1.1215520400655077e-12,30.10272536687631,11,209,0.05263157894736842,28980,198,53,28718
957,3,GO:0019899,,train,2.5987246634065465e-11,3.6357937113482923e-12,9.241233766233766,19,209,0.09090909090909091,28980,190,308,28463
957,4,GO:0098772,,train,3.6280668385044164e-09,5.504220686239087e-10,4.84898950472721,26,209,0.12440191387559808,28980,183,819,27952
957,5,GO:0051020,,train,3.658178660263839e-09,5.55204723286374e-10,11.640916489295105,13,209,0.06220095693779904,28980,196,163,28608
957,6,GO:0005085,,train,2.1739912469625936e-08,3.406473673727308e-09,13.154269972451791,11,209,0.05263157894736842,28980,198,121,28650
957,7,GO:0008092,,train,2.205642026364169e-08,3.457360190724044e-09,6.8338286911231885,17,209,0.08133971291866028,28980,192,368,28403
957,8,GO:0003779,,train,8.395955794544835e-07,1.4348655741680453e-07,7.869168753014677,12,209,0.05741626794258373,28980,197,221,28550
957,9,GO:0017016,,train,2.194400257578086e-06,3.854358597544659e-07,13.432133450395083,8,209,0.03827751196172249,28980,201,85,28686
957,10,GO:0031267,,train,3.011112735414813e-06,5.336506444403322e-07,12.826653250600929,8,209,0.03827751196172249,28980,201,89,28682
958,1,GO:0005215,,train,1.744895283081184e-10,2.519212661766512e-11,31.551440329218103,11,20,0.55,28980,9,1080,27880
959,1,GO:0003735,,train,5.971045312444468e-72,2.3018705894416382e-73,1607.0397196261683,49,50,0.98,28980,1,856,28074
959,2,GO:0005198,,train,1.2220777041712538e-62,5.6455357514663493e-64,1004.9553903345724,49,50,0.98,28980,1,1345,27585
959,3,GO:0003723,,train,1.6771600976577748e-17,1.9539109202287757e-18,16.83600493218249,25,50,0.5,28980,25,1622,27308
959,4,GO:0019843,,train,2.9001711683485904e-15,3.586027624454228e-16,34.76909722222222,14,50,0.28,28980,36,320,28610
960,1,GO:0019825,,train,2.510892148539281e-65,1.09962321295551e-66,414.6995884773663,35,53,0.660377358490566,28980,18,135,28792
960,2,GO:0020037,,train,1.1688980034757033e-55,6.146327785801002e-57,152.9661128691983,41,53,0.7735849056603774,28980,12,632,28295
960,3,GO:0046906,,train,1.2325244068111567e-53,6.802226271881593e-55,135.39501404494382,41,53,0.7735849056603774,28980,12,712,28215
960,4,GO:0005344,,train,1.8754350236178452e-16,2.2497309141737922e-17,65.8513719512195,12,53,0.22641509433962265,28980,41,128,28799
960,5,GO:0071949,,train,1.0211397672927778e-06,1.752602131578166e-07,28.498762988619497,6,53,0.11320754716981132,28980,47,129,28798
960,6,GO:0005215,,train,2.762386730691373e-06,4.885986196770223e-07,7.553877800131106,12,53,0.22641509433962265,28980,41,1079,27848
960,7,GO:0016705,,train,7.484572444705622e-06,1.3595756431326586e-06,14.619419317187043,7,53,0.1320754716981132,28980,46,298,28629
960,8,GO:0051213,,train,8.07783218589148e-06,1.4718374841446235e-06,19.51493888637393,6,53,0.11320754716981132,28980,47,188,28739
960,9,GO:0050660,,train,0.0002254054365,4.64914807510008e-05,10.42322188449848,6,53,0.11320754716981132,28980,47,350,28577
960,10,GO:0051920,,train,0.0010032676367359,0.000222389964179,28.3927868852459,3,53,0.05660377358490566,28980,50,61,28866
961,1,GO:0008236,,train,1.2998295973351935e-54,7.028987423267328e-56,2131.380722891566,31,32,0.96875,28980,1,415,28533
961,2,GO:0016825,,train,1.2998295973351935e-54,7.028987423267328e-56,2131.380722891566,31,32,0.96875,28980,1,415,28533
961,3,GO:0017171,,train,1.2998295973351935e-54,7.028987423267328e-56,2131.380722891566,31,32,0.96875,28980,1,415,28533
961,4,GO:0070011,,train,1.2929650697971936e-43,8.779602870169891e-45,inf,32,32,1.0,28980,0,1200,27748
961,5,GO:0008233,,train,7.239912804928457e-43,5.005183296608125e-44,inf,32,32,1.0,28980,0,1268,27680
961,6,GO:0140096,,train,1.0800809405391484e-33,9.058416769966843e-35,inf,32,32,1.0,28980,0,2484,26464
961,7,GO:0008238,,train,2.286941699953758e-31,2.0057718749923988e-32,198.10740203193032,19,32,0.59375,28980,13,212,28736
961,8,GO:0070008,,train,2.1118438909221312e-24,2.123164962839369e-25,385.3733333333333,12,32,0.375,28980,20,45,28903
961,9,GO:0004252,,train,3.804997021113245e-18,4.368217279123182e-19,66.0326409495549,14,32,0.4375,28980,18,337,28611
961,10,GO:0004175,,train,2.0141431703790216e-16,2.41907226720391e-17,37.089473684210525,16,32,0.5,28980,16,760,28188
962,1,GO:0051082,,train,7.699793694869014e-46,5.005080179545462e-47,459.713296398892,23,42,0.5476190476190477,28980,19,76,28862
962,2,GO:0005524,,train,3.271739242061148e-28,3.044882553249632e-29,45.68361753958587,34,42,0.8095238095238095,28980,8,2463,26475
962,3,GO:0032559,,train,5.264168673428357e-28,4.917665260439709e-29,44.96428571428572,34,42,0.8095238095238095,28980,8,2499,26439
962,4,GO:0030554,,train,5.542796471513358e-28,5.184447705874023e-29,44.88563723531762,34,42,0.8095238095238095,28980,8,2503,26435
962,5,GO:0035639,,train,5.843449075169534e-26,5.681345015815005e-27,38.36486486486486,34,42,0.8095238095238095,28980,8,2886,26052
962,6,GO:0032555,,train,1.1848737574916229e-25,1.1568632960481528e-26,37.45447609359105,34,42,0.8095238095238095,28980,8,2949,25989
962,7,GO:0017076,,train,1.2664889645488864e-25,1.2369201182898284e-26,37.36979695431472,34,42,0.8095238095238095,28980,8,2955,25983
962,8,GO:0032553,,train,7.80704324774578e-25,7.789433547711319e-26,35.10568,34,42,0.8095238095238095,28980,8,3125,25813
962,9,GO:0097367,,train,4.554568392293438e-24,4.619010391692264e-25,33.02993331312519,34,42,0.8095238095238095,28980,8,3299,25639
962,10,GO:0016765,,train,1.6068189106119489e-07,2.634492029966042e-08,20.397860962566845,8,42,0.19047619047619047,28980,34,330,28608
963,1,GO:0016773,,train,4.0088590461953655e-39,2.9898805201433634e-40,inf,26,26,1.0,28980,0,861,28093
963,2,GO:0016301,,train,4.992576889316175e-36,4.004357595262527e-37,inf,26,26,1.0,28980,0,1140,27814
963,3,GO:0016772,,train,5.273341224243249e-31,4.655901353331913e-32,inf,26,26,1.0,28980,0,1793,27161
963,4,GO:0019200,,train,3.3855041342743326e-26,3.28067717613718e-27,412.6285714285714,13,26,0.5,28980,13,70,28884
963,5,GO:0005524,,train,8.06022399476203e-12,1.1073747117624256e-12,20.163888888888888,17,26,0.6538461538461539,28980,9,2480,26474
963,6,GO:0032559,,train,1.0139050324068527e-11,1.3974348002092282e-12,19.84834834834835,17,26,0.6538461538461539,28980,9,2516,26438
963,7,GO:0030554,,train,1.039666719257639e-11,1.4337190948832057e-12,19.81384479717813,17,26,0.6538461538461539,28980,9,2520,26434
963,8,GO:0035639,,train,9.719643127571071e-11,1.3937268391909187e-11,16.95054924024955,17,26,0.6538461538461539,28980,9,2903,26051
963,9,GO:0032555,,train,1.3650214839443194e-10,1.9649399689786407e-11,16.550385854499137,17,26,0.6538461538461539,28980,9,2966,25988
963,10,GO:0017076,,train,1.4089815981249495e-10,2.029458510701109e-11,16.51315986241962,17,26,0.6538461538461539,28980,9,2972,25982
964,1,GO:0005198,,train,3.2423368906882174e-167,2.289021269167942e-169,1406.4569169960475,129,131,0.9847328244274809,28980,2,1265,27584
965,1,GO:0003924,,train,5.561559304199099e-22,5.85367272460596e-23,inf,11,11,1.0,28980,0,270,28699
965,2,GO:0005525,,train,8.507387942034222e-20,9.415271302400704e-21,inf,11,11,1.0,28980,0,432,28537
965,3,GO:0032550,,train,8.937516751429942e-20,9.899156585861855e-21,inf,11,11,1.0,28980,0,434,28535
965,4,GO:0001883,,train,9.865244688870909e-20,1.0935373905934182e-20,inf,11,11,1.0,28980,0,438,28531
965,5,GO:0032549,,train,1.0359772981271737e-19,1.1489615521895535e-20,inf,11,11,1.0,28980,0,440,28529
965,6,GO:0001882,,train,1.3190282617826617e-19,1.4663597426444036e-20,inf,11,11,1.0,28980,0,450,28519
965,7,GO:0032561,,train,1.751606249927876e-19,1.9513602743286495e-20,inf,11,11,1.0,28980,0,462,28507
965,8,GO:0019001,,train,1.834285813973099e-19,2.0450806479718825e-20,inf,11,11,1.0,28980,0,464,28505
965,9,GO:0017111,,train,4.505283822098054e-17,5.304137938603884e-18,inf,11,11,1.0,28980,0,773,28196
965,10,GO:0016462,,train,2.7773879841741e-16,3.3463388050818983e-17,inf,11,11,1.0,28980,0,915,28054
966,1,GO:0140110,,train,2.517867903293189e-36,2.003997742404897e-37,154.73498376623377,27,34,0.7941176470588235,28980,7,704,28242
966,2,GO:0003700,,train,8.286937646750486e-26,8.078896355387296e-27,74.16893155466899,21,34,0.6176470588235294,28980,13,617,28329
966,3,GO:0003713,,train,0.0017273516887023,0.0003940772461438,78.59510869565217,2,34,0.058823529411764705,28980,32,23,28923
966,4,GO:0003712,,train,0.0166819198542315,0.0044875082761053,21.73418674698795,2,34,0.058823529411764705,28980,32,83,28863
967,1,GO:0016782,,train,2.798960814300085e-09,4.222587864676286e-10,19.841116330478037,10,164,0.06097560975609756,28980,154,94,28722
967,2,GO:0016757,,train,1.436128411732114e-07,2.3491639719694537e-08,6.940444386525054,15,164,0.09146341463414634,28980,149,412,28404
967,3,GO:0016168,,train,8.977357561039515e-07,1.536067771451264e-07,29.537119397878893,6,164,0.036585365853658534,28980,158,37,28779
967,4,GO:0016661,,train,0.0003064347862783,6.417350772892486e-05,13.101358125968462,5,164,0.03048780487804878,28980,159,69,28747
967,5,GO:0009055,,train,0.0003221482525558,6.763442968239272e-05,3.9217387583048926,13,164,0.07926829268292683,28980,151,619,28197
967,6,GO:0016758,,train,0.0061808054864815,0.001528317635158,6.349986712729206,5,164,0.03048780487804878,28980,159,142,28674
967,7,GO:0016774,,train,0.0110750736473643,0.0028695850956714,11.405708999603542,3,164,0.018292682926829267,28980,161,47,28769
967,8,GO:0016811,,train,0.0155872958496368,0.0041693059847975,4.17078870496592,6,164,0.036585365853658534,28980,158,260,28556
967,9,GO:0016833,,train,0.0201548716278424,0.0055108993694314,8.930434782608696,3,164,0.018292682926829267,28980,161,60,28756
967,10,GO:0016763,,train,0.0250298981681464,0.0069956428046484,4.3888633225954905,5,164,0.03048780487804878,28980,159,205,28611
968,1,GO:0005509,,train,4.756700222668261e-81,1.5341497334732856e-82,159.7817938420348,59,77,0.7662337662337663,28980,18,581,28322
970,1,GO:0004672,,train,3.035655810648829e-24,3.0626002905570405e-25,43.99070160608622,22,48,0.4583333333333333,28980,26,546,28386
970,2,GO:0016773,,train,4.431003057077328e-20,4.874012502365576e-21,27.45549132947977,22,48,0.4583333333333333,28980,26,865,28067
970,3,GO:0016301,,train,6.821711928228136e-19,7.709571614114932e-20,22.36734908136483,23,48,0.4791666666666667,28980,25,1143,27789
970,4,GO:0016772,,train,1.0408830742630896e-14,1.3096033054925654e-15,13.900400890868596,23,48,0.4791666666666667,28980,25,1796,27136
970,5,GO:0004713,,train,2.1488926454196202e-13,2.7943095330631548e-14,58.30364372469636,10,48,0.20833333333333334,28980,38,130,28802
970,6,GO:0004674,,train,5.231058561733895e-12,7.12706253350451e-13,41.34167385677308,10,48,0.20833333333333334,28980,38,183,28749
970,7,GO:0140096,,train,8.447462418008553e-11,1.2066035899525356e-11,8.969773610511382,22,48,0.4583333333333333,28980,26,2494,26438
970,8,GO:0019887,,train,0.0049848411629397,0.0012114199340231,43.3328335832084,2,48,0.041666666666666664,28980,46,29,28903
970,9,GO:0019207,,train,0.0062365642872088,0.0015435665601144,38.07509881422925,2,48,0.041666666666666664,28980,46,33,28899
970,10,GO:0019901,,train,0.0076223091553965,0.0019142296156432,33.95417156286722,2,48,0.041666666666666664,28980,46,37,28895
971,1,GO:0030234,,train,0.0012853456152817,0.0002887575218559,9.80896551724138,5,34,0.14705882352941177,28980,29,500,28446
971,2,GO:0019887,,train,0.0026072111454505,0.0006081311727241,62.32112068965517,2,34,0.058823529411764705,28980,32,29,28917
971,3,GO:0019207,,train,0.0032823897564467,0.0007758620542159,54.759469696969695,2,34,0.058823529411764705,28980,32,33,28913
971,4,GO:0019901,,train,0.0040180561245187,0.0009634059635933,48.832770270270274,2,34,0.058823529411764705,28980,32,37,28909
971,5,GO:0019900,,train,0.0052484621913171,0.0012814814531045,42.01017441860465,2,34,0.058823529411764705,28980,32,43,28903
971,6,GO:0016757,,train,0.006145766560049,0.0015191135200425,8.99070133963751,4,34,0.11764705882352941,28980,30,423,28523
971,7,GO:0016763,,train,0.0075789191902652,0.0019020007822305,13.43571762505844,3,34,0.08823529411764706,28980,31,207,28739
971,8,GO:0098772,,train,0.0110857728427538,0.0028730067768064,5.768883415435139,5,34,0.14705882352941177,28980,29,840,28106
972,1,GO:0003677,,train,5.482806662224081e-24,5.57644336972845e-25,54.44185520361991,27,33,0.8181818181818182,28980,6,2210,26737
972,2,GO:0140097,,train,3.766832194235629e-17,4.4248167966970955e-18,46.65190288713911,15,33,0.45454545454545453,28980,18,508,28439
973,1,GO:0051539,,train,2.859886476344444e-32,2.4722515135168448e-33,237.52892561983472,19,30,0.6333333333333333,28980,11,209,28741
973,2,GO:0051536,,train,2.8749862087914096e-31,2.524045366537146e-32,164.45679012345678,21,30,0.7,28980,9,405,28545
973,3,GO:0051540,,train,3.1735589551593887e-31,2.7898908587261113e-32,163.63718263718263,21,30,0.7,28980,9,407,28543
973,4,GO:0016651,,train,2.6737282105668223e-19,2.9919564590811323e-20,83.28197674418605,14,30,0.4666666666666667,28980,16,301,28649
973,5,GO:0016667,,train,6.755610143788297e-16,8.210746839668877e-17,66.81585081585082,12,30,0.4,28980,18,286,28664
973,6,GO:0048038,,train,2.06932227510931e-14,2.6223417881251644e-15,181.141065830721,8,30,0.26666666666666666,28980,22,58,28892
973,7,GO:0020037,,train,3.2513001283995165e-13,4.2459196685136497e-14,32.77807486631016,13,30,0.43333333333333335,28980,17,660,28290
973,8,GO:0046906,,train,1.3239632288101246e-12,1.7708691750145088e-13,29.15182829888712,13,30,0.43333333333333335,28980,17,740,28210
973,9,GO:0051287,,train,6.101397821409691e-12,8.34145461889417e-13,44.453416149068325,10,30,0.3333333333333333,28980,20,322,28628
973,10,GO:0016655,,train,4.2057918621094225e-11,5.939632236936324e-12,65.02315076228119,8,30,0.26666666666666666,28980,22,161,28789
974,1,GO:0016747,,train,2.165434511692669e-12,2.916679229212553e-13,17.39007294510779,15,68,0.22058823529411764,28980,53,463,28449
974,2,GO:0016746,,train,6.057344615470788e-11,8.597074922212251e-12,13.562398237716694,15,68,0.22058823529411764,28980,53,591,28321
974,3,GO:0008374,,train,6.5787517621763145e-09,1.009254561868862e-09,71.64516129032258,6,68,0.08823529411764706,28980,62,39,28873
974,4,GO:0008175,,train,5.1039921836431606e-08,8.14557501142102e-09,48.98981324278438,6,68,0.08823529411764706,28980,62,57,28855
974,5,GO:0016410,,train,3.516984581649425e-07,5.8683376327958304e-08,23.41553307754912,7,68,0.10294117647058823,28980,61,141,28771
974,6,GO:0008173,,train,1.154168912799099e-05,2.1266433668765072e-06,18.071638039379973,6,68,0.08823529411764706,28980,62,154,28758
974,7,GO:0004185,,train,1.285889404069588e-05,2.376882016486247e-06,50.13194444444444,4,68,0.058823529411764705,28980,64,36,28876
974,8,GO:0008194,,train,1.873171081503865e-05,3.505782593587073e-06,45.1125,4,68,0.058823529411764705,28980,64,40,28872
974,9,GO:0016407,,train,2.6037219378837397e-05,4.917302438274151e-06,15.534150297350871,6,68,0.08823529411764706,28980,62,179,28733
974,10,GO:0070008,,train,5.132542445732219e-05,9.969794931496716e-06,34.031839622641506,4,68,0.058823529411764705,28980,64,53,28859
976,1,GO:0016661,,train,3.441558722741017e-20,3.772537932594219e-21,219.26363008971703,11,34,0.3235294117647059,28980,23,63,28883
976,2,GO:0046906,,train,3.732373726165159e-13,4.8840007718252246e-14,26.718403247631937,14,34,0.4117647058823529,28980,20,739,28207
976,3,GO:0020037,,train,2.240236022697806e-12,3.02071254430032e-13,26.530880230880232,13,34,0.38235294117647056,28980,21,660,28286
976,4,GO:0009055,,train,6.007149557932293e-10,8.833784685479133e-11,21.81439473499965,11,34,0.3235294117647059,28980,23,621,28325
976,5,GO:0016638,,train,0.0003340520404396,7.01825360762026e-05,42.99900744416873,3,34,0.08823529411764706,28980,31,65,28881
976,6,GO:0005509,,train,0.0233067972765466,0.006461479609375,5.935010482180293,4,34,0.11764705882352941,28980,30,636,28310
977,1,GO:0008171,,train,1.3089582438014235e-68,5.3605285316061456e-70,1819.8529411764705,30,37,0.8108108108108109,28980,7,68,28875
977,2,GO:0008168,,train,1.4296723572136726e-62,6.612920444211234e-64,inf,37,37,1.0,28980,0,549,28394
977,3,GO:0016741,,train,1.059264470430213e-59,5.1664626161241605e-61,inf,37,37,1.0,28980,0,661,28282
977,4,GO:0008757,,train,3.4419829351413873e-13,4.4989682328853935e-14,44.43082558467174,11,37,0.2972972972972973,28980,26,273,28670
977,5,GO:0046983,,train,5.595702623922546e-10,8.223815819849259e-11,26.032658274037583,10,37,0.2702702702702703,28980,27,406,28537
977,6,GO:0008276,,train,0.000804524455686,0.0001760493799682,31.055595408895265,3,37,0.08108108108108109,28980,34,82,28861
978,1,GO:0003723,,train,2.9036573816164427e-17,3.395553290392489e-18,50.32596685082873,18,24,0.75,28980,6,1629,27327
978,2,GO:0016779,,train,7.41846003437847e-10,1.0959162771588196e-10,35.51975051975052,9,24,0.375,28980,15,481,28475
978,3,GO:0016772,,train,4.4949642653031925e-06,8.046614121120136e-07,10.719023927979151,10,24,0.4166666666666667,28980,14,1809,27147
978,4,GO:0004540,,train,1.0041636999034638e-05,1.8443642963338076e-06,30.33925174381737,5,24,0.20833333333333334,28980,19,249,28707
978,5,GO:0140098,,train,4.9882970290306985e-05,9.676451629094908e-06,11.969397104636249,7,24,0.2916666666666667,28980,17,963,27993
978,6,GO:0000287,,train,7.573642856258105e-05,1.494006825264144e-05,14.05116741182315,6,24,0.25,28980,18,671,28285
978,7,GO:0004518,,train,0.0008067859750806,0.0001765678887959,11.406061094543404,5,24,0.20833333333333334,28980,19,653,28303
978,8,GO:0016896,,train,0.0024984929676762,0.000581349551579,64.1130820399113,2,24,0.08333333333333333,28980,22,41,28915
978,9,GO:0004532,,train,0.0027206875780764,0.0006367159698055,61.12684989429175,2,24,0.08333333333333333,28980,22,43,28913
978,10,GO:0016796,,train,0.0055671100239759,0.0013649913847344,41.03977272727273,2,24,0.08333333333333333,28980,22,64,28892
979,1,GO:0016168,,train,5.0337792184240355e-25,4.982611236797263e-26,1753.4545454545455,10,15,0.6666666666666666,28980,5,33,28932
979,2,GO:0009055,,train,4.704283692964858e-13,6.173709155603176e-14,91.13504823151123,10,15,0.6666666666666666,28980,5,622,28343
979,3,GO:0051539,,train,6.037654896832185e-13,7.964249934216637e-14,149.32467532467533,8,15,0.5333333333333333,28980,7,220,28745
979,4,GO:0046906,,train,2.6148393796955718e-12,3.5311859684203613e-13,75.96769851951548,10,15,0.6666666666666666,28980,5,743,28222
979,5,GO:0051536,,train,8.409501791980331e-11,1.2009350920087914e-11,78.05058099794942,8,15,0.5333333333333333,28980,7,418,28547
979,6,GO:0051540,,train,8.71877775303096e-11,1.2466342740294729e-11,77.6734693877551,8,15,0.5333333333333333,28980,7,420,28545
979,7,GO:0000287,,train,3.136415995172337e-09,4.740869594600948e-10,48.33824471492633,8,15,0.5333333333333333,28980,7,669,28296
980,1,GO:0034062,,train,0.0034765546629982,0.0008261361990286,7.334355828220858,5,125,0.04,28980,120,163,28692
980,2,GO:0097747,,train,0.0034765546629982,0.0008261361990286,7.334355828220858,5,125,0.04,28980,120,163,28692
980,3,GO:0050839,,train,0.0054125081325529,0.001324230832325,15.072200906871291,3,125,0.024,28980,122,47,28808
980,4,GO:0003968,,train,0.0117684304068565,0.0030688861786869,11.062115778688524,3,125,0.024,28980,122,64,28791
980,5,GO:0044877,,train,0.0353121134179081,0.0102428610324318,3.9928691275167782,5,125,0.04,28980,120,298,28557
980,6,GO:0015631,,train,0.0437427845115258,0.0129996938474215,6.425856929955291,3,125,0.024,28980,122,110,28745
981,1,GO:0003924,,train,1.2841648047173556e-122,1.865851548583087e-124,inf,60,60,1.0,28980,0,221,28699
981,2,GO:0005525,,train,9.832159367623725e-110,1.84621207330662e-111,inf,60,60,1.0,28980,0,383,28537
981,3,GO:0032550,,train,1.30789264862794e-109,2.467360534658562e-111,inf,60,60,1.0,28980,0,385,28535
981,4,GO:0001883,,train,2.304792062820525e-109,4.3885368978918525e-111,inf,60,60,1.0,28980,0,389,28531
981,5,GO:0032549,,train,3.0627518366355242e-109,5.84073423455408e-111,inf,60,60,1.0,28980,0,391,28529
981,6,GO:0001882,,train,1.2420278050406607e-108,2.3904041594507837e-110,inf,60,60,1.0,28980,0,401,28519
981,7,GO:0032561,,train,6.331619894870736e-108,1.2426942407251348e-109,inf,60,60,1.0,28980,0,413,28507
981,8,GO:0019001,,train,8.284964102733296e-108,1.6285001356106404e-109,inf,60,60,1.0,28980,0,415,28505
981,9,GO:0017111,,train,3.5038464172632823e-94,8.981063406583391e-96,inf,60,60,1.0,28980,0,724,28196
981,10,GO:0016462,,train,1.0025546515297238e-89,2.8105715250723427e-91,inf,60,60,1.0,28980,0,866,28054
982,1,GO:0005543,,train,1.1625774751409956e-27,1.0932049375172382e-28,3362.7961165048546,12,13,0.9230769230769231,28980,1,103,28864
982,2,GO:0008289,,train,2.4159853305722312e-22,2.525896137566949e-23,1146.68,12,13,0.9230769230769231,28980,1,300,28667
982,3,GO:0005509,,train,1.3608113355918173e-18,1.5490854058967693e-19,541.5095541401274,12,13,0.9230769230769231,28980,1,628,28339
982,4,GO:0008201,,train,0.000226612839236,4.6747154521488166e-05,250.6147186147186,2,13,0.15384615384615385,28980,11,21,28946
982,5,GO:0005539,,train,0.0005993759796045,0.0001294021434128,146.1161616161616,2,13,0.15384615384615385,28980,11,36,28931
982,6,GO:0030234,,train,0.0053990232606547,0.0013207734496214,17.010956175298805,3,13,0.23076923076923078,28980,10,502,28465
982,7,GO:0042802,,train,0.0119929120382461,0.003137326827096,12.46079295154185,3,13,0.23076923076923078,28980,10,681,28286
982,8,GO:1901681,,train,0.0128495828695898,0.0033798050381125,26.96626054358013,2,13,0.15384615384615385,28980,11,194,28773
982,9,GO:0098772,,train,0.0207277960235302,0.0056766606621549,10.020783847980995,3,13,0.23076923076923078,28980,10,842,28125
982,10,GO:0061629,,train,0.0226662553827175,0.0062633150840781,185.6025641025641,1,13,0.07692307692307693,28980,12,13,28954
983,1,GO:0052689,,train,2.1138504845609992e-45,1.3889230561766766e-46,218.06083650190115,28,42,0.6666666666666666,28980,14,263,28675
983,2,GO:0016788,,train,5.5502092771798324e-45,3.674450879229698e-46,230.49126213592237,39,42,0.9285714285714286,28980,3,1545,27393
983,3,GO:0016298,,train,8.868595420576118e-09,1.365738234934782e-09,42.67111111111111,7,42,0.16666666666666666,28980,35,135,28803
983,4,GO:0004620,,train,9.197549151436168e-05,1.830510851418031e-05,29.18421052631579,4,42,0.09523809523809523,28980,38,104,28834
984,1,GO:0008236,,train,8.379759267421239e-49,5.118141041267037e-50,661.3900879296563,29,32,0.90625,28980,3,417,28531
984,2,GO:0016825,,train,8.379759267421239e-49,5.118141041267037e-50,661.3900879296563,29,32,0.90625,28980,3,417,28531
984,3,GO:0017171,,train,8.379759267421239e-49,5.118141041267037e-50,661.3900879296563,29,32,0.90625,28980,3,417,28531
984,4,GO:0070011,,train,8.997727316336722e-41,6.499808290736257e-42,716.2006661115737,31,32,0.96875,28980,1,1201,27747
984,5,GO:0008233,,train,4.784945044441539e-40,3.4986152359393274e-41,676.1615445232467,31,32,0.96875,28980,1,1269,27679
984,6,GO:0004252,,train,4.034963930191971e-32,3.498694446895813e-33,165.5586776859504,21,32,0.65625,28980,11,330,28618
984,7,GO:0140096,,train,3.5182713157819e-31,3.0960210424491976e-32,330.1219315895372,31,32,0.96875,28980,1,2485,26463
984,8,GO:0004175,,train,1.2576528092981797e-30,1.1185030696983546e-31,112.48404255319149,24,32,0.75,28980,8,752,28196
984,9,GO:0070008,,train,0.0001687227942501,3.4360396801910146e-05,55.35249042145594,3,32,0.09375,28980,29,54,28894
984,10,GO:0019840,,train,0.0030837367843991,0.0007269188828561,56.694117647058825,2,32,0.0625,28980,30,34,28914
985,1,GO:0016829,,train,3.4583056576221215e-12,4.686446369675113e-13,6.259160627264776,29,135,0.21481481481481482,28980,106,1208,27637
985,2,GO:0016830,,train,3.5648595909458306e-10,5.212002876178528e-11,9.279142165340712,17,135,0.1259259259259259,28980,118,441,28404
985,3,GO:0016701,,train,1.05155041180928e-08,1.624594097865115e-09,21.390625,9,135,0.06666666666666667,28980,126,96,28749
985,4,GO:0016702,,train,3.346269066853774e-08,5.2894126269862516e-09,24.16377952755905,8,135,0.05925925925925926,28980,127,75,28770
985,5,GO:0016614,,train,1.3286601217646545e-07,2.1687008812938028e-08,6.517894979604192,16,135,0.11851851851851852,28980,119,583,28262
985,6,GO:0051213,,train,1.9393278948478312e-06,3.389861308421071e-07,11.065637065637066,9,135,0.06666666666666667,28980,126,185,28660
985,7,GO:0016833,,train,2.821467822683918e-06,4.992965731269165e-07,23.49082007343941,6,135,0.044444444444444446,28980,129,57,28788
985,8,GO:0016874,,train,4.7959233687212885e-06,8.599422017149429e-07,5.589319771137953,14,135,0.1037037037037037,28980,121,585,28260
985,9,GO:0008199,,train,2.643502694974851e-05,4.996459695626627e-06,15.374498797113072,6,135,0.044444444444444446,28980,129,87,28758
985,10,GO:0016831,,train,2.746546163956043e-05,5.204735956478789e-06,7.822660098522167,9,135,0.06666666666666667,28980,126,261,28584
986,1,GO:0016616,,train,1.819615245268188e-35,1.4775678764634902e-36,605.0851063829788,22,24,0.9166666666666666,28980,2,517,28439
986,2,GO:0016614,,train,1.8928056158255306e-34,1.5680505848652784e-35,541.0207972270364,22,24,0.9166666666666666,28980,2,577,28379
986,3,GO:0051287,,train,0.0006914399100029,0.0001499669301245,17.45609756097561,4,24,0.16666666666666666,28980,20,328,28628
986,4,GO:0008270,,train,0.0170864542526006,0.0046113230042234,6.760576923076923,4,24,0.16666666666666666,28980,20,832,28124
987,1,GO:0005096,,train,1.1703677010198591e-11,1.6178824094421642e-12,247.06837606837607,6,19,0.3157894736842105,28980,13,54,28907
987,2,GO:0030695,,train,2.7576751256061024e-11,3.860599767194412e-12,211.7069597069597,6,19,0.3157894736842105,28980,13,63,28898
987,3,GO:0060589,,train,1.796437657557933e-10,2.5970119928665088e-11,151.4318181818182,6,19,0.3157894736842105,28980,13,88,28873
987,4,GO:0008047,,train,9.965654620469207e-10,1.4783394849593128e-10,111.86296056884292,6,19,0.3157894736842105,28980,13,119,28842
987,5,GO:0030234,,train,3.4225425957975915e-06,6.082715507720066e-07,26.32526591644828,6,19,0.3157894736842105,28980,13,499,28462
987,6,GO:0098772,,train,6.057594705019616e-05,1.1832334854577378e-05,15.47006509581003,6,19,0.3157894736842105,28980,13,839,28122
988,1,GO:0019899,,train,4.54021953143593e-20,4.9968083837492414e-21,22.3928011404134,22,114,0.19298245614035087,28980,92,305,28561
988,2,GO:0031625,,train,2.947778695956161e-16,3.5542247744545675e-17,126.06643356643356,10,114,0.08771929824561403,28980,104,22,28844
988,3,GO:0044389,,train,8.222581076102877e-16,1.0015376897335958e-16,110.92692307692307,10,114,0.08771929824561403,28980,104,25,28841
988,4,GO:0017016,,train,2.6057687602201604e-11,3.646412211843954e-12,33.34453197405005,10,114,0.08771929824561403,28980,104,83,28783
988,5,GO:0031267,,train,3.971850481682721e-11,5.602267354864898e-12,31.80702917771883,10,114,0.08771929824561403,28980,104,87,28779
988,6,GO:0051020,,train,1.3424702305495578e-08,2.0838825179957543e-09,16.6241890639481,10,114,0.08771929824561403,28980,104,166,28700
988,7,GO:0031369,,train,4.4557382128431426e-08,7.091433257280015e-09,101.81016231474948,5,114,0.043859649122807015,28980,109,13,28853
988,8,GO:0030234,,train,7.866432903463116e-08,1.2678651854250246e-08,8.090631364562118,14,114,0.12280701754385964,28980,100,491,28375
988,9,GO:0060589,,train,5.526673423886794e-07,9.339830384158806e-08,21.640670319046084,7,114,0.06140350877192982,28980,107,87,28779
988,10,GO:0098772,,train,1.2336009175690407e-06,2.1295398562364467e-07,5.521675980404225,16,114,0.14035087719298245,28980,98,829,28037
990,1,GO:0003700,,train,5.4644240759856805e-151,4.722163934779787e-153,1224.1599264705883,94,98,0.9591836734693877,28980,4,544,28338
990,2,GO:0140110,,train,4.593118244835586e-145,4.372860619186119e-147,1042.0054945054944,94,98,0.9591836734693877,28980,4,637,28245
990,3,GO:0043565,,train,1.0129426067180697e-119,1.554858147816939e-121,315.8798651547655,72,98,0.7346938775510204,28980,26,251,28631
990,4,GO:0003677,,train,5.3661624258486495e-83,1.6709818257834943e-84,98.33758985200846,87,98,0.8877551020408163,28980,11,2150,26732
990,5,GO:0000981,,train,4.865332190215237e-07,8.195113833593348e-08,32.41079460269865,6,98,0.061224489795918366,28980,92,58,28824
990,6,GO:0000976,,train,7.621751011415939e-05,1.5043899087477105e-05,30.68297872340425,4,98,0.04081632653061224,28980,94,40,28842
990,7,GO:0001067,,train,7.621751011415939e-05,1.5043899087477105e-05,30.68297872340425,4,98,0.04081632653061224,28980,94,40,28842
990,8,GO:0003690,,train,0.0002687990557351,5.590629802618377e-05,13.448807854137447,5,98,0.05102040816326531,28980,93,115,28767
990,9,GO:1990837,,train,0.0004228982059543,8.98025337599426e-05,18.86546644844517,4,98,0.04081632653061224,28980,94,65,28817
991,1,GO:0016775,,train,3.837121730177555e-23,3.945366398020687e-24,850.7647058823529,10,20,0.5,28980,10,34,28926
991,2,GO:0016301,,train,1.1394508286349848e-22,1.1839447195618512e-23,218.0383275261324,18,20,0.9,28980,2,1148,27812
991,3,GO:0016772,,train,3.168898583438101e-19,3.555345101962073e-20,135.71960022209885,18,20,0.9,28980,2,1801,27159
991,4,GO:0005524,,train,8.754810933443588e-17,1.0391801828606329e-17,96.13916901976604,18,20,0.9,28980,2,2479,26481
991,5,GO:0032559,,train,1.1283642170302414e-16,1.3423227247150629e-17,94.63419483101391,18,20,0.9,28980,2,2515,26445
991,6,GO:0030554,,train,1.1603662988760334e-16,1.3807329015538708e-17,94.46963080587535,18,20,0.9,28980,2,2519,26441
991,7,GO:0035639,,train,1.3879667036955579e-15,1.7011608191294535e-16,80.81392143349414,18,20,0.9,28980,2,2902,26058
991,8,GO:0032555,,train,2.0234469513337847e-15,2.4895208119055263e-16,78.90556492411467,18,20,0.9,28980,2,2965,25995
991,9,GO:0017076,,train,2.096279181591967e-15,2.580357126006809e-16,78.72803769774487,18,20,0.9,28980,2,2971,25989
991,10,GO:0032553,,train,5.545776846618641e-15,6.917396904503084e-16,73.97994269340974,18,20,0.9,28980,2,3141,25819
992,1,GO:0016765,,train,5.668166177056547e-08,9.065877882276928e-09,23.918913270637407,8,37,0.21621621621621623,28980,29,330,28613
992,2,GO:0004659,,train,0.0002446875019845,5.068357871320548e-05,48.09655937846837,3,37,0.08108108108108109,28980,34,53,28890
992,3,GO:0008134,,train,0.0003920771352508,8.293608089891529e-05,40.44817927170868,3,37,0.08108108108108109,28980,34,63,28880
992,4,GO:0016830,,train,0.0104474245298855,0.0026916571093049,7.60619409958617,4,37,0.10810810810810811,28980,33,454,28489
992,5,GO:0016829,,train,0.0166076545050067,0.0044641250765427,4.35711852414769,6,37,0.16216216216216217,28980,31,1231,27712
992,6,GO:0008168,,train,0.0232503701439855,0.0064424305355467,5.906695824221598,4,37,0.10810810810810811,28980,33,582,28361
992,7,GO:0016832,,train,0.0292083662394629,0.008267874827077,15.694149659863946,2,37,0.05405405405405406,28980,35,105,28838
992,8,GO:0016741,,train,0.0398978236513703,0.0117389852873528,4.933892236485897,4,37,0.10810810810810811,28980,33,694,28249
993,1,GO:0008800,,train,4.47745763359357e-121,6.689232777141287e-123,14441.0,48,50,0.96,28980,2,48,28882
993,2,GO:0016812,,train,7.387383363403618e-111,1.3698373228562822e-112,7441.806451612903,48,50,0.96,28980,2,93,28837
993,3,GO:0016810,,train,7.088168885933993e-80,2.3193264333679787e-81,2395.086206896552,49,50,0.98,28980,1,580,28350
994,1,GO:0030246,,train,5.787220288787567e-19,6.530267027685416e-20,113.81957186544342,13,23,0.5652173913043478,28980,10,327,28630
994,2,GO:0004553,,train,2.576170951451943e-16,3.102392940627161e-17,54.214230371900825,15,23,0.6521739130434783,28980,8,968,27989
994,3,GO:0016798,,train,4.548245938016541e-15,5.661158564206663e-16,44.09822184589331,15,23,0.6521739130434783,28980,8,1181,27776
994,4,GO:0015926,,train,2.5535691658754813e-08,4.016951232021365e-09,109.90867579908677,5,23,0.21739130434782608,28980,18,73,28884
994,5,GO:0016758,,train,2.7542577863762542e-05,5.220156392727647e-06,42.420316525579686,4,23,0.17391304347826086,28980,19,143,28814
994,6,GO:0030247,,train,7.722582762455258e-05,1.5249708645080382e-05,74.73879310344827,3,23,0.13043478260869565,28980,20,58,28899
994,7,GO:0016757,,train,9.21312291893668e-05,1.833880254098917e-05,18.78291205897841,5,23,0.21739130434782608,28980,18,422,28535
994,8,GO:0097599,,train,0.0027229276654355,0.000637319976765,61.18941798941799,2,23,0.08695652173913043,28980,21,45,28912
995,1,GO:0016614,,train,1.387453425591257e-55,7.311798671935647e-57,156.14696573551672,40,53,0.7547169811320755,28980,13,559,28368
995,2,GO:0016616,,train,6.1821442022672976e-49,3.7614065407356177e-50,119.66600397614314,36,53,0.6792452830188679,28980,17,503,28424
995,3,GO:0050661,,train,2.046250986483948e-08,3.2033175943317276e-09,20.411783338612608,9,53,0.16981132075471697,28980,44,287,28640
995,4,GO:0016628,,train,0.0035628569815618,0.0008481054525052,17.650408163265308,3,53,0.05660377358490566,28980,50,98,28829
995,5,GO:0070403,,train,0.0095779190466022,0.0024482796262311,29.813209494324045,2,53,0.03773584905660377,28980,51,38,28889
995,6,GO:0016877,,train,0.0118362031390451,0.0030893332738346,26.341997264021888,2,53,0.03773584905660377,28980,51,43,28884
995,7,GO:0051287,,train,0.0121668033445863,0.0031848889676076,7.1177202588352415,4,53,0.07547169811320754,28980,49,328,28599
995,8,GO:0016638,,train,0.0247894282436024,0.0069204455916317,17.148544266191326,2,53,0.03773584905660377,28980,51,66,28861
995,9,GO:0016627,,train,0.0339213788354042,0.0097994371162879,7.232521008403362,3,53,0.05660377358490566,28980,50,238,28689
997,1,GO:0004129,,train,1.3154964784921779e-77,4.524102486304646e-79,1702.8,33,68,0.4852941176470588,28980,35,16,28896
997,2,GO:0015002,,train,1.3154964784921779e-77,4.524102486304646e-79,1702.8,33,68,0.4852941176470588,28980,35,16,28896
997,3,GO:0016676,,train,1.3154964784921779e-77,4.524102486304646e-79,1702.8,33,68,0.4852941176470588,28980,35,16,28896
997,4,GO:0016675,,train,2.9249220783182945e-76,1.0281824688701271e-77,1433.787969924812,33,68,0.4852941176470588,28980,35,19,28893
997,5,GO:0015078,,train,4.2316152617504756e-54,2.311850034614828e-55,182.0093959731544,33,68,0.4852941176470588,28980,35,149,28763
997,6,GO:0009055,,train,1.9177187709715656e-51,1.1061277382438448e-52,77.54393741851369,42,68,0.6176470588235294,28980,26,590,28322
997,7,GO:0015077,,train,9.54884050611943e-50,5.717500071625541e-51,117.97942386831276,34,68,0.5,28980,34,243,28669
997,8,GO:0022890,,train,1.1849204116399228e-45,7.743965311447016e-47,87.14634146341463,34,68,0.5,28980,34,328,28584
997,9,GO:0008324,,train,5.871731660625815e-45,3.8924711450907284e-46,82.80289855072463,34,68,0.5,28980,34,345,28567
997,10,GO:0015318,,train,3.831280330759175e-39,2.8563167360289714e-40,54.07047619047619,34,68,0.5,28980,34,525,28387
998,1,GO:0038023,,train,1.5237704816965939e-38,1.1516324934168823e-39,62.2556,33,57,0.5789473684210527,28980,24,625,28298
998,2,GO:0060089,,train,3.881770187250853e-38,2.969007809389219e-39,60.37829968944099,33,57,0.5789473684210527,28980,24,644,28279
998,3,GO:0004888,,train,9.854136087725804e-13,1.3119796267602246e-13,21.6249796714913,14,57,0.24561403508771928,28980,43,429,28494
998,4,GO:0004714,,train,0.0246418239330371,0.0068734642027823,17.2053651266766,2,57,0.03508771929824561,28980,55,61,28862
998,5,GO:0019199,,train,0.0405742346197135,0.0119498888263936,12.78980044345898,2,57,0.03508771929824561,28980,55,82,28841
999,1,GO:0046789,,train,1.0527520439776953e-82,3.299776450936327e-84,527.3414634146342,42,70,0.6,28980,28,82,28828
999,2,GO:0046812,,train,2.3582715363661668e-82,7.440192297701503e-84,514.75,42,70,0.6,28980,28,84,28826
1000,1,GO:0004672,,train,2.8200987529217285e-187,1.445696112023032e-189,6746.838779956427,109,110,0.990909090909091,28980,1,459,28411
1000,2,GO:0016773,,train,1.6078783345551924e-164,1.1633885480128088e-166,3935.7686375321337,109,110,0.990909090909091,28980,1,778,28092
1000,3,GO:0016301,,train,6.50624790424508e-151,5.641530830642831e-153,2868.1333964049195,109,110,0.990909090909091,28980,1,1057,27813
1000,4,GO:0016772,,train,3.1655977799149844e-129,4.19149367701196e-131,1731.251461988304,109,110,0.990909090909091,28980,1,1710,27160
1000,5,GO:0005524,,train,5.965254337993131e-114,1.0082759917456239e-115,1208.7680067001677,109,110,0.990909090909091,28980,1,2388,26482
1000,6,GO:0140096,,train,1.375222497540253e-113,2.344609935168372e-115,1198.366015787287,109,110,0.990909090909091,28980,1,2407,26463
1000,7,GO:0032559,,train,2.87054665553716e-113,4.961251799416834e-115,1189.197194719472,109,110,0.990909090909091,28980,1,2424,26446
1000,8,GO:0030554,,train,3.410069014263824e-113,5.913703185529437e-115,1187.0584843492586,109,110,0.990909090909091,28980,1,2428,26442
1000,9,GO:0035639,,train,1.7820662299810238e-106,3.607252438459407e-108,1010.4699395233012,109,110,0.990909090909091,28980,1,2811,26059
1000,10,GO:0032555,,train,1.869969974583033e-105,3.8509209717663305e-107,985.9304105775922,109,110,0.990909090909091,28980,1,2874,25996
1001,1,GO:0016814,,train,2.348454136538504e-69,9.43867087128578e-71,1015.032967032967,32,45,0.7111111111111111,28980,13,70,28865
1001,2,GO:0019239,,train,8.496872480024523e-66,3.678816980249068e-67,995.7586206896552,30,45,0.6666666666666666,28980,15,58,28877
1001,3,GO:0016810,,train,3.257750169442405e-53,1.80747541404456e-54,221.4296875,37,45,0.8222222222222222,28980,8,592,28343
1001,4,GO:0046914,,train,1.0307953537812264e-39,7.579155573105071e-41,97.9875,39,45,0.8666666666666667,28980,6,1800,27135
1001,5,GO:0008270,,train,1.9932569654549675e-38,1.5105474322969213e-39,86.12629161882893,32,45,0.7111111111111111,28980,13,804,28131
1001,6,GO:0016151,,train,2.507981556880796e-09,3.775527205322791e-10,85.45266272189349,6,45,0.13333333333333333,28980,39,52,28883
1001,7,GO:0003725,,train,0.0001104200163151,2.2115055556932214e-05,64.515625,3,45,0.06666666666666667,28980,42,32,28903
1001,8,GO:0016811,,train,0.0002727904824637,5.678440309304456e-05,13.732758620689657,5,45,0.1111111111111111,28980,40,261,28674
1001,9,GO:0016743,,train,0.000310955810028,6.515707030876486e-05,43.90273556231003,3,45,0.06666666666666667,28980,42,47,28888
1001,10,GO:0016616,,train,0.0335040818052094,0.0096546167711821,5.178937770686118,4,45,0.08888888888888889,28980,41,535,28400
1002,1,GO:0030234,,train,1.2218075486709374e-14,1.5404574770717152e-15,57.7342799188641,12,24,0.5,28980,12,493,28463
1002,2,GO:0004857,,train,6.127406391087973e-14,7.852887764305559e-15,78.22791712104689,10,24,0.4166666666666667,28980,14,262,28694
1002,3,GO:0098772,,train,5.034974956134246e-12,6.85400844279106e-13,33.76110444177671,12,24,0.5,28980,12,833,28123
1002,4,GO:0016833,,train,1.208876987610639e-06,2.0850888194778225e-07,97.95593220338984,4,24,0.16666666666666666,28980,20,59,28897
1002,5,GO:0016831,,train,1.343654099617108e-05,2.487198715610776e-06,28.491559086395235,5,24,0.20833333333333334,28980,19,265,28691
1002,6,GO:0016830,,train,0.0001576125757007,3.199160843162115e-05,16.55803415824329,5,24,0.20833333333333334,28980,19,453,28503
1002,7,GO:0003713,,train,0.0008851248567385,0.0001949053387264,114.3596837944664,2,24,0.08333333333333333,28980,22,23,28933
1002,8,GO:0003712,,train,0.0088564759279151,0.0022501161708061,31.62431544359255,2,24,0.08333333333333333,28980,22,83,28873
1002,9,GO:0060589,,train,0.0106290225026233,0.0027424914375342,28.52173913043478,2,24,0.08333333333333333,28980,22,92,28864
1002,10,GO:0016829,,train,0.0116390797456598,0.003031404576227,5.921907040328093,5,24,0.20833333333333334,28980,19,1232,27724
1003,1,GO:0005509,,train,8.422860434844978e-46,5.484963162158474e-47,464.5409836065574,30,33,0.9090909090909091,28980,3,610,28337
1005,1,GO:0005524,,train,3.2134039386294945e-102,7.13524968650191e-104,1081.7990829512296,98,99,0.98989898989899,28980,1,2399,26482
1005,2,GO:0032559,,train,1.320847784964816e-101,2.979326813788289e-103,1064.3564681724847,98,99,0.98989898989899,28980,1,2435,26446
1005,3,GO:0030554,,train,1.5441878430033187e-101,3.487619963545592e-103,1062.4501845018451,98,99,0.98989898989899,28980,1,2439,26442
1005,4,GO:0016879,,train,2.6125320569813463e-96,6.420934457648151e-98,221.5589005235602,59,99,0.5959595959595959,28980,40,191,28690
1005,5,GO:0035639,,train,1.7060804834530557e-95,4.2630771666680043e-97,904.954642097803,98,99,0.98989898989899,28980,1,2822,26059
1005,6,GO:0032555,,train,1.3984838730063786e-94,3.568208844914772e-96,883.0530329289428,98,99,0.98989898989899,28980,1,2885,25996
1005,7,GO:0017076,,train,1.704131739874309e-94,4.3580484779279725e-96,881.0169491525423,98,99,0.98989898989899,28980,1,2891,25990
1005,8,GO:0032553,,train,4.04377126349155e-92,1.0684833698536419e-93,826.6448872917347,98,99,0.98989898989899,28980,1,3061,25820
1005,9,GO:0016874,,train,4.731744965259759e-92,1.254424581410224e-93,123.03264150943396,69,99,0.696969696969697,28980,30,530,28351
1005,10,GO:0097367,,train,7.876821703953205e-90,2.2012736636410225e-91,776.9112828438949,98,99,0.98989898989899,28980,1,3235,25646
1007,1,GO:0016301,,train,3.7798799887732404e-14,4.8188293380030865e-15,62.70893321769297,13,18,0.7222222222222222,28980,5,1153,27809
1007,2,GO:0005524,,train,4.979174264215376e-13,6.541757206258889e-14,53.34407735697018,15,18,0.8333333333333334,28980,3,2482,26480
1007,3,GO:0032559,,train,6.124697678852992e-13,8.082656075001532e-14,52.5099285146942,15,18,0.8333333333333334,28980,3,2518,26444
1007,4,GO:0030554,,train,6.264979760947833e-13,8.27328961606258e-14,52.41871530531324,15,18,0.8333333333333334,28980,3,2522,26440
1007,5,GO:0035639,,train,4.835415810646808e-12,6.580936185448361e-13,44.84853700516352,15,18,0.8333333333333334,28980,3,2905,26057
1007,6,GO:0032555,,train,6.583608220781341e-12,9.010345843949507e-13,43.79043126684636,15,18,0.8333333333333334,28980,3,2968,25994
1007,7,GO:0017076,,train,6.776824202887163e-12,9.280737366639565e-13,43.69199731002018,15,18,0.8333333333333334,28980,3,2974,25988
1007,8,GO:0016772,,train,1.039666719257639e-11,1.4338550295178148e-12,39.09501661129568,13,18,0.7222222222222222,28980,5,1806,27156
1007,9,GO:0032553,,train,1.5084620125914414e-11,2.093208118360037e-12,41.05916030534351,15,18,0.8333333333333334,28980,3,3144,25818
1007,10,GO:0097367,,train,3.2769237698712884e-11,4.5990396875687206e-12,38.64376130198915,15,18,0.8333333333333334,28980,3,3318,25644
1008,1,GO:0003735,,train,8.675561099004302e-45,5.758801725501288e-46,57.87701288244767,41,64,0.640625,28980,23,864,28052
1008,2,GO:0005198,,train,3.394294425285534e-37,2.6478618667531936e-38,36.31488801054019,41,64,0.640625,28980,23,1353,27563
1008,3,GO:0017069,,train,0.0021462094433122,0.0004948535175414,71.71960297766749,2,64,0.03125,28980,62,13,28903
1008,4,GO:0003723,,train,0.0119482414246462,0.0031238261919608,3.0859295459173284,10,64,0.15625,28980,54,1637,27279
1008,5,GO:0019843,,train,0.0231048750931593,0.0063973776073041,5.774949494949495,4,64,0.0625,28980,60,330,28586
1009,1,GO:1990837,,train,0.0001590234526466,3.2291958102536984e-05,57.09090909090909,3,26,0.11538461538461539,28980,23,66,28888
1009,2,GO:0003690,,train,0.0007692191893546,0.0001679181357199,32.14827201783724,3,26,0.11538461538461539,28980,23,117,28837
1009,3,GO:0043565,,train,0.0008496379923634,0.0001865684269489,16.320889142205758,4,26,0.15384615384615385,28980,22,319,28635
1009,4,GO:0003684,,train,0.0052552565049773,0.0012832943206928,42.24707602339181,2,26,0.07692307692307693,28980,24,57,28897
1009,5,GO:0003677,,train,0.0110865218092786,0.0028735256457362,4.415105027141846,7,26,0.2692307692307692,28980,19,2230,26724
1010,1,GO:0008234,,train,2.2872080488444253e-62,1.06598353859785e-63,417.1959319219593,35,46,0.7608695652173914,28980,11,219,28715
1010,2,GO:0019783,,train,1.807055704915737e-57,9.21605291108855e-59,1146.984126984127,25,46,0.5434782608695652,28980,21,30,28904
1010,3,GO:0036459,,train,5.407270082183406e-52,3.0792785071226357e-53,963.4666666666668,23,46,0.5,28980,23,30,28904
1010,4,GO:0101005,,train,9.34941725197137e-52,5.359817664735616e-53,932.3548387096774,23,46,0.5,28980,23,31,28903
1010,5,GO:0070011,,train,1.1175556567448289e-45,7.293886408376479e-47,129.55322715842414,39,46,0.8478260869565217,28980,7,1193,27741
1010,6,GO:0008242,,train,1.1583432299028625e-45,7.566878761119557e-47,430.8507462686568,23,46,0.5,28980,23,67,28867
1010,7,GO:0008233,,train,9.061441073261924e-45,6.0202561309306745e-46,122.26656848306332,39,46,0.8478260869565217,28980,7,1261,27673
1010,8,GO:0140096,,train,1.802647827185403e-35,1.4632618944637054e-36,71.23855681206247,40,46,0.8695652173913043,28980,6,2476,26458
1010,9,GO:0004175,,train,0.000938007060577,0.0002071270827146,6.573805474975826,7,46,0.15217391304347827,28980,39,769,28165
1010,10,GO:0032182,,train,0.0021988331879804,0.0005077599678017,69.17464114832536,2,46,0.043478260869565216,28980,44,19,28915
1011,1,GO:0015291,,train,3.986473809178978e-92,1.052175909444374e-93,1532.3607427055704,40,69,0.5797101449275363,28980,29,26,28885
1011,2,GO:0022857,,train,1.2251948360872662e-77,4.202780423171892e-79,196.9239001189061,59,69,0.855072463768116,28980,10,841,28070
1011,3,GO:0005215,,train,8.106281061120556e-75,2.925546552802099e-76,180.27804720336243,60,69,0.8695652173913043,28980,9,1031,27880
1011,4,GO:0022804,,train,6.974400090335774e-73,2.641678916367624e-74,279.5236111111111,42,69,0.6086956521739131,28980,27,160,28751
1011,5,GO:0015075,,train,1.4182023293938418e-66,6.0530239737728204e-68,130.94350282485877,49,69,0.7101449275362319,28980,20,531,28380
1011,6,GO:0008509,,train,5.806878345904252e-64,2.609412479894872e-65,716.6253101736972,30,69,0.43478260869565216,28980,39,31,28880
1011,7,GO:0022853,,train,1.6991545359291634e-62,7.889269529975463e-64,500.99888017917135,31,69,0.4492753623188406,28980,38,47,28864
1011,8,GO:0015318,,train,3.0449332899983776e-55,1.6216096086993733e-56,91.0096153846154,43,69,0.6231884057971014,28980,26,516,28395
1011,9,GO:0015103,,train,4.675550011090695e-51,2.7173715388006968e-52,902.96875,23,69,0.3333333333333333,28980,46,16,28895
1011,10,GO:0008324,,train,2.1316668567153603e-30,1.9045563209953567e-31,48.91679293761117,26,69,0.37681159420289856,28980,43,353,28558
1012,1,GO:0030695,,train,7.860417246592972e-26,7.658478414086834e-27,608.4421052631579,12,22,0.5454545454545454,28980,10,57,28901
1012,2,GO:0060589,,train,4.066662216849593e-24,4.1158619560053135e-25,422.5756097560976,12,22,0.5454545454545454,28980,10,82,28876
1012,3,GO:0005096,,train,7.702372597275747e-24,7.849709777051974e-25,589.9795918367347,11,22,0.5,28980,11,49,28909
1012,4,GO:0008047,,train,3.782754830702854e-20,4.152087866726307e-21,253.01754385964912,11,22,0.5,28980,11,114,28844
1012,5,GO:0030234,,train,3.0734989493301152e-15,3.8021460769900917e-16,69.28600405679514,12,22,0.5454545454545454,28980,10,493,28465
1012,6,GO:0098772,,train,3.083778501196717e-14,3.925071795324643e-15,48.82986111111112,13,22,0.5909090909090909,28980,9,832,28126
1012,7,GO:0003714,,train,3.1888912015172445e-08,5.0369104955271345e-09,267.9074074074074,4,22,0.18181818181818182,28980,18,24,28934
1012,8,GO:0003712,,train,2.7378715112039674e-06,4.841822747499298e-07,79.22359396433471,4,22,0.18181818181818182,28980,18,81,28877
1012,9,GO:0140110,,train,0.0081017148980561,0.0020448304057665,8.629374904478068,4,22,0.18181818181818182,28980,18,727,28231
1013,1,GO:0046812,,train,1.214748872528722e-54,6.5546691952951515e-56,75.98914027149321,41,223,0.18385650224215247,28980,182,85,28672
1013,2,GO:0046789,,train,4.1403394837164284e-53,2.302007891757852e-54,74.61098100442362,40,223,0.17937219730941703,28980,183,84,28673
1013,3,GO:0015929,,train,5.4137587810546806e-05,1.0527149658329957e-05,19.963858771198225,5,223,0.02242152466367713,28980,218,33,28724
1013,4,GO:0004553,,train,0.000381287032205,8.055312641013598e-05,2.8435359534296047,20,223,0.08968609865470852,28980,203,963,27794
1013,5,GO:0016798,,train,0.0006971276565766,0.0001513435000992,2.571579919821675,22,223,0.09865470852017937,28980,201,1174,27583
1013,6,GO:0030246,,train,0.0055183192213597,0.001351896875772,3.611740124798825,9,223,0.04035874439461883,28980,214,331,28426
1013,7,GO:0005102,,train,0.0115621011639368,0.0030086458868456,2.97339593114241,10,223,0.04484304932735426,28980,213,447,28310
1013,8,GO:0030674,,train,0.0195971235859081,0.0053486363901311,9.105919661733616,3,223,0.013452914798206279,28980,220,43,28714
1013,9,GO:0008658,,train,0.0321758408915274,0.0092341656623105,7.385248713550601,3,223,0.013452914798206279,28980,220,53,28704
1013,10,GO:0060090,,train,0.0445277975739015,0.0132721194104475,6.414903129657228,3,223,0.013452914798206279,28980,220,61,28696
1014,1,GO:0008270,,train,6.855395270617565e-79,2.281316175241396e-80,233.0519851471008,58,67,0.8656716417910447,28980,9,778,28135
1014,2,GO:0046914,,train,7.320303362075597e-59,3.64117383156234e-60,98.17555680329404,58,67,0.8656716417910447,28980,9,1781,27132
1014,3,GO:0016614,,train,4.014806187799461e-40,2.9319834274201175e-41,54.97645168439716,35,67,0.5223880597014925,28980,32,564,28349
1014,4,GO:0016616,,train,3.061626120461357e-38,2.3291569367074275e-39,54.48913043478261,33,67,0.4925373134328358,28980,34,506,28407
1014,5,GO:0070403,,train,2.1241547514190003e-07,3.50609129296124e-08,66.53917050691244,5,67,0.07462686567164178,28980,62,35,28878
1014,6,GO:0004033,,train,2.4933848982655078e-06,4.398501291078562e-07,79.75155279503106,4,67,0.05970149253731343,28980,63,23,28890
1014,7,GO:0051287,,train,0.0005566307979623,0.0001198149545486,8.625264004827518,6,67,0.08955223880597014,28980,61,326,28587
1014,8,GO:0050661,,train,0.0026499361417181,0.0006186832776604,7.932047444850903,5,67,0.07462686567164178,28980,62,291,28622
1014,9,GO:0048029,,train,0.0042292587061804,0.0010187536790263,16.481135670731707,3,67,0.04477611940298507,28980,64,82,28831
1014,10,GO:0016620,,train,0.0317495468727284,0.0090898338869501,7.399811126373627,3,67,0.04477611940298507,28980,64,182,28731
1015,1,GO:0003723,,train,2.494538616410574e-59,1.2239951321111148e-60,83.10352422907489,58,70,0.8285714285714286,28980,12,1589,27321
1015,2,GO:0003729,,train,4.465547726313508e-08,7.108353500538302e-09,32.33557800224467,7,70,0.1,28980,63,99,28811
1015,3,GO:0045182,,train,0.000707571917883,0.0001538181797641,10.824283559577678,5,70,0.07142857142857142,28980,65,204,28706
1015,4,GO:0003743,,train,0.0099345265288751,0.002548165166442,11.831165274544707,3,70,0.04285714285714286,28980,67,109,28801
1015,5,GO:0003725,,train,0.0123939807984566,0.0032501659814214,25.73707664884136,2,70,0.02857142857142857,28980,68,33,28877
1015,6,GO:0008135,,train,0.0395974240560909,0.0116413202046731,6.732593576619521,3,70,0.04285714285714286,28980,67,191,28719
1015,7,GO:0090079,,train,0.0436574579906693,0.0129717783167635,6.460136503412586,3,70,0.04285714285714286,28980,67,199,28711
1016,1,GO:0016868,,train,6.230837969385217e-12,8.520242446931539e-13,40.67072307910004,10,201,0.04975124378109453,28980,191,37,28742
1016,2,GO:0016757,,train,1.2060239711507861e-09,1.7947100721932192e-10,7.25933257918552,19,201,0.0945273631840796,28980,182,408,28371
1016,3,GO:0016758,,train,3.478481218353288e-09,5.27116716247519e-10,13.471604938271604,12,201,0.05970149253731343,28980,189,135,28644
1016,4,GO:0004553,,train,3.4827067019025554e-08,5.5101792474370035e-09,4.319283475145544,26,201,0.12935323383084577,28980,175,957,27822
1016,5,GO:0016866,,train,4.205732807265203e-07,7.055755276447204e-08,11.192076267875285,10,201,0.04975124378109453,28980,191,134,28645
1016,6,GO:0016798,,train,1.5443258455340645e-06,2.681771571118122e-07,3.505904761904762,26,201,0.12935323383084577,28980,175,1170,27609
1016,7,GO:0000287,,train,2.9482704652869583e-05,5.60082431595803e-06,3.936289525691699,17,201,0.0845771144278607,28980,184,660,28119
1016,8,GO:0004812,,train,0.0001038028569661,2.0731988130032532e-05,6.501744538834951,9,201,0.04477611940298507,28980,192,206,28573
1016,9,GO:0016875,,train,0.0001074957206669,2.150530678564857e-05,6.470108695652174,9,201,0.04477611940298507,28980,192,207,28572
1016,10,GO:0000049,,train,0.0001671880329041,3.402825241286478e-05,8.475536589487916,7,201,0.03482587064676617,28980,194,122,28657
1017,1,GO:0030170,,train,3.732286588448772e-176,2.2850511087259962e-178,2710.8765432098767,92,96,0.9583333333333334,28980,4,243,28641
1017,2,GO:0070279,,train,3.732286588448772e-176,2.2850511087259962e-178,2710.8765432098767,92,96,0.9583333333333334,28980,4,243,28641
1017,3,GO:0019842,,train,1.3314005771385742e-161,9.828425035560264e-164,2185.3465346534654,93,96,0.96875,28980,3,404,28480
1017,4,GO:0008483,,train,1.427090628495408e-135,1.6345678757409982e-137,602.9580419580419,72,96,0.75,28980,24,143,28741
1017,5,GO:0016769,,train,4.7232974519875976e-135,5.465338177154118e-137,590.5068493150685,72,96,0.75,28980,24,146,28738
1017,6,GO:0016846,,train,1.1081172382514212e-07,1.8009299111869483e-08,42.72444444444445,6,96,0.0625,28980,90,45,28839
1017,7,GO:0016783,,train,2.0107181688611656e-06,3.51994954949595e-07,40.638207945900255,5,96,0.052083333333333336,28980,91,39,28845
1017,8,GO:0016782,,train,0.0001267348149535,2.5482841779920675e-05,15.975690975690975,5,96,0.052083333333333336,28980,91,99,28785
1017,9,GO:0016829,,train,0.0033497452508676,0.0007931567174257,3.225539358600583,12,96,0.125,28980,84,1225,27659
1018,1,GO:0015035,,train,2.241839735367704e-28,2.079170578016273e-29,236.46358974358972,16,31,0.5161290322580645,28980,15,130,28819
1018,2,GO:0015036,,train,4.0131249876936477e-28,3.744266656649462e-29,184.77702191987908,17,31,0.5483870967741935,28980,14,189,28760
1018,3,GO:0016667,,train,1.909392358966331e-27,1.8004903780392591e-28,141.76978021978022,18,31,0.5806451612903226,28980,13,280,28669
1018,4,GO:0016853,,train,1.621849021383971e-05,3.020210981907579e-06,11.17301761018804,8,31,0.25806451612903225,28980,23,874,28075
1018,5,GO:0016860,,train,0.0003437697413182,7.231480541366775e-05,20.67098166127292,4,31,0.12903225806451613,28980,27,206,28743
1019,1,GO:0016616,,train,3.876451318741997e-36,3.0977998059373024e-37,inf,21,21,1.0,28980,0,518,28441
1019,2,GO:0016614,,train,3.6207439927414517e-35,2.958155372691189e-36,inf,21,21,1.0,28980,0,578,28381
1019,3,GO:0050661,,train,1.3115338083942389e-32,1.1237766615558336e-33,619.0143884892086,18,21,0.8571428571428571,28980,3,278,28681
1020,1,GO:0016616,,train,2.0636714281755976e-132,2.551100983361462e-134,991.2331154684096,80,85,0.9411764705882353,28980,5,459,28436
1020,2,GO:0016614,,train,1.9918063668789326e-131,2.532278651391325e-133,1109.332528957529,81,85,0.9529411764705882,28980,4,518,28377
1020,3,GO:0050661,,train,1.41563923987687e-05,2.624595233670419e-06,10.31998556998557,8,85,0.09411764705882353,28980,77,288,28607
1020,4,GO:0051287,,train,0.0114423699185863,0.0029726751811841,5.460244648318043,5,85,0.058823529411764705,28980,80,327,28568
1022,1,GO:0016758,,train,1.608570240637677e-16,1.9248936441412284e-17,268.5652173913044,9,16,0.5625,28980,7,138,28826
1022,2,GO:0016757,,train,2.1265765799295155e-16,2.5559784712923808e-17,150.975,11,16,0.6875,28980,5,416,28548
1022,3,GO:0004553,,train,2.507515314677474e-06,4.424897400362394e-07,22.303734061930783,7,16,0.4375,28980,9,976,27988
1022,4,GO:0016798,,train,9.025704045068402e-06,1.6516850680945105e-06,18.16886272310999,7,16,0.4375,28980,9,1189,27775
1022,5,GO:0008194,,train,9.825401992250922e-06,1.8034967596286807e-06,162.79362101313322,3,16,0.1875,28980,13,41,28923
1022,6,GO:0046527,,train,0.0008131497932443,0.0001780797332599,121.5546218487395,2,16,0.125,28980,14,34,28930
1022,7,GO:0061783,,train,0.01100815526801,0.002849344111906,28.792207792207797,2,16,0.125,28980,14,143,28821
1022,8,GO:0005509,,train,0.0178614028959898,0.0048440363245473,10.262166405023548,3,16,0.1875,28980,13,637,28327
1022,9,GO:0030246,,train,0.0490379915855651,0.0147744600714045,12.0989010989011,2,16,0.125,28980,14,338,28626
1023,1,GO:0003735,,train,1.8842900839935798e-266,2.759894079728125e-269,267.35158795778415,196,225,0.8711111111111111,28980,29,709,28046
1023,2,GO:0005198,,train,1.7052820179068818e-226,4.495866116284951e-229,155.46520062172587,196,225,0.8711111111111111,28980,29,1198,27557
1023,3,GO:0019843,,train,9.371475070123114e-121,1.4055702715244558e-122,83.35854394568088,93,225,0.41333333333333333,28980,132,241,28514
1023,4,GO:0003723,,train,7.501806949009782e-103,1.6459716450796282e-104,25.520281060364105,132,225,0.5866666666666667,28980,93,1515,27240
1023,5,GO:0000049,,train,3.642641861731307e-08,5.767489604434401e-09,12.474536670362744,11,225,0.04888888888888889,28980,214,118,28637
1023,6,GO:0070180,,train,0.0023871154378898,0.0005538958134436,21.574324324324323,3,225,0.013333333333333334,28980,222,18,28737
1023,7,GO:0003746,,train,0.0077669305095405,0.0019532793867183,8.113970588235293,4,225,0.017777777777777778,28980,221,64,28691
