unit_cluster_id,train_n_segments,train_n_proteins,train_mean_assign_sim,train_median_assign_sim,train_mean_residues_assigned,valid_n_segments,valid_n_proteins,valid_mean_assign_sim,valid_median_assign_sim,valid_mean_residues_assigned,test_n_segments,test_n_proteins,test_mean_assign_sim,test_median_assign_sim,test_mean_residues_assigned
0,135,26,0.7849016851849027,0.7943011522293091,58.592592592592595,17,4,0.7737268735380733,0.7537519931793213,56.23529411764706,2,1,0.6173601746559143,0.6173601746559143,50.0
1,119,49,0.7811025886976418,0.7910870909690857,38.378151260504204,7,3,0.8034046547753471,0.8276650309562683,47.285714285714285,17,7,0.6835412523325752,0.7069936990737915,46.23529411764706
2,124,86,0.6915018604167046,0.6920777857303619,49.24193548387097,10,6,0.7389257371425628,0.7501647770404816,48.8,9,7,0.6385208798779382,0.6129286289215088,50.666666666666664
3,127,75,0.6732052081213222,0.6721632480621338,56.99212598425197,14,10,0.6412897833756038,0.6314201056957245,55.5,30,15,0.6838524500528972,0.6936087310314178,50.6
4,94,18,0.8668272539656213,0.8972991704940796,44.138297872340424,0,0,,,,0,0,,,
5,122,63,0.821150928735733,0.866062194108963,48.0655737704918,12,7,0.8320478399594625,0.8616192042827606,47.083333333333336,138,70,0.9153725876324419,0.9288484752178192,44.7463768115942
6,124,68,0.728271919873453,0.7275932133197784,35.66935483870968,9,6,0.6396346224678887,0.5983245968818665,41.666666666666664,7,5,0.6961246814046588,0.7410023808479309,36.857142857142854
7,165,59,0.7234043563857223,0.7317022085189819,37.64242424242424,31,12,0.6967273989031392,0.6799581050872803,35.70967741935484,18,8,0.6215201367934545,0.6546076834201813,38.333333333333336
8,272,133,0.9169144549352282,0.9296422004699706,46.525735294117645,26,13,0.9308836437188662,0.9305361211299896,46.61538461538461,17,9,0.9008841970387627,0.9295955300331116,44.588235294117645
9,229,41,0.7876489232721287,0.8009530901908875,44.43231441048035,16,5,0.7865219265222549,0.8199568092823029,36.125,27,7,0.7501709902728045,0.7640873789787292,38.0
10,249,69,0.7616138685659233,0.7707330584526062,63.45381526104418,30,8,0.7326249440511068,0.7222011387348175,70.33333333333333,97,27,0.7204733171413854,0.7449977993965149,60.69072164948454
11,153,39,0.8475956488278956,0.8939436078071594,42.03921568627451,11,3,0.8817938782952048,0.9199498891830444,43.72727272727273,6,3,0.7085367689530054,0.7395053505897522,38.666666666666664
12,181,29,0.8134429288503214,0.8370460271835327,44.027624309392266,21,3,0.8307304751305353,0.8409398794174194,44.57142857142857,13,2,0.838104403935946,0.8594363927841187,44.30769230769231
13,290,103,0.791931552517003,0.8093884587287903,41.91724137931035,39,15,0.752374068284646,0.7538418173789978,42.87179487179487,44,18,0.755696555430239,0.769709438085556,44.11363636363637
14,128,40,0.875169166829437,0.9140288233757019,46.7734375,14,4,0.8329218455723354,0.9004997313022614,49.92857142857143,11,3,0.8119170557368885,0.7790001034736633,40.90909090909091
15,129,44,0.7483181070911792,0.7702029347419739,42.689922480620154,5,3,0.7434826612472534,0.767760694026947,47.6,47,13,0.7170748495041056,0.7180540561676025,39.97872340425532
16,238,45,0.807417721432798,0.8306960761547089,45.96218487394958,64,10,0.816114385612309,0.8354943990707397,45.46875,26,4,0.8456767040949601,0.8460569381713867,46.11538461538461
17,229,124,0.7087073724342746,0.7112932205200195,29.152838427947597,36,21,0.6804363023903635,0.6897575259208679,31.166666666666668,13,10,0.6306150739009564,0.6350259184837341,37.69230769230769
18,54,32,0.717707555603098,0.7373164594173431,49.388888888888886,8,5,0.728716142475605,0.7352997958660126,53.75,12,7,0.6340297361214956,0.6305592060089111,50.75
19,110,22,0.7581628861752423,0.7907660603523254,55.663636363636364,5,2,0.7133840084075928,0.7141967415809631,44.2,9,2,0.5640332731935713,0.5814569592475891,50.0
20,226,76,0.7970257150915872,0.8140520751476288,43.256637168141594,25,7,0.8274965476989746,0.8401572108268738,44.4,30,12,0.7460605303446451,0.7418718338012695,44.0
21,232,74,0.7705921101672896,0.784099817276001,42.293103448275865,25,7,0.689127950668335,0.696660041809082,41.52,25,9,0.756687958240509,0.7863129377365112,38.72
22,76,23,0.6402243077754974,0.6296983957290649,40.73684210526316,1,1,0.450453907251358,0.450453907251358,48.0,21,7,0.5999294632957095,0.5246778726577759,42.333333333333336
23,58,10,0.6946030803795519,0.6962480843067169,47.08620689655172,14,3,0.5868274824959892,0.5722304880619049,39.92857142857143,16,3,0.6683257892727852,0.7316003739833832,56.375
24,97,12,0.8026762438803604,0.8176946043968201,51.02061855670103,3,1,0.7001049518585205,0.7273005843162537,48.666666666666664,0,0,,,
25,62,38,0.722796215165046,0.7404654920101166,32.596774193548384,14,6,0.721035327230181,0.699687123298645,31.285714285714285,6,3,0.6826534569263458,0.7047849893569946,35.833333333333336
26,83,19,0.77927641911679,0.8027176856994629,42.7710843373494,6,2,0.7932788034280142,0.8272010385990143,42.666666666666664,6,2,0.5216296464204788,0.5074822306632996,45.0
27,91,9,0.8449850966642191,0.8742273449897766,48.527472527472526,1,1,0.4259845912456512,0.4259845912456512,52.0,20,2,0.8301992118358612,0.863328367471695,49.3
28,187,70,0.8341836914977926,0.8498204350471497,37.92513368983957,17,5,0.8553711807026583,0.8608662486076355,34.705882352941174,4,2,0.7749842703342438,0.8660055696964264,30.25
29,179,143,0.6920781450231648,0.6980827450752258,50.754189944134076,14,11,0.6982084533997944,0.7276478707790375,53.57142857142857,33,28,0.6600548200535051,0.6592687964439392,52.303030303030305
30,255,90,0.7537300825119019,0.7581653594970703,47.694117647058825,18,9,0.6786855392985873,0.6542510688304901,48.72222222222222,18,8,0.7170593672328525,0.7515206038951874,46.55555555555556
31,175,76,0.6944748493603298,0.6767160892486572,30.13142857142857,22,10,0.6266442537307739,0.628730833530426,28.727272727272727,8,4,0.6197439953684807,0.6249268651008606,29.375
32,83,25,0.7972958030470882,0.7900828123092651,41.55421686746988,1,1,0.5148464441299438,0.5148464441299438,94.0,4,1,0.8379174470901489,0.848837822675705,42.0
33,133,61,0.8571040419707621,0.8785259127616882,37.92481203007519,8,4,0.8732273280620575,0.8759240806102753,35.625,6,3,0.8777803381284078,0.8820333778858185,39.333333333333336
34,155,65,0.7443799468778795,0.7417585849761963,32.380645161290325,14,6,0.6674841088908059,0.6835503876209259,37.785714285714285,22,13,0.7256388014013117,0.7335802614688873,31.227272727272727
35,145,24,0.8580040641899767,0.8733759522438049,49.43448275862069,7,1,0.8402630431311471,0.8296622037887573,47.714285714285715,22,3,0.8135916021737185,0.8424069285392761,45.68181818181818
36,161,160,0.7607669321276387,0.7516030073165894,32.58385093167702,18,18,0.7157152990500132,0.7202723324298859,35.77777777777778,18,18,0.6605253799094094,0.6537024080753326,33.77777777777778
37,82,9,0.8331703754459939,0.8514477610588074,57.41463414634146,0,0,,,,46,7,0.7238951338374097,0.7359624207019806,58.47826086956522
38,281,156,0.7634822348682906,0.7742293477058411,49.79003558718861,25,15,0.7399480199813843,0.7458465695381165,52.52,11,6,0.6209376562725414,0.6144033074378967,47.36363636363637
39,146,46,0.8409573774631709,0.8602741956710815,41.75342465753425,5,2,0.8259501814842224,0.8578850626945496,46.0,0,0,,,
40,143,40,0.8965953455104695,0.9074026346206664,40.25174825174825,15,4,0.8974156181017557,0.9229192733764648,39.0,27,7,0.9132724029046518,0.9260095357894896,38.2962962962963
41,135,19,0.730378923592744,0.7394074201583862,46.022222222222226,42,7,0.7019950903597332,0.7005534172058105,43.23809523809524,10,1,0.7090720236301422,0.725479394197464,46.9
42,215,64,0.7387581780899403,0.7368532419204712,42.027906976744184,19,6,0.6722450915135836,0.6772035956382751,42.8421052631579,16,7,0.730772539973259,0.7798033952713013,43.875
43,99,20,0.7829643129700362,0.811866283416748,43.717171717171716,13,3,0.6908542926494892,0.695357620716095,50.46153846153846,1,1,0.7354669570922852,0.7354669570922852,43.0
44,112,80,0.6772305638130222,0.6590463817119598,50.732142857142854,8,7,0.5640974715352058,0.5554065108299255,53.125,10,9,0.5203716963529587,0.505040630698204,52.7
45,265,187,0.762939392733124,0.7730523347854614,50.237735849056605,32,22,0.7639595773071051,0.7860170900821686,62.09375,95,63,0.7666522066844137,0.7863051295280457,52.32631578947368
46,152,143,0.7827520021482518,0.7937943041324615,34.03947368421053,17,16,0.796844531508053,0.8051220774650574,31.529411764705884,14,14,0.7282957051481519,0.7655827105045319,39.285714285714285
47,226,73,0.854868599798827,0.8833486437797546,36.99557522123894,27,9,0.8294842861316822,0.8560168743133545,35.851851851851855,10,4,0.7688231945037842,0.7444585561752319,42.4
48,178,73,0.6914421517527505,0.697588175535202,45.050561797752806,30,15,0.6441491703192394,0.6612459719181061,42.8,31,16,0.6763326218051295,0.7030921578407288,44.29032258064516
49,53,50,0.8280442683201916,0.9246901273727416,26.0,8,7,0.7446760758757591,0.7495549023151398,27.5,5,5,0.5893953680992127,0.5876198410987854,16.8
50,126,40,0.7622093089989254,0.7710409462451935,48.08730158730159,18,6,0.7406418687767453,0.7335203588008881,45.166666666666664,3,3,0.5302752753098806,0.6024864315986633,41.0
51,227,65,0.8081804424655595,0.8310255408287048,41.99559471365639,26,8,0.7691950522936307,0.8145847022533417,39.84615384615385,39,13,0.8062870441338955,0.8612155914306641,42.256410256410255
52,124,124,0.8037452450202357,0.8204255402088165,30.467741935483872,13,13,0.754676850942465,0.7765413522720337,28.153846153846153,3,3,0.678590456644694,0.7827163934707642,33.0
53,184,84,0.6647474879155988,0.6730688810348511,35.73913043478261,10,6,0.6281462997198105,0.6401788592338562,47.2,14,6,0.5712379664182663,0.5744197964668274,35.0
54,341,75,0.8030855753554627,0.8119704723358154,42.334310850439884,47,10,0.7933399423639825,0.7989981770515442,40.148936170212764,28,6,0.8285932945353645,0.865576982498169,42.67857142857143
55,136,79,0.7605775410638136,0.7674540877342224,50.911764705882355,13,8,0.7074312315537379,0.7106801271438599,58.69230769230769,21,13,0.7527506124405634,0.7651940584182739,54.76190476190476
56,296,104,0.8249483374325005,0.8430242240428925,35.445945945945944,24,10,0.7972917258739471,0.8115154206752777,31.208333333333332,27,8,0.8260792317213835,0.8361194133758545,38.48148148148148
57,73,11,0.8318076533814,0.8365545272827148,49.0,15,3,0.7155840277671814,0.7051170468330383,45.8,7,2,0.6852948069572449,0.7159860730171204,48.42857142857143
58,113,23,0.7163537210595291,0.7124282717704773,43.823008849557525,6,1,0.5439622203509012,0.5438331663608551,42.333333333333336,15,3,0.7013526042302449,0.7202907204627991,43.6
59,140,91,0.6800347296254975,0.6808613836765289,47.84285714285714,19,12,0.6744613835686132,0.6959044933319092,49.26315789473684,33,17,0.6808895188750643,0.6720717549324036,51.303030303030305
60,73,15,0.8145979422412507,0.8614665865898132,41.726027397260275,5,1,0.7433878898620605,0.7731696367263794,41.8,5,2,0.7010575413703919,0.6926791667938232,56.8
61,77,10,0.7499899825492462,0.7472913861274719,50.54545454545455,0,0,,,,40,11,0.7165252976119518,0.7277664542198181,46.05
62,112,26,0.7516926042735577,0.7726992070674896,41.74107142857143,7,2,0.768362649849483,0.7753294110298157,40.285714285714285,0,0,,,
63,241,66,0.7662853915167053,0.7977955937385559,45.09958506224066,36,9,0.8054323097070059,0.8286523222923279,43.80555555555556,6,2,0.7888106207052866,0.8373640477657318,53.0
64,119,61,0.6420104393438131,0.6467382907867432,34.47899159663866,11,8,0.576717883348465,0.5914178490638733,36.90909090909091,30,18,0.6242001791795094,0.6451365947723389,33.6
65,122,65,0.6997029495532395,0.6946411430835724,50.049180327868854,13,8,0.685381116775366,0.6867309808731079,41.30769230769231,43,22,0.6736125017321387,0.6802093386650085,49.46511627906977
66,186,43,0.7858598764224719,0.7962348461151123,53.016129032258064,5,1,0.7398054361343384,0.7473189830780029,52.4,48,15,0.7042567729949951,0.6904395222663879,52.479166666666664
67,360,172,0.8176284043325318,0.8347828388214111,32.69444444444444,38,23,0.8185673246258184,0.8161646127700806,37.8421052631579,11,5,0.8783900412646207,0.9125955700874328,34.27272727272727
68,309,147,0.7952400905028901,0.8149164319038391,31.37864077669903,36,18,0.7962536530362235,0.8344998955726624,31.083333333333332,2,1,0.6955262124538422,0.6955262124538422,29.5
69,230,188,0.7637791941995206,0.7779736816883087,84.22608695652174,24,22,0.7721371054649353,0.778597354888916,89.08333333333333,14,12,0.7003666545663562,0.7532233893871307,102.85714285714286
70,142,77,0.8086885507677642,0.8199132680892944,45.13380281690141,17,9,0.809790148454554,0.7910005450248718,47.23529411764706,11,6,0.7241977507417853,0.7307486534118652,49.36363636363637
71,153,114,0.669381702842276,0.6732714772224426,24.30718954248366,19,15,0.690951290883516,0.6891430616378784,24.789473684210527,20,16,0.6277200147509575,0.6167430877685547,27.95
72,146,18,0.7772013687924163,0.8153783977031708,45.986301369863014,1,1,0.4397482872009277,0.4397482872009277,26.0,21,3,0.6086969588484082,0.5552537441253662,45.0
73,92,12,0.7358707299698954,0.7468127608299255,46.41304347826087,0,0,,,,0,0,,,
74,211,54,0.8261454633626892,0.8446255326271057,40.649289099526065,37,14,0.7623494090260686,0.7493536472320557,38.62162162162162,17,8,0.7743607794537264,0.7759250402450562,51.470588235294116
75,432,87,0.7539001696363643,0.7573593854904175,44.432870370370374,27,7,0.7412173615561591,0.7553321123123169,41.48148148148148,133,27,0.7084510969488245,0.7275941967964172,44.05263157894737
76,144,92,0.812832924640841,0.8469253480434418,43.47222222222222,12,9,0.8122097253799438,0.8570505082607269,47.666666666666664,1,1,0.44700688123703,0.44700688123703,79.0
77,168,48,0.6479041744910535,0.6448334753513336,42.05357142857143,9,4,0.6209665007061429,0.628718376159668,41.666666666666664,14,4,0.6106546031577247,0.6454556584358215,45.714285714285715
78,130,92,0.7314180718018458,0.7382604479789734,58.19230769230769,18,10,0.7558819154898325,0.7675935328006744,59.0,11,8,0.7221748720515858,0.7500991225242615,57.27272727272727
79,188,55,0.7727714363247791,0.7868495583534241,41.212765957446805,30,10,0.738454274336497,0.7391473352909088,40.4,5,2,0.638913345336914,0.5685474276542664,48.8
80,102,48,0.7312230327550102,0.7175249457359314,38.35294117647059,9,4,0.7358605066935221,0.7952684164047241,43.55555555555556,8,7,0.643435038626194,0.6364078223705292,46.375
81,105,36,0.6893360404741197,0.6949777007102966,46.304761904761904,10,4,0.7322830975055694,0.7530250251293182,52.2,2,2,0.4352719783782959,0.4352719783782959,33.5
82,137,35,0.7444322198411845,0.7697746753692627,44.27007299270073,3,3,0.5383808811505636,0.5141828656196594,31.0,13,6,0.5328941505688888,0.5212827920913696,46.23076923076923
83,304,104,0.763396824857122,0.7983932793140411,38.71052631578947,27,8,0.7598811012727243,0.7861384749412537,36.74074074074074,11,4,0.6325608112595298,0.6302332282066345,31.818181818181817
84,144,26,0.8398523156841596,0.8682724237442017,44.09027777777778,11,2,0.7965379357337952,0.8212862014770508,43.36363636363637,0,0,,,
85,218,74,0.8963479506313254,0.9284220635890961,40.972477064220186,24,8,0.9061387603481611,0.9355056285858154,40.416666666666664,94,31,0.8788602738938434,0.9100125730037689,39.97872340425532
86,232,67,0.7279734998170672,0.7453492283821106,42.73706896551724,15,6,0.6368878781795502,0.6301500797271729,45.86666666666667,16,6,0.6381517145782709,0.6161094307899475,39.1875
87,130,32,0.9221209558156821,0.926909476518631,41.94615384615385,13,3,0.857114131634052,0.8482837080955505,44.61538461538461,4,1,0.887596920132637,0.8811834156513214,45.0
88,254,95,0.7721758257216356,0.7847151458263397,43.07086614173228,38,15,0.7382355418644453,0.7643896043300629,44.55263157894737,68,18,0.7475748666945625,0.7465070486068726,42.279411764705884
89,157,139,0.6963717269290025,0.7024552226066589,39.23566878980892,10,9,0.6632513582706452,0.6464122235774994,40.3,18,16,0.6602820754051208,0.6559136211872101,36.888888888888886
90,272,74,0.7339662888689953,0.7409942448139191,43.3125,19,9,0.6917826470575834,0.6837055683135986,35.78947368421053,38,11,0.7167451726762872,0.7385985553264618,40.94736842105263
91,250,107,0.7602784807682037,0.7716497480869293,41.652,16,7,0.7092169895768166,0.7138095200061798,47.875,12,6,0.7358866681655248,0.7483692467212677,34.75
92,177,34,0.6752791391254145,0.6885599493980408,42.03954802259887,5,2,0.59554443359375,0.5855101943016052,47.0,29,5,0.6941316107223774,0.7193980813026428,41.275862068965516
93,163,51,0.8555789315627397,0.905666708946228,51.77300613496933,36,12,0.7895096060302522,0.831178605556488,49.5,50,14,0.8800892734527588,0.8926204144954681,55.18
94,90,13,0.7733452164464527,0.7967766523361206,43.3,29,4,0.7503212628693416,0.7489079236984253,45.6551724137931,8,1,0.7263512834906578,0.7591496407985687,46.125
95,155,147,0.7780640544429902,0.8012178540229797,28.4,21,21,0.8048926251275199,0.840448260307312,27.523809523809526,29,26,0.7505308101917135,0.7306933999061584,34.0
96,262,125,0.824303530213487,0.838092714548111,37.69083969465649,53,24,0.8210401439441825,0.8593332767486572,37.75471698113208,28,13,0.8003831878304482,0.8475836515426636,41.42857142857143
97,205,34,0.8157635313708608,0.8315907120704651,45.297560975609755,30,5,0.7895920952161153,0.771012932062149,44.5,41,9,0.71929378843889,0.7129831910133362,45.78048780487805
98,127,29,0.7074427311345348,0.714504063129425,43.38582677165354,26,7,0.6881221166023841,0.6977396607398987,45.26923076923077,10,5,0.6725488275289535,0.7123057842254639,51.6
99,150,41,0.7387329822778702,0.7618612349033356,55.3,21,7,0.7385978045917693,0.7650626301765442,50.666666666666664,6,4,0.6446770826975504,0.6333383321762085,70.5
100,136,63,0.8662114029421526,0.8977449834346771,38.0514705882353,21,8,0.865405695778983,0.8867020010948181,39.61904761904762,0,0,,,
101,86,53,0.7329902177633241,0.7270390689373016,27.988372093023255,7,5,0.6975952727454049,0.7339279651641846,32.42857142857143,10,7,0.7309064745903016,0.7194409668445587,27.3
102,179,83,0.8204642547575455,0.8342047929763794,40.977653631284916,18,8,0.8731851809554629,0.8774360716342926,36.111111111111114,44,13,0.8120659982616251,0.8087634742259979,43.06818181818182
103,77,25,0.7168457740313047,0.724635660648346,40.58441558441559,1,1,0.5771944522857666,0.5771944522857666,67.0,15,7,0.6797163963317872,0.7061656713485718,44.8
104,201,164,0.6603305931411573,0.6660117506980896,53.91542288557214,20,18,0.6593536972999573,0.6556130349636078,48.15,98,80,0.6724915449716606,0.6770113706588745,56.37755102040816
105,199,47,0.6835749025021366,0.6835176348686218,43.15075376884422,11,3,0.558936357498169,0.5829929113388062,43.0,43,10,0.666902843602868,0.6454750299453735,41.53488372093023
106,141,41,0.7720832533024727,0.8020997643470764,42.92198581560284,18,5,0.7659962342845069,0.7595870792865753,36.77777777777778,18,4,0.7043555693493949,0.7741992473602295,41.94444444444444
107,144,46,0.7936746531890498,0.8170256018638611,49.88194444444444,10,4,0.7407269507646561,0.87201988697052,52.3,6,2,0.8196361263593038,0.8069146573543549,53.5
108,278,278,0.7401366128767137,0.7535427212715149,31.097122302158272,38,38,0.7416075875884608,0.7466387748718262,32.1578947368421,61,61,0.7402615195415059,0.7486082315444946,33.032786885245905
109,144,22,0.8521170856224166,0.8644203245639801,49.40972222222222,7,1,0.8692576970372882,0.8999367356300354,47.714285714285715,36,5,0.7933242105775409,0.7953970432281494,47.888888888888886
110,222,25,0.7750072296675261,0.7811338007450104,51.82432432432432,7,1,0.7060960190636771,0.704250156879425,51.285714285714285,11,2,0.7583034255287864,0.8042594790458679,56.36363636363637
111,172,46,0.7934862867344258,0.8191848993301392,42.645348837209305,11,4,0.8113908063281666,0.8105887174606323,41.54545454545455,10,2,0.7454043686389923,0.7510057389736176,45.3
112,193,99,0.7025088735812687,0.7094039916992188,46.25388601036269,20,11,0.696123979985714,0.725773960351944,45.65,22,13,0.6438340151851828,0.6398514211177826,51.5
113,292,49,0.7263082848632172,0.7354477345943451,42.602739726027394,16,3,0.646898590028286,0.615216076374054,45.5625,56,10,0.6044346285717828,0.586695522069931,45.232142857142854
114,148,31,0.7120853058389716,0.7170457541942596,49.567567567567565,29,6,0.6270385816179472,0.5999212265014648,49.62068965517241,31,6,0.6026171801551696,0.5852915644645691,45.45161290322581
115,115,62,0.7596536641535552,0.7861486673355103,37.43478260869565,16,7,0.6663057059049606,0.6997151076793671,37.375,14,8,0.7774036739553724,0.7970137894153595,31.571428571428573
116,241,89,0.7555401497114743,0.7783038020133972,41.14107883817427,35,11,0.7270347135407584,0.7397367358207703,42.114285714285714,4,2,0.7800823748111725,0.810357540845871,43.25
117,286,284,0.7134973215056466,0.7307053506374359,37.73426573426573,32,32,0.6907344050705433,0.6778140068054199,39.53125,33,31,0.6774924099445343,0.6833451986312866,41.60606060606061
118,42,13,0.7174395464715504,0.6831531226634979,44.023809523809526,3,2,0.5501956343650818,0.5881850719451904,54.0,3,2,0.5918471217155457,0.5854084491729736,47.333333333333336
119,111,55,0.8051082443546604,0.8170454502105713,43.666666666666664,13,7,0.7559355864158044,0.7996969223022461,47.0,0,0,,,
120,134,53,0.7440349928923508,0.76631298661232,36.37313432835821,6,2,0.7910252511501312,0.803380012512207,32.666666666666664,2,1,0.5569773614406586,0.5569773614406586,41.5
121,310,118,0.8907394366879617,0.9112845063209534,39.78709677419355,26,12,0.8544015701000507,0.8935191929340363,47.0,0,0,,,
122,38,16,0.7442030177304619,0.7622048854827881,46.89473684210526,3,1,0.834995687007904,0.8397329449653625,35.666666666666664,5,2,0.7325688600540161,0.7316835522651672,43.6
123,335,70,0.8139017188726966,0.8212932348251343,43.25074626865672,34,9,0.8180803726701176,0.8274103999137878,43.85294117647059,32,6,0.7558028269559145,0.7349375486373901,47.15625
124,282,70,0.6900552457317393,0.6899363398551941,41.42553191489362,49,12,0.6822352871602896,0.6948860287666321,39.30612244897959,34,7,0.5752453847843058,0.5789704024791718,43.23529411764706
125,131,25,0.8538596625546463,0.8990679979324341,47.656488549618324,0,0,,,,2,1,0.5682640671730042,0.5682640671730042,50.5
126,328,45,0.7784662767336136,0.7978011071681976,51.21341463414634,32,5,0.8056396283209324,0.8112312257289886,48.09375,36,5,0.7991217888063855,0.8076741099357605,51.083333333333336
127,94,30,0.7203754668540143,0.7243559956550598,41.8936170212766,6,3,0.7592009902000427,0.8593342304229736,40.333333333333336,7,4,0.5432345611708504,0.5207753777503967,37.142857142857146
128,95,45,0.7701228405299939,0.7904961705207825,23.736842105263158,17,8,0.7848714905626634,0.7942451238632202,24.11764705882353,0,0,,,
129,162,48,0.808286683426963,0.8331222534179688,46.97530864197531,15,8,0.7820205907026927,0.8420851826667786,48.266666666666666,10,4,0.7326628535985946,0.791932225227356,44.4
130,111,18,0.8103287450902097,0.840133786201477,43.072072072072075,1,1,0.4100129604339599,0.4100129604339599,44.0,12,2,0.784386987487475,0.8316098749637604,43.5
131,293,173,0.8404300595306292,0.8606724739074707,42.532423208191126,32,20,0.8362312633544207,0.8422398269176483,42.9375,0,0,,,
132,72,63,0.7140002838439412,0.7252734303474426,40.94444444444444,13,7,0.6738908336712763,0.6760274171829224,41.30769230769231,18,17,0.7164185361729728,0.7651833891868591,44.72222222222222
133,352,66,0.8029330038380894,0.8086487650871277,44.80397727272727,42,9,0.7408924925894964,0.7448170483112335,44.57142857142857,26,5,0.7499520182609558,0.7309271097183228,48.76923076923077
134,68,48,0.8915230890407282,0.9183022677898407,37.25,1,1,0.9352058172225952,0.9352058172225952,42.0,2,2,0.6711377948522568,0.6711377948522568,34.0
135,232,77,0.7205372605601261,0.7436356246471405,35.314655172413794,22,5,0.739994691176848,0.7523374855518341,38.54545454545455,38,11,0.6783403644436284,0.6790384352207184,41.89473684210526
136,180,30,0.8040114959081014,0.8164195418357849,46.666666666666664,28,7,0.7662370758397239,0.8188328742980957,45.535714285714285,24,5,0.7366052269935608,0.743117094039917,47.916666666666664
137,163,24,0.7138140640375804,0.7434752583503723,50.67484662576687,10,2,0.5512065440416336,0.5757211446762085,42.0,39,6,0.6186776061852773,0.5845217704772949,49.0
138,334,116,0.7532809701508391,0.7615116238594055,39.08682634730539,43,19,0.6990922633991685,0.7043251395225525,34.27906976744186,21,10,0.6601596559797015,0.6337774991989136,34.857142857142854
139,81,19,0.8027655497009372,0.8322985172271729,38.67901234567901,17,6,0.6972849106087404,0.7233619689941406,44.0,10,4,0.6121187031269073,0.6540497839450836,34.2
140,184,73,0.7416280263467975,0.7517105340957642,37.505434782608695,30,12,0.6868393540382385,0.7160772085189819,36.2,15,6,0.7299864133199055,0.741885781288147,37.46666666666667
141,139,26,0.7014200550189121,0.6977283954620361,44.007194244604314,16,3,0.6232529245316982,0.6225005388259888,44.0625,19,6,0.6137731310568357,0.6090508103370667,48.31578947368421
142,406,85,0.8082032980296412,0.8229802250862122,52.01970443349754,15,4,0.7317669987678528,0.7555655837059021,52.333333333333336,61,14,0.7678063853842313,0.7750973105430603,52.91803278688525
143,157,77,0.7624224259215555,0.7739823460578918,37.80891719745223,16,8,0.6965274177491665,0.6874889433383942,37.375,13,5,0.7557426140858576,0.7764210104942322,37.23076923076923
144,105,20,0.7063500120526268,0.7198947668075562,48.36190476190476,12,2,0.6253918359676996,0.6054353713989258,39.666666666666664,13,2,0.6178386922066028,0.6629295945167542,42.46153846153846
145,57,13,0.8524389131027356,0.9024946093559264,47.12280701754386,1,1,0.412579596042633,0.412579596042633,76.0,35,9,0.8910381180899484,0.9152791500091552,48.2
146,216,78,0.8113145370174337,0.8443337380886078,48.11574074074074,32,10,0.8571051750332117,0.868902176618576,44.09375,0,0,,,
147,102,16,0.8532464615270203,0.8841931223869324,46.96078431372549,10,2,0.8380390346050263,0.8836451172828674,48.6,23,6,0.7816489300002223,0.8314872980117798,48.65217391304348
148,65,6,0.7974912088650924,0.8088685274124146,56.06153846153846,0,0,,,,32,4,0.7211803775280714,0.7080739736557007,53.8125
149,61,61,0.8101012301249583,0.8408967852592468,23.098360655737704,5,5,0.7019965052604675,0.658271074295044,27.4,12,12,0.772438849012057,0.764454573392868,24.0
150,163,89,0.8245910429881395,0.8524476885795593,53.466257668711656,19,10,0.832106634190208,0.8871981501579285,54.73684210526316,19,9,0.7985623071068212,0.8269201517105103,53.526315789473685
151,249,82,0.7155430346847059,0.723360538482666,34.558232931726906,41,13,0.6940188800416341,0.7149499654769897,33.853658536585364,8,4,0.6759923696517944,0.6738182008266449,50.0
152,145,26,0.8033135500447504,0.8175823092460632,44.84137931034483,24,4,0.8031536762913069,0.8164781928062439,44.291666666666664,4,2,0.5565566644072533,0.5633724927902222,53.25
153,210,66,0.762634376400993,0.783699631690979,43.233333333333334,30,12,0.7133970439434052,0.6876649260520935,42.93333333333333,112,35,0.7281519022903272,0.7590712606906891,41.3125
154,98,40,0.8745635462050535,0.9134686887264252,41.54081632653061,9,3,0.902932431962755,0.9201563000679016,31.666666666666668,11,4,0.8559008565816012,0.8770608901977539,38.72727272727273
155,309,292,0.6725573754812135,0.682413637638092,52.08414239482201,35,34,0.6806308524949211,0.6861406564712524,56.114285714285714,101,94,0.6840287629920657,0.6933708190917969,49.9009900990099
156,120,120,0.7971063526968162,0.8066195249557495,27.225,12,12,0.8328517178694407,0.8389826416969299,28.75,4,4,0.8494554460048676,0.8276382684707642,31.0
157,247,72,0.8250518851434654,0.8388832807540894,43.31983805668016,40,11,0.8306685850024224,0.8563164472579956,40.55,71,21,0.8295549372552147,0.8283010125160217,43.352112676056336
158,85,21,0.7540229586993947,0.7932250499725342,41.8,0,0,,,,8,2,0.5893001109361649,0.5880356431007385,43.25
159,214,74,0.833982694093312,0.8668714463710785,43.8177570093458,16,6,0.7513876855373383,0.8254395425319672,40.75,51,17,0.7812339651818369,0.8061020374298096,46.80392156862745
160,264,37,0.7784662813399778,0.7871932685375214,46.84090909090909,25,4,0.7615996849536896,0.7752416133880615,44.92,0,0,,,
161,87,24,0.7067962641688599,0.7150149345397949,43.95402298850575,17,5,0.6253386841100805,0.6048984527587891,41.705882352941174,0,0,,,
162,142,80,0.7373545929579668,0.7366823852062225,31.788732394366196,11,6,0.7462490200996399,0.7408791184425354,35.09090909090909,8,5,0.7268863096833229,0.730194091796875,28.0
163,80,22,0.711764907836914,0.7117755115032196,46.825,11,4,0.6379698027263988,0.6020683646202087,43.45454545454545,2,1,0.5979095995426178,0.5979095995426178,45.5
164,188,76,0.7175592894249774,0.7155865132808685,52.994680851063826,32,14,0.6936180712655187,0.6942929327487946,49.4375,20,13,0.6604456901550293,0.68145751953125,46.7
165,126,70,0.7341242858341762,0.7627013325691223,43.84920634920635,22,11,0.702314478429881,0.7087193727493286,43.04545454545455,3,2,0.6911858121554056,0.7111724019050598,43.666666666666664
166,179,101,0.7713236169442118,0.7894081473350525,42.10614525139665,19,10,0.7761965582245275,0.780056357383728,41.578947368421055,12,7,0.7048619836568832,0.7224200367927551,35.833333333333336
167,170,58,0.8020430477226481,0.8206108808517456,45.029411764705884,11,4,0.7997866110368208,0.7900263667106628,41.72727272727273,28,13,0.7465140457664218,0.7557197511196136,44.25
168,107,97,0.7137837928032207,0.7189858555793762,18.990654205607477,9,9,0.7403970228301154,0.7285223007202148,14.88888888888889,22,20,0.6679465283047069,0.6667052209377289,15.727272727272727
169,143,113,0.649701646991543,0.6442158818244934,52.30769230769231,11,11,0.5878199962052432,0.5936741232872009,55.63636363636363,58,49,0.634766339228071,0.6316434144973755,52.55172413793103
170,80,34,0.8225509945303202,0.9126944839954376,35.9125,7,2,0.9277135048593793,0.9216428399086,28.571428571428573,5,2,0.6852311968803406,0.7180275917053223,36.4
171,69,9,0.7614839461402617,0.808616578578949,60.289855072463766,0,0,,,,0,0,,,
172,66,13,0.7645024530815355,0.7450917363166809,46.984848484848484,8,2,0.5296047441661358,0.5324853658676147,45.625,8,3,0.5697590932250023,0.5625276863574982,37.625
173,116,62,0.6706535320343643,0.6705653667449951,47.13793103448276,16,9,0.6372918020933867,0.6378754377365112,53.6875,16,12,0.6053406838327646,0.5898967683315277,54.625
174,340,339,0.7415335683261647,0.7444904744625092,24.570588235294117,40,39,0.7554762937128544,0.7804112136363983,26.725,44,44,0.7686070637269453,0.8009252548217773,23.977272727272727
175,220,58,0.753952592746778,0.7649444341659546,41.06818181818182,25,7,0.7230815243721008,0.714698314666748,44.4,11,3,0.6975526051087813,0.6864998936653137,44.81818181818182
176,240,57,0.8055863052606582,0.8155264556407928,43.1125,41,8,0.8452375763800086,0.8556530475616455,44.853658536585364,18,5,0.738268021080229,0.774225652217865,47.44444444444444
177,170,64,0.6851000293212779,0.691195011138916,33.61176470588235,8,4,0.6936737522482872,0.6503680944442749,42.0,2,1,0.634035736322403,0.634035736322403,45.5
178,199,21,0.7362213443272078,0.737547755241394,54.71859296482412,27,4,0.7073714998033311,0.7062197923660278,53.666666666666664,47,8,0.6830659280432031,0.6872636079788208,47.87234042553192
179,244,38,0.7512765556085305,0.7613146603107452,43.30327868852459,28,4,0.7600703643901008,0.7697191834449768,41.57142857142857,55,9,0.7087827064774254,0.7333350777626038,44.54545454545455
180,151,72,0.8156592182765733,0.8355918526649475,44.12582781456954,22,10,0.8189491033554077,0.8303329050540924,39.77272727272727,8,3,0.5957919806241989,0.6146809160709381,43.25
181,143,35,0.8224897136638215,0.8344554305076599,45.74125874125874,7,2,0.7650339518274579,0.8246393203735352,46.42857142857143,23,7,0.8118043088394663,0.8946153521537781,49.34782608695652
182,270,93,0.8644987516933017,0.878617525100708,47.67407407407408,25,8,0.8566091346740723,0.8755152821540833,48.24,0,0,,,
183,24,5,0.7690486696859201,0.8182613253593445,40.75,0,0,,,,0,0,,,
184,106,17,0.7713817481724721,0.7860903441905975,41.867924528301884,13,2,0.761617743051969,0.7548883557319641,43.15384615384615,0,0,,,
185,170,105,0.8028100707951714,0.8237400949001312,30.347058823529412,26,16,0.8207473594408768,0.8501011729240417,30.26923076923077,7,5,0.7884489042418343,0.8095024228096008,21.0
186,163,83,0.8296396896883023,0.8573236465454102,50.26993865030675,15,8,0.8097057183583577,0.8045250773429871,49.8,2,1,0.6936117708683014,0.6936117708683014,52.5
187,111,45,0.9473350756877178,0.96796053647995,67.71171171171171,14,5,0.9263254148619515,0.9246116876602173,63.357142857142854,32,12,0.893223000690341,0.94291952252388,63.0625
188,264,221,0.8492606397379528,0.8673023581504822,42.75,37,27,0.8544861738746231,0.860551655292511,41.54054054054054,36,34,0.8615550382269753,0.8849183022975922,45.27777777777778
189,332,126,0.8234326235321631,0.847015917301178,40.924698795180724,50,18,0.8070859456062317,0.808188796043396,43.8,6,3,0.7539874116579691,0.8020099103450775,39.666666666666664
190,169,167,0.6920202030585363,0.681699275970459,41.4792899408284,18,18,0.7040551702181498,0.7138317227363586,39.666666666666664,33,31,0.6680279039975369,0.6804988384246826,42.03030303030303
191,379,194,0.8693867199968223,0.8862919211387634,41.559366754617415,44,23,0.854453597556461,0.8827662467956543,39.59090909090909,81,42,0.8397693994604511,0.8727482557296753,43.135802469135804
192,140,53,0.7447312133652824,0.7712282538414001,34.91428571428571,31,13,0.7134203632031718,0.7321866750717163,37.16129032258065,9,5,0.6515462001164755,0.671239972114563,29.444444444444443
193,185,50,0.886809423807505,0.9209596514701844,42.637837837837836,12,3,0.9019491821527481,0.9056825041770935,41.166666666666664,39,11,0.8720184977237995,0.9207792282104492,42.717948717948715
194,136,30,0.7659398659187204,0.7733950316905975,44.3014705882353,43,8,0.7416525968285494,0.7463858127593994,44.93023255813954,32,6,0.7184059713035822,0.7259368896484375,42.84375
195,77,8,0.8545371735250795,0.8555518984794617,48.41558441558441,18,2,0.8141225841310289,0.8158039748668671,51.888888888888886,22,2,0.8667653555219824,0.874966561794281,50.68181818181818
196,134,82,0.7329250854342731,0.7284578084945679,52.798507462686565,10,8,0.7694987118244171,0.7761426270008087,49.7,7,5,0.6487278938293457,0.6086955070495605,42.42857142857143
197,85,18,0.9186712748864118,0.947576642036438,35.90588235294118,7,1,0.8624699626650129,0.8865309357643127,34.0,4,1,0.7607949078083038,0.7619828879833221,38.5
198,352,91,0.7998745205219496,0.8101357817649841,45.49431818181818,39,11,0.775461244277465,0.7892159223556519,47.23076923076923,41,11,0.8170468560079249,0.836630642414093,45.73170731707317
199,185,34,0.8658596654196044,0.8806129693984985,47.054054054054056,21,4,0.8772425793466114,0.8975428938865662,49.04761904761905,0,0,,,
200,178,39,0.8039160544952649,0.8140652477741241,46.438202247191015,15,7,0.7259788235028585,0.7741708755493164,46.53333333333333,38,8,0.7349696692667509,0.7380856573581696,44.10526315789474
201,154,61,0.789961617294844,0.8190197646617889,47.577922077922075,12,5,0.7520291954278946,0.8490341603755951,51.666666666666664,32,9,0.8091939073055983,0.8415981829166412,46.53125
202,134,22,0.7544820635621228,0.7630764544010162,43.33582089552239,20,3,0.7923760831356048,0.8322922587394714,41.45,8,2,0.6496655754745007,0.6954394280910492,42.75
203,149,41,0.6967213683880416,0.7092840075492859,47.77852348993289,10,4,0.5290785610675812,0.5402657389640808,53.3,18,10,0.5932221644454532,0.5800460875034332,49.333333333333336
204,286,181,0.7653084568210415,0.7759506106376648,48.82167832167832,35,21,0.7405694535800389,0.7596725225448608,46.48571428571429,7,4,0.6869454639298576,0.6901854276657104,47.857142857142854
205,113,49,0.7319358961772074,0.7278628945350647,40.176991150442475,6,2,0.6913827459017435,0.7161513566970825,31.166666666666668,8,4,0.7072162963449955,0.6980829238891602,42.375
206,184,96,0.7504258095894171,0.780427485704422,46.82608695652174,31,14,0.7314355354155263,0.7635300755500793,47.61290322580645,8,6,0.5698268674314022,0.5964172780513763,44.5
207,216,99,0.8229321253796419,0.8523352742195129,44.78703703703704,26,14,0.8111090705944941,0.8496016263961792,42.34615384615385,41,13,0.7868893844325368,0.7812227606773376,48.46341463414634
208,59,17,0.6518648928504879,0.6325888633728027,40.47457627118644,1,1,0.4625867307186126,0.4625867307186126,24.0,5,3,0.45948789119720457,0.4352439641952514,35.0
209,118,31,0.8364964622562214,0.8480306267738342,42.11864406779661,16,4,0.8122735284268856,0.8699375987052917,38.375,4,1,0.8270052671432495,0.8268429338932037,38.5
210,258,253,0.7200075550827869,0.7299215793609619,45.60077519379845,25,24,0.7199626433849334,0.7389265894889832,46.88,63,61,0.6949570921678392,0.696646511554718,50.76190476190476
211,96,23,0.8002559638892611,0.8349022269248962,55.625,8,2,0.8457203805446625,0.8472612798213959,50.875,0,0,,,
212,249,69,0.8362271622960348,0.843772828578949,46.31325301204819,40,11,0.8347658336162567,0.866189181804657,48.7,46,10,0.8138085370478423,0.8341647684574127,47.17391304347826
213,296,117,0.8564882642916731,0.8656928837299347,47.7027027027027,13,8,0.8271761765846839,0.8231076002120972,51.76923076923077,27,11,0.827951380500087,0.8362501263618469,52.96296296296296
214,322,144,0.7547270756515657,0.7611797451972961,64.1832298136646,30,12,0.7445267836252848,0.7636407017707825,62.56666666666667,109,44,0.719164096434182,0.7223482131958008,62.84403669724771
215,264,73,0.849276061762463,0.8759098052978516,41.666666666666664,30,8,0.833269331852595,0.8661289513111115,39.9,38,11,0.7750060919084047,0.7918423712253571,40.473684210526315
216,90,38,0.8854847391446431,0.9442755281925201,59.422222222222224,9,3,0.9626241127649943,0.9662057757377625,50.666666666666664,25,10,0.9174012279510498,0.955636501312256,55.6
217,171,30,0.76750992334377,0.7861495614051819,46.30409356725146,22,6,0.7048977234146812,0.7079756855964661,43.95454545454545,41,8,0.6987912291433753,0.7032248377799988,42.853658536585364
218,114,26,0.8427992525853609,0.8458040356636047,42.5,11,3,0.8120366334915161,0.818642795085907,43.18181818181818,11,3,0.8242093920707703,0.8266103863716125,42.45454545454545
219,138,37,0.737792942834937,0.7478059530258179,42.471014492753625,10,2,0.623706328868866,0.5834394097328186,39.1,1,1,0.6118321418762207,0.6118321418762207,33.0
220,172,144,0.6843566811361979,0.6891823410987854,28.267441860465116,21,17,0.6596408003852481,0.6532391905784607,30.333333333333332,23,20,0.6560419927472654,0.664696455001831,30.91304347826087
221,160,44,0.7979830946773291,0.8178605735301971,53.1,8,2,0.8504222705960274,0.8487053513526917,53.625,8,2,0.8530783653259277,0.8570834100246429,54.5
222,217,61,0.7087884332452502,0.7028924226760864,44.76958525345622,20,6,0.6585573256015778,0.6793860197067261,45.75,13,6,0.6231000240032489,0.6552358269691467,44.0
223,292,62,0.7833155942698048,0.7943517565727234,46.17123287671233,51,11,0.7689469047621185,0.7744361758232117,43.549019607843135,71,13,0.7620597028396499,0.7574499845504761,45.014084507042256
224,68,40,0.8290403371348101,0.9036314785480499,44.8235294117647,5,4,0.9370749354362488,0.9291478395462036,60.6,9,4,0.7091455592049493,0.654402494430542,27.666666666666668
225,180,179,0.7409904208448198,0.742363840341568,18.81111111111111,23,23,0.7234068616576816,0.7466501593589783,20.130434782608695,14,14,0.7054368129798344,0.7042008936405182,19.428571428571427
226,122,42,0.7875249358962794,0.8332825601100922,36.65573770491803,18,6,0.7548382778962454,0.7784997224807739,40.833333333333336,14,5,0.6892526873520443,0.7048045992851257,34.92857142857143
227,226,42,0.7396979976808076,0.7691929936408997,44.97345132743363,31,7,0.715550261159097,0.7567014098167419,41.32258064516129,17,3,0.5583411087008083,0.5040628910064697,48.411764705882355
228,21,3,0.7731042135329473,0.8101567029953003,50.23809523809524,0,0,,,,1,1,0.5514914393424988,0.5514914393424988,26.0
229,233,95,0.7579999314101469,0.7798584699630737,38.73390557939914,34,14,0.7646600498872644,0.7858376801013947,37.529411764705884,33,15,0.7503568159811425,0.784949541091919,36.72727272727273
230,266,63,0.7314142450354153,0.7399270236492157,43.85338345864662,18,5,0.6337738848394818,0.630665123462677,49.55555555555556,18,6,0.6186217235194312,0.6352423429489136,43.888888888888886
231,291,112,0.7241279939605608,0.7306204438209534,42.3573883161512,22,9,0.7388966544107958,0.7342231571674347,43.04545454545455,25,11,0.6743059301376343,0.6910858154296875,45.28
232,84,18,0.9086058537165324,0.9393218755722046,38.095238095238095,5,1,0.8084415316581726,0.8168103694915771,37.8,10,2,0.9172646403312683,0.9471673369407654,36.4
233,300,32,0.7464683542648951,0.7714819014072418,45.6,16,2,0.6776894442737103,0.6810838580131531,51.0,7,1,0.5741776738848005,0.5836800932884216,42.42857142857143
234,164,50,0.693113472585271,0.7025263011455536,47.207317073170735,13,6,0.7099962417895977,0.7212521433830261,49.23076923076923,9,3,0.7289964358011881,0.7365371584892273,51.77777777777778
235,177,21,0.7934457346544428,0.8102259635925293,50.0,18,3,0.688336882326338,0.6971964836120605,47.22222222222222,30,4,0.8264766295750936,0.8341038227081299,48.46666666666667
236,242,90,0.7152111101741633,0.7323388457298279,39.49586776859504,42,18,0.6618237715391886,0.6564964056015015,40.88095238095238,8,5,0.633071206510067,0.648397833108902,49.125
237,98,15,0.8783241823619726,0.9119747281074524,43.8469387755102,8,1,0.7951363548636436,0.80544713139534,38.875,0,0,,,
238,127,20,0.7738607394413686,0.7911919951438904,47.960629921259844,19,3,0.7911150894666973,0.8077239394187927,51.421052631578945,18,4,0.7137643562422858,0.6939467489719391,51.05555555555556
239,170,31,0.8645704125656801,0.8707025647163391,42.60588235294118,29,5,0.8677247094696966,0.8927404880523682,41.86206896551724,2,1,0.7877422273159027,0.7877422273159027,43.0
240,154,35,0.8216778504384028,0.8424267172813416,41.824675324675326,13,3,0.7605167443935688,0.7756956815719604,41.76923076923077,46,10,0.7939047515392303,0.7968299090862274,40.02173913043478
241,56,26,0.8179241046309471,0.8962545990943909,44.875,3,2,0.8411140243212382,0.8975875377655029,53.0,4,2,0.8763157576322556,0.8721994459629059,49.25
242,97,32,0.7603499834070501,0.7702420949935913,43.144329896907216,20,8,0.6717057287693023,0.681050568819046,46.55,16,6,0.6664054542779922,0.6696218848228455,37.4375
243,165,72,0.7164792012084614,0.7252643704414368,34.448484848484846,27,12,0.669407120457402,0.6699142456054688,37.18518518518518,24,11,0.6260019627710184,0.6262396275997162,37.083333333333336
244,120,62,0.7739279846350352,0.7885983288288116,37.94166666666667,13,8,0.8112645011681777,0.8429100513458252,41.07692307692308,8,5,0.7355600148439407,0.7635375261306763,36.125
245,95,30,0.8393159276560733,0.8450875282287598,47.242105263157896,22,7,0.8695778467438438,0.8639208376407623,51.18181818181818,9,3,0.8808634016248915,0.900208592414856,47.55555555555556
246,118,68,0.8405315577983856,0.8574321866035461,33.28813559322034,17,11,0.8301798771409428,0.8462100028991699,30.11764705882353,35,22,0.860463547706604,0.8664169907569885,29.97142857142857
247,173,26,0.748065445119935,0.7614255547523499,45.73988439306358,39,6,0.7219714323679606,0.7360863089561462,45.51282051282051,17,4,0.6810298386742087,0.6725990176200867,46.1764705882353
248,242,109,0.7826940313843657,0.7911216914653778,38.96280991735537,23,10,0.7886314703070599,0.8061047792434692,37.04347826086956,31,13,0.7361138328429191,0.733898937702179,36.12903225806452
249,209,83,0.7930943643647518,0.8067719340324402,35.75598086124402,35,14,0.7938636984143939,0.7997071146965027,37.6,53,26,0.788887047542716,0.8000177145004272,38.0188679245283
250,83,79,0.8552917378494539,0.8769344687461853,41.31325301204819,8,8,0.8509000763297081,0.8738357424736023,41.75,6,6,0.8480516374111176,0.8491997122764587,34.5
251,165,87,0.8572390395583529,0.8778420090675354,46.72121212121212,17,8,0.8420117567567265,0.8645052313804626,45.23529411764706,9,4,0.8897956477271186,0.897394061088562,46.111111111111114
252,150,34,0.705744328101476,0.7028577625751495,45.373333333333335,24,4,0.738326812783877,0.7244901359081268,47.375,17,3,0.7182090562932631,0.7234489321708679,45.88235294117647
253,31,14,0.8688763793437712,0.908781349658966,23.516129032258064,3,3,0.6767033139864603,0.7021254897117615,20.666666666666668,1,1,0.7865201830863953,0.7865201830863953,21.0
254,249,81,0.6817413862929287,0.6819865703582764,40.4859437751004,24,8,0.7082741769651572,0.7235874533653259,41.791666666666664,21,9,0.6260127368427458,0.6238253116607666,42.23809523809524
255,192,28,0.7213455500702063,0.7293778955936432,52.979166666666664,17,3,0.7257157038239872,0.7349258065223694,51.23529411764706,52,7,0.6844366381947811,0.7014206647872925,55.55769230769231
256,259,158,0.7344977045611525,0.7412184476852417,51.424710424710426,32,19,0.7223300766199827,0.7340191900730133,44.53125,65,36,0.6730780500632066,0.6797491908073425,54.353846153846156
257,84,84,0.7623284416539329,0.7912755906581879,17.678571428571427,7,7,0.7285679408482143,0.7369166612625122,15.714285714285714,1,1,0.5411343574523926,0.5411343574523926,62.0
258,176,151,0.7033552188764919,0.7078758776187897,56.47727272727273,16,14,0.6870946660637856,0.685089647769928,57.25,14,12,0.6479235951389585,0.6647081971168518,61.142857142857146
259,193,92,0.699377641931099,0.7050612568855286,47.476683937823836,24,9,0.6748515516519547,0.6816447973251343,50.208333333333336,16,8,0.6747142355889082,0.6863576769828796,47.8125
260,218,78,0.8332212140800757,0.8467639982700348,49.87614678899082,18,6,0.817246695359548,0.825376957654953,45.166666666666664,42,13,0.7768756179582506,0.7870771586894989,46.95238095238095
261,128,26,0.8172588695306331,0.8343146443367004,43.53125,6,2,0.8029417296250662,0.7823986411094666,35.833333333333336,165,23,0.8187058622186835,0.8232365250587463,44.696969696969695
262,104,23,0.6606788792862341,0.6618139743804932,43.29807692307692,11,4,0.6087669025767933,0.6337304711341858,46.0,3,3,0.45996681849161786,0.4419202506542206,27.333333333333332
263,113,20,0.7858518048197822,0.8200225234031677,45.45132743362832,15,4,0.678456429640452,0.6919576525688171,42.333333333333336,10,2,0.7778729259967804,0.8364818096160889,42.6
264,172,45,0.8282837115747984,0.8405450284481049,41.16279069767442,24,6,0.8069548631707827,0.823993980884552,41.541666666666664,0,0,,,
265,164,25,0.7943805995874289,0.80568727850914,45.69512195121951,9,2,0.6158320605754852,0.6581128239631653,47.111111111111114,0,0,,,
266,136,48,0.8645858023973072,0.872419148683548,56.76470588235294,7,2,0.8402868849890572,0.8512622714042664,50.857142857142854,14,5,0.8371750627245221,0.8435187339782715,51.5
267,43,11,0.7772900226504303,0.8213053941726685,42.76744186046512,5,1,0.8362975001335144,0.8635957837104797,35.6,8,2,0.5759277269244194,0.5827974379062653,44.25
268,72,21,0.8154649709661802,0.8550496399402618,39.72222222222222,0,0,,,,1,1,0.5695818066596985,0.5695818066596985,56.0
269,117,39,0.7805030987812922,0.7974480390548706,47.76923076923077,14,5,0.7632255383900234,0.7692277133464813,47.07142857142857,48,20,0.707185390094916,0.7169564962387085,54.9375
270,116,111,0.6934637460729172,0.6868836581707001,42.10344827586207,6,6,0.6635618706544241,0.6788012385368347,36.666666666666664,16,15,0.6452783551067114,0.6323938071727753,42.875
271,205,88,0.7163973723969809,0.719157338142395,37.35609756097561,15,6,0.7175854841868082,0.7242092490196228,37.93333333333333,20,10,0.7075767010450363,0.722509115934372,43.1
272,144,28,0.7678459150095781,0.7791322469711304,47.076388888888886,9,1,0.8316216071446737,0.8484587073326111,52.333333333333336,8,2,0.6452513709664345,0.6708259582519531,50.75
273,305,133,0.8509711345688241,0.8672960996627808,40.321311475409836,40,20,0.7996001750230789,0.8129753470420837,39.0,35,14,0.8626453672136579,0.8714028000831604,41.285714285714285
274,138,27,0.6954050543515579,0.6987731456756592,46.23913043478261,33,9,0.7146548330783844,0.7518553137779236,46.0,18,3,0.7660698162184821,0.7676660716533661,40.72222222222222
275,219,52,0.8365559387424765,0.8495733737945557,43.598173515981735,36,8,0.8523263898160722,0.8764486610889435,41.583333333333336,17,3,0.7739549594766953,0.8000743389129639,43.294117647058826
276,246,82,0.8672119989627745,0.8841710388660431,43.947154471544714,38,12,0.8720857893165789,0.9020263850688934,43.71052631578947,18,7,0.7586721380551656,0.7884643077850342,50.833333333333336
277,109,37,0.7580017215068188,0.777928352355957,43.642201834862384,11,5,0.7301821221004833,0.732547402381897,40.90909090909091,8,4,0.7082707025110722,0.76447793841362,37.25
278,93,14,0.8494930844153127,0.8492998480796814,46.634408602150536,7,1,0.8365122505596706,0.8340889811515808,41.0,1,1,0.5183365345001221,0.5183365345001221,54.0
279,80,24,0.6815646987408399,0.6732935011386871,36.0625,0,0,,,,10,5,0.591643339395523,0.6002553105354309,47.7
280,258,88,0.7766941006100455,0.7895354330539703,39.7906976744186,9,4,0.7426339719030592,0.7813503742218018,44.22222222222222,27,12,0.6952468476913594,0.7027348279953003,39.77777777777778
281,113,30,0.7763439039740943,0.782196044921875,47.61946902654867,1,1,0.5784862041473389,0.5784862041473389,43.0,11,4,0.6002839424393394,0.5698592662811279,39.72727272727273
282,112,70,0.634931995932545,0.6465004086494446,37.732142857142854,22,15,0.6076309477741068,0.6033760011196136,42.04545454545455,36,25,0.6160147736469904,0.6127172708511353,39.72222222222222
283,106,21,0.672672283255829,0.6585683226585388,40.84905660377358,12,2,0.692109098037084,0.6906082928180695,44.333333333333336,1,1,0.4480160474777221,0.4480160474777221,60.0
284,71,28,0.6524229133632821,0.6427900195121765,49.816901408450704,17,6,0.5918973754434025,0.5742239356040955,45.23529411764706,7,2,0.636749872139522,0.6247832775115967,41.714285714285715
285,69,14,0.7445770653261654,0.7659962773323059,42.81159420289855,5,1,0.7952685356140137,0.8276921510696411,41.0,6,1,0.8315797646840414,0.8637972474098206,43.166666666666664
286,167,167,0.6751349591566417,0.6775736212730408,42.32335329341317,13,13,0.6491330839120425,0.6447369456291199,41.53846153846154,18,17,0.6253471242056953,0.6177670061588287,43.72222222222222
287,365,356,0.7737963472327141,0.7832050323486328,28.4,56,55,0.7543356418609619,0.7966140508651733,25.571428571428573,65,61,0.7840506301476405,0.8110601305961609,31.307692307692307
288,313,83,0.8622098384192958,0.8918107748031616,44.43450479233227,20,5,0.8811934947967529,0.8944867551326752,48.45,12,3,0.8140088071425756,0.8319693207740784,44.583333333333336
289,392,83,0.7731061799793827,0.786045491695404,41.71938775510204,23,5,0.8185611859611843,0.8345611095428467,41.08695652173913,18,4,0.7981506321165297,0.8229929804801941,40.166666666666664
290,195,192,0.6655170591977927,0.6622024774551392,44.48717948717949,22,22,0.6651336970654401,0.6524049043655396,44.36363636363637,30,30,0.6546403010686238,0.6433699429035187,48.46666666666667
291,197,66,0.812119309974806,0.8260102868080139,51.5736040609137,10,3,0.7736123442649842,0.7634905576705933,42.3,20,6,0.8033757120370865,0.7996741235256195,52.0
292,233,33,0.8407665066453008,0.846652626991272,48.84549356223176,69,9,0.8353564246841099,0.8369940519332886,47.34782608695652,0,0,,,
293,180,37,0.6954872661166721,0.7059216499328613,56.97222222222222,33,8,0.6427860232916746,0.6457715630531311,52.27272727272727,12,6,0.606549379726251,0.6186346411705017,59.166666666666664
294,277,94,0.763954226075527,0.7716768980026245,37.55956678700361,16,7,0.796659741550684,0.8044605851173401,35.0625,17,9,0.7208278073984034,0.76027512550354,42.05882352941177
295,164,133,0.6727286086576741,0.657608300447464,52.548780487804876,26,20,0.6209181650326803,0.6321850121021271,55.46153846153846,21,20,0.63406750417891,0.6343934535980225,59.23809523809524
296,233,83,0.8161129438570129,0.8404842615127563,39.047210300429185,26,15,0.8081512130223788,0.8174511194229126,35.30769230769231,14,9,0.7339431686060769,0.7689159512519836,38.42857142857143
297,290,116,0.8145399241611875,0.8296444118022919,40.296551724137935,35,16,0.8031241468020848,0.8412671089172363,41.857142857142854,48,18,0.7887536510825157,0.8066646754741669,40.604166666666664
298,295,60,0.8174929261207581,0.8327206373214722,46.898305084745765,32,7,0.822072109207511,0.8596163988113403,49.125,49,10,0.8036724158695766,0.8139137625694275,49.0
299,166,56,0.6955698746514608,0.6983481347560883,41.174698795180724,21,10,0.6882158730711255,0.7103970646858215,38.80952380952381,9,5,0.601582431130939,0.6519027948379517,39.55555555555556
300,256,58,0.9022045687306672,0.923424243927002,43.90234375,24,7,0.835021918018659,0.8580192029476166,48.166666666666664,8,2,0.7710112631320953,0.7576683461666107,45.75
301,88,17,0.7291161485693671,0.7537879645824432,44.36363636363637,1,1,0.640055239200592,0.640055239200592,52.0,22,7,0.6678398847579956,0.6631843745708466,41.31818181818182
302,71,27,0.7427066589744997,0.7862191796302795,43.33802816901409,8,3,0.7925720512866974,0.8213095366954803,39.5,3,1,0.7254784901936849,0.7252513766288757,50.0
303,192,129,0.6832519671879709,0.6935428977012634,42.119791666666664,24,17,0.6799107616146406,0.6864827275276184,42.583333333333336,54,33,0.6279164094615866,0.642159104347229,44.68518518518518
304,169,123,0.730359325571173,0.7487507462501526,22.798816568047336,25,17,0.7043517661094666,0.7292323708534241,21.88,14,11,0.7433090380259922,0.762123167514801,26.214285714285715
305,237,109,0.7906061627190827,0.8101380467414856,56.755274261603375,31,14,0.727906156932154,0.6764001250267029,54.645161290322584,6,3,0.7612658242384592,0.7389713227748871,60.166666666666664
306,133,67,0.8195177558669471,0.8437106609344482,34.32330827067669,22,12,0.819086034189571,0.8495469093322754,35.40909090909091,42,21,0.8338751892248789,0.8399449288845062,36.833333333333336
307,148,25,0.7309687985359011,0.744853675365448,43.763513513513516,8,2,0.5837317705154419,0.5792627036571503,39.375,6,1,0.6960691511631012,0.6991057097911835,42.5
308,130,62,0.7116757693199011,0.7018397152423859,48.19230769230769,10,5,0.7044285774230957,0.7135167419910431,42.0,12,8,0.5688982630769411,0.5585882663726807,39.0
309,52,16,0.8233657823159144,0.903182327747345,39.32692307692308,9,2,0.5666470362080468,0.5747496485710144,46.77777777777778,9,3,0.899939649634891,0.9088672995567322,43.111111111111114
310,42,6,0.8481718301773071,0.8621456921100616,39.61904761904762,0,0,,,,7,1,0.8084325534956796,0.7727946043014526,47.285714285714285
311,281,64,0.7371913814035599,0.7516583800315857,48.444839857651246,25,5,0.6702535891532898,0.6774123311042786,52.76,39,10,0.6723572948040106,0.6842218041419983,43.256410256410255
312,76,24,0.7072675345759643,0.7563644051551819,42.578947368421055,9,2,0.7117610838678148,0.7405566573143005,37.44444444444444,0,0,,,
313,298,277,0.8467205772863938,0.8745903074741364,99.8255033557047,35,33,0.8567099588257926,0.8865761756896973,105.31428571428572,61,53,0.8176690857918536,0.8511797785758972,93.68852459016394
314,203,146,0.6974399684391586,0.7095431089401245,43.92118226600985,20,16,0.6940126985311508,0.7196601629257202,44.65,12,10,0.6515564372142156,0.6662272810935974,38.916666666666664
315,88,59,0.7034969895400784,0.6990126371383667,35.76136363636363,13,9,0.6070127280858847,0.5642046928405762,43.61538461538461,19,15,0.6476752334519437,0.6409667134284973,37.8421052631579
316,98,33,0.9133694476010848,0.9501025974750519,34.98979591836735,8,3,0.8063206672668457,0.9447391033172607,34.375,8,3,0.6633057072758675,0.6715011298656464,40.5
317,123,24,0.7407482983620186,0.7310642600059509,48.203252032520325,9,2,0.6773453421062894,0.6594826579093933,44.111111111111114,11,3,0.6617939201268283,0.6706876158714294,42.81818181818182
318,146,102,0.6132228507162774,0.6129191815853119,33.49315068493151,23,17,0.5907594354256339,0.5822821855545044,35.08695652173913,44,31,0.6237572675401514,0.6059434115886688,35.70454545454545
319,155,54,0.771848177525305,0.753882884979248,40.92258064516129,29,12,0.7808872430488981,0.7780551910400391,34.55172413793103,15,6,0.6947462797164917,0.7136346697807312,40.666666666666664
320,131,33,0.7547816984526073,0.7470479011535645,40.70229007633588,2,2,0.4499448239803314,0.4499448239803314,32.5,7,1,0.6398152368409293,0.6437779664993286,45.714285714285715
321,378,112,0.7801658580542872,0.790578693151474,45.283068783068785,44,12,0.7828659862279892,0.7961205542087555,46.47727272727273,35,11,0.7473162489277976,0.7622089982032776,46.08571428571429
322,187,81,0.8168616867001681,0.8523691296577454,42.42780748663102,18,8,0.8575442499584622,0.9169876277446747,39.888888888888886,11,5,0.6714583526958119,0.6791675686836243,43.54545454545455
323,126,115,0.9015418806719402,0.9457315504550934,39.75396825396825,11,11,0.951296557079662,0.9513019919395448,38.09090909090909,5,4,0.7961393833160401,0.8622130155563354,28.4
324,120,28,0.7376874648034573,0.7647847235202789,40.275,0,0,,,,65,13,0.800185345686399,0.8621128797531128,40.52307692307692
325,172,21,0.8379611095716787,0.8603218495845795,49.924418604651166,3,1,0.6305623849232992,0.6406171321868896,45.0,11,2,0.7685433030128479,0.7710615396499634,45.45454545454545
326,53,9,0.6802491950538924,0.651350200176239,50.37735849056604,5,1,0.5956899881362915,0.5968608260154724,42.0,6,3,0.596868559718132,0.6254874765872955,45.166666666666664
327,218,82,0.7575194059161965,0.7585725784301758,45.42660550458716,22,8,0.7472779832103036,0.7436581254005432,48.90909090909091,15,7,0.7029143989086151,0.7140626311302185,49.2
328,102,45,0.7204840849427616,0.7261006832122803,51.029411764705884,11,7,0.7023342631079934,0.7048588395118713,51.54545454545455,17,6,0.7187083258348352,0.7154536843299866,47.705882352941174
329,149,56,0.6786565398609878,0.6794511675834656,35.95973154362416,20,7,0.6684203058481216,0.6972850859165192,37.3,9,3,0.5605480968952179,0.5314350128173828,36.333333333333336
330,179,45,0.8105231641724123,0.8560107350349426,41.80446927374302,9,2,0.8259561922815111,0.8457173109054565,41.22222222222222,10,2,0.8312843203544616,0.827051043510437,37.2
331,136,40,0.7729151564485887,0.7711730301380157,46.919117647058826,4,1,0.6767317950725555,0.6736467182636261,63.5,13,4,0.7254129923306979,0.7309311032295227,47.46153846153846
332,140,39,0.6929337094937053,0.6993461847305298,44.25,18,6,0.6606687009334564,0.6882668435573578,51.166666666666664,47,9,0.6949266880116565,0.7012556195259094,43.234042553191486
333,184,89,0.7018365647805773,0.7020268440246582,37.29891304347826,34,15,0.6743270561975592,0.6763348877429962,36.411764705882355,24,11,0.6224045145014921,0.5757295489311218,41.375
334,205,50,0.7788780043764812,0.8072890043258667,41.93170731707317,34,10,0.7500727106543148,0.7762258350849152,36.970588235294116,36,11,0.715231759680642,0.690977931022644,40.72222222222222
335,250,32,0.8131094950437546,0.8362436294555664,44.012,8,1,0.8153805509209633,0.8132839202880859,45.0,9,1,0.8475964731640286,0.8545787930488586,40.333333333333336
336,75,68,0.9439265092213949,0.97964608669281,61.29333333333334,2,2,0.9843854308128357,0.9843854308128357,65.5,6,6,0.9665830830732981,0.9654962420463562,69.16666666666667
337,51,8,0.7824569554889903,0.8296265602111816,46.0,0,0,,,,0,0,,,
338,33,8,0.696962878559575,0.7119927406311035,41.24242424242424,0,0,,,,0,0,,,
339,148,35,0.8261882433214703,0.8462677597999573,40.87162162162162,7,2,0.7797611440931048,0.8647750020027161,39.142857142857146,1,1,0.563728928565979,0.563728928565979,59.0
340,77,24,0.7150739694570566,0.7003892064094543,37.285714285714285,8,5,0.6032872535288334,0.6020346581935883,40.125,14,5,0.5722371978419167,0.5805245935916901,37.357142857142854
341,115,41,0.7796163626339124,0.8548692464828491,40.89565217391304,11,4,0.8966806693510576,0.9146952629089355,43.72727272727273,0,0,,,
342,113,29,0.8172621589846316,0.8484963774681091,45.92035398230089,4,1,0.8936925530433655,0.8821636438369751,48.25,17,4,0.7941755932920119,0.8447384834289551,46.294117647058826
343,314,79,0.7232302496577524,0.7373863458633423,47.47452229299363,35,7,0.7510377219745091,0.7612435221672058,45.57142857142857,137,35,0.6958743697100312,0.6928479075431824,49.03649635036496
344,188,23,0.8021183029768315,0.8166765570640564,48.861702127659576,24,5,0.7806906898816427,0.8105076253414154,44.125,1,1,0.5695930123329163,0.5695930123329163,42.0
345,132,132,0.7137640687552366,0.7009359300136566,25.25,17,17,0.7155923001906451,0.7092175483703613,21.705882352941178,16,16,0.7057441808283329,0.7425868213176727,28.375
346,139,66,0.7363956126806547,0.7389354705810547,34.597122302158276,21,12,0.7393182601247515,0.7389530539512634,34.76190476190476,4,2,0.7673293203115463,0.7675820291042328,38.0
347,162,61,0.7887142900331521,0.8354629576206207,44.25925925925926,16,7,0.7752908952534199,0.8380696475505829,42.4375,21,7,0.8397948259399051,0.8433018922805786,45.333333333333336
348,77,29,0.7842351523312655,0.8671942949295044,42.03896103896104,6,3,0.757278730471929,0.771030455827713,37.0,0,0,,,
349,99,15,0.739539127157192,0.7494266033172607,47.333333333333336,10,1,0.745301365852356,0.7486914992332458,47.3,46,5,0.7924999659476073,0.8097594380378723,46.76086956521739
350,145,23,0.7347066548363915,0.7411791086196899,43.52413793103448,20,4,0.6487489700317383,0.6087633967399597,47.0,24,6,0.6000881331662337,0.603190541267395,42.458333333333336
351,357,68,0.8507110316212437,0.8594971299171448,40.929971988795515,39,7,0.8218478957811991,0.8269297480583191,43.92307692307692,27,5,0.8211656830928944,0.8305376172065735,43.407407407407405
352,184,183,0.7840108343440554,0.818039059638977,35.30978260869565,13,12,0.7733940757237948,0.7719362378120422,35.69230769230769,26,26,0.7609133697473086,0.7790778577327728,36.38461538461539
353,169,113,0.6876417543055743,0.6887716054916382,56.72781065088758,23,15,0.6760288489901501,0.6879593133926392,57.21739130434783,59,41,0.6555998456680169,0.6700500845909119,52.271186440677965
354,128,110,0.9157498115673661,0.9427220821380615,34.0390625,13,13,0.8923210203647614,0.9436507821083068,36.30769230769231,6,6,0.7669121821721395,0.7624642550945282,54.166666666666664
355,136,22,0.8652059567325255,0.9158828556537628,46.18382352941177,25,4,0.877115228176117,0.9169140458106996,41.96,4,2,0.6246886700391769,0.631754606962204,45.25
356,122,28,0.7365848988783165,0.7588929831981659,45.25409836065574,20,7,0.7030196651816368,0.7207060754299164,44.7,0,0,,,
357,170,36,0.7723718397757586,0.8014125823974609,41.141176470588235,12,4,0.657086138923963,0.6075630784034729,44.916666666666664,0,0,,,
358,138,73,0.7344056246937185,0.7557607293128967,30.818840579710145,20,10,0.7293406009674073,0.7510641813278198,32.5,1,1,0.6354564428329468,0.6354564428329468,37.0
359,337,59,0.7152391969273282,0.7236713767051697,43.70029673590504,22,4,0.6703850112178109,0.6833613216876984,44.81818181818182,13,4,0.5814757966078244,0.6021724343299866,35.15384615384615
360,116,35,0.706863456502043,0.7216368317604065,43.53448275862069,4,1,0.6669408977031708,0.6683976650238037,35.75,0,0,,,
361,104,43,0.7577780129817816,0.7981010377407074,38.11538461538461,10,3,0.8113998830318451,0.7901866734027863,38.4,17,4,0.8430487303172841,0.8930656909942627,38.8235294117647
362,78,14,0.8866511522195278,0.9319396018981934,42.32051282051282,0,0,,,,11,2,0.8660480325872247,0.8743124008178711,42.18181818181818
363,152,84,0.6761517226696014,0.6813293397426605,47.30921052631579,17,12,0.635179794886533,0.6040853261947632,50.705882352941174,12,6,0.6255346635977427,0.631113737821579,47.0
364,111,36,0.6475990999926318,0.6477299332618713,37.990990990990994,17,6,0.6381644869551939,0.6725103855133057,42.529411764705884,0,0,,,
365,129,30,0.7231388055076895,0.7345381379127502,49.18604651162791,16,4,0.7222771942615509,0.7199985086917877,40.75,8,2,0.6966179981827736,0.7036300301551819,47.625
366,134,120,0.9232241629219767,0.9483208954334259,44.56716417910448,13,13,0.9351859321961036,0.9613355994224548,40.0,11,11,0.8366384614597667,0.8354509472846985,51.45454545454545
367,118,23,0.7604810317694131,0.7562926709651947,46.07627118644068,9,5,0.7596380843056573,0.8160218596458435,42.888888888888886,7,2,0.6586135966437203,0.695064902305603,41.285714285714285
368,202,185,0.740079932283647,0.7497740983963013,50.50990099009901,28,25,0.7088271336896079,0.7283031344413757,50.285714285714285,21,18,0.7520537461553302,0.737410843372345,36.666666666666664
369,113,56,0.6880453247412116,0.6823261380195618,41.4070796460177,22,12,0.6537223309278488,0.6501494348049164,43.13636363636363,18,14,0.597503027982182,0.6093404591083527,43.833333333333336
370,205,199,0.7346742865515918,0.7448132634162903,39.41951219512195,21,21,0.7524482948439462,0.7284761071205139,49.42857142857143,53,51,0.7322565294661612,0.7405781745910645,50.660377358490564
371,100,21,0.6541008540987968,0.6677036881446838,53.28,25,6,0.6403628838062286,0.6578440070152283,58.48,18,5,0.6142827885018455,0.5994139611721039,66.94444444444444
372,134,37,0.6654761756089196,0.6618801653385162,44.76119402985075,22,6,0.5936869274486195,0.5785322785377502,40.31818181818182,1,1,0.5291877388954163,0.5291877388954163,55.0
373,226,53,0.8165117645949389,0.8674842417240143,45.610619469026545,40,9,0.7901513479650021,0.8509624600410461,44.15,0,0,,,
374,312,203,0.7163867246455107,0.7180273234844208,51.18910256410256,37,24,0.6554364360667564,0.6504250168800354,50.24324324324324,114,79,0.6978446804640586,0.6955940127372742,53.578947368421055
375,235,206,0.854547059789617,0.8714891076087952,38.5531914893617,22,20,0.8472121439196847,0.8714447617530823,38.18181818181818,53,42,0.8234250365563158,0.8587997555732727,41.0
376,88,88,0.9224980947646227,0.9359569251537322,38.96590909090909,11,11,0.903974630615928,0.91251802444458,40.18181818181818,1,1,0.8338335752487183,0.8338335752487183,46.0
377,74,40,0.7358118307751578,0.7770277857780457,49.04054054054054,13,7,0.6506246718076559,0.5857254862785339,47.0,5,4,0.6575727343559266,0.6188815832138062,50.2
378,164,81,0.7291524611958643,0.7407706379890442,45.43292682926829,28,15,0.6870602433170591,0.6890086829662323,43.0,3,3,0.6116302410761515,0.5960885286331177,51.333333333333336
379,149,35,0.8171513268611575,0.8396338820457458,43.38255033557047,23,5,0.7896411418914795,0.8019975423812866,42.78260869565217,15,4,0.6214299996693929,0.6230682730674744,38.86666666666667
380,197,70,0.7255860576169745,0.7574604153633118,43.93908629441624,19,7,0.7689859114195171,0.7850590944290161,43.473684210526315,21,9,0.6610483598141443,0.6654073596000671,42.38095238095238
381,154,101,0.7077275371396696,0.7062266170978546,47.87012987012987,9,7,0.7044618527094523,0.6794230937957764,50.44444444444444,30,24,0.6251574019591014,0.6186679601669312,42.833333333333336
382,144,56,0.7482676944798894,0.7576430141925812,52.15972222222222,20,7,0.6976030111312866,0.6748024225234985,52.35,14,9,0.7000095397233963,0.6956684589385986,51.214285714285715
383,131,39,0.7031220247727314,0.7070275545120239,48.229007633587784,5,3,0.6696586370468139,0.6793596148490906,58.2,20,6,0.7046362549066544,0.683680385351181,49.15
384,251,57,0.7375231026653275,0.7446128129959106,56.13147410358566,10,4,0.7331608891487121,0.7747049331665039,55.4,16,5,0.661540798842907,0.6480554640293121,49.0625
385,283,55,0.7849389831716517,0.7935094833374023,44.169611307420496,14,3,0.8106195330619812,0.8532378077507019,43.07142857142857,0,0,,,
386,187,54,0.8202412746806833,0.82642662525177,38.0855614973262,18,5,0.7552043067084419,0.7506369054317474,38.833333333333336,10,3,0.7939223885536194,0.791767030954361,46.8
387,263,70,0.8773360245581362,0.9035214781761168,41.31939163498099,44,12,0.8901121074503119,0.9027833044528961,43.11363636363637,26,8,0.8823991945156684,0.8966549336910248,46.15384615384615
388,241,82,0.8082542248781291,0.8346636891365051,37.6597510373444,24,8,0.757336030403773,0.7358157634735107,37.666666666666664,31,11,0.8212220937974991,0.8309984803199768,40.38709677419355
389,165,138,0.7047302753636331,0.7119727730751038,45.266666666666666,21,17,0.6880478929905665,0.67864590883255,53.0,11,10,0.6250389109958302,0.6185621023178101,56.90909090909091
390,146,85,0.6774696470939949,0.6937659680843353,39.294520547945204,27,15,0.6456172190330647,0.6491166949272156,40.666666666666664,19,11,0.5861132772345292,0.6022287607192993,43.421052631578945
391,56,16,0.8021134590463979,0.8689038157463074,44.035714285714285,8,2,0.8646431937813759,0.88238525390625,44.125,15,4,0.6537796497344971,0.646130383014679,41.666666666666664
392,258,61,0.7510482663101004,0.7692418992519379,49.325581395348834,41,10,0.7271634601965183,0.7296497225761414,50.5609756097561,2,1,0.7345921993255615,0.7345921993255615,40.5
393,231,51,0.7297749755444465,0.7327399849891663,42.489177489177486,47,13,0.7432271800142654,0.7702043056488037,41.744680851063826,29,6,0.6904207200839602,0.686791718006134,44.724137931034484
394,158,75,0.7111790255655216,0.7200450003147125,40.949367088607595,18,10,0.6346621331241395,0.6686656773090363,45.888888888888886,56,27,0.6667257291930062,0.6942366063594818,43.982142857142854
395,100,42,0.6241021579504014,0.6291230022907257,37.51,11,6,0.5889577648856423,0.6039919853210449,34.81818181818182,9,5,0.5266105367077721,0.5201187133789062,33.333333333333336
396,265,124,0.8456440384657877,0.8707557916641235,44.54716981132076,25,11,0.8650171947479248,0.8630439639091492,42.84,20,9,0.7695133045315743,0.7240877747535706,34.9
397,211,42,0.7643644530061297,0.7863527536392212,44.947867298578196,19,4,0.7212345474644711,0.7170407176017761,38.63157894736842,35,8,0.7935817922864642,0.8119166493415833,42.68571428571428
398,138,127,0.806642073220101,0.8416499495506287,47.166666666666664,13,12,0.8345334117229168,0.8650445342063904,50.23076923076923,33,28,0.7631111777190006,0.7545191049575806,46.63636363636363
399,260,76,0.8704622961007632,0.8926429152488708,48.35,22,6,0.8495865003629164,0.8644191324710846,44.86363636363637,69,20,0.8842580949050792,0.9001970291137695,47.43478260869565
400,95,44,0.8980503879095378,0.9229122400283812,52.463157894736845,12,6,0.8706025530894598,0.9112394154071808,46.333333333333336,3,1,0.8078299363454183,0.8050401210784912,61.333333333333336
401,108,18,0.8244132741733834,0.8201923370361328,52.657407407407405,6,1,0.8001975019772848,0.8041455745697021,55.0,31,6,0.8105279284138833,0.8116782307624817,52.225806451612904
402,223,156,0.7132483771563646,0.7128816843032837,47.48430493273543,21,15,0.6998983224232992,0.7157883048057556,44.0,33,23,0.6501199892072966,0.6450145840644836,42.06060606060606
403,201,37,0.8357227435752527,0.8699889183044434,45.92039800995025,16,3,0.850262239575386,0.875756710767746,43.5,1,1,0.7028695940971375,0.7028695940971375,58.0
404,198,42,0.7621223068598545,0.7900276184082031,41.91414141414141,18,4,0.7522408962249756,0.7934856116771698,38.833333333333336,13,3,0.7896775488670056,0.8194681406021118,48.0
405,331,114,0.7939160021410248,0.8020510077476501,40.83081570996979,65,25,0.7896237391691941,0.7979746460914612,40.95384615384615,6,3,0.7118041614691416,0.7283396422863007,38.5
406,163,163,0.7795084992800754,0.7924897074699402,33.31288343558282,21,21,0.7699169317881266,0.764268159866333,37.19047619047619,18,18,0.7436894145276811,0.7511798739433289,35.0
407,181,51,0.7228723025124376,0.7474823594093323,41.32044198895028,30,8,0.7506470024585724,0.7545105814933777,43.6,8,2,0.6917907670140266,0.7019805908203125,39.75
408,136,18,0.8479240409591619,0.874802440404892,51.661764705882355,12,1,0.8761251121759415,0.888912171125412,50.0,3,2,0.5216811498006185,0.5493447184562683,40.666666666666664
409,225,213,0.7681209750970205,0.7897787690162659,29.871111111111112,25,24,0.7585841536521911,0.7990660667419434,27.36,23,21,0.7540990813918735,0.7875484824180603,30.652173913043477
410,54,12,0.7321287945464805,0.7541729509830475,43.5,3,2,0.5617631177107493,0.6009408831596375,43.666666666666664,9,2,0.5040773848692576,0.467475414276123,34.22222222222222
411,300,81,0.88322245657444,0.9243321716785432,49.72,14,4,0.8819184643881661,0.9049228131771088,45.357142857142854,29,7,0.8440049660616907,0.8671731352806091,52.10344827586207
412,71,20,0.7726908943182985,0.7868591547012329,43.098591549295776,28,5,0.732856205531529,0.7556441426277161,43.642857142857146,9,5,0.6949708064397176,0.7208058834075928,40.22222222222222
413,83,12,0.7549776039927839,0.7435035109519958,44.80722891566265,0,0,,,,0,0,,,
414,209,39,0.7319125618660849,0.7376912832260132,46.81818181818182,18,3,0.7358714077207777,0.7354845404624939,51.611111111111114,8,2,0.6936858594417572,0.6814799010753632,50.125
415,288,284,0.7023309622373846,0.6968366205692291,37.045138888888886,39,39,0.6642535703304486,0.644752025604248,40.87179487179487,80,79,0.6937420807778836,0.6963494420051575,37.6
416,159,146,0.6194617849475933,0.6115650534629822,60.484276729559745,18,18,0.6290124820338355,0.6253650188446045,66.44444444444444,43,35,0.5948697384013686,0.6030714511871338,67.06976744186046
417,175,61,0.8029298664842333,0.8335980176925659,40.05714285714286,27,10,0.7862052762949908,0.8079001903533936,38.111111111111114,73,23,0.8338941654113874,0.8454588055610657,41.342465753424655
418,193,49,0.7265579990772386,0.7486203908920288,41.424870466321245,2,2,0.5747856497764587,0.5747856497764587,39.5,24,8,0.6811296766002973,0.7047432363033295,41.166666666666664
419,215,112,0.9167238274285959,0.938589870929718,41.13953488372093,25,13,0.9254943180084229,0.9430292248725892,40.28,23,14,0.7655559285827305,0.7495976686477661,59.26086956521739
420,171,30,0.8411946143323218,0.8673118948936462,53.47953216374269,34,8,0.7723874423433753,0.8069270551204681,48.411764705882355,2,1,0.6299542188644409,0.6299542188644409,63.5
421,338,338,0.7595934479899661,0.7743625044822693,29.772189349112427,47,47,0.7434493658390451,0.7664603590965271,30.872340425531913,52,52,0.7640267553237768,0.7824853658676147,31.326923076923077
422,77,13,0.8250697796994989,0.8492954969406128,37.44155844155844,9,2,0.6734327541457282,0.7212485074996948,36.77777777777778,22,4,0.8111932277679443,0.8182995021343231,44.27272727272727
423,128,19,0.8025869997218251,0.8094465136528015,39.7890625,19,3,0.8166841456764623,0.8258788585662842,41.26315789473684,0,0,,,
424,137,52,0.7474165454398106,0.7632998824119568,45.45985401459854,24,8,0.7489490782221159,0.7667989432811737,45.083333333333336,0,0,,,
425,116,27,0.7834619679327669,0.7978598773479462,41.73275862068966,16,4,0.7213187962770462,0.721025139093399,42.9375,6,2,0.6856347719828287,0.7319815754890442,40.333333333333336
426,101,48,0.6561078275784408,0.6420575976371765,30.415841584158414,12,7,0.6057945961753527,0.6089215874671936,26.083333333333332,8,3,0.6184697225689888,0.632792592048645,33.875
427,187,90,0.8425479569537117,0.8604747653007507,39.50267379679144,12,6,0.8593020538489023,0.8808191418647766,39.833333333333336,8,3,0.8608202189207077,0.8606567978858948,40.875
428,65,13,0.854601721580212,0.8911813497543335,38.90769230769231,0,0,,,,11,2,0.7517935037612915,0.76328045129776,38.27272727272727
429,165,142,0.8328716682665276,0.8608913421630859,40.92727272727273,20,15,0.8196697115898133,0.8459607362747192,40.0,8,6,0.785206601023674,0.8035929501056671,45.5
430,275,115,0.803617995002053,0.8242055773735046,43.654545454545456,28,13,0.791564649769238,0.8080470263957977,43.107142857142854,3,2,0.5958055655161539,0.5202084183692932,44.333333333333336
431,238,48,0.9246661184715623,0.9364659786224366,39.39495798319328,22,4,0.9091823995113373,0.9158344268798828,37.63636363636363,59,12,0.9234673108084727,0.943688988685608,39.54237288135593
432,177,50,0.7161585626292364,0.7333889603614807,52.80225988700565,21,10,0.7313561553046817,0.747661292552948,63.333333333333336,8,1,0.740234985947609,0.7635031640529633,58.875
433,102,24,0.6647133120134765,0.6713262796401978,48.833333333333336,3,1,0.5169477562109629,0.4969085454940796,52.0,4,2,0.5762327760457993,0.5751823782920837,54.75
434,227,56,0.8571140696561284,0.8892195224761963,43.541850220264315,18,4,0.8434658878379397,0.8604698479175568,49.22222222222222,4,1,0.8078164011240005,0.8304537832736969,60.5
435,47,9,0.8150397539138794,0.8527473211288452,44.40425531914894,3,1,0.8594111005465189,0.8706448674201965,47.0,0,0,,,
436,117,85,0.7389845389586228,0.7440755367279053,25.846153846153847,11,9,0.7152745181863959,0.7254751920700073,26.545454545454547,4,3,0.6257141530513763,0.6143255531787872,24.75
437,187,55,0.8332950291149119,0.8678324222564697,41.79679144385027,23,8,0.8036299451537754,0.8554564118385315,40.34782608695652,9,3,0.6877638366487291,0.6953955292701721,40.333333333333336
438,159,23,0.7481311569048924,0.7730090618133545,48.24528301886792,0,0,,,,32,4,0.7973593920469284,0.8145037293434143,46.4375
439,134,44,0.743964389856182,0.7666851580142975,37.11194029850746,10,4,0.6600848853588104,0.6688151955604553,33.3,5,1,0.698677659034729,0.6987904906272888,32.2
440,164,54,0.7806226276769871,0.790779173374176,47.103658536585364,18,3,0.7332134677304162,0.774531751871109,46.0,1,1,0.4360946714878082,0.4360946714878082,40.0
441,105,23,0.8217796149707975,0.8362745046615601,39.58095238095238,29,8,0.7359444560675785,0.7666672468185425,37.827586206896555,0,0,,,
442,160,59,0.7010597582906485,0.704326331615448,43.15,34,12,0.7329919513534097,0.7285551726818085,41.411764705882355,54,24,0.6499936933870669,0.6478368043899536,43.44444444444444
443,151,31,0.7202719219078292,0.7035726308822632,45.450331125827816,17,5,0.6836811689769521,0.6570094227790833,38.470588235294116,15,6,0.5387212594350179,0.5231842398643494,43.6
444,183,112,0.6692302471301594,0.6767820715904236,36.01639344262295,14,8,0.6580999876771655,0.6810193061828613,33.57142857142857,49,28,0.6599449442357433,0.6514396071434021,35.91836734693877
445,175,84,0.7494841698237827,0.7602542042732239,41.33714285714286,25,10,0.7058534574508667,0.6923899054527283,38.56,74,28,0.776177191251033,0.7992370128631592,40.2027027027027
446,109,27,0.7686735410755927,0.8076676726341248,43.293577981651374,10,3,0.7941013514995575,0.8278383314609528,44.4,3,1,0.44622724254926044,0.4406757950782776,48.333333333333336
447,198,41,0.7674928004994537,0.7966737151145935,44.06565656565657,20,4,0.7381330966949463,0.7788597047328949,45.0,35,8,0.6837867668696812,0.68622887134552,44.91428571428571
448,244,109,0.8275349982937829,0.8312243521213531,37.57786885245902,26,13,0.8402794484908764,0.853940337896347,38.11538461538461,21,13,0.7407716512680054,0.7613040804862976,41.095238095238095
449,392,331,0.8502871489950589,0.8787342309951782,41.285714285714285,49,40,0.8602559980081053,0.8817266225814819,41.3469387755102,50,45,0.8447968924045562,0.8880505859851837,43.48
450,86,30,0.7030963627404945,0.671748697757721,38.54651162790697,10,3,0.7301526606082916,0.7142090797424316,37.9,2,1,0.601488471031189,0.601488471031189,38.0
451,317,128,0.8581182443381108,0.8688965439796448,45.42271293375394,24,11,0.8113252222537994,0.8070239126682281,42.166666666666664,30,13,0.8517903784910837,0.8594885170459747,45.1
452,203,31,0.7132251603262765,0.7365173697471619,42.73891625615764,19,5,0.5981054509940901,0.541619598865509,39.73684210526316,29,5,0.6822748492503988,0.7243000864982605,44.724137931034484
453,134,44,0.644878171940348,0.6395935416221619,37.05223880597015,29,9,0.6666059000738735,0.6629308462142944,40.48275862068966,14,4,0.5886829367705754,0.5840563774108887,39.285714285714285
454,146,28,0.7348271614476426,0.7451095879077911,42.93150684931507,7,2,0.6088748744555882,0.5704504251480103,42.142857142857146,36,9,0.6670599968896972,0.6507742702960968,44.97222222222222
455,248,132,0.717996935690603,0.7304761111736298,51.49596774193548,29,14,0.712424046006696,0.7272202372550964,47.89655172413793,27,21,0.7168252181123804,0.7164327502250671,53.407407407407405
456,128,87,0.677654052618891,0.6656003296375275,42.0859375,12,7,0.6262439042329788,0.6239088177680969,41.0,18,15,0.594074966179,0.5722591280937195,41.5
457,169,69,0.7164589159587431,0.7171576619148254,38.32544378698225,14,5,0.7632068565913609,0.7910197079181671,34.07142857142857,2,1,0.6785995662212372,0.6785995662212372,51.5
458,152,110,0.6393568539305737,0.6381805837154388,44.74342105263158,21,17,0.581499267192114,0.5770880579948425,47.476190476190474,33,24,0.5945926570531094,0.5882658958435059,48.78787878787879
459,127,21,0.7580591512946632,0.7793185114860535,42.92125984251968,4,1,0.525821715593338,0.5306297838687897,42.5,7,1,0.7646204573767525,0.7505474090576172,41.285714285714285
460,35,16,0.7324809874807086,0.7726679444313049,40.91428571428571,10,2,0.8115858852863311,0.8329356610774994,36.9,6,2,0.7697783211867014,0.8088813722133636,42.833333333333336
461,147,56,0.740955177213059,0.7510519623756409,43.97959183673469,16,7,0.7523403242230415,0.7625082731246948,43.0,7,4,0.6500463230269296,0.5916476845741272,47.57142857142857
462,220,113,0.6889617046171969,0.6905582547187805,45.086363636363636,29,18,0.6525390281759459,0.669206440448761,43.10344827586207,77,46,0.6702259581584435,0.6672902703285217,44.51948051948052
463,109,30,0.8324702868767835,0.868497371673584,45.24770642201835,4,2,0.5772046893835068,0.5760092735290527,56.25,10,3,0.7655162870883941,0.8311847746372223,47.7
464,235,85,0.7631703346333605,0.7792566418647766,40.136170212765954,17,8,0.7678462301983553,0.7483709454536438,38.64705882352941,28,10,0.7326511176569122,0.7383301854133606,37.357142857142854
465,213,36,0.8667728013835603,0.8697770237922668,41.19718309859155,42,7,0.881454599755151,0.8858773708343506,41.166666666666664,30,5,0.8872812946637472,0.8921550214290619,41.266666666666666
466,189,29,0.7533675717613685,0.7796341776847839,47.27513227513227,27,4,0.7974325142524861,0.8114317655563354,46.74074074074074,25,7,0.7236924815177918,0.7702010869979858,45.04
467,230,131,0.8005701331988625,0.8246772289276123,45.19130434782609,31,20,0.7738368472745342,0.8180162310600281,46.58064516129032,38,21,0.7177453472426063,0.7389742434024811,47.31578947368421
468,73,72,0.8951311634011465,0.9186583757400512,43.054794520547944,7,7,0.9484177912984576,0.9515514373779296,43.285714285714285,9,8,0.8460392885737948,0.8822427988052368,43.333333333333336
469,174,27,0.7836290334147968,0.8156713843345642,43.96551724137931,22,3,0.8036915416067297,0.8099305331707001,39.81818181818182,36,5,0.7061418510145612,0.6846156120300293,43.916666666666664
470,156,73,0.7061928999729645,0.7239545583724976,49.26923076923077,19,8,0.6808084108327564,0.6746577024459839,46.578947368421055,16,10,0.6269327737390995,0.6280659735202789,56.625
471,167,35,0.8512279423411021,0.860693097114563,45.50898203592814,30,6,0.8417067428429922,0.8482038974761963,45.7,10,2,0.7661734402179718,0.7667644619941711,47.8
472,203,50,0.8063607709161167,0.8251236081123352,40.89655172413793,8,4,0.695482961833477,0.7051711976528168,34.375,0,0,,,
473,290,60,0.8672434151172638,0.8808186054229736,50.4,17,3,0.8538636319777545,0.8541096448898315,51.411764705882355,49,8,0.890530908594326,0.8901883363723755,50.63265306122449
474,225,124,0.7721681482262082,0.7785764932632446,35.35111111111111,17,10,0.7713424353038564,0.7887831330299377,36.0,19,11,0.7452239331446195,0.770422101020813,35.63157894736842
475,39,16,0.7192386197738159,0.7407923936843872,35.17948717948718,9,4,0.7731493843926324,0.850013256072998,37.888888888888886,5,2,0.5989670634269715,0.6549172401428223,46.6
476,283,98,0.792294418748613,0.8037745952606201,37.62544169611307,11,4,0.7487901503389532,0.7547883987426758,39.36363636363637,5,2,0.7021753311157226,0.6644232869148254,37.2
477,191,77,0.7690799358003426,0.7760614156723022,42.230366492146594,18,9,0.7522432406743368,0.7611203789710999,40.05555555555556,48,14,0.7290085007747015,0.7295568287372589,44.479166666666664
478,410,195,0.8298140463305683,0.8477877974510193,38.821951219512194,41,21,0.824982843747953,0.8409874439239502,37.170731707317074,8,3,0.7669495269656181,0.7799834609031677,59.25
479,269,51,0.8138698671830188,0.8410146832466125,43.572490706319705,22,4,0.8391139588572762,0.8559467792510986,39.68181818181818,56,11,0.8294266600693975,0.8469279110431671,45.07142857142857
480,152,35,0.7415314314788893,0.7619148194789886,42.44736842105263,15,5,0.6580867966016134,0.6533792614936829,38.86666666666667,5,3,0.6109471678733825,0.6398794651031494,45.2
481,492,164,0.8852685388268494,0.9128491282463074,38.233739837398375,76,25,0.907359209499861,0.9220177829265594,37.578947368421055,18,6,0.8596257600519392,0.8970378339290619,37.888888888888886
482,226,78,0.7164677247009447,0.7364592552185059,46.283185840707965,17,7,0.634466174770804,0.6616169810295105,45.411764705882355,25,12,0.599757832288742,0.585425078868866,47.28
483,204,183,0.8171836153841486,0.8255709409713745,64.19607843137256,22,20,0.8008134310895746,0.822147011756897,58.86363636363637,5,3,0.7183623909950256,0.6905646920204163,61.4
484,99,17,0.8745900001188721,0.8878235816955566,41.80808080808081,11,2,0.8137149810791016,0.8142131567001343,40.18181818181818,2,2,0.6625891625881195,0.6625891625881195,47.5
485,194,35,0.7587570148644988,0.7751106917858124,45.65979381443299,5,2,0.7687032222747803,0.7840323448181152,53.6,28,4,0.7691687345504761,0.7866092920303345,44.464285714285715
486,55,23,0.6901700805534016,0.6773537397384644,39.45454545454545,1,1,0.5197893381118774,0.5197893381118774,26.0,2,1,0.654769092798233,0.654769092798233,35.0
487,124,16,0.8203031281309743,0.8385341465473175,56.306451612903224,26,4,0.7842527261147132,0.792138397693634,55.76923076923077,1,1,0.6822170615196228,0.6822170615196228,66.0
488,81,30,0.7666385957488308,0.7923024296760559,40.72839506172839,2,2,0.6851806044578552,0.6851806044578552,20.0,17,5,0.7850200814359328,0.8183744549751282,39.11764705882353
489,71,18,0.905102078343781,0.911980390548706,43.33802816901409,5,2,0.8757865190505981,0.9169655442237854,45.2,0,0,,,
490,276,258,0.8373884612667388,0.8523606956005096,30.48913043478261,28,28,0.8314958842737334,0.8568603098392487,27.0,33,33,0.8555082805228956,0.8555417656898499,32.84848484848485
491,258,37,0.789919777896053,0.7950696647167206,52.031007751937985,25,5,0.7806735324859619,0.7594887018203735,54.04,59,7,0.7824720528166172,0.8044069409370422,50.20338983050848
492,141,135,0.6770931793020126,0.6828603744506836,46.08510638297872,31,31,0.6404670419231537,0.6334572434425354,49.96774193548387,29,27,0.6114568648667171,0.5952300429344177,52.51724137931034
493,149,55,0.7332273201654421,0.7508364915847778,43.19463087248322,5,4,0.5695875525474549,0.556415855884552,48.4,5,4,0.5430088698863983,0.5370678305625916,38.4
494,162,34,0.7427279244602463,0.7520445287227631,40.55555555555556,10,2,0.8080473065376281,0.8031952083110809,39.9,39,8,0.7738516284869268,0.7931722402572632,42.82051282051282
495,121,50,0.7712449564421473,0.795563817024231,42.082644628099175,13,7,0.7262392594264104,0.7271127104759216,38.53846153846154,0,0,,,
496,303,144,0.786586881470759,0.8058061599731445,43.21452145214521,23,12,0.8137890644695448,0.8160338997840881,45.17391304347826,37,19,0.7718203937685167,0.7713914513587952,40.86486486486486
497,123,56,0.8303389377225705,0.8555701375007629,44.0650406504065,13,6,0.8204959539266733,0.8451625108718872,46.07692307692308,20,10,0.7948853194713592,0.8534170687198639,42.05
498,108,56,0.6520079338440189,0.6546902358531952,40.166666666666664,7,4,0.6225348711013794,0.6150332689285278,42.0,6,5,0.5486352344353994,0.5711409747600555,35.0
499,309,46,0.8573745705163209,0.8883731365203857,44.359223300970875,46,7,0.8415065744648809,0.8750689923763275,43.5,13,3,0.7073449217356168,0.7232106924057007,49.61538461538461
500,170,32,0.8013033028911142,0.8250269889831543,45.60588235294118,25,4,0.7795018911361694,0.7919360995292664,46.04,0,0,,,
501,477,171,0.7729560487925131,0.787353515625,40.731656184486376,39,17,0.7242378714757088,0.7247635722160339,41.61538461538461,37,17,0.7026831636557708,0.7032038569450378,37.4054054054054
502,180,161,0.7415698246823417,0.754113644361496,45.1,17,17,0.7262602658832774,0.7266575694084167,42.411764705882355,71,60,0.7379230411959367,0.7480273246765137,45.23943661971831
503,142,39,0.7514011815819942,0.7520888447761536,48.58450704225352,18,5,0.7490221427546607,0.7220950424671173,44.111111111111114,0,0,,,
504,112,51,0.6753453984856606,0.671818196773529,49.660714285714285,4,3,0.5749612301588058,0.5856711268424988,46.0,2,1,0.6005513370037079,0.6005513370037079,50.5
505,339,67,0.872784698079821,0.8918358087539673,36.88495575221239,27,5,0.8583617607752482,0.8657884001731873,36.74074074074074,0,0,,,
506,208,138,0.7871794782292384,0.8075710833072662,47.88942307692308,26,18,0.7746906395141895,0.7921882271766663,41.5,20,12,0.7481472611427307,0.7623632550239563,53.9
507,298,42,0.8685647423235362,0.896105170249939,47.31543624161074,43,5,0.8638514834781026,0.8563060164451599,48.651162790697676,8,4,0.5954631641507149,0.5993246138095856,28.875
508,197,33,0.7361723357045711,0.7487040162086487,44.17258883248731,58,9,0.7239877817959621,0.743998259305954,45.327586206896555,17,3,0.7014979194192326,0.6834959387779236,44.11764705882353
509,196,23,0.7953603804415587,0.8225042223930359,53.076530612244895,16,3,0.6936784945428371,0.6993735730648041,48.5625,3,2,0.5399581789970398,0.5082440376281738,50.0
510,250,63,0.8229226801395416,0.851498544216156,45.516,30,9,0.8634953220685323,0.8833660185337067,48.9,275,69,0.8737635712190108,0.8953535556793213,47.06545454545454
511,39,16,0.753832642848675,0.767734944820404,42.30769230769231,0,0,,,,20,7,0.6968257516622544,0.7038407623767853,36.2
512,297,100,0.8067786844089778,0.8239062428474426,44.74747474747475,31,11,0.7918412935349249,0.8206548094749451,46.87096774193548,24,7,0.8234583958983421,0.8392860591411591,44.333333333333336
513,136,27,0.8256558635655571,0.8492982983589172,44.00735294117647,2,1,0.7432816028594971,0.7432816028594971,57.0,3,2,0.7293659448623657,0.7872705459594727,37.333333333333336
514,105,28,0.8353301814624241,0.8488326072692871,51.0,9,4,0.7026910583178202,0.7022728323936462,52.0,13,5,0.8011027620388911,0.807145357131958,49.07692307692308
515,126,44,0.9240036313495938,0.9403745830059052,47.05555555555556,16,5,0.9355502538383007,0.9418546855449677,45.3125,0,0,,,
516,145,125,0.7119867444038391,0.7109608054161072,53.296551724137935,20,14,0.6771159499883652,0.7039417624473572,54.75,13,10,0.6500520431078397,0.649539589881897,57.53846153846154
517,143,60,0.7208753265700973,0.7381766438484192,34.98601398601399,20,8,0.7615015745162964,0.7927456200122833,31.85,2,1,0.6967820823192596,0.6967820823192596,40.0
518,115,51,0.878090306468632,0.9004389643669128,37.06956521739131,7,2,0.8358574083873204,0.8032070994377136,30.714285714285715,4,3,0.61895502358675,0.5990623533725739,35.5
519,21,12,0.7181817974363055,0.6825080513954163,45.857142857142854,1,1,0.8571407794952393,0.8571407794952393,86.0,4,2,0.640009880065918,0.6264043152332306,49.25
520,163,50,0.7504371232781674,0.7855255007743835,43.36196319018405,30,8,0.7603837887446085,0.7915002405643463,43.56666666666667,19,8,0.7143198722287228,0.68208247423172,45.473684210526315
521,251,63,0.846057491235999,0.8692194819450378,47.713147410358566,11,3,0.8037504770539023,0.8346338868141174,49.54545454545455,14,5,0.8320797085762024,0.8455003499984741,54.42857142857143
522,151,58,0.7305597595821153,0.7555375695228577,51.01324503311258,6,3,0.7047517895698547,0.7047923803329468,66.5,35,14,0.7150653651782445,0.7454544305801392,55.22857142857143
523,236,53,0.8122211068363513,0.8278239965438843,41.75847457627118,5,2,0.7971916198730469,0.8116483092308044,43.4,19,4,0.7888651270615427,0.7993585467338562,49.26315789473684
524,26,13,0.9668061481072352,0.9848187863826752,80.03846153846153,2,1,0.9866783320903778,0.9866783320903778,87.0,0,0,,,
525,87,38,0.8701903525440172,0.9289630651474,37.172413793103445,22,9,0.8204334269870411,0.9191912114620209,34.86363636363637,3,1,0.6665488282839457,0.6707584261894226,59.333333333333336
526,87,10,0.835847610029681,0.8436039686203003,46.5632183908046,12,2,0.7185616244872411,0.7320347130298615,47.583333333333336,37,4,0.8392150385959728,0.8499307632446289,45.32432432432432
527,113,29,0.7013810150391233,0.7033014297485352,42.716814159292035,3,2,0.5935797293980917,0.5837782025337219,44.666666666666664,44,12,0.5940755903720856,0.613528847694397,41.75
528,59,20,0.8999089901730165,0.9101601839065552,51.389830508474574,5,1,0.925451910495758,0.9314085245132446,44.4,7,7,0.8920733417783465,0.8931213021278381,52.857142857142854
529,298,50,0.7224407319054508,0.7359900772571564,45.02348993288591,27,5,0.7279158311861532,0.7469094395637512,44.888888888888886,44,11,0.6421832963824272,0.652398943901062,42.84090909090909
530,52,21,0.7611660407139704,0.7649059593677521,35.98076923076923,4,2,0.7383610010147095,0.7390770018100739,33.0,11,5,0.7646893804723566,0.7973453402519226,35.72727272727273
531,104,34,0.7730107760200133,0.7967194318771362,42.125,22,7,0.7583413503386758,0.7921600639820099,44.04545454545455,13,5,0.6625658457095807,0.6500805616378784,41.61538461538461
532,87,15,0.7515911781924894,0.797196626663208,49.01149425287356,8,2,0.783157255500555,0.8348432183265686,43.0,1,1,0.517645001411438,0.517645001411438,80.0
533,33,27,0.8272868503223766,0.9268749952316284,40.27272727272727,2,2,0.754106879234314,0.754106879234314,32.5,7,3,0.6489056178501674,0.6513352990150452,37.285714285714285
534,53,7,0.7514752340766618,0.818345308303833,51.84905660377358,14,2,0.7463717354195458,0.800911009311676,53.07142857142857,0,0,,,
535,433,49,0.7972806783664034,0.8121376633644104,50.78060046189376,83,9,0.8148099356387035,0.8330109715461731,49.89156626506024,17,3,0.7044910508043626,0.706250786781311,53.1764705882353
536,128,19,0.8333346024155617,0.8494000732898712,41.7734375,14,2,0.8049053038869586,0.7926231026649475,45.357142857142854,11,5,0.6125280911272223,0.5987821817398071,40.81818181818182
537,148,75,0.699093451169697,0.7142612636089325,34.58783783783784,23,13,0.626192648773608,0.6231796145439148,42.04347826086956,8,5,0.657023012638092,0.6929054856300354,28.75
538,116,49,0.756643480268018,0.7816693782806396,53.077586206896555,17,6,0.727989912033081,0.7363888621330261,39.88235294117647,18,9,0.6969495912392935,0.7224308550357819,47.388888888888886
539,150,109,0.6931991672515869,0.7048958837985992,35.406666666666666,18,15,0.6788710753122965,0.6936531066894531,37.27777777777778,16,10,0.71000537276268,0.7221564948558807,29.5
540,166,115,0.7023823525173118,0.711106151342392,33.397590361445786,11,9,0.6806409060955048,0.7132814526557922,43.09090909090909,24,16,0.6392767019569874,0.6389361321926117,38.291666666666664
541,213,59,0.7607575918027493,0.7730056643486023,42.84976525821596,1,1,0.7275646924972534,0.7275646924972534,51.0,11,4,0.6977805495262146,0.6733887195587158,42.81818181818182
542,199,23,0.7989658755273675,0.8063413500785828,51.05527638190955,9,1,0.8084919121530321,0.7984133362770081,54.44444444444444,42,5,0.7753897195770627,0.7800659239292145,53.595238095238095
543,352,186,0.8947388631376353,0.9262048006057739,39.48011363636363,40,22,0.9154262199997902,0.9282497763633728,40.2,12,6,0.8741750965515772,0.8829728960990906,36.916666666666664
544,103,64,0.7018435646608038,0.6869925260543823,45.19417475728155,14,9,0.7081154946769986,0.6886413395404816,38.642857142857146,22,10,0.7845442186702382,0.8016893565654755,43.86363636363637
545,174,46,0.718457160838719,0.7366172075271606,40.91954022988506,24,5,0.7081601917743683,0.7011080682277679,41.333333333333336,27,8,0.6948041121164957,0.7095119953155518,43.592592592592595
546,62,11,0.8254259324842884,0.8363448679447174,46.88709677419355,14,2,0.8828539763178144,0.8838010132312775,41.42857142857143,30,5,0.8417560279369354,0.8607459664344788,42.96666666666667
547,238,42,0.7515005654647571,0.7451430857181549,43.05042016806723,33,8,0.7017137281822435,0.6790302991867065,40.90909090909091,10,4,0.5337625592947006,0.52145916223526,36.8
548,157,71,0.6916663103802189,0.7059363126754761,47.89808917197452,15,10,0.6815508286158244,0.7131362557411194,50.4,13,7,0.6613136300673852,0.6584551930427551,46.0
549,176,67,0.6911797838454897,0.690180629491806,36.25568181818182,16,5,0.6997364871203899,0.7164731621742249,32.1875,13,4,0.6856658412859991,0.7015018463134766,36.07692307692308
550,200,199,0.675331780910492,0.674326479434967,52.17,23,23,0.6963290338930876,0.7023808360099792,53.47826086956522,47,46,0.6261799335479736,0.6295733451843262,61.702127659574465
551,84,18,0.8086639060860589,0.8105432987213135,43.86904761904762,5,1,0.7928218483924866,0.7775271534919739,40.8,24,6,0.7947554613153139,0.8162381947040558,44.208333333333336
552,178,57,0.810733970966232,0.841172844171524,39.39325842696629,23,8,0.8008076237595599,0.8023648858070374,42.08695652173913,45,13,0.8046818508042229,0.8513912558555603,39.82222222222222
553,173,52,0.7142124861651074,0.7149074077606201,45.63583815028902,13,3,0.7638746798038483,0.7924160957336426,41.46153846153846,16,5,0.7289341874420643,0.760933518409729,47.625
554,264,144,0.8029361229502794,0.8132181763648987,31.91287878787879,43,19,0.8096791990967684,0.8112809062004089,30.0,13,8,0.7869069301165067,0.7646277546882629,32.76923076923077
555,120,37,0.7952240779995918,0.8088295757770538,43.45,3,1,0.7670900424321493,0.7555220723152161,40.0,16,5,0.71985924243927,0.7490072250366211,37.9375
556,131,128,0.7148033878730453,0.7333837151527405,33.17557251908397,21,20,0.7318520489193144,0.7625392079353333,35.666666666666664,3,3,0.6981700460116068,0.7549903988838196,32.0
557,59,11,0.783646308769614,0.8050942420959473,38.49152542372882,6,1,0.7795204818248749,0.7982702553272247,35.166666666666664,0,0,,,
558,291,75,0.832253647116861,0.8672766089439392,43.68041237113402,23,5,0.8139692078466001,0.819100022315979,40.08695652173913,27,7,0.7767620771019547,0.7928892970085144,44.0
559,106,55,0.8901871054802301,0.9310581982135773,30.99056603773585,4,3,0.8280681371688843,0.8897350430488586,30.5,2,1,0.8617173433303833,0.8617173433303833,37.5
560,241,57,0.7647732700302393,0.7768948674201965,42.04149377593361,43,11,0.7157546434291574,0.7257143259048462,38.16279069767442,9,3,0.7217163708474901,0.7489097714424133,32.22222222222222
561,140,56,0.7436637542077473,0.7677570283412933,41.67857142857143,15,6,0.7621488690376281,0.7644354104995728,43.53333333333333,37,14,0.6548342269820135,0.6553675532341003,39.891891891891895
562,147,21,0.8328899242440049,0.8501163721084595,50.40816326530612,15,3,0.8019916415214539,0.8218018412590027,53.53333333333333,16,2,0.7071723192930222,0.7182501256465912,47.8125
563,89,25,0.690821592727404,0.6840493083000183,39.61797752808989,1,1,0.6165735125541687,0.6165735125541687,28.0,23,9,0.6235880203869032,0.6412806510925293,43.04347826086956
564,159,48,0.8746093500335261,0.9142445921897888,46.465408805031444,32,9,0.8545399568974972,0.8765133321285248,48.90625,50,14,0.8633695936203003,0.9122899174690247,48.66
565,81,76,0.8198413620760412,0.8620309829711914,48.18518518518518,6,6,0.9034227132797241,0.9393675327301025,44.5,10,10,0.811521029472351,0.8515912592411041,53.9
566,127,30,0.7886299021600738,0.8049747943878174,45.99212598425197,1,1,0.5135640501976013,0.5135640501976013,26.0,3,3,0.6150016983350118,0.6205917596817017,69.66666666666667
567,83,12,0.7810382573719484,0.8063164353370667,52.80722891566265,0,0,,,,10,5,0.48550842702388763,0.48893555998802185,51.1
568,71,24,0.6845255745968348,0.7108094096183777,39.91549295774648,10,5,0.5950375765562057,0.6158728301525116,37.6,12,8,0.5728518714507421,0.5696303844451904,39.583333333333336
569,142,73,0.8741711306739861,0.9469862282276154,55.183098591549296,15,7,0.9400269389152527,0.9499436616897584,57.8,15,8,0.8678104837735494,0.9291379451751708,58.0
570,186,115,0.7684681639876417,0.7815971076488495,33.73118279569893,14,11,0.7858727787222181,0.7845131158828735,32.714285714285715,7,5,0.7292475785527911,0.7474902868270874,39.857142857142854
571,283,30,0.7934870574583855,0.8166638612747192,50.2791519434629,22,2,0.8058466830036857,0.8291382789611816,49.72727272727273,32,3,0.8017286993563175,0.8224104046821594,49.46875
572,162,34,0.6286998197988227,0.6201211810112,44.00617283950617,8,3,0.6184330135583878,0.618135392665863,45.375,16,6,0.6275304947048426,0.6506135165691376,40.0
573,130,29,0.8039925662370828,0.8034539222717285,47.73076923076923,9,3,0.7488768431875441,0.8181089758872986,50.55555555555556,10,4,0.7241473019123077,0.7738301157951355,40.3
574,128,44,0.7060235925018787,0.6935493052005768,46.765625,8,4,0.6693722680211067,0.6744897663593292,52.25,11,3,0.6404123658483679,0.6409718990325928,44.54545454545455
575,115,41,0.7074023477409197,0.7165477871894836,36.97391304347826,12,5,0.5780960445602735,0.5917862355709076,35.75,22,8,0.6317223771051927,0.6147941648960114,41.72727272727273
576,183,50,0.8413437810100493,0.868004322052002,38.89071038251366,15,5,0.806780751546224,0.7645704746246338,37.86666666666667,10,2,0.735634708404541,0.7272986173629761,43.3
577,191,122,0.7576776810029414,0.7784910798072815,50.146596858638745,16,12,0.7425698973238468,0.7528655230998993,59.875,11,7,0.7282955890352075,0.7539800405502319,59.72727272727273
578,250,49,0.7504355770349502,0.7540923655033112,41.664,41,6,0.7496045275432307,0.7424699664115906,41.51219512195122,12,3,0.7246850728988647,0.7324436604976654,45.5
579,121,43,0.8120099660778833,0.813448965549469,51.68595041322314,16,4,0.7334487028419971,0.7426134943962097,52.6875,2,1,0.7444143891334534,0.7444143891334534,71.5
580,201,69,0.7619925259950742,0.7737054824829102,41.78109452736319,16,6,0.6411281544715166,0.7210817337036133,40.5625,20,8,0.6600426077842713,0.6672882735729218,44.1
581,215,64,0.6900473960610323,0.6905593276023865,38.562790697674416,14,4,0.6223447024822235,0.6326745450496674,36.214285714285715,39,15,0.6438023516765008,0.649951159954071,37.02564102564103
582,246,64,0.8028842746242275,0.8137514293193817,38.08130081300813,16,4,0.709813766181469,0.7300885021686554,36.9375,21,6,0.768935413587661,0.7357616424560547,38.80952380952381
583,70,70,0.7244742444583347,0.7303445637226105,44.52857142857143,3,3,0.664029081662496,0.6912305355072021,49.0,8,8,0.688025213778019,0.6916651725769043,44.5
584,260,83,0.8318254466240222,0.8500130772590637,46.2,24,8,0.8863636155923208,0.8826331198215485,47.375,35,13,0.8361954740115575,0.8351770043373108,46.2
585,99,88,0.6782581152940037,0.6783745884895325,45.80808080808081,10,10,0.6849174320697784,0.6979101002216339,45.6,20,20,0.6810530573129654,0.6986331343650818,45.55
586,197,54,0.7552550447168689,0.7722598314285278,46.39593908629442,40,12,0.6576690450310707,0.6152066290378571,43.95,28,7,0.7404681848628181,0.7440251708030701,45.607142857142854
587,224,223,0.7431715607110944,0.7519641816616058,38.24107142857143,29,28,0.7305240959956728,0.7589964866638184,41.0,73,72,0.7352742262899059,0.756798267364502,48.64383561643836
588,188,64,0.818047414751763,0.8251475989818573,43.15425531914894,11,4,0.8340397043661638,0.836054265499115,44.27272727272727,9,4,0.7487444480260214,0.7417415380477905,47.333333333333336
589,150,32,0.7213230617841084,0.7271429002285004,42.22666666666667,25,6,0.7655685687065125,0.7766719460487366,44.64,88,15,0.7245663418011232,0.7336091697216034,41.96590909090909
590,119,23,0.7029862373816866,0.7107764482498169,45.12605042016807,13,3,0.6568565552051251,0.661288857460022,44.61538461538461,0,0,,,
591,110,16,0.701420198245482,0.7189316749572754,44.13636363636363,16,2,0.6985514312982559,0.7044256627559662,48.6875,0,0,,,
592,61,9,0.8060697678659783,0.8350158333778381,43.22950819672131,12,2,0.7616766393184662,0.8146385848522186,43.5,26,4,0.7139947849970597,0.7290339171886444,44.46153846153846
593,223,52,0.7922481496237853,0.8107449412345886,37.403587443946186,32,9,0.786335987970233,0.8108727633953094,35.15625,13,3,0.7117875103767102,0.7279894351959229,38.38461538461539
594,210,120,0.8188532253106435,0.8485888540744781,40.30952380952381,27,17,0.7825451140050534,0.7879446744918823,38.592592592592595,1,1,0.7173673510551453,0.7173673510551453,42.0
595,197,86,0.7154121966228872,0.7249995470046997,35.07106598984772,16,7,0.6637616753578186,0.6427425742149353,31.8125,16,8,0.6284266225993633,0.6372710466384888,36.0
596,116,50,0.6486218571662903,0.662675142288208,39.4051724137931,12,5,0.6448998004198074,0.6413373351097107,44.166666666666664,42,21,0.5964072041568302,0.5881812572479248,39.523809523809526
597,181,49,0.7737371895194712,0.7722072005271912,45.52486187845304,39,10,0.7771142751742632,0.7796229720115662,44.92307692307692,12,6,0.6616930464903513,0.6159593164920807,49.666666666666664
598,131,32,0.7654807465222045,0.8198043704032898,46.64885496183206,1,1,0.5898720622062683,0.5898720622062683,45.0,0,0,,,
599,62,34,0.7873921307825273,0.8400014638900757,46.12903225806452,3,2,0.5840393304824829,0.5982248187065125,72.0,5,3,0.7515812873840332,0.7599696516990662,35.8
600,218,53,0.7637120013663529,0.7759057283401489,44.669724770642205,37,6,0.77714037734109,0.7638771533966064,44.21621621621622,0,0,,,
601,433,196,0.8195218424598835,0.8290312886238098,42.54041570438799,50,25,0.8036583256721497,0.8255650401115417,44.74,6,3,0.7787598570187887,0.8134939670562744,44.5
602,183,83,0.7683756859576116,0.7855720520019531,44.923497267759565,21,8,0.7908677061398824,0.8194724917411804,46.523809523809526,28,12,0.7624937232051577,0.7339619398117065,50.214285714285715
603,105,40,0.7733021770204817,0.7896708846092224,42.819047619047616,16,6,0.8136518858373165,0.8267118334770203,42.1875,3,2,0.735770603020986,0.7281588315963745,78.0
604,82,47,0.6761732679314729,0.655482143163681,50.6219512195122,3,2,0.5573118726412455,0.5444185137748718,40.0,20,17,0.639417576789856,0.6355585157871246,55.0
605,211,70,0.7223563855293238,0.726138174533844,43.61611374407583,27,11,0.7059791507544341,0.7109885215759277,45.44444444444444,11,4,0.7368348945270885,0.7272616624832153,52.90909090909091
606,109,45,0.7722532842137398,0.7767434120178223,48.27522935779817,13,6,0.7711836099624634,0.7936959266662598,47.69230769230769,13,6,0.7403906973508688,0.7340378761291504,48.0
607,104,78,0.7251360410681138,0.7294631898403168,28.66346153846154,12,10,0.6638329823811849,0.6662616431713104,29.5,6,5,0.7300322453180949,0.753584086894989,36.166666666666664
608,174,64,0.9009806513786316,0.9401290416717529,47.39655172413793,18,8,0.9059225718180338,0.9365876019001007,49.333333333333336,0,0,,,
609,278,172,0.7385170200317026,0.7533845603466034,53.71223021582734,33,19,0.7453485474441991,0.7481366991996765,54.54545454545455,23,11,0.69774998270947,0.6902511119842529,55.91304347826087
610,253,246,0.63006822723645,0.6293663382530212,55.60474308300395,38,38,0.6103581574402357,0.5935188829898834,54.1578947368421,77,73,0.6355422576526543,0.6484559178352356,60.98701298701299
611,62,10,0.7186329355162959,0.7057959735393524,45.24193548387097,0,0,,,,58,9,0.6994794093329331,0.7024774551391602,47.05172413793103
612,121,34,0.6389509707935586,0.6391655802726746,46.752066115702476,9,3,0.6454779240820143,0.6656349301338196,46.666666666666664,10,6,0.49526268243789673,0.4900146424770355,52.1
613,260,90,0.7899112339203175,0.8260806202888489,40.38846153846154,30,10,0.8037060062090556,0.8374693095684052,39.86666666666667,12,6,0.7230277061462402,0.7357828319072723,39.5
614,106,19,0.7595523190948198,0.7662164866924286,50.25471698113208,0,0,,,,7,3,0.5373395255633763,0.5479263067245483,53.0
615,230,51,0.8464165988175766,0.8614167273044586,40.6695652173913,17,5,0.8276313788750592,0.843153178691864,43.294117647058826,0,0,,,
616,331,81,0.8509887021113739,0.8793884515762329,39.725075528700906,40,10,0.8756399899721146,0.8999704718589783,38.8,29,6,0.7024024786620304,0.7025585174560547,50.206896551724135
617,103,16,0.8453837650493511,0.8672312498092651,57.00970873786408,5,2,0.68512943983078,0.6401795148849487,46.4,1,1,0.603735089302063,0.603735089302063,45.0
618,147,23,0.8585104686873299,0.8810837864875793,43.87755102040816,26,4,0.8511272943936862,0.8608569502830505,45.92307692307692,15,3,0.8265670379002888,0.8458989262580872,49.53333333333333
619,191,79,0.7357517058000514,0.771016538143158,42.96335078534032,23,9,0.7883808846059053,0.7890785932540894,37.04347826086956,25,12,0.6887290287017822,0.7416913509368896,45.8
620,162,47,0.6982443139508918,0.6890127062797546,47.51851851851852,8,4,0.6271868795156479,0.63691845536232,51.625,2,2,0.49819736182689667,0.49819736182689667,53.0
621,189,104,0.7093960035730291,0.7308363318443298,37.01058201058201,23,14,0.7084816525811735,0.7360150218009949,38.04347826086956,11,7,0.6628466465256431,0.6738858819007874,34.0
622,188,51,0.7833245044693034,0.8018912672996521,40.11702127659574,20,7,0.7594089329242706,0.7753002941608429,37.95,98,26,0.746647415112476,0.7530911564826965,39.3469387755102
623,167,27,0.8183506950289904,0.8351464867591858,43.83233532934132,27,4,0.8239760641698484,0.8416527509689331,43.074074074074076,12,2,0.867841899394989,0.8589828908443451,42.25
624,105,50,0.8624936336562747,0.9190499186515808,36.98095238095238,2,2,0.9400190114974976,0.9400190114974976,72.5,2,1,0.870278388261795,0.870278388261795,67.0
625,130,126,0.9153186901257588,0.9337896704673767,50.34615384615385,13,13,0.9328019481438857,0.9394862055778505,50.92307692307692,11,9,0.8300326249816201,0.9388100504875184,49.63636363636363
626,239,167,0.7327855332875352,0.745080292224884,55.06694560669456,23,16,0.6871006553587706,0.6982813477516174,52.869565217391305,36,24,0.65986427747541,0.6685680150985718,56.0
627,232,23,0.8322424051062814,0.8512120544910431,62.875,11,1,0.8603205735033209,0.8772158026695251,60.09090909090909,1,1,0.6107283234596252,0.6107283234596252,56.0
628,213,205,0.7405600023101753,0.7515332102775574,24.96713615023474,19,19,0.7091654805760634,0.7015040516853333,30.842105263157894,17,17,0.7652778064503389,0.7714384198188782,28.529411764705884
629,258,42,0.8300825195719105,0.8265053331851959,47.45348837209303,27,3,0.8613315180495933,0.879224419593811,48.148148148148145,7,2,0.7536170056888035,0.795076847076416,42.285714285714285
630,77,64,0.8778245282637609,0.9189695715904236,49.79220779220779,8,7,0.9371053874492645,0.9572771191596985,44.0,6,6,0.9081767698129019,0.9111423194408417,49.0
631,143,19,0.7949420886856693,0.797810435295105,51.65734265734266,24,3,0.7580563500523567,0.7766508162021637,50.333333333333336,27,3,0.8281164875736943,0.823006272315979,53.148148148148145
632,166,116,0.6155608457973204,0.6132214069366455,43.78313253012048,23,16,0.5942288131817527,0.5803139805793762,35.0,20,13,0.6244139909744263,0.6044074892997742,44.25
633,180,39,0.8504347383975983,0.8544445931911469,43.75555555555555,27,6,0.832733933572416,0.839682400226593,43.03703703703704,10,2,0.8543181538581848,0.8797152638435364,47.2
634,75,29,0.8917104069391887,0.9157811999320984,41.12,3,1,0.9341431856155396,0.9465674161911012,37.333333333333336,11,4,0.8800446770407937,0.9157149195671082,40.54545454545455
635,184,65,0.744728046266929,0.7613301277160645,57.35326086956522,18,9,0.7403701212671068,0.761434942483902,51.72222222222222,33,11,0.6711408270127845,0.6786835193634033,60.42424242424242
636,134,43,0.8159925788640976,0.8996839821338654,37.73880597014925,11,4,0.8351919000799005,0.9334946274757384,33.09090909090909,11,5,0.7840892672538757,0.8710075616836548,36.81818181818182
637,180,28,0.7432769113116794,0.7410283088684082,55.08888888888889,28,4,0.7042759635618755,0.6978186666965485,50.964285714285715,20,8,0.5863206937909127,0.5907141864299774,51.65
638,76,24,0.7366832337881389,0.7365096807479858,41.06578947368421,7,3,0.7134286080087934,0.6803445816040039,31.428571428571427,18,5,0.7281260987122854,0.7462044656276703,39.333333333333336
639,208,75,0.7991162018420604,0.8159221112728119,43.42307692307692,26,10,0.8276343987538264,0.8389311134815216,45.15384615384615,10,4,0.7788369596004486,0.8033151626586914,41.6
640,62,12,0.7617922723293304,0.7519480586051941,38.193548387096776,11,2,0.7055367448113181,0.7114531993865967,47.45454545454545,7,3,0.6975839393479484,0.7376015782356262,29.142857142857142
641,124,36,0.7304880998788341,0.7508721947669983,48.00806451612903,8,3,0.7557704150676727,0.829190194606781,41.25,55,13,0.7957149256359447,0.82651686668396,46.981818181818184
642,192,44,0.6981565087723235,0.7048374712467194,42.317708333333336,8,3,0.6090039610862732,0.6412161588668823,41.5,73,18,0.6969419701458657,0.7164021134376526,41.397260273972606
643,61,19,0.8468007332965976,0.9486992955207824,40.39344262295082,14,3,0.7766592034271785,0.7325285375118256,36.42857142857143,5,1,0.897718608379364,0.8937240839004517,37.0
644,189,20,0.721085899879062,0.7381649017333984,58.71957671957672,21,2,0.7080632334663755,0.7174332737922668,59.285714285714285,14,2,0.740993361387934,0.7866590619087219,51.214285714285715
645,173,65,0.6842838325941494,0.6917521953582764,65.24277456647398,13,8,0.6174473716662481,0.6248271465301514,57.38461538461539,34,12,0.6684296990142149,0.6628972589969635,68.97058823529412
646,179,40,0.8433854982839616,0.899426281452179,38.07821229050279,23,5,0.8825135904809703,0.9099029898643494,36.43478260869565,5,1,0.8172174453735351,0.8151225447654724,40.2
647,134,31,0.7334056000656156,0.7463648915290833,44.656716417910445,12,2,0.7002658148606619,0.7182524800300598,47.916666666666664,6,2,0.6204242904980978,0.6477512717247009,52.5
648,73,69,0.834815215574552,0.8399329781532288,25.84931506849315,13,12,0.8514346067722027,0.8632280826568604,25.384615384615383,5,5,0.8012961149215698,0.8119112253189087,17.0
649,221,72,0.7764606661926028,0.7956593036651611,43.886877828054295,19,6,0.7600554572908502,0.7692378759384155,42.10526315789474,18,5,0.7855560084184011,0.8355266749858856,39.77777777777778
650,169,33,0.638905623784432,0.6548349857330322,44.19526627218935,22,4,0.6997458311644468,0.721140593290329,45.95454545454545,42,12,0.5961738569395882,0.5801291763782501,47.595238095238095
651,212,46,0.8677151931344338,0.9024647176265717,44.764150943396224,19,4,0.8941242569371274,0.9181502461433412,45.473684210526315,0,0,,,
652,65,33,0.8496342530617347,0.9013099074363708,43.93846153846154,8,4,0.8656084910035133,0.8732682764530182,43.25,2,1,0.8608519434928894,0.8608519434928894,44.5
653,54,7,0.8493298281122137,0.8468331694602966,43.425925925925924,0,0,,,,0,0,,,
654,215,203,0.6809774451477583,0.6759225130081177,35.17674418604651,24,24,0.7134464830160141,0.7063968777656555,35.833333333333336,78,73,0.7035240951256875,0.6996173858642578,35.32051282051282
655,204,48,0.8148592815679663,0.843969315290451,41.970588235294116,19,5,0.7305656608782316,0.7841396927833557,45.78947368421053,15,3,0.7504925628503164,0.788816511631012,38.4
656,147,35,0.8216493401397653,0.8560868501663208,45.68707482993197,19,4,0.8536330053680822,0.8691127896308899,40.0,14,3,0.6605759688786098,0.6496026813983917,49.92857142857143
657,161,22,0.8054142990467711,0.8136628270149231,47.79503105590062,21,3,0.790510030019851,0.8358234763145447,48.333333333333336,3,2,0.49348477522532147,0.4955931007862091,54.666666666666664
658,302,116,0.7871033265101199,0.7894570529460907,43.54635761589404,35,12,0.725106258051736,0.729308009147644,42.457142857142856,29,8,0.7650611770564112,0.7747487425804138,44.689655172413794
659,116,20,0.9134076088666916,0.9329718053340912,38.62068965517241,9,2,0.7461422052648332,0.9052020311355592,40.0,35,6,0.8929758140019008,0.9156866073608398,38.6
660,149,86,0.7061853570826102,0.6996860504150391,46.348993288590606,19,13,0.6757409886309975,0.6721813082695007,53.21052631578947,29,17,0.6519167186885044,0.6498956084251404,49.0
661,264,147,0.8669205774186235,0.9100335836410522,46.321969696969695,29,14,0.8840722852739794,0.9100472331047058,45.10344827586207,20,3,0.7442138582468033,0.7291466593742371,47.75
662,333,276,0.8372796247671316,0.8577661514282227,53.11711711711712,38,32,0.8567653157209095,0.8753457963466644,58.26315789473684,71,51,0.830282126094254,0.85808265209198,54.42253521126761
663,225,115,0.7781558020909627,0.8001704216003418,44.05777777777778,21,12,0.7943838579314095,0.8090572953224182,43.095238095238095,18,9,0.7257571485307481,0.7506994903087616,41.77777777777778
664,109,105,0.7230711223882272,0.7224927544593811,27.678899082568808,22,22,0.694617668336088,0.7016180455684662,32.59090909090909,7,7,0.6336713603564671,0.6581047177314758,35.42857142857143
665,190,65,0.7720560156985333,0.7859806716442108,38.473684210526315,18,6,0.7717226710584428,0.7810515761375427,36.666666666666664,1,1,0.6091576814651489,0.6091576814651489,44.0
666,186,40,0.7271580934844991,0.7376119792461395,45.33870967741935,16,5,0.7326251640915871,0.7733171284198761,42.1875,26,9,0.6657519420752158,0.6751579940319061,46.23076923076923
667,163,28,0.819583729732256,0.8430097103118896,41.83435582822086,9,2,0.7988802128367953,0.8481391668319702,45.44444444444444,28,4,0.7995535050119672,0.8102146983146667,41.42857142857143
668,132,44,0.7926097629648267,0.8151771426200867,41.27272727272727,2,2,0.6691650748252869,0.6691650748252869,35.5,5,2,0.5020623445510864,0.4959049820899963,43.4
669,283,63,0.7988660123870567,0.8083603382110596,38.024734982332156,30,7,0.7572979152202606,0.797012984752655,38.43333333333333,21,5,0.8175404894919622,0.8485134243965149,36.333333333333336
670,161,126,0.6308925801552601,0.6323648691177368,56.86335403726708,22,15,0.6207013631408865,0.6212174892425537,57.72727272727273,27,23,0.5729888589293869,0.5892168283462524,62.888888888888886
671,161,43,0.7324947966551929,0.7474938035011292,49.590062111801245,11,4,0.7009863799268549,0.7505243420600891,40.27272727272727,37,12,0.7032335102558136,0.7314795255661011,43.83783783783784
672,123,64,0.6817734982909226,0.6785200834274292,47.51219512195122,18,8,0.6615965316692988,0.6624262034893036,44.22222222222222,10,4,0.6366601765155793,0.6410462558269501,45.7
673,50,13,0.8415584433078765,0.850585550069809,50.52,16,7,0.676153426989913,0.7276982069015503,45.625,5,3,0.7258260726928711,0.7267888784408569,51.2
674,239,68,0.8410408460694876,0.8593620657920837,40.53138075313807,17,6,0.8025258025702309,0.8735424876213074,41.23529411764706,3,1,0.8267406423886617,0.8159866333007812,55.0
675,70,21,0.6773262828588485,0.6798619329929352,46.6,5,1,0.6247727751731873,0.6344048380851746,37.6,46,11,0.6592992751494698,0.6653618514537811,42.80434782608695
676,107,17,0.8027416969014105,0.8089165091514587,48.149532710280376,26,4,0.8026100855607253,0.7840976417064667,50.80769230769231,0,0,,,
677,134,24,0.7779521370556817,0.804144948720932,46.64179104477612,15,3,0.7712159276008606,0.7754631042480469,46.266666666666666,2,1,0.5932489335536957,0.5932489335536957,53.0
678,36,36,0.7118118852376938,0.7201735377311707,16.75,2,2,0.5947462320327759,0.5947462320327759,16.5,0,0,,,
679,112,45,0.7107218690216541,0.7213605344295502,46.714285714285715,13,7,0.6445094576248755,0.6252264976501465,37.69230769230769,17,9,0.6285696695832645,0.6451365351676941,45.76470588235294
680,116,41,0.8383811226692693,0.8549582362174988,45.75,6,2,0.898245096206665,0.9034709632396698,45.0,7,3,0.7952633585248675,0.859339714050293,43.57142857142857
681,129,18,0.7337856710881225,0.7389925718307495,49.10852713178294,23,4,0.7251362256381823,0.7362033724784851,46.56521739130435,24,3,0.7063778837521871,0.7157676815986633,45.708333333333336
682,292,55,0.7925468505653617,0.806839257478714,49.71232876712329,23,5,0.7881132960319519,0.8104992508888245,52.608695652173914,45,8,0.7758006665441725,0.7960227727890015,50.044444444444444
683,161,132,0.7310993082775092,0.7315234541893005,46.850931677018636,22,15,0.706946072253314,0.696122795343399,49.68181818181818,16,13,0.7133712917566299,0.6967647075653076,51.5
684,178,54,0.779456996181038,0.7769210636615753,44.325842696629216,13,7,0.7463492842820975,0.7483730316162109,38.23076923076923,11,6,0.7043570009144869,0.7119918465614319,40.27272727272727
685,130,44,0.7442002842059502,0.7513833343982697,45.50769230769231,17,7,0.7944379624198464,0.7988036274909973,54.705882352941174,59,22,0.8340552570456166,0.8424890637397766,49.016949152542374
686,165,44,0.8087873901381637,0.826042890548706,46.012121212121215,11,3,0.7942707646976818,0.8250641226768494,50.45454545454545,18,6,0.8124855094485812,0.8242183327674866,52.94444444444444
687,271,117,0.8026042255088413,0.813953697681427,45.140221402214024,32,15,0.776958298869431,0.7907150387763977,47.4375,29,14,0.7484759277310865,0.7625049352645874,43.48275862068966
688,137,70,0.807264289064129,0.8627617955207825,41.824817518248175,8,4,0.7869693711400032,0.8584475517272949,42.5,10,5,0.7866771638393402,0.8323477804660797,39.2
689,124,31,0.6552981265610264,0.6649406254291534,46.70161290322581,16,5,0.7090080790221691,0.7731610536575317,42.4375,9,4,0.5567098723517524,0.5851311683654785,49.77777777777778
690,130,52,0.694798529606599,0.7094808220863342,51.146153846153844,11,5,0.6646022173491392,0.7347039580345154,50.63636363636363,27,8,0.6566886471377479,0.6651062369346619,51.148148148148145
691,85,25,0.6219079192946939,0.6210498809814453,42.71764705882353,5,3,0.5416497170925141,0.5032827258110046,40.0,16,5,0.5925624910742044,0.6254952847957611,43.75
692,159,158,0.7068496680109756,0.7195467948913574,33.0377358490566,11,11,0.6850329583341425,0.7038865089416504,41.45454545454545,35,34,0.6919843801430293,0.7020716667175293,33.542857142857144
693,334,89,0.8309555292843345,0.8404494225978851,47.604790419161674,17,4,0.8107545516070198,0.8032699823379517,50.8235294117647,55,14,0.7824246200648222,0.7963327765464783,48.2
694,198,51,0.7935224720323929,0.8435388803482056,45.398989898989896,16,3,0.77370934933424,0.8366110324859619,42.125,32,7,0.7198384813964367,0.7539402842521667,38.78125
695,324,160,0.8369495689317032,0.8791543841362,54.04320987654321,46,18,0.8374358402646106,0.8614179193973541,43.76086956521739,32,17,0.8318871073424816,0.8828821182250977,56.84375
696,240,60,0.7543570258965094,0.7706202268600464,39.104166666666664,29,7,0.7807297891583936,0.7777454257011414,41.6551724137931,7,2,0.5609182204519,0.5621915459632874,51.57142857142857
697,364,67,0.7875465773619138,0.7989864647388458,52.667582417582416,101,18,0.792431629530274,0.8045588731765747,53.633663366336634,1,1,0.5083057284355164,0.5083057284355164,43.0
698,97,14,0.7818715652239692,0.81134432554245,47.52577319587629,0,0,,,,0,0,,,
699,118,39,0.739330012414415,0.7442030906677246,40.601694915254235,16,6,0.7091000713407993,0.7231575846672058,35.3125,6,2,0.5750944415728251,0.5725716948509216,34.5
700,171,43,0.7427768966956445,0.7606184482574463,43.85964912280702,30,8,0.6882880449295044,0.7010786831378937,40.03333333333333,21,6,0.6485581568309239,0.6299334168434143,44.142857142857146
701,197,38,0.8116491806083524,0.8249506950378418,52.07106598984772,7,2,0.7980397684233529,0.7630109190940857,51.57142857142857,81,15,0.8036571056754501,0.8162921071052551,53.22222222222222
702,216,206,0.7164630208302427,0.7137292921543121,31.28240740740741,29,25,0.6927934741151744,0.6999836564064026,34.41379310344828,50,46,0.7096746861934662,0.6970784962177277,32.84
703,104,47,0.8625186377992997,0.8733810186386108,58.72115384615385,6,2,0.7508130669593811,0.7462668418884277,44.5,11,5,0.8653662963347002,0.8762944340705872,63.36363636363637
704,70,19,0.8169004440307617,0.8373405933380127,42.08571428571429,2,1,0.5399178564548492,0.5399178564548492,35.0,2,2,0.5843464136123657,0.5843464136123657,66.0
705,151,68,0.8025872389607082,0.8377442955970764,44.17880794701987,9,5,0.757189949353536,0.7993619441986084,43.44444444444444,14,5,0.7744636450495038,0.780153900384903,44.857142857142854
706,289,137,0.796426170837508,0.8198195099830627,38.75778546712803,37,17,0.7860411325016537,0.8174521923065186,36.86486486486486,46,21,0.8281282445658809,0.8480955064296722,35.41304347826087
707,78,9,0.7909914469107603,0.8059126436710358,55.62820512820513,11,1,0.8110424171794545,0.7988100051879883,65.63636363636364,50,5,0.7740392684936523,0.7780635356903076,57.32
708,162,56,0.7964056261159755,0.8076292872428894,38.46913580246913,31,10,0.7856617396877658,0.7998351454734802,38.12903225806452,0,0,,,
709,142,64,0.7410199883538233,0.7642694115638733,49.67605633802817,22,9,0.6626078269698403,0.6860166192054749,45.22727272727273,22,9,0.6863728165626526,0.6953146755695343,46.13636363636363
710,111,34,0.9031242994037835,0.9497536420822144,39.630630630630634,18,5,0.9013094504674276,0.9231308102607728,39.27777777777778,16,4,0.8778110668063164,0.8872939646244049,43.0625
711,132,67,0.708574039014903,0.6938155293464661,56.82575757575758,23,11,0.7025243043899536,0.6969870328903198,60.04347826086956,28,14,0.6495022018040929,0.6413151323795319,59.75
712,175,56,0.7374928290503365,0.7399767637252808,43.27428571428572,35,11,0.703399041720799,0.6636660695075989,41.371428571428574,57,20,0.7072725201907911,0.7134197354316711,42.36842105263158
713,131,46,0.7515964048509379,0.767660915851593,44.17557251908397,25,11,0.7021470451354981,0.7042539715766907,44.08,5,3,0.5374049425125123,0.5345759987831116,36.0
714,90,41,0.6690181232160992,0.6838855445384979,44.18888888888889,6,3,0.7096675336360931,0.6722951531410217,50.0,4,2,0.6945442259311676,0.6999865472316742,37.25
715,131,47,0.7208843617948867,0.7318793535232544,37.534351145038165,16,6,0.6926077641546726,0.6908140480518341,37.5625,38,14,0.6143316595177901,0.6073037385940552,44.3421052631579
716,140,52,0.6827139377593994,0.6866960227489471,45.94285714285714,10,4,0.6567184805870057,0.6697339117527008,44.4,12,6,0.5801753451426824,0.5828529000282288,55.083333333333336
717,100,29,0.6558775454759598,0.6490492820739746,44.65,24,8,0.6043522407611212,0.5790941119194031,45.541666666666664,2,2,0.692937582731247,0.692937582731247,65.5
718,40,14,0.8792561292648315,0.9093177914619446,31.9,3,1,0.9087602297465006,0.9255157709121704,32.0,46,15,0.8636196113151052,0.901030421257019,30.804347826086957
719,245,42,0.7347266985445606,0.7463408708572388,43.179591836734694,22,4,0.7028529345989227,0.7052365839481354,42.95454545454545,10,2,0.5948723167181015,0.60976842045784,38.9
720,72,12,0.8264857824477885,0.8681541979312897,42.208333333333336,9,2,0.8521040015750461,0.8818610310554504,46.0,1,1,0.5612577199935913,0.5612577199935913,82.0
721,183,60,0.7651469326410137,0.7810289859771729,42.28415300546448,4,2,0.7289703190326691,0.712927520275116,52.0,37,10,0.7459981683138255,0.783505380153656,40.729729729729726
722,232,54,0.6965428738501566,0.6948310732841492,41.86206896551724,5,2,0.5253990948200226,0.4832753837108612,41.0,19,6,0.6477070340984746,0.654621958732605,42.36842105263158
723,242,58,0.8077386181709195,0.8200254738330841,46.421487603305785,48,10,0.76276462773482,0.7682336866855621,45.479166666666664,81,19,0.7500406805379891,0.7583066821098328,42.80246913580247
724,184,36,0.7368967150864394,0.7506974637508392,39.80434782608695,12,4,0.6170240690310796,0.5969488024711609,44.833333333333336,25,7,0.7131559717655181,0.7586986422538757,39.64
725,299,97,0.8275548171837593,0.8527634143829346,51.66555183946488,39,12,0.8255614699461521,0.8606444001197815,48.46153846153846,2,1,0.6733430624008179,0.6733430624008179,58.0
726,107,12,0.8342207458531745,0.8362098336219788,49.1588785046729,18,2,0.8414208657211728,0.8375056385993958,45.611111111111114,7,1,0.6289298364094326,0.6351509690284729,49.142857142857146
727,211,79,0.7226658921106167,0.7327513098716736,43.312796208530806,16,7,0.6861049700528383,0.7071529626846313,33.3125,64,33,0.6673069875687361,0.6706695854663849,41.359375
728,83,54,0.8001359959682787,0.8263608813285828,34.16867469879518,12,10,0.8042305608590444,0.8223752081394196,34.666666666666664,29,20,0.8048369884490967,0.8158985376358032,29.862068965517242
729,264,55,0.7884997483907323,0.8067725002765656,42.57954545454545,27,8,0.7039876326366707,0.7111334204673767,44.25925925925926,25,7,0.7554754948616028,0.7884101271629333,40.04
730,221,44,0.8338913421285638,0.8568828105926514,45.39819004524887,28,5,0.844908343894141,0.8633048236370087,44.82142857142857,5,2,0.6639395356178284,0.653594434261322,53.8
731,164,45,0.7365147678590402,0.7517946660518646,46.890243902439025,19,6,0.7568409411530745,0.7631324529647827,42.05263157894737,20,8,0.6640155762434006,0.6770821213722229,38.1
732,227,108,0.8080946490628078,0.8216381072998047,46.841409691629956,19,9,0.8187797257774755,0.8329048156738281,48.73684210526316,13,7,0.7454044543779813,0.733224093914032,50.38461538461539
733,262,144,0.7740042529260839,0.7920639216899872,35.87022900763359,42,21,0.7602206525348482,0.7636307179927826,35.04761904761905,14,8,0.7714905483382088,0.7702678143978119,40.57142857142857
734,100,33,0.8812289506196975,0.9023907780647278,45.66,9,3,0.8324972258673774,0.8657716512680054,47.0,3,1,0.8541959126790365,0.8455566763877869,47.0
735,100,52,0.8388156563043594,0.8960446715354919,37.05,12,6,0.8922375291585922,0.915863424539566,38.0,1,1,0.7537320852279663,0.7537320852279663,32.0
736,128,115,0.6458317330107093,0.6427282691001892,34.5859375,8,8,0.5767750293016434,0.5445824861526489,42.5,39,36,0.6392171505169991,0.633623480796814,35.48717948717949
737,140,54,0.7749468011515481,0.8138628900051117,43.142857142857146,20,7,0.8032230287790298,0.8539210557937622,41.2,159,70,0.8357462414405631,0.8801742792129517,45.9937106918239
738,45,7,0.8276385717921787,0.8126948475837708,46.888888888888886,8,2,0.7251547276973724,0.7320626080036163,43.0,5,1,0.8151958823204041,0.8251424431800842,39.8
739,140,26,0.8346406302281788,0.835924506187439,49.69285714285714,15,3,0.7842971483866373,0.7934244871139526,51.2,28,7,0.7670033914702279,0.7794452011585236,52.75
740,246,43,0.7162364895750837,0.7165635228157043,41.41869918699187,57,10,0.7117830342368076,0.7196599841117859,40.175438596491226,50,8,0.6578371888399124,0.6583555042743683,46.2
741,208,48,0.8146249587432697,0.8309811353683472,42.66826923076923,7,4,0.7136593546186175,0.7116938829421997,43.142857142857146,21,4,0.8169621740068708,0.8118836879730225,42.95238095238095
742,214,56,0.8069857417423034,0.8387354612350464,47.345794392523366,25,7,0.7946784174442292,0.8166714906692505,49.08,44,10,0.6983140165155585,0.6937785148620605,52.22727272727273
743,276,274,0.6847008106069289,0.6800291836261749,51.10144927536232,27,27,0.6629053001050595,0.6684696674346924,50.333333333333336,56,56,0.7080757809536797,0.7254032492637634,51.107142857142854
744,144,29,0.6813816092908382,0.7000388205051422,46.041666666666664,11,3,0.6385120153427124,0.6927632093429565,48.0,35,8,0.6616076384271894,0.6743248701095581,40.74285714285714
745,111,53,0.6824685668086147,0.6882184743881226,46.027027027027025,11,7,0.5964790094982494,0.6134268045425415,60.09090909090909,24,13,0.6005089556177458,0.6232199370861053,54.791666666666664
746,218,56,0.6903863238905548,0.6933049559593201,41.54128440366973,16,4,0.7390760742127895,0.7470481693744659,44.75,22,8,0.6451585319909182,0.6573869585990906,36.5
747,232,73,0.8289692288842695,0.8330682516098022,44.875,25,9,0.8229480409622192,0.8474044799804688,45.92,6,3,0.7549181083838145,0.7484273016452789,46.666666666666664
748,68,34,0.8160411224645727,0.8978644013404846,41.220588235294116,2,1,0.8706004321575165,0.8706004321575165,39.0,11,6,0.7617643990299918,0.8249388337135315,41.90909090909091
749,160,81,0.7339623976498842,0.7471290230751038,25.91875,13,6,0.76650215112246,0.7872955799102783,23.384615384615383,17,10,0.6547248784233543,0.6690417528152466,25.88235294117647
750,173,93,0.6937513764883052,0.6968399286270142,51.16763005780347,12,8,0.6384843414028486,0.6230694055557251,52.25,84,45,0.6640296173947198,0.6780224740505219,51.63095238095238
751,307,65,0.7502395604837213,0.7693496346473694,50.62214983713355,28,7,0.7502510121890477,0.7661321461200714,52.42857142857143,18,3,0.7573389708995819,0.7609823346138,51.888888888888886
752,138,130,0.6995763968730319,0.691535621881485,50.92028985507246,22,17,0.6985843073238026,0.7035909593105316,52.13636363636363,41,41,0.6478023201954074,0.6235382556915283,57.58536585365854
753,199,49,0.6976757596186058,0.7064505815505981,42.663316582914575,39,10,0.7444431476103954,0.7539980411529541,41.05128205128205,59,14,0.7146335880635148,0.7182567715644836,41.05084745762712
754,89,10,0.8683931512779064,0.8947392106056213,49.71910112359551,26,3,0.8454029915424494,0.8808672428131104,50.84615384615385,26,4,0.8358159065246582,0.8704512119293213,49.23076923076923
755,186,39,0.7336819607724425,0.7560502290725708,42.17204301075269,23,5,0.7237106509830641,0.7378299236297607,38.78260869565217,16,4,0.7948544472455978,0.8142161667346954,39.625
756,71,23,0.7560878026653344,0.8123880624771118,40.25352112676056,8,2,0.7968400567770004,0.8081669509410858,34.0,13,4,0.6531007037712977,0.5853092074394226,39.38461538461539
757,247,244,0.6789978501285135,0.6825463771820068,34.18623481781376,22,22,0.6519999680193987,0.6698901653289795,34.90909090909091,45,44,0.6843282951249017,0.7039996385574341,47.022222222222226
758,102,43,0.6642963272683761,0.6640897691249847,37.92156862745098,3,2,0.5823502341906229,0.5900514721870422,31.333333333333332,14,7,0.6419843350137983,0.6701323091983795,46.285714285714285
759,197,40,0.6772951804441849,0.681166410446167,47.411167512690355,29,6,0.6860347924561336,0.696020781993866,43.13793103448276,53,11,0.6586143143896787,0.6760875582695007,45.490566037735846
760,37,4,0.7712120478217667,0.7724189758300781,49.351351351351354,0,0,,,,9,1,0.7270783848232694,0.728982150554657,52.55555555555556
761,221,89,0.9190426967802091,0.9408116936683656,42.00452488687783,43,18,0.9322906233543573,0.9348633885383606,42.81395348837209,52,19,0.9386784927203105,0.94972363114357,37.15384615384615
762,116,40,0.7385346951155827,0.773504912853241,35.827586206896555,10,5,0.6962104856967926,0.6892111897468567,39.8,6,2,0.6556028624375662,0.6341645121574402,36.666666666666664
763,96,18,0.7967368885874748,0.816535472869873,42.708333333333336,5,1,0.7608252167701721,0.7748832106590271,52.4,0,0,,,
764,155,30,0.769763784639297,0.7759238481521606,42.87741935483871,30,6,0.7940889755884807,0.7912179529666901,43.13333333333333,42,7,0.7048167955307734,0.7378398776054382,42.73809523809524
765,149,69,0.7645775449756008,0.7966254949569702,35.718120805369125,14,6,0.848135599068233,0.8768002688884735,34.0,2,1,0.7641463279724121,0.7641463279724121,41.0
766,114,32,0.857019101841408,0.8798076808452606,43.75438596491228,15,4,0.840658982594808,0.8754151463508606,44.46666666666667,95,25,0.8664109007308357,0.8751445412635803,42.642105263157895
767,273,42,0.8839859434099862,0.8979575634002686,35.69597069597069,20,3,0.9012336015701294,0.9020323157310486,35.95,1,1,0.5684192180633545,0.5684192180633545,64.0
768,112,51,0.7250156413231578,0.7437325716018677,47.357142857142854,26,13,0.7074619176296087,0.7278397977352142,47.76923076923077,17,8,0.7459165839587941,0.7741836905479431,49.705882352941174
769,194,39,0.7589343611112574,0.7724766433238983,42.79381443298969,15,3,0.6595093409220377,0.6892794370651245,44.46666666666667,11,2,0.6344365233724768,0.6403549313545227,39.0
770,161,28,0.7773351563800196,0.8149428367614746,43.78260869565217,15,5,0.7090481678644817,0.628317654132843,42.06666666666667,23,3,0.7418462271275728,0.6924653053283691,44.30434782608695
771,110,37,0.714411923289299,0.7419632971286774,44.945454545454545,20,6,0.7503644287586212,0.7636219561100006,44.05,26,11,0.6875892533705785,0.7337836623191833,41.5
772,91,24,0.7447773224704868,0.7917709350585938,41.18681318681319,8,3,0.7167241051793098,0.7346611022949219,37.375,3,1,0.5519765019416809,0.55177241563797,35.0
773,125,28,0.7923870780467988,0.8227704763412476,42.52,9,2,0.8104698260625204,0.8215206265449524,36.333333333333336,3,3,0.5607225596904755,0.5348024964332581,70.0
774,226,73,0.7473352406404715,0.7777846455574036,40.28761061946903,25,8,0.7340430665016174,0.7305237054824829,34.96,10,4,0.7389835923910141,0.7733848392963409,42.2
775,332,99,0.9218095698988581,0.9331712424755096,38.41265060240964,69,21,0.9041012110917465,0.9326729774475098,38.04347826086956,62,19,0.9413226535243373,0.9407762587070464,38.88709677419355
776,322,72,0.7440338630853973,0.7644787728786469,43.12111801242236,41,12,0.6635353201773109,0.650761067867279,41.073170731707314,44,7,0.7226019867441871,0.734280914068222,44.86363636363637
777,81,31,0.8656045249950739,0.8682460188865662,43.382716049382715,2,1,0.8728300333023071,0.8728300333023071,30.5,5,2,0.8624237656593323,0.8585939407348633,42.8
778,194,42,0.7506345117215029,0.7617921233177185,45.25257731958763,21,4,0.7266041466167995,0.7483574151992798,44.61904761904762,14,4,0.6919465384313038,0.6772539913654327,48.92857142857143
779,246,185,0.7626085269257306,0.7735784649848938,37.97154471544715,33,28,0.7630064180403044,0.7891054153442383,34.90909090909091,21,16,0.7278835858617511,0.7366084456443787,37.0
780,219,152,0.6794082063790325,0.6789645552635193,53.90867579908676,23,19,0.6675651539926943,0.6607526540756226,58.21739130434783,36,31,0.6645516869094636,0.6666982471942902,58.69444444444444
781,426,126,0.8247165341332485,0.8440405428409576,41.798122065727696,49,15,0.8062097953290356,0.8055448532104492,41.51020408163265,97,23,0.8327732405711695,0.8447479009628296,41.63917525773196
782,49,7,0.721784275405261,0.7299144864082336,51.12244897959184,27,3,0.6971583719606753,0.6928975582122803,51.7037037037037,23,3,0.7486964127291804,0.7802673578262329,56.43478260869565
783,127,26,0.790768956340204,0.8049073815345764,48.60629921259842,31,5,0.7630016284604226,0.776274561882019,47.16129032258065,0,0,,,
784,128,41,0.7936588346492499,0.8123725652694702,52.2265625,8,3,0.6047654263675213,0.5461733341217041,59.875,27,10,0.7671093984886452,0.7851724624633789,48.888888888888886
785,165,89,0.8638798211560105,0.8882695436477661,37.97575757575758,16,9,0.8354908246546984,0.8791313767433167,36.0625,42,25,0.8418940703074137,0.8424545228481293,38.11904761904762
786,129,127,0.7399634044299754,0.7593002915382385,26.93798449612403,18,18,0.7237095733483633,0.744832843542099,24.22222222222222,14,14,0.7037903836795262,0.7212176322937012,30.357142857142858
787,194,73,0.6861144935654611,0.6992763876914978,44.70103092783505,10,6,0.6150379568338394,0.5993890464305878,52.5,19,7,0.6583302773927387,0.6142303347587585,46.68421052631579
788,128,57,0.6686701641883701,0.6703927218914032,34.8046875,9,5,0.5872475802898407,0.610667884349823,41.111111111111114,44,25,0.60117983547124,0.6229326725006104,38.09090909090909
789,169,89,0.7792267146900561,0.781043291091919,59.585798816568044,17,9,0.76085645311019,0.7846675515174866,52.35294117647059,13,8,0.6969534846452566,0.6725481152534485,60.38461538461539
790,204,58,0.7957206466326526,0.8126071989536285,40.59803921568628,62,20,0.7779181854378793,0.810001403093338,43.725806451612904,0,0,,,
791,141,41,0.8301805807343612,0.8666154146194458,47.51063829787234,20,6,0.8384462267160415,0.8896954953670502,46.9,24,8,0.7655094737807909,0.8123078346252441,44.75
792,198,100,0.7796429093136932,0.8119706511497498,37.994949494949495,14,7,0.7776671946048737,0.8004069328308105,36.785714285714285,10,6,0.6764770150184631,0.6711662113666534,28.4
793,114,33,0.7671226061749876,0.7802987098693848,38.8859649122807,22,6,0.7837568602778695,0.780544251203537,39.27272727272727,6,2,0.7878139615058899,0.778752475976944,35.166666666666664
794,87,37,0.7526877012060976,0.7638096213340759,43.50574712643678,8,6,0.6660214737057686,0.6845356225967407,36.5,18,8,0.7776818573474884,0.7697992622852325,40.94444444444444
795,128,31,0.8847482055425644,0.9056887328624725,58.53125,24,5,0.9193028286099434,0.9155837297439575,60.0,7,2,0.8578954935073853,0.8498127460479736,62.142857142857146
796,319,160,0.8378941254182295,0.8521275520324707,33.808777429467085,40,21,0.8368760019540786,0.8539955317974091,34.025,6,4,0.8129884600639343,0.8209726810455322,33.666666666666664
797,205,77,0.7875143826007843,0.8061884641647339,49.27317073170732,19,9,0.7765321574713054,0.771197497844696,50.05263157894737,101,43,0.7687873598372582,0.7709687948226929,49.54455445544554
798,107,40,0.69285861576829,0.6970018744468689,47.58878504672897,12,3,0.7374044160048167,0.7209205031394958,49.75,25,10,0.6319433045387268,0.6641201376914978,40.04
799,98,37,0.7621972408829903,0.7864172458648682,48.295918367346935,3,1,0.714293638865153,0.7146999835968018,36.0,0,0,,,
800,223,31,0.8554687792677516,0.8978284001350403,43.98654708520179,47,6,0.8895844867888917,0.8959782719612122,41.297872340425535,8,1,0.8884413167834282,0.9186944961547852,40.25
801,64,34,0.6483174520544708,0.6503477394580841,36.828125,5,3,0.5351803362369537,0.5019303560256958,34.0,1,1,0.5745834708213806,0.5745834708213806,68.0
802,130,51,0.7964240876527933,0.8160789310932159,49.7,10,4,0.8901564657688141,0.904264897108078,46.1,38,14,0.7774420380592346,0.8020585775375366,48.6578947368421
803,173,60,0.8322947462859182,0.8431147336959839,52.213872832369944,13,7,0.7360163720754477,0.8288699984550476,46.15384615384615,9,4,0.7533165315786997,0.8463690876960754,50.44444444444444
804,80,28,0.850399374961853,0.8576319515705109,56.8875,17,5,0.7813228333697599,0.7585519552230835,60.88235294117647,1,1,0.5656570196151733,0.5656570196151733,39.0
805,236,44,0.7918215982489667,0.7924152314662933,44.04661016949152,64,11,0.7820029286667705,0.7971773743629456,44.75,16,3,0.7380537688732147,0.7472432255744934,49.9375
806,148,148,0.7249954497894725,0.7339884638786316,23.14189189189189,21,21,0.7332379917303721,0.7575485706329346,22.047619047619047,14,14,0.7110364394528526,0.7253442704677582,21.928571428571427
807,128,67,0.6959486457053572,0.7062385082244873,36.3125,11,5,0.7208068723028357,0.7766698598861694,31.09090909090909,1,1,0.812752366065979,0.812752366065979,72.0
808,155,104,0.7560072297050107,0.7698988318443298,39.07741935483871,21,12,0.7398848732312521,0.7438374757766724,39.04761904761905,17,12,0.7424415735637441,0.7478662729263306,38.1764705882353
809,68,13,0.7935840667170637,0.8386040329933167,42.794117647058826,5,1,0.726456093788147,0.7318665385246277,49.6,7,1,0.7906986219542367,0.8341617584228516,40.285714285714285
810,195,33,0.7049242461339021,0.7127920985221863,47.87692307692308,26,4,0.696186574605795,0.7257679998874664,45.65384615384615,46,8,0.677307370564212,0.6817993223667145,48.130434782608695
811,54,10,0.7599317067199283,0.7803090810775757,48.77777777777778,2,1,0.5705169141292572,0.5705169141292572,51.5,2,2,0.5402988791465759,0.5402988791465759,38.5
812,196,137,0.6723938030855996,0.6792112290859222,43.22959183673469,29,20,0.6297781929887575,0.6371034979820251,41.44827586206897,36,29,0.6495582113663355,0.6635741591453552,47.0
813,177,56,0.7669808633920163,0.8069546222686768,35.429378531073446,11,4,0.7528078664432872,0.7455679178237915,44.45454545454545,3,1,0.7991712093353271,0.7914696931838989,39.666666666666664
814,76,12,0.8432915673444146,0.8753606379032135,51.223684210526315,16,3,0.8792786039412022,0.9152586758136749,67.125,0,0,,,
815,244,241,0.7392631686124645,0.7433347404003143,55.454918032786885,27,27,0.725110062846431,0.7255278825759888,48.74074074074074,54,52,0.7386319835980734,0.7439889907836914,57.96296296296296
816,111,54,0.7845495939254761,0.7977879643440247,37.14414414414414,16,9,0.7190211676061153,0.676347404718399,38.6875,19,9,0.734256984371888,0.7216246128082275,40.10526315789474
817,45,6,0.8286191516452366,0.8420215249061584,41.888888888888886,0,0,,,,3,2,0.46512730916341144,0.481631875038147,49.0
818,153,49,0.861441307987263,0.9121983647346495,47.326797385620914,8,3,0.8262811154127121,0.8472728431224823,53.375,17,6,0.6865081576740041,0.6839451193809509,36.470588235294116
819,119,103,0.6688563345360155,0.6780480742454529,57.20168067226891,16,14,0.6188867408782244,0.5979684889316559,69.5,18,17,0.624642562535074,0.6561530828475952,62.333333333333336
820,207,43,0.7312773261669178,0.7561011910438538,43.13526570048309,0,0,,,,27,9,0.7461296916007996,0.7462790012359619,43.03703703703704
821,127,93,0.7575696460374697,0.8084070682525635,50.74803149606299,13,12,0.7780717290364779,0.8303452730178833,60.53846153846154,2,2,0.7060725390911102,0.7060725390911102,70.0
822,158,40,0.7614679847714267,0.7641368806362152,43.75949367088607,28,7,0.7335301020315715,0.7117997705936432,42.607142857142854,0,0,,,
823,156,40,0.8241062246454067,0.859058678150177,39.92948717948718,18,4,0.8443016277419196,0.8554834127426147,37.77777777777778,22,6,0.7568999312140725,0.7478663623332977,40.40909090909091
824,90,12,0.75435654785898,0.7716948986053467,56.62222222222222,13,2,0.722714914725377,0.7353678941726685,53.46153846153846,1,1,0.5911071300506592,0.5911071300506592,53.0
825,79,21,0.7619183519973031,0.8099093437194824,38.91139240506329,10,3,0.7672931522130966,0.7907649278640747,35.6,17,5,0.7161561653894537,0.814895510673523,40.470588235294116
826,258,252,0.7407337668561196,0.7478745579719543,29.085271317829456,32,32,0.773454112932086,0.7741059958934784,22.125,29,29,0.7420732173426398,0.7619035243988037,33.241379310344826
827,197,115,0.7337971011999295,0.7474015951156616,44.46192893401015,47,23,0.7557596735497738,0.7706361413002014,40.53191489361702,8,8,0.6303521171212196,0.617170661687851,39.875
828,174,39,0.734187498003587,0.7375841438770294,47.52873563218391,17,4,0.7669867592699388,0.7905221581459045,45.411764705882355,24,5,0.7410766234000524,0.7712383270263672,47.166666666666664
829,125,43,0.8428669500350953,0.8612020611763,46.624,16,6,0.8907986991107464,0.921251505613327,49.375,6,3,0.7765930444002151,0.8466721177101135,44.833333333333336
830,238,50,0.8130082928833842,0.845824271440506,39.48739495798319,31,6,0.8436196427191457,0.8601276278495789,38.903225806451616,1,1,0.5526883006095886,0.5526883006095886,58.0
831,51,19,0.6782177867842656,0.6895926594734192,43.8235294117647,4,1,0.564138188958168,0.5646741688251495,33.0,10,7,0.5488691419363022,0.5443684756755829,41.4
832,65,33,0.82586175432572,0.8840219974517822,40.33846153846154,8,3,0.8016391359269619,0.8196885883808136,39.375,3,1,0.9338866869608561,0.9337583184242249,32.333333333333336
833,106,16,0.7868151664733887,0.8095001876354218,41.216981132075475,12,2,0.8056583652893702,0.8256881833076477,41.916666666666664,14,2,0.8099745384284428,0.8271167576313019,40.42857142857143
834,132,66,0.7256355800411918,0.7326326668262482,36.00757575757576,16,9,0.6867859289050102,0.6778205633163452,33.375,21,10,0.6874091511680966,0.6872350573539734,32.904761904761905
835,128,70,0.8840178037062287,0.9079180657863617,40.6171875,14,7,0.9092562964984349,0.9184717535972595,39.5,15,9,0.862039585908254,0.897806704044342,42.333333333333336
836,66,27,0.8221811751524607,0.8726261854171753,39.75757575757576,9,3,0.8266028629408942,0.8179426193237305,42.333333333333336,10,5,0.7090963363647461,0.6770474016666412,35.6
837,135,121,0.7745275938952411,0.8098157048225403,37.474074074074075,11,11,0.8017855503342368,0.8303586840629578,35.36363636363637,24,20,0.7576396080354849,0.762462854385376,38.708333333333336
838,158,58,0.7377092798676672,0.76104536652565,47.24683544303797,12,7,0.6439541429281235,0.6220515668392181,47.833333333333336,35,17,0.6866158017090389,0.6929713487625122,48.48571428571429
839,120,28,0.6879084582130114,0.7033232748508453,40.233333333333334,10,2,0.6361016571521759,0.6064977049827576,47.2,29,7,0.6461897492408752,0.6326841115951538,44.3448275862069
840,61,10,0.7822978398838981,0.7968582510948181,52.0,0,0,,,,16,3,0.7017813008278608,0.723751425743103,57.875
841,191,98,0.6955522461087292,0.7020347714424133,39.21989528795812,24,13,0.6375686228275299,0.611134797334671,39.708333333333336,14,6,0.7154489840779986,0.7529307901859283,39.357142857142854
842,86,26,0.6849777019301126,0.6491678059101105,38.616279069767444,22,8,0.7180521027608351,0.8148153126239777,36.81818181818182,0,0,,,
843,130,21,0.7773372977972031,0.7884764671325684,41.09230769230769,8,2,0.8032915331423283,0.8523148894309998,37.375,68,12,0.7905942714389633,0.84083491563797,40.44117647058823
844,110,14,0.7862593317573721,0.8017642796039581,51.40909090909091,4,1,0.5757892727851868,0.5758558809757233,55.75,7,2,0.5650424105780465,0.5603893995285034,58.42857142857143
845,161,48,0.8451059227404387,0.9125626683235168,49.61490683229814,18,5,0.8315124015013377,0.8691155016422272,51.22222222222222,30,4,0.6847566584746043,0.6432474553585052,49.03333333333333
846,213,74,0.6952593617595977,0.7102864384651184,41.948356807511736,31,11,0.7065645148677211,0.7101500630378723,42.74193548387097,3,3,0.6151204109191895,0.6195036768913269,32.0
847,412,85,0.8495539002916188,0.8815172612667084,44.42718446601942,39,7,0.8713819506840829,0.9123267531394958,45.02564102564103,56,12,0.7005109861493111,0.6856537461280823,52.482142857142854
848,231,198,0.7209960165477934,0.7174036502838135,93.16450216450217,29,25,0.711522024253319,0.7151512503623962,88.93103448275862,121,97,0.7155596741960069,0.7305493950843811,90.6694214876033
849,216,96,0.8612651488295308,0.8802632391452789,48.5787037037037,17,8,0.786231146139257,0.8237500190734863,51.64705882352941,20,10,0.8425431191921234,0.8767370283603668,53.35
850,147,118,0.8438995336594225,0.8637115359306335,39.69387755102041,18,13,0.7941312392552694,0.8244296610355377,36.666666666666664,25,16,0.8195344090461731,0.8660315871238708,41.04
851,187,99,0.7553170570396485,0.78049236536026,55.87700534759358,20,11,0.7434946477413178,0.7875295877456665,58.7,22,12,0.7222559641708027,0.741392195224762,54.68181818181818
852,171,104,0.673749927365989,0.6835792660713196,40.24561403508772,26,14,0.6443749551589673,0.6363306045532227,40.46153846153846,32,16,0.6524619786068797,0.6462558805942535,38.71875
853,233,187,0.706328868098525,0.7120800018310547,54.60944206008584,35,29,0.6891803520066397,0.7004671096801758,57.114285714285714,62,59,0.6895269530434762,0.6945785284042358,57.483870967741936
854,163,25,0.7579363211532312,0.764600396156311,50.263803680981596,18,3,0.6697604076729881,0.7111834287643433,56.05555555555556,115,16,0.6904958434726881,0.6810520887374878,49.52173913043478
855,181,34,0.7284634386636935,0.7347535490989685,43.370165745856355,8,2,0.7439909279346466,0.7808036208152771,46.875,8,2,0.6499998345971107,0.6589041948318481,39.25
856,108,51,0.7824313960693501,0.7909416854381561,49.93518518518518,25,11,0.7425264477729797,0.7240142822265625,45.56,31,13,0.7896583176428272,0.8044962286949158,48.96774193548387
857,104,29,0.8763479194962062,0.8988662958145142,44.54807692307692,14,4,0.8913155708994184,0.9115582704544067,44.642857142857146,57,15,0.8703859992194594,0.8805601596832275,44.8421052631579
858,115,29,0.6815826711447343,0.6656784415245056,45.61739130434783,9,4,0.567012157705095,0.5710914731025696,52.888888888888886,14,9,0.4504748433828354,0.41745784878730774,45.142857142857146
859,178,26,0.8053311938315295,0.830905020236969,42.449438202247194,22,4,0.7537982057441365,0.8114376962184906,39.68181818181818,8,1,0.8379244655370712,0.8500668704509735,40.375
860,69,20,0.7712256679500359,0.7923399209976196,42.768115942028984,0,0,,,,6,2,0.7988867262999216,0.8283135890960693,49.166666666666664
861,242,38,0.7599120950403292,0.7774341404438019,45.888429752066116,27,6,0.6990944743156433,0.7219943404197693,44.48148148148148,38,6,0.7686231669626737,0.7797346711158752,44.60526315789474
862,269,87,0.7955806217672213,0.8249501585960388,45.66542750929368,25,8,0.8445191955566407,0.8772146105766296,44.56,14,6,0.7321890124252864,0.7294223606586456,49.285714285714285
863,143,54,0.703017059739653,0.6994363069534302,34.2027972027972,13,6,0.6368612234409039,0.6055420637130737,40.76923076923077,9,4,0.5465605391396416,0.5311155319213867,36.111111111111114
864,175,62,0.7101653237002237,0.7126628756523132,36.754285714285714,33,11,0.700555322748242,0.6972612142562866,39.09090909090909,19,6,0.6136465919645209,0.6100307703018188,35.89473684210526
865,153,35,0.879606252402262,0.9128743410110474,41.94117647058823,6,2,0.8462451994419098,0.9232133328914642,37.666666666666664,7,2,0.8844826817512512,0.9286207556724548,42.42857142857143
866,133,35,0.6861965526315502,0.6825419664382935,44.203007518796994,9,4,0.7476454377174377,0.7712090611457825,51.77777777777778,9,2,0.7077575325965881,0.7614614367485046,38.888888888888886
867,120,28,0.8207723359266917,0.8481583595275879,48.43333333333333,3,3,0.5641947786013285,0.5868988633155823,31.333333333333332,0,0,,,
868,206,77,0.7157568391955015,0.7250915467739105,49.359223300970875,30,13,0.7015716890494029,0.6878691017627716,48.666666666666664,9,5,0.638401104344262,0.6278414726257324,59.111111111111114
869,197,43,0.8349171161349049,0.8381220698356628,40.53299492385787,23,6,0.7596700243327928,0.7809734344482422,45.43478260869565,0,0,,,
870,77,27,0.6382928331951042,0.6459445357322693,38.5974025974026,2,1,0.502100482583046,0.502100482583046,11.0,6,3,0.5110578934351603,0.5179818868637085,38.166666666666664
871,104,39,0.7564711745541829,0.7446205615997314,37.46153846153846,9,3,0.7384313080045912,0.6992852091789246,35.55555555555556,7,3,0.7231125661305019,0.7414270639419556,39.42857142857143
872,166,163,0.7502103483820536,0.7516712248325348,22.843373493975903,24,23,0.7783077284693718,0.8099895119667053,24.25,11,11,0.6909151104363528,0.6790738105773926,28.363636363636363
873,262,67,0.8621529866265887,0.8870898485183716,40.05725190839695,30,10,0.8700318654378255,0.8921111822128296,38.43333333333333,74,22,0.8697497820532,0.8895567357540131,40.972972972972975
874,48,11,0.7731415803233782,0.8186146914958954,44.583333333333336,4,2,0.5296395272016525,0.5559892356395721,64.25,11,4,0.5828643170270053,0.5766661763191223,56.90909090909091
875,212,36,0.8257759068653269,0.8646419644355774,44.344339622641506,54,8,0.8309302374168679,0.8600715398788452,44.68518518518518,94,15,0.8390443470883877,0.8798786699771881,43.41489361702128
876,66,13,0.819790474393151,0.8639430999755859,53.03030303030303,17,2,0.8185103114913491,0.8134186863899231,58.0,0,0,,,
877,151,22,0.7532181356916364,0.7597205638885498,45.64900662251656,4,1,0.5624026656150818,0.5485275983810425,59.5,2,1,0.6113815009593964,0.6113815009593964,37.5
878,149,57,0.7564013852369065,0.7862203121185303,36.10738255033557,23,8,0.6991220894067184,0.6675752997398376,36.869565217391305,86,31,0.7952040381902872,0.8157876133918762,27.0
879,122,30,0.7222657386885315,0.7311256527900696,45.614754098360656,13,4,0.6385551874454205,0.6267044544219971,46.46153846153846,19,3,0.6714225536898563,0.6550747156143188,45.63157894736842
880,199,59,0.7351175316015081,0.7423352003097534,41.01005025125628,16,7,0.7527674809098244,0.7545404434204102,44.75,7,3,0.7410564933504377,0.7587186694145203,36.0
881,53,8,0.7338108712772153,0.746618390083313,46.62264150943396,0,0,,,,0,0,,,
882,262,82,0.698971436223911,0.7007763683795929,46.8587786259542,43,14,0.6918200060378673,0.6811946630477905,46.95348837209303,46,15,0.707688597233399,0.6876002252101898,49.84782608695652
883,223,54,0.7522620153801324,0.7713379263877869,44.210762331838566,38,11,0.7009308902840865,0.689559280872345,47.0,6,2,0.5491323173046112,0.5332377254962921,35.666666666666664
884,139,30,0.9183256531790863,0.9482831358909608,48.13669064748201,26,6,0.9087899671151087,0.9344273209571838,51.53846153846154,0,0,,,
885,198,88,0.7563365277918902,0.770622730255127,48.04040404040404,18,5,0.7766400443183051,0.7837788164615631,42.666666666666664,12,5,0.6529559592405955,0.6488513946533203,43.416666666666664
886,119,85,0.7215083614617837,0.742859423160553,49.30252100840336,15,13,0.5957887530326843,0.5284425616264343,49.86666666666667,6,4,0.5187770426273346,0.4997009336948395,33.833333333333336
887,105,18,0.7099902079218909,0.7151927947998047,47.2952380952381,23,4,0.7373510378858318,0.7605287432670593,46.21739130434783,30,4,0.7364941934744517,0.7141408920288086,48.63333333333333
888,195,47,0.6708780470566872,0.6547887921333313,44.61538461538461,12,5,0.6441810205578804,0.6179567575454712,42.0,31,10,0.627345314910335,0.6387614607810974,43.58064516129032
889,140,55,0.7182202109268734,0.7026450932025909,46.77857142857143,8,4,0.7411532551050186,0.8160098791122437,53.125,16,8,0.7309316601604223,0.7684774398803711,56.125
890,103,15,0.7761011661835087,0.8170658946037292,46.9126213592233,9,3,0.7709437277581956,0.8386664986610413,51.44444444444444,2,1,0.505964070558548,0.505964070558548,21.0
891,130,62,0.6512842973837486,0.6457626521587372,42.238461538461536,21,10,0.6482855904669989,0.6497034430503845,41.904761904761905,4,2,0.5625306516885757,0.5626422166824341,57.75
892,236,104,0.7735285933239985,0.7853885889053345,28.161016949152543,49,19,0.785074524733485,0.7633358240127563,27.142857142857142,8,5,0.7277300208806992,0.8139528930187225,29.375
893,229,91,0.754852069126987,0.7630099654197693,36.56331877729258,19,9,0.7393812317597238,0.7365392446517944,34.26315789473684,9,4,0.7628071573045518,0.7727086544036865,40.55555555555556
894,242,127,0.8848212467244834,0.9101130962371826,40.28512396694215,26,13,0.878341046663431,0.9146611392498016,40.19230769230769,27,19,0.7730232521339699,0.7616099715232849,45.25925925925926
895,104,27,0.7201925561978266,0.7445808947086334,48.35576923076923,15,4,0.6613808612028758,0.6111013293266296,44.86666666666667,6,4,0.5263944069544474,0.5124848783016205,48.166666666666664
896,164,45,0.7910468760060101,0.7932963073253632,48.91463414634146,12,4,0.7640895048777262,0.7572755217552185,54.0,5,2,0.6285181164741516,0.6272100806236267,46.6
897,126,39,0.7326364396583467,0.7461149096488953,39.70634920634921,15,4,0.7126953879992167,0.6726744771003723,35.06666666666667,3,2,0.5184749762217203,0.5010475516319275,28.0
898,205,47,0.7879609988956917,0.7774649858474731,50.63414634146341,27,3,0.8410919352814004,0.8754925727844238,48.407407407407405,14,4,0.7281299872057778,0.7260615825653076,51.42857142857143
899,139,63,0.7322061250535704,0.7477282881736755,51.97122302158273,18,8,0.764993945757548,0.7937500476837158,51.611111111111114,8,4,0.6347777619957924,0.6523626446723938,51.875
900,107,44,0.7375247531405119,0.7457999587059021,44.10280373831776,13,6,0.7672880360713372,0.86446613073349,44.46153846153846,0,0,,,
901,156,19,0.7720555300131823,0.7903639674186707,47.09615384615385,36,5,0.7763265156083636,0.7900678515434265,44.833333333333336,0,0,,,
902,119,27,0.801623614395366,0.8296414017677307,41.65546218487395,7,2,0.7797199232237679,0.915783941745758,43.285714285714285,6,2,0.6079080601533254,0.5981788635253906,48.5
903,96,34,0.7167913789550463,0.7309145331382751,43.520833333333336,3,1,0.4945899347464244,0.4914538860321045,51.333333333333336,33,13,0.6400724604274287,0.6368898153305054,43.303030303030305
904,126,37,0.7916700267602527,0.810247153043747,39.26190476190476,20,6,0.7800217896699906,0.8017595410346985,36.65,50,14,0.833452787399292,0.8428137004375458,36.22
905,211,33,0.7530185714434673,0.7710368037223816,44.99526066350711,32,4,0.7187210880219936,0.7601543962955475,43.5,60,7,0.7235960036516189,0.7247915863990784,49.18333333333333
906,415,99,0.8330614675958472,0.8380423188209534,48.5710843373494,43,13,0.8299396939055864,0.8255957961082458,45.0,30,5,0.8555209755897522,0.854187935590744,50.43333333333333
907,192,67,0.734210284271588,0.7320347428321838,33.90625,20,10,0.6774037182331085,0.6961835622787476,30.25,50,18,0.7294248485565186,0.732445627450943,35.16
908,86,14,0.799346575903338,0.8229483366012573,51.825581395348834,2,1,0.5631402432918549,0.5631402432918549,59.5,7,3,0.5670387915202549,0.5945903062820435,59.42857142857143
909,122,55,0.7305526472017413,0.7304337918758392,50.41803278688525,10,5,0.7075736045837402,0.7211759984493256,52.7,35,23,0.6536865523883275,0.6354150772094727,52.74285714285714
910,159,104,0.7617676036912691,0.7714905738830566,39.9622641509434,20,11,0.7808605402708053,0.7922947108745575,36.0,0,0,,,
911,150,56,0.7491424506902695,0.761072427034378,41.96,37,12,0.8001168885746518,0.8410784602165222,39.0,8,3,0.6843520104885101,0.7013325095176697,41.875
912,202,57,0.8932438407203939,0.9132128655910492,41.81683168316832,11,5,0.869306125424125,0.8728394508361816,45.09090909090909,14,6,0.9103380782263619,0.9137315452098846,43.07142857142857
913,183,30,0.9105764777282548,0.9283986687660216,34.557377049180324,14,2,0.9230289033481053,0.9256473779678345,33.857142857142854,0,0,,,
914,135,66,0.7544355884746269,0.785888671875,39.762962962962966,13,7,0.7171563597825857,0.7560637593269348,48.30769230769231,30,14,0.7383130927880605,0.7545267045497894,38.9
915,79,21,0.84430204426186,0.8846100568771362,44.164556962025316,8,2,0.90506262332201,0.920823872089386,45.125,5,2,0.8674948811531067,0.9262456893920898,36.8
916,166,83,0.7744051699178764,0.80876025557518,45.234939759036145,12,6,0.808682382106781,0.8338246643543243,45.083333333333336,1,1,0.4015548527240753,0.4015548527240753,44.0
917,69,66,0.9661629726921303,0.982430934906006,53.08695652173913,2,2,0.9845688939094543,0.9845688939094543,55.0,7,6,0.9683649710246495,0.9698095321655272,48.285714285714285
918,198,53,0.8986589049149041,0.9187085330486298,48.676767676767675,16,4,0.8867383226752281,0.904812753200531,48.25,11,3,0.9077128659595143,0.9243276715278624,46.72727272727273
919,78,26,0.6726295921282891,0.6762085556983948,42.76923076923077,3,3,0.5340676705042521,0.5365448594093323,54.0,7,3,0.6461689940520695,0.6889733076095581,32.714285714285715
920,168,51,0.7167438176416215,0.7345412075519562,55.779761904761905,3,1,0.6965377330780029,0.694613516330719,55.0,30,9,0.6385724931955338,0.6545642614364624,61.666666666666664
921,152,42,0.6811744333489945,0.6882005631923676,40.63157894736842,45,12,0.6175123876995511,0.6185591816902161,39.644444444444446,22,4,0.5841309577226639,0.5835640728473663,39.0
922,273,105,0.7143410793590895,0.7268947958946228,35.34065934065934,38,14,0.7275678829142922,0.7170163989067078,33.31578947368421,22,12,0.6482520428570834,0.6685382127761841,39.5
923,158,42,0.698071509788308,0.7068730890750885,51.43037974683544,21,6,0.6645831919851757,0.6925402283668518,52.523809523809526,4,3,0.6190983206033707,0.6257317364215851,32.5
924,125,82,0.6581671571731568,0.6539312601089478,44.256,11,7,0.633747550574216,0.6258735060691833,54.72727272727273,38,23,0.6412111983487481,0.6475091874599457,43.10526315789474
925,308,154,0.8022521603610608,0.8207852840423584,38.607142857142854,36,17,0.7859250919686424,0.8429102301597595,37.02777777777778,44,23,0.754373771223155,0.7755806148052216,37.93181818181818
926,186,29,0.7679035301490497,0.7908279299736023,44.096774193548384,0,0,,,,8,2,0.6466900110244751,0.619591474533081,46.125
927,173,150,0.6479532010637956,0.6384872794151306,54.323699421965316,14,11,0.5573713481426239,0.5508729219436646,51.214285714285715,41,33,0.59886208685433,0.5892557501792908,51.41463414634146
928,233,66,0.8075129706972147,0.8224831819534302,42.64377682403433,14,3,0.7870400888579232,0.7602172791957855,34.857142857142854,8,3,0.6855932399630547,0.6633910834789276,43.5
929,123,41,0.6893114466977314,0.6971926689147949,45.3089430894309,18,7,0.6864634255568186,0.699398934841156,45.833333333333336,84,29,0.6117766637887273,0.6178388893604279,48.166666666666664
930,300,49,0.8575529998540878,0.8748922646045685,40.093333333333334,14,3,0.779441529086658,0.8119803369045258,40.642857142857146,46,7,0.795849718477415,0.7927091121673584,41.41304347826087
931,84,31,0.7975998712437493,0.8863391876220703,36.333333333333336,4,1,0.9388816952705383,0.9384227395057678,27.75,6,2,0.8530602951844534,0.8523346185684204,35.166666666666664
932,180,87,0.7003262435396512,0.7169561386108398,62.15555555555556,20,9,0.6854044944047928,0.7047981023788452,61.05,72,30,0.6674401279952791,0.6838374137878418,61.888888888888886
933,226,112,0.9270909900686383,0.9416417479515076,41.902654867256636,26,13,0.9224051443430094,0.946684718132019,43.80769230769231,16,9,0.8118521943688393,0.799284428358078,53.375
934,188,34,0.8290757793695369,0.8490831851959229,43.1063829787234,17,4,0.7688776640331044,0.8522430658340454,43.8235294117647,35,7,0.6764196302209582,0.7194429039955139,45.97142857142857
935,169,35,0.7235258438530758,0.7355953454971313,44.89940828402367,6,2,0.5294747700293859,0.5368820130825043,39.166666666666664,25,7,0.5677330911159515,0.5688363909721375,57.96
936,83,39,0.7612063008618642,0.7793166041374207,53.30120481927711,15,8,0.6908557931582133,0.6751106381416321,50.06666666666667,7,4,0.6557325891086033,0.6600853204727173,45.285714285714285
937,111,82,0.7031252872836482,0.7047061324119568,30.55855855855856,15,14,0.6968111634254456,0.7151471376419067,23.866666666666667,13,11,0.6560749594981854,0.6643943786621094,30.153846153846153
938,130,41,0.8067368152049872,0.81864994764328,47.80769230769231,22,5,0.8107941069386222,0.8326855599880219,48.0,1,1,0.5571314096450806,0.5571314096450806,14.0
939,165,83,0.7673326867999453,0.7876962423324585,47.666666666666664,14,9,0.7317252244268145,0.7240224480628967,49.42857142857143,33,17,0.7484891306270253,0.7447642087936401,53.78787878787879
940,164,107,0.7023955447281279,0.7117734849452972,45.65243902439025,17,11,0.673376507618848,0.6862180233001709,45.8235294117647,18,11,0.6827898522218069,0.6880832016468048,45.611111111111114
941,136,50,0.8581419269389966,0.8964621722698212,34.029411764705884,19,7,0.8077690162156758,0.8781712651252747,31.68421052631579,31,13,0.706887076939306,0.7417241930961609,41.483870967741936
942,190,40,0.7429037222736761,0.7583518028259277,44.34736842105263,24,4,0.6827912554144859,0.6043323278427124,40.083333333333336,0,0,,,
943,76,15,0.8248573737709146,0.8601129949092865,44.63157894736842,8,1,0.831894651055336,0.8372841775417328,43.0,0,0,,,
944,169,90,0.8320602538317619,0.8472546339035034,41.84023668639053,20,11,0.7679183036088943,0.8073409199714661,44.45,27,14,0.8222493485168174,0.8299268484115601,43.111111111111114
945,272,88,0.867525456363664,0.8839163184165955,48.099264705882355,23,8,0.8557708470717721,0.8881365656852722,48.56521739130435,24,8,0.7862886227667332,0.8355514407157898,55.208333333333336
946,174,36,0.8199664320068798,0.8326934278011322,49.1551724137931,18,3,0.8255627618895637,0.8351396024227142,51.55555555555556,0,0,,,
947,142,22,0.745874392314696,0.7751704752445221,42.54929577464789,20,3,0.7535829216241836,0.7694328427314758,42.65,62,12,0.7346233821684315,0.7599816620349884,45.354838709677416
948,64,33,0.597559901420027,0.5865756273269653,39.34375,1,1,0.4982993304729461,0.4982993304729461,46.0,2,2,0.6068322360515594,0.6068322360515594,40.0
949,224,58,0.7992845189624599,0.8407699167728424,38.629464285714285,7,2,0.7604621478489467,0.8139144778251648,38.0,25,9,0.6414143717288971,0.6573303937911987,41.36
950,176,173,0.7358693558384072,0.7486832439899445,34.16477272727273,20,20,0.7648335963487625,0.7698228657245636,31.45,23,23,0.7031295804873757,0.7636711001396179,35.34782608695652
951,192,67,0.8233990886559089,0.8424299657344818,49.15625,20,8,0.8254435628652572,0.8388630449771881,48.55,10,4,0.7651191055774689,0.8080775141716003,49.1
952,212,37,0.8035437120300419,0.8350684344768524,41.90094339622642,33,5,0.7773647037419406,0.8003555536270142,41.06060606060606,0,0,,,
953,352,53,0.8982759850438345,0.9201244115829468,36.22443181818182,25,4,0.8966109442710877,0.9096369743347168,39.28,7,1,0.7447735667228699,0.7358089089393616,43.57142857142857
954,222,116,0.6837098974365372,0.6940910518169403,42.409909909909906,47,23,0.6594255192482725,0.6646469235420227,43.02127659574468,24,11,0.6398535470167795,0.6368181705474854,39.875
955,91,90,0.7279866665274233,0.7323513031005859,19.791208791208792,9,9,0.7010056906276279,0.721357524394989,26.22222222222222,1,1,0.4981513321399688,0.4981513321399688,5.0
956,59,15,0.8174462116370766,0.8405458331108093,41.54237288135593,0,0,,,,4,1,0.7203394919633865,0.7198657989501953,40.25
957,212,209,0.7180261278771004,0.7263554036617279,33.0188679245283,18,18,0.6777111324999068,0.650276780128479,32.111111111111114,29,28,0.7075478783969221,0.7093778848648071,32.93103448275862
958,84,20,0.7037550920531863,0.7105312645435333,41.69047619047619,17,6,0.6418315172195435,0.6494995951652527,47.05882352941177,10,3,0.6596090734004975,0.6594301164150238,37.6
959,80,50,0.828876668959856,0.8418740034103394,37.1125,14,10,0.8123818380492074,0.8346426486968994,37.857142857142854,11,8,0.7928770509633151,0.8042370676994324,43.09090909090909
960,182,53,0.7642172363760708,0.7948212921619415,38.5989010989011,19,6,0.839543900991741,0.8888236284255981,40.8421052631579,8,3,0.7966451719403267,0.9082776606082916,45.875
961,134,32,0.7672066879806234,0.7828968465328217,56.25373134328358,15,3,0.6683804293473562,0.6523804068565369,51.06666666666667,27,7,0.7368189714573048,0.754890501499176,57.51851851851852
962,178,42,0.8300203088294255,0.8850306272506714,41.08988764044944,11,3,0.8843714594841003,0.906643807888031,41.09090909090909,13,3,0.8502256503471961,0.8676886558532715,43.53846153846154
963,104,26,0.8267028228594706,0.8324862718582153,42.83653846153846,6,3,0.6791490316390991,0.7184320688247681,52.166666666666664,40,10,0.7274239495396614,0.7716162800788879,47.25
964,398,131,0.835889449970207,0.8533158600330353,40.321608040201006,39,14,0.8346443374951681,0.8543255925178528,39.23076923076923,0,0,,,
965,100,11,0.8701149100065231,0.8834105134010315,47.05,18,2,0.8742805752489302,0.8800360560417175,46.77777777777778,30,4,0.8073699037233989,0.8115814924240112,45.13333333333333
966,108,34,0.7262211629637966,0.7284946739673615,39.7037037037037,9,3,0.7198591629664103,0.7340103387832642,39.111111111111114,5,2,0.5404478371143341,0.5576871633529663,39.8
967,169,164,0.6159790616769057,0.6222391128540039,55.62721893491124,23,21,0.6071606744890627,0.6115488409996033,60.82608695652174,40,38,0.5819544240832328,0.5559124648571014,65.975
968,143,77,0.7618240061756614,0.7976725101470947,48.74125874125874,11,6,0.7945929657329213,0.8480640053749084,47.63636363636363,8,5,0.568032830953598,0.5678179264068604,58.75
969,19,5,0.8274941507138704,0.90764319896698,41.10526315789474,0,0,,,,0,0,,,
970,130,48,0.7360634143535908,0.7243219912052155,40.12307692307692,26,8,0.6382755121359458,0.6549063324928284,34.30769230769231,14,4,0.7234865256718227,0.7360429763793945,42.785714285714285
971,93,34,0.6501350688037052,0.6469959616661072,37.204301075268816,10,4,0.6479063868522644,0.6638283133506775,30.7,23,8,0.6984152016432389,0.7035930752754211,39.30434782608695
972,100,33,0.7297931069135666,0.7486175894737244,37.02,19,6,0.7119180622853731,0.7221376299858093,37.36842105263158,5,2,0.5940437555313111,0.6130659580230713,37.8
973,206,30,0.7468263038153787,0.7573025524616241,47.63106796116505,0,0,,,,28,4,0.7772547368492398,0.8292153775691986,49.392857142857146
974,70,68,0.7353358047349112,0.7608395516872406,42.628571428571426,7,7,0.7139854899474553,0.7152000069618225,39.285714285714285,11,11,0.7485963864759966,0.769356369972229,41.72727272727273
975,33,6,0.8353013107270906,0.8481011390686035,63.15151515151515,0,0,,,,5,3,0.5036142230033874,0.5310239791870117,51.4
976,178,34,0.7087705885426382,0.7152293622493744,48.837078651685395,4,3,0.4149306416511535,0.44409340620040894,61.75,16,6,0.6986586973071098,0.7551505863666534,49.5625
977,146,37,0.8016828298568726,0.8274784684181213,48.06849315068493,19,4,0.8072872444203025,0.8243024349212646,48.10526315789474,5,1,0.8068442940711975,0.8593933582305908,46.8
978,138,24,0.6929255955029225,0.6868921518325806,49.369565217391305,8,4,0.46506644412875175,0.45549508929252625,41.0,24,6,0.6661789665619532,0.6655966937541962,48.75
979,122,15,0.7755343445011826,0.7895951867103577,49.99180327868852,10,1,0.7955275177955627,0.7991571128368378,50.0,0,0,,,
980,154,125,0.7405406890751479,0.7397455871105194,18.844155844155843,32,22,0.6921678222715855,0.6774025559425354,18.0625,16,14,0.7147188186645508,0.7221184074878693,17.5625
981,168,60,0.9498771439705577,0.9550579488277435,47.666666666666664,13,4,0.9576005981518672,0.97188138961792,45.15384615384615,67,23,0.9353318765981874,0.9514985084533693,47.701492537313435
982,78,13,0.8078272732404562,0.8270565867424011,44.03846153846154,0,0,,,,93,13,0.7876522774978351,0.8164457082748413,47.31182795698925
983,174,42,0.7225365231091949,0.7257850170135498,43.08045977011494,8,3,0.6780951917171478,0.6735608279705048,40.875,11,5,0.6817362362688238,0.7081809639930725,41.09090909090909
984,81,32,0.8091059525807699,0.8596241474151611,42.370370370370374,8,5,0.7478210031986237,0.7288257479667664,44.75,13,5,0.8005172426883991,0.8301417231559753,48.84615384615385
985,142,135,0.6418869526873172,0.6316993832588196,47.190140845070424,27,23,0.6396839276508048,0.6515530943870544,40.851851851851855,25,22,0.6367258822917938,0.6211907863616943,45.48
986,114,24,0.7412224166225969,0.7485726475715637,46.36842105263158,7,1,0.7684820634978158,0.8121007680892944,37.857142857142854,23,5,0.6032583726489026,0.6094235777854919,45.73913043478261
987,85,19,0.8360496457885294,0.8547711372375488,43.64705882352941,17,4,0.8687968639766469,0.875782310962677,44.411764705882355,7,3,0.7766661047935486,0.8832273483276367,39.57142857142857
988,177,114,0.6653113254046036,0.6742435693740845,49.23163841807909,28,15,0.6190690781388964,0.6345828175544739,48.75,90,57,0.6357301536533567,0.6269863843917847,47.74444444444445
989,153,41,0.8359052605099149,0.8632877469062805,37.44444444444444,9,4,0.8337966336144341,0.8936497569084167,38.888888888888886,25,7,0.7849124634265899,0.8863496780395508,39.88
990,221,98,0.8316618468427011,0.8647525906562805,37.39366515837104,29,13,0.8348176910959441,0.898586630821228,40.55172413793103,1,1,0.767128050327301,0.767128050327301,66.0
991,121,20,0.8484672559194328,0.8840650320053101,45.12396694214876,4,2,0.6103389710187912,0.6119617521762848,58.75,29,5,0.8392571077264589,0.9029091596603394,46.55172413793103
992,120,37,0.6409309292833011,0.6368128657341003,41.291666666666664,33,8,0.631803319309697,0.641208827495575,42.484848484848484,15,5,0.5854642232259114,0.5888485312461853,41.86666666666667
993,149,50,0.9358222504590181,0.9483581781387328,40.557046979865774,15,5,0.9354965249697368,0.9331748485565186,39.46666666666667,0,0,,,
994,129,23,0.7062032749486524,0.7059106826782227,53.21705426356589,29,6,0.6681340141543026,0.6956074237823486,53.55172413793103,13,5,0.6789263853659997,0.7031466364860535,50.15384615384615
995,182,53,0.7283998434687708,0.7411673367023468,43.027472527472526,29,7,0.7632972824162451,0.7537491321563721,39.10344827586207,23,6,0.6933498602846394,0.7070420980453491,47.21739130434783
996,37,7,0.7233968361003978,0.7210597991943359,51.08108108108108,0,0,,,,0,0,,,
997,199,68,0.7428237589160401,0.7676461935043335,34.562814070351756,50,14,0.7411496365070342,0.7528170943260193,39.26,38,13,0.7482110167804518,0.7545462548732758,31.736842105263158
998,156,57,0.7694337990803596,0.7906017005443573,37.0,23,10,0.7352994097315747,0.7442177534103394,36.0,2,2,0.5153706669807434,0.5153706669807434,26.5
999,168,70,0.7477710239944004,0.7580412030220032,39.00595238095238,27,11,0.7474785093907956,0.7842754125595093,42.148148148148145,1,1,0.677187442779541,0.677187442779541,73.0
1000,249,110,0.8176990103530117,0.8489497900009155,39.963855421686745,25,12,0.8061100649833679,0.8438332080841064,47.04,95,27,0.7535137690995869,0.7616904377937317,46.56842105263158
1001,162,45,0.7949058369353965,0.8433831036090851,39.10493827160494,7,2,0.9247945461954389,0.924810826778412,34.857142857142854,16,5,0.8074670024216175,0.8656169474124908,33.125
1002,72,24,0.7052105060882039,0.7013726830482483,43.763888888888886,11,5,0.633044649254192,0.680087149143219,42.09090909090909,11,4,0.5637799176302823,0.5764768719673157,40.09090909090909
1003,63,33,0.6935839151579236,0.7144986987113953,38.79365079365079,11,6,0.660567890514027,0.6233417987823486,38.36363636363637,0,0,,,
1004,59,8,0.68726615178383,0.6854848861694336,48.47457627118644,0,0,,,,10,1,0.7075428366661072,0.6859507262706757,50.6
1005,312,99,0.7890351684047625,0.8094950318336487,43.52884615384615,34,11,0.7950949546168832,0.7949460744857788,42.411764705882355,32,10,0.7792431656271219,0.7957613170146942,45.34375
1006,122,22,0.7657476495035359,0.7694495916366577,41.557377049180324,6,1,0.8256953060626984,0.8371908962726593,47.5,15,2,0.7770872910817465,0.7842482924461365,45.6
1007,64,18,0.708526860922575,0.690985381603241,44.515625,17,4,0.5910052569473491,0.594706654548645,38.94117647058823,3,2,0.585418701171875,0.5920082330703735,48.666666666666664
1008,117,64,0.6945392015652779,0.7126078009605408,32.965811965811966,7,3,0.727266115801675,0.7814896702766418,27.428571428571427,20,14,0.6487061992287636,0.6419323980808258,31.05
1009,114,26,0.6919455520416561,0.6988656520843506,50.56140350877193,5,3,0.5159333169460296,0.5216994881629944,64.8,42,14,0.6308012462797619,0.6331759691238403,48.476190476190474
1010,202,46,0.7612361007987862,0.7648454308509827,40.757425742574256,19,5,0.7668735698649758,0.8079189658164978,36.94736842105263,48,12,0.7591179100175699,0.7810862064361572,44.020833333333336
1011,251,69,0.7469439404419219,0.7583947777748108,43.82470119521912,20,7,0.6675235509872437,0.6832486987113953,44.1,73,19,0.7388852646906082,0.7421858310699463,45.95890410958904
1012,58,22,0.7606919161204634,0.811611145734787,39.810344827586206,17,6,0.7784044602338005,0.8223065733909607,39.529411764705884,9,4,0.6961955428123474,0.6522523164749146,49.333333333333336
1013,224,223,0.7279148471674749,0.7308438718318939,37.49107142857143,25,25,0.6986985969543457,0.6827147603034973,36.6,14,14,0.6746290326118469,0.6777414381504059,35.214285714285715
1014,68,67,0.8578459221650573,0.907691091299057,34.794117647058826,9,9,0.8686814506848654,0.9173978567123412,37.77777777777778,12,12,0.7983142832914988,0.8284322023391724,40.333333333333336
1015,171,70,0.7189780658448649,0.7089279294013977,44.461988304093566,9,3,0.7331963115268283,0.7410838603973389,36.77777777777778,23,12,0.6540919905123503,0.6515782475471497,48.69565217391305
1016,209,201,0.7004652120279924,0.7004278898239136,61.78947368421053,25,23,0.6842552733421325,0.6746992468833923,64.0,52,51,0.668244199684033,0.6759288311004639,63.96153846153846
1017,251,96,0.8734193282773295,0.8906216621398926,39.95617529880478,26,11,0.8278715381255517,0.8500140607357025,41.76923076923077,29,12,0.8855793208911501,0.8978961110115051,42.3448275862069
1018,64,31,0.8451532977633178,0.8697942793369293,55.328125,2,2,0.8261128664016724,0.8261128664016724,76.0,4,3,0.7560214400291443,0.8060748875141144,53.5
1019,140,21,0.8596023993832724,0.8698432147502899,38.66428571428571,8,2,0.784254040569067,0.8362119793891907,41.5,7,1,0.8636734655925206,0.8886074423789978,38.714285714285715
1020,158,85,0.8338276700505728,0.8713710606098175,41.20886075949367,20,12,0.8067696541547775,0.844656229019165,42.75,11,6,0.791322488676418,0.8326379060745239,41.27272727272727
1021,26,4,0.7994858783025008,0.8130460381507874,48.46153846153846,0,0,,,,9,2,0.7905681729316711,0.7994866967201233,52.44444444444444
1022,63,16,0.713717078878766,0.6995131373405457,41.53968253968254,6,2,0.7154301702976227,0.7206746935844421,40.833333333333336,12,4,0.6026474485794703,0.6418653726577759,40.416666666666664
1023,230,225,0.7884584110716115,0.8065515458583832,29.47826086956522,21,21,0.798444770631336,0.8068495988845825,30.428571428571427,39,39,0.7597043116887411,0.7866458892822266,28.128205128205128
