unit_cluster_id,n_function_terms,top_go_term,top_go_name,top_qval,top_term_precision,go_terms,train_n_segments,train_n_proteins,train_mean_assign_sim,train_median_assign_sim,train_mean_residues_assigned,valid_n_segments,valid_n_proteins,valid_mean_assign_sim,valid_median_assign_sim,valid_mean_residues_assigned,test_n_segments,test_n_proteins,test_mean_assign_sim,test_median_assign_sim,test_mean_residues_assigned
0,9,GO:0004553,,6.815438179441822e-148,0.8828125,GO:0004553|GO:0016798|GO:0097599|GO:0015926|GO:0008810|GO:0015925|GO:0015929|GO:0008061|GO:0030247,520,128,0.8876253243822317,0.8996106386184692,34.05384615384615,69,18,0.8806874207828356,0.8891342282295227,34.666666666666664,7,3,0.7591711027281625,0.7792502641677856,38.714285714285715
1,0,,,,,,47,7,0.7187600700145073,0.6911177635192871,34.702127659574465,2,2,0.5553972125053406,0.5553972125053406,29.5,2,2,0.5339834690093994,0.5339834690093994,41.0
2,4,GO:0004553,,7.363660253416645e-19,0.7083333333333334,GO:0004553|GO:0016798|GO:0008810|GO:0016811,257,24,0.8792195025585041,0.9224866628646852,36.45136186770428,36,3,0.9419115864568286,0.9425432682037354,36.111111111111114,2,1,0.6475841104984283,0.6475841104984283,30.5
3,10,GO:0016779,,0.0004368297737417,0.09090909090909091,GO:0016779|GO:0051213|GO:0004197|GO:0016705|GO:0008234|GO:0000287|GO:0015079|GO:0019829|GO:0016746|GO:0046527,142,99,0.6731392082194207,0.6807622611522675,37.0,19,16,0.6451972785748934,0.6401918530464172,32.36842105263158,22,18,0.63681976090778,0.6309329569339752,36.40909090909091
4,10,GO:0030170,,1.0931524830742332e-209,0.8053691275167785,GO:0030170|GO:0070279|GO:0019842|GO:0008483|GO:0016769|GO:0016742|GO:0016831|GO:0016741|GO:0016830|GO:0016829,149,149,0.8348734496823893,0.8616697192192078,24.328859060402685,15,14,0.7793900370597839,0.8287305235862732,25.8,19,19,0.7924994261641252,0.8148512840270996,23.894736842105264
5,10,GO:0003700,,7.335818448458671e-09,0.16326530612244897,GO:0003700|GO:0140110|GO:0051536|GO:0051540|GO:0016651|GO:0003677|GO:0051537|GO:0043565|GO:0051539|GO:0008121,232,98,0.7482586187021486,0.7591406404972076,38.224137931034484,31,18,0.7250818398690992,0.7323250770568848,36.354838709677416,26,13,0.7348979596908276,0.742571622133255,37.65384615384615
6,7,GO:0016790,,5.620776501104419e-36,0.2441860465116279,GO:0016790|GO:0016788|GO:0019239|GO:0000287|GO:0016772|GO:0005507|GO:0004549,228,86,0.7540590986609459,0.7664595246315002,39.530701754385966,13,6,0.7546113087580755,0.7744524478912354,43.0,14,5,0.7363272947924477,0.7546884119510651,41.285714285714285
7,10,GO:0016757,,7.62260506194121e-06,0.11494252873563218,GO:0016757|GO:0016758|GO:0016614|GO:0016782|GO:0016616|GO:0004033|GO:0016701|GO:0016829|GO:0016903|GO:0016741,136,87,0.6751011009601986,0.6764521598815918,43.0514705882353,13,8,0.6465215407885038,0.6385952830314636,36.23076923076923,21,10,0.6418404721078419,0.6660341620445251,40.95238095238095
8,10,GO:0003677,,8.954552212942387e-20,0.6511627906976745,GO:0003677|GO:0000976|GO:0001067|GO:0003700|GO:1990837|GO:0140110|GO:0003690|GO:0043565|GO:0060089|GO:0042802,115,43,0.7260024241779162,0.7548720836639404,34.208695652173915,7,3,0.7270928791591099,0.7551572918891907,35.0,10,5,0.5969999253749847,0.605946809053421,32.7
9,6,GO:0052689,,8.475464611547108e-26,0.4523809523809524,GO:0052689|GO:0016788|GO:0019213|GO:0016811|GO:0016298|GO:0008374,285,42,0.7418152808097371,0.7558635473251343,34.424561403508775,2,2,0.6451779305934906,0.6451779305934906,48.5,46,7,0.672870256330656,0.6984727382659912,33.91304347826087
10,10,GO:0019825,,0.0,0.8963414634146342,GO:0019825|GO:0005344|GO:0020037|GO:0046906|GO:0005215|GO:0005506|GO:0046914|GO:0004601|GO:0016684|GO:0016209,191,164,0.888326025446048,0.917937695980072,45.12041884816754,26,21,0.876214515704375,0.9039328396320342,43.80769230769231,14,13,0.855986876147134,0.880390077829361,44.92857142857143
11,10,GO:0019843,,1.4200965977177573e-06,0.09482758620689655,GO:0019843|GO:0003916|GO:0003723|GO:0005198|GO:0016853|GO:0018024|GO:0016278|GO:0016279|GO:0042054|GO:0051287,267,116,0.7365386707059453,0.7589691877365112,35.59550561797753,35,15,0.7449580805642264,0.753054141998291,35.142857142857146,32,16,0.6998624317348003,0.7123795747756958,36.375
12,10,GO:0016301,,1.6462549553225072e-15,0.8666666666666667,GO:0016301|GO:0016772|GO:0016773|GO:0005524|GO:0032559|GO:0030554|GO:0035639|GO:0032555|GO:0017076|GO:0032553,100,15,0.8582320654392243,0.8700422644615173,34.38,16,2,0.8452650681138039,0.8992201685905457,34.8125,16,3,0.6212550960481167,0.5818268656730652,32.5625
13,10,GO:0045296,,6.05995641628794e-08,0.052083333333333336,GO:0045296|GO:0005262|GO:0015085|GO:0050839|GO:0046873|GO:0031369|GO:0005216|GO:0015318|GO:0017056|GO:0015075,199,96,0.7419437474042327,0.7511211633682251,38.688442211055275,24,12,0.7257210736473402,0.719830334186554,37.916666666666664,92,47,0.7295976287644842,0.730902224779129,38.858695652173914
14,10,GO:0004714,,1.9546130205538527e-29,0.5,GO:0004714|GO:0019199|GO:0004713|GO:0004888|GO:0004672|GO:0038023|GO:0060089|GO:0016773|GO:0016301|GO:0016772,88,28,0.7717086950486357,0.7767760753631592,40.29545454545455,20,5,0.7628304958343506,0.7837418615818024,36.2,3,2,0.6908068656921387,0.6868319511413574,53.333333333333336
15,10,GO:0008092,,1.952484765972472e-06,0.09375,GO:0008092|GO:0005509|GO:0045296|GO:0060589|GO:0051015|GO:0005096|GO:0005543|GO:0030695|GO:0008047|GO:0004842,331,128,0.7848892570262229,0.7945067882537842,32.58912386706949,50,20,0.7967407464981079,0.8080787062644958,32.28,28,15,0.7510934174060822,0.7611442804336548,30.321428571428573
16,10,GO:0008235,,2.7707207696290974e-19,0.43478260869565216,GO:0008235|GO:0004180|GO:0008238|GO:0008237|GO:0008270|GO:0070011|GO:0008233|GO:0046914|GO:0140096|GO:0052689,192,23,0.7774849086999893,0.7999634146690369,35.036458333333336,28,5,0.7943816930055618,0.8070073425769806,34.0,15,2,0.6664925535519918,0.7015900015830994,36.13333333333333
17,10,GO:0016829,,1.399383561967418e-26,0.3652173913043478,GO:0016829|GO:0016830|GO:0016832|GO:0016765|GO:0016861|GO:0016860|GO:0016833|GO:0016836|GO:0016853|GO:0016835,382,115,0.839354185221707,0.8547606766223907,34.19109947643979,36,14,0.8370822535620795,0.8522030711174011,36.75,8,4,0.8458178862929344,0.8408305048942566,39.375
18,2,GO:0004553,,7.247326233169978e-06,0.5454545454545454,GO:0004553|GO:0016798,83,11,0.8576692299670484,0.8885124325752258,39.975903614457835,37,6,0.8254577130884737,0.8767262101173401,39.91891891891892,0,0,,,
19,7,GO:0004869,,0.0012128839146058,0.023952095808383235,GO:0004869|GO:0099094|GO:0005249|GO:0022843|GO:0005267|GO:0005244|GO:0022832,198,167,0.6864870694851635,0.687450647354126,37.25252525252525,32,25,0.6879707900807261,0.6829530894756317,37.28125,34,28,0.6692439764738083,0.6743810772895813,38.529411764705884
20,6,GO:0003779,,3.385508536110891e-11,0.18333333333333332,GO:0003779|GO:0008092|GO:0005543|GO:0035091|GO:0008289|GO:0003677,170,60,0.734728477807606,0.746735006570816,31.305882352941175,25,8,0.74198561668396,0.7653995752334595,30.32,28,10,0.7118597169007573,0.7412431240081787,29.428571428571427
21,3,GO:0016788,,6.058184925917963e-05,0.34615384615384615,GO:0016788|GO:0016836|GO:0016835,185,26,0.7085312679007246,0.7151349186897278,35.85945945945946,31,6,0.7667393799751036,0.7776141166687012,37.45161290322581,0,0,,,
22,7,GO:0016168,,1.016050329258377e-18,0.5714285714285714,GO:0016168|GO:0051539|GO:0051536|GO:0051540|GO:0046906|GO:0009055|GO:0000287,88,14,0.7770050188357179,0.7822286486625671,36.69318181818182,7,1,0.8192224672862461,0.8190972208976746,35.857142857142854,1,1,0.5916090607643127,0.5916090607643127,33.0
23,9,GO:0004553,,4.0739584801461845e-41,0.7115384615384616,GO:0004553|GO:0016798|GO:0015925|GO:0008422|GO:0015926|GO:0030246|GO:0015929|GO:0010181|GO:0051539,243,52,0.8257472252649535,0.8453313708305359,38.60493827160494,29,10,0.7880504665703609,0.7746583223342896,37.13793103448276,36,8,0.7751478006442388,0.7573944330215454,38.138888888888886
24,9,GO:0008137,,0.0001691739156667,0.0684931506849315,GO:0008137|GO:0050136|GO:0003954|GO:0016655|GO:0004185|GO:0070008|GO:0016651|GO:0004180|GO:0019904,117,73,0.6665028603667886,0.6711486577987671,29.376068376068375,16,9,0.7693022154271603,0.7999602854251862,27.9375,10,7,0.6080601960420609,0.6254641115665436,29.4
25,10,GO:0016868,,4.9644016180409435e-20,0.22448979591836735,GO:0016868|GO:0016866|GO:0016853|GO:0016788|GO:0016791|GO:0052689|GO:0042578|GO:0019239|GO:0016861|GO:0004527,214,49,0.7289793307536117,0.7101552784442902,33.9392523364486,17,5,0.6253590022816378,0.6427123546600342,33.05882352941177,31,5,0.7468973417435923,0.8177326321601868,32.935483870967744
26,5,GO:0016757,,1.2729949250625629e-42,0.47297297297297297,GO:0016757|GO:0016763|GO:0016811|GO:0016810|GO:0000287,163,74,0.7632516044780521,0.7738829851150513,36.75460122699386,16,6,0.752203568816185,0.7576552033424377,34.0625,11,6,0.7165156494487416,0.74139404296875,38.36363636363637
27,10,GO:0016741,,7.184127483925143e-27,0.32673267326732675,GO:0016741|GO:0008173|GO:0008168|GO:0008649|GO:0008757|GO:0140098|GO:0140102|GO:0008170|GO:0003677|GO:0008175,270,101,0.7597609979135019,0.7679419815540314,34.818518518518516,28,14,0.6994962436812264,0.7060277760028839,33.857142857142854,14,8,0.7467595679419381,0.7147400975227356,36.357142857142854
28,1,GO:0016831,,0.0254151775127142,0.18181818181818182,GO:0016831,57,11,0.6983258807868288,0.7345132827758789,32.96491228070175,6,2,0.6950903534889221,0.6841756105422974,28.166666666666668,12,2,0.6450860102971395,0.6525228023529053,35.083333333333336
29,10,GO:0015075,,4.132837013553309e-26,0.23972602739726026,GO:0015075|GO:0022857|GO:0015318|GO:0022890|GO:0005215|GO:0008324|GO:0015077|GO:0005216|GO:0015267|GO:0022803,168,146,0.857366052766641,0.9024134874343872,27.535714285714285,16,14,0.9052593000233173,0.9403107762336731,24.25,20,19,0.8825684636831284,0.939387321472168,27.55
30,10,GO:0050660,,3.796708663093687e-05,0.07142857142857142,GO:0050660|GO:0032559|GO:0030554|GO:0022857|GO:0005216|GO:0016830|GO:0015318|GO:0005524|GO:0015075|GO:0097367,156,154,0.7869296196179513,0.8035180270671844,38.30128205128205,23,23,0.7678522778593976,0.7686614990234375,36.52173913043478,37,36,0.8019238903715804,0.8192030191421509,41.027027027027025
31,10,GO:0042626,,8.858093096170394e-08,0.1276595744680851,GO:0042626|GO:0015399|GO:0022804|GO:0042625|GO:0015103|GO:0008509|GO:0022853|GO:0022857|GO:0016884|GO:0005215,156,47,0.7933702184221684,0.8293637931346893,31.71153846153846,9,4,0.6421684788333045,0.6856803297996521,31.444444444444443,19,4,0.6574503999007376,0.648801326751709,31.68421052631579
32,10,GO:0016874,,9.21784441178389e-40,0.5303030303030303,GO:0016874|GO:0004812|GO:0016875|GO:0140101|GO:0005524|GO:0032559|GO:0030554|GO:0035639|GO:0032555|GO:0017076,244,66,0.7272624253738121,0.7251609265804291,36.47950819672131,10,4,0.6536404907703399,0.6512903571128845,34.9,44,14,0.7195672677321867,0.7335988581180573,36.68181818181818
33,10,GO:0005524,,1.4306398827161244e-06,0.625,GO:0005524|GO:0032559|GO:0030554|GO:0035639|GO:0032555|GO:0017076|GO:0032553|GO:0016887|GO:0097367|GO:0003918,108,16,0.7900009249095563,0.7959060668945312,35.49074074074074,2,2,0.7141445875167847,0.7141445875167847,31.0,19,4,0.618104056308144,0.6283532381057739,37.36842105263158
34,4,GO:0016830,,1.2711987622410283e-09,0.6363636363636364,GO:0016830|GO:0140097|GO:0016829|GO:0003677,133,11,0.7202519772196174,0.7236363887786865,36.721804511278194,12,1,0.7185030380884806,0.72467240691185,37.0,53,6,0.6736921459998725,0.697790265083313,34.9622641509434
35,10,GO:0004553,,1.4479875926949816e-13,0.2857142857142857,GO:0004553|GO:0004308|GO:0016997|GO:0016798|GO:0046789|GO:0046812|GO:0016702|GO:0016701|GO:0051213|GO:0016661,261,77,0.8232937432340278,0.8420455455780029,36.35249042145594,35,10,0.7997860278402056,0.8241859674453735,37.22857142857143,29,13,0.7253281063046949,0.7299070358276367,30.724137931034484
36,10,GO:0005507,,1.415361803816074e-15,0.10240963855421686,GO:0005507|GO:0030247|GO:0030246|GO:0009055|GO:0003779|GO:0042803|GO:0008092|GO:0038023|GO:0060089|GO:0003697,379,166,0.8232849056299255,0.850485622882843,39.7467018469657,50,23,0.8223585367202759,0.833090215921402,43.58,14,7,0.7573316948754447,0.7492166459560394,37.5
37,10,GO:0008238,,3.593976310166112e-10,0.3076923076923077,GO:0008238|GO:0004177|GO:0030145|GO:0070011|GO:0008233|GO:0008237|GO:0046914|GO:0140096|GO:0008235|GO:0016757,142,26,0.6515251314136344,0.6441020667552948,36.443661971830984,7,2,0.5972925169127328,0.5803729891777039,39.142857142857146,23,6,0.6089433224304862,0.6009927988052368,37.91304347826087
38,10,GO:0008092,,9.561068304006514e-05,0.07751937984496124,GO:0008092|GO:0003779|GO:0003723|GO:0003729|GO:0060090|GO:0004842|GO:0019787|GO:0005125|GO:0030546|GO:0048018,129,129,0.7021970129752344,0.7194287776947021,12.635658914728682,12,12,0.6791451598207155,0.6721616089344025,10.333333333333334,8,8,0.746179886162281,0.7667241990566254,12.125
39,10,GO:0016757,,2.356188785401002e-12,0.2112676056338028,GO:0016757|GO:0016763|GO:0016407|GO:0008374|GO:0016746|GO:0048029|GO:0016747|GO:0016705|GO:0051213|GO:0008080,301,71,0.7299369301312786,0.7353129386901855,33.29568106312292,42,13,0.7030624541498366,0.7148933708667755,34.714285714285715,26,6,0.7225168553682474,0.7498232126235962,34.57692307692308
40,8,GO:0004112,,2.696914268776797e-45,0.3188405797101449,GO:0004112|GO:0008081|GO:0042578|GO:0004659|GO:0016788|GO:0016765|GO:0016702|GO:0016701,362,69,0.8465437134985108,0.8679899871349335,34.850828729281766,63,10,0.8552483698678395,0.8809925317764282,35.34920634920635,20,5,0.786966747045517,0.789748877286911,34.6
41,5,GO:0047661,,8.028110108664195e-32,0.8666666666666667,GO:0047661|GO:0036361|GO:0016855|GO:0016854|GO:0016853,90,15,0.7725816594229804,0.7809189260005951,34.28888888888889,0,0,,,,1,1,0.642584502696991,0.642584502696991,22.0
42,10,GO:0005509,,6.997659308840127e-26,0.28448275862068967,GO:0005509|GO:0008061|GO:0008270|GO:0004866|GO:0061135|GO:0030414|GO:0061134|GO:0038023|GO:0060089|GO:0004867,194,116,0.7920070186103743,0.8108488321304321,27.551546391752577,26,16,0.7823418080806732,0.8075685501098633,26.76923076923077,16,10,0.6974992491304874,0.6985257267951965,29.25
43,10,GO:0032559,,6.2432277271577e-97,0.905982905982906,GO:0032559|GO:0030554|GO:0005524|GO:0032555|GO:0017076|GO:0035639|GO:0032553|GO:0097367|GO:0016887|GO:0017111,222,117,0.8242629530193569,0.8466005027294159,36.6981981981982,35,22,0.8042958395821708,0.8404442667961121,35.6,34,19,0.7906148608993081,0.8029567897319794,37.5
44,4,GO:0016616,,1.062082008513637e-42,0.9629629629629629,GO:0016616|GO:0016614|GO:0050661|GO:0051287,181,27,0.7923098147244744,0.8046890497207642,34.41988950276243,8,1,0.8141148537397385,0.8138458430767059,33.0,10,2,0.7677737653255463,0.8356633186340332,31.3
45,7,GO:0015929,,6.783680217703287e-08,0.25,GO:0015929|GO:0016757|GO:0004553|GO:0016798|GO:0016884|GO:0016763|GO:0016879,111,16,0.726071689579938,0.7357417345046997,37.47747747747748,13,2,0.696388629766611,0.7164421081542969,38.38461538461539,32,3,0.7034381572157145,0.7056668996810913,37.53125
46,10,GO:0004536,,1.0633055825247728e-16,0.23529411764705882,GO:0004536|GO:0016888|GO:0004520|GO:0004518|GO:0004519|GO:0016893|GO:0016788|GO:0140097|GO:0016645|GO:0016853,136,51,0.8208875266068122,0.8465296924114227,35.669117647058826,32,13,0.7234894577413797,0.7260695695877075,36.21875,6,2,0.7436090459426244,0.8567615151405334,32.333333333333336
47,6,GO:0016829,,1.036817445721686e-31,0.8709677419354839,GO:0016829|GO:0016836|GO:0016835|GO:0016853|GO:0016833|GO:0016830,171,31,0.8022942225835477,0.8176450729370117,35.239766081871345,20,5,0.7676324874162674,0.7970904111862183,35.65,17,4,0.7954425391028909,0.8229998350143433,41.411764705882355
48,10,GO:0016638,,9.529410172003988e-19,0.11290322580645161,GO:0016638|GO:0016758|GO:0016874|GO:0016757|GO:0005524|GO:0032559|GO:0030554|GO:0035639|GO:0016879|GO:0046527,197,124,0.7010997736514523,0.7144474983215332,42.10659898477157,21,14,0.674273058062508,0.6766963005065918,44.61904761904762,36,23,0.6618818657265769,0.6622359454631805,42.888888888888886
49,10,GO:0022890,,3.891065973343324e-21,0.4358974358974359,GO:0022890|GO:0008324|GO:0015318|GO:0015077|GO:0015075|GO:0022857|GO:0004129|GO:0015002|GO:0016676|GO:0016675,312,39,0.877761721993104,0.9007352292537689,38.0224358974359,34,5,0.822217897457235,0.8247490525245667,40.85294117647059,90,15,0.8459806780020396,0.867289125919342,37.611111111111114
50,10,GO:0008236,,1.7502357759625794e-24,0.26732673267326734,GO:0008236|GO:0016825|GO:0017171|GO:0008233|GO:0070011|GO:0140096|GO:0070008|GO:0008238|GO:0004252|GO:0004175,246,101,0.775754006534088,0.7806370854377747,38.764227642276424,29,15,0.6924690665869877,0.6960858106613159,39.37931034482759,66,26,0.7752491732438406,0.7794375419616699,40.43939393939394
51,9,GO:0016798,,2.158947454606651e-07,0.21794871794871795,GO:0016798|GO:0004553|GO:0004308|GO:0016997|GO:0005509|GO:0016638|GO:0016788|GO:0052689|GO:0016168,272,78,0.8387213426039499,0.8584478795528412,35.00735294117647,41,14,0.7961317024579863,0.8201212286949158,33.8780487804878,35,12,0.8260514736175537,0.8326824903488159,38.2
52,10,GO:0008237,,5.15589440136634e-05,0.10294117647058823,GO:0008237|GO:0008233|GO:0008483|GO:0016769|GO:0008238|GO:0070011|GO:0001664|GO:0046789|GO:0019213|GO:0046812,163,68,0.7569198359741024,0.756655216217041,37.71165644171779,18,6,0.8058001101016998,0.8422693014144897,37.833333333333336,19,9,0.6848737095531664,0.6880046129226685,32.78947368421053
53,10,GO:0017111,,1.470879728668365e-44,0.8888888888888888,GO:0017111|GO:0016462|GO:0016818|GO:0016817|GO:0005525|GO:0032550|GO:0001883|GO:0032549|GO:0001882|GO:0032561,148,36,0.8074644228091111,0.8521629571914673,34.8445945945946,0,0,,,,23,9,0.7022500297297603,0.6872636079788208,34.43478260869565
54,0,,,,,,47,9,0.6981342549019671,0.6890249848365784,33.95744680851064,1,1,0.4571921229362488,0.4571921229362488,26.0,8,2,0.5973517373204231,0.5920551419258118,32.375
55,10,GO:0004888,,1.0834222199672685e-18,0.4444444444444444,GO:0004888|GO:0038023|GO:0060089|GO:0004714|GO:0019199|GO:0004842|GO:0004713|GO:0019787|GO:0140096|GO:0004672,182,36,0.8170926547967471,0.8232540488243103,36.494505494505496,37,7,0.8021286677669834,0.8116156458854675,35.08108108108108,17,6,0.8039110337986666,0.8402215242385864,36.94117647058823
56,4,GO:0004089,,0.0051633930398369,0.07142857142857142,GO:0004089|GO:0005198|GO:0070003|GO:0008242,123,28,0.7455845807141405,0.771342396736145,36.40650406504065,19,3,0.8485472641493145,0.8607096076011658,33.8421052631579,2,1,0.6066165864467621,0.6066165864467621,29.5
57,10,GO:0016661,,0.0001085540352178,0.17647058823529413,GO:0016661|GO:0016782|GO:0051536|GO:0051540|GO:0051539|GO:0016874|GO:0020037|GO:0016833|GO:0046906|GO:0016830,160,17,0.6733677793294192,0.6748641431331635,37.2,11,3,0.6092043410647999,0.6406584978103638,39.18181818181818,24,7,0.6072312717636427,0.6150133609771729,38.083333333333336
58,10,GO:0051920,,1.05407572718021e-07,0.03383458646616541,GO:0051920|GO:0008175|GO:0016646|GO:0016684|GO:0140097|GO:0008173|GO:0016645|GO:0003735|GO:0016791|GO:0016462,269,266,0.7236434307683356,0.7236394286155701,32.87360594795539,35,35,0.7315261372498103,0.7213690876960754,32.91428571428571,48,48,0.7236696711430947,0.7073782980442047,31.3125
59,10,GO:0005524,,1.3781311053095214e-20,0.7878787878787878,GO:0005524|GO:0032559|GO:0030554|GO:0035639|GO:0032555|GO:0017076|GO:0032553|GO:0097367|GO:0016879|GO:0016874,178,33,0.8154230688729983,0.8473968803882599,33.30898876404494,27,6,0.8044023248884413,0.8768502473831177,33.51851851851852,9,3,0.8669327762391832,0.9267458915710448,39.111111111111114
60,0,,,,,,295,100,0.8397138472330772,0.8628308773040771,33.376271186440675,25,11,0.8009974551200867,0.8115676045417786,34.88,10,4,0.7802956342697144,0.7997921407222748,31.2
61,10,GO:0005507,,0.0001868710626421,0.06060606060606061,GO:0005507|GO:0004519|GO:0004521|GO:0004518|GO:0003723|GO:0004540|GO:0016831|GO:0046914|GO:0016830|GO:0019899,246,99,0.7397277328541608,0.7487799823284149,33.71138211382114,31,14,0.7416620581380783,0.7212615013122559,35.32258064516129,14,7,0.732197071824755,0.7535834908485413,40.0
62,10,GO:0032553,,2.4347154426200667e-36,0.5328947368421053,GO:0032553|GO:0032555|GO:0032559|GO:0017076|GO:0030554|GO:0035639|GO:0097367|GO:0005524|GO:0140097|GO:0003916,192,152,0.721838764535884,0.7264387011528015,44.692708333333336,30,23,0.7203938623269399,0.7393012940883636,44.06666666666667,53,42,0.6717685477913551,0.6731076240539551,41.16981132075472
63,10,GO:0047661,,1.9557736617506345e-17,0.19298245614035087,GO:0047661|GO:0036361|GO:0016855|GO:0016854|GO:0016853|GO:0016742|GO:0016741|GO:0016810|GO:0016811|GO:0008168,148,57,0.745667739897161,0.7482029795646667,35.4527027027027,16,6,0.6750083230435848,0.7138391733169556,38.25,10,6,0.6659758448600769,0.7030825912952423,31.2
64,5,GO:0019200,,1.7266110858225194e-13,0.4666666666666667,GO:0019200|GO:0016773|GO:0016772|GO:0000287|GO:0016301,122,15,0.7589214397747008,0.7964179217815399,36.75409836065574,0,0,,,,0,0,,,
65,7,GO:0051213,,4.571726753040192e-23,0.45454545454545453,GO:0051213|GO:0016702|GO:0016701|GO:0008198|GO:0005506|GO:0046914|GO:0016811,196,33,0.7651098192650445,0.7785809636116028,34.63775510204081,11,2,0.702265590429306,0.8012322783470154,34.27272727272727,0,0,,,
66,0,,,,,,50,7,0.7205140686035156,0.705024242401123,34.96,1,1,0.4973014593124389,0.4973014593124389,20.0,0,0,,,
67,10,GO:0016879,,4.228807930867114e-26,1.0,GO:0016879|GO:0005525|GO:0032550|GO:0001883|GO:0032549|GO:0001882|GO:0032561|GO:0019001|GO:0016874|GO:0000287,148,13,0.9103232106646976,0.9240171313285828,36.28378378378378,0,0,,,,2,1,0.5603334307670593,0.5603334307670593,33.0
68,10,GO:0005525,,1.751331509514142e-38,0.92,GO:0005525|GO:0032550|GO:0001883|GO:0032549|GO:0001882|GO:0032561|GO:0019001|GO:0003924|GO:0035639|GO:0032555,188,25,0.8670823776975591,0.8803170919418335,34.8031914893617,29,4,0.7424150088737751,0.7505661249160767,35.44827586206897,24,5,0.7839279025793076,0.7971872091293335,33.666666666666664
69,6,GO:0004190,,5.863654972551694e-86,0.8260869565217391,GO:0004190|GO:0070001|GO:0004175|GO:0070011|GO:0008233|GO:0140096,138,46,0.8838160253953242,0.9538497626781464,32.77536231884058,28,9,0.9178145123379571,0.9600738286972046,32.142857142857146,6,2,0.7516222298145294,0.7598445117473602,34.5
70,4,GO:0004553,,5.432165419006486e-55,0.7931034482758621,GO:0004553|GO:0016798|GO:0005509|GO:0008061,263,58,0.8312389642113516,0.8451920747756958,37.43346007604563,24,6,0.8136433983842531,0.8436828851699829,36.041666666666664,12,3,0.7636294066905975,0.7648537755012512,31.916666666666668
71,10,GO:0016836,,3.2391241960500202e-09,0.06853582554517133,GO:0016836|GO:0016616|GO:0008374|GO:0016614|GO:0016835|GO:0016829|GO:0050661|GO:0016646|GO:0016645|GO:0016833,334,321,0.7840934495726032,0.795986533164978,38.34730538922156,37,36,0.7571463665446719,0.7619284987449646,36.5945945945946,50,49,0.7526721251010895,0.7728916108608246,37.14
72,10,GO:0016779,,2.103067178301786e-09,0.08480565371024736,GO:0016779|GO:0140098|GO:0016874|GO:0032559|GO:0030554|GO:0005524|GO:0032555|GO:0017076|GO:0035639|GO:0032553,305,283,0.7097202444662813,0.7211293578147888,41.157377049180326,35,34,0.6817035521779742,0.682325541973114,40.05714285714286,74,71,0.6904982336469598,0.694946676492691,40.83783783783784
73,10,GO:0051213,,1.1459678734504014e-08,0.10752688172043011,GO:0051213|GO:0016857|GO:0016702|GO:0016701|GO:0005506|GO:0016638|GO:0046914|GO:0008199|GO:0016854|GO:0019901,322,93,0.7370407435094347,0.7573361396789551,33.015527950310556,20,9,0.6835796251893044,0.6962782442569733,28.3,35,11,0.7242826546941484,0.7353665232658386,32.114285714285714
74,10,GO:0016301,,8.189995526551067e-15,0.8125,GO:0016301|GO:0005524|GO:0032559|GO:0030554|GO:0035639|GO:0032555|GO:0017076|GO:0032553|GO:0016772|GO:0097367,119,16,0.7814221612545622,0.7862077355384827,34.80672268907563,2,1,0.5108253508806229,0.5108253508806229,38.0,2,1,0.4384505897760391,0.4384505897760391,41.0
75,0,,,,,,72,5,0.8524334621098306,0.8753081262111664,36.84722222222222,0,0,,,,35,4,0.7871886781283788,0.7849748730659485,34.42857142857143
76,7,GO:0016616,,9.137433664040124e-33,0.7666666666666667,GO:0016616|GO:0016614|GO:0050661|GO:0051287|GO:0016628|GO:0030145|GO:0016627,138,30,0.8367225285889446,0.8558488190174103,38.927536231884055,19,3,0.8474146190442537,0.8824392557144165,34.78947368421053,7,2,0.803098772253309,0.8181398510932922,37.285714285714285
77,6,GO:0046983,,4.7199917705776605e-05,0.2777777777777778,GO:0046983|GO:0004252|GO:0008236|GO:0016825|GO:0017171|GO:0005198,122,18,0.7740621901437884,0.8078384697437286,36.76229508196721,11,1,0.8811301209709861,0.8839830756187439,35.45454545454545,7,3,0.5669886895588466,0.5648043751716614,37.142857142857146
78,10,GO:0032559,,2.607587836412088e-27,0.9090909090909091,GO:0032559|GO:0030554|GO:0032555|GO:0017076|GO:0032553|GO:0097367|GO:0005524|GO:0035639|GO:0008094|GO:0140097,219,33,0.7379707024522024,0.7523451447486877,34.87671232876713,34,5,0.7575240643585429,0.8036914467811584,37.11764705882353,18,5,0.6382080846362643,0.6499560475349426,31.833333333333332
79,5,GO:0016788,,0.003913737098221,0.3,GO:0016788|GO:0016811|GO:0016791|GO:0042578|GO:0016810,190,20,0.7515209036438089,0.7674890756607056,36.05789473684211,18,3,0.6703505681620704,0.6909270882606506,39.0,0,0,,,
80,10,GO:0015399,,9.26345486384285e-18,0.43478260869565216,GO:0015399|GO:0022804|GO:0022857|GO:0005215|GO:0042626|GO:0019829|GO:0008324|GO:0042625|GO:0015075|GO:0022890,83,23,0.7758228154067534,0.8010110855102539,34.566265060240966,5,2,0.6204547882080078,0.5951589345932007,35.4,28,7,0.6958881148270198,0.7043388485908508,38.285714285714285
81,10,GO:0016874,,1.1333487437058604e-11,0.2916666666666667,GO:0016874|GO:0140097|GO:0016879|GO:0003899|GO:0016779|GO:0034062|GO:0097747|GO:0140098|GO:0004812|GO:0016875,160,48,0.658201590925455,0.6599897742271423,35.675,12,5,0.6134262084960938,0.6182098090648651,35.0,14,8,0.5873005390167236,0.5927849113941193,36.57142857142857
82,10,GO:0008137,,4.89438858671521e-07,0.07079646017699115,GO:0008137|GO:0050136|GO:0003954|GO:0016655|GO:0008080|GO:0016407|GO:0016410|GO:0016651|GO:0016747|GO:0016746,121,113,0.5345693714608831,0.548833429813385,24.545454545454547,12,12,0.518748809893926,0.5395671427249908,29.166666666666668,23,19,0.5444671472777491,0.5647684335708618,29.217391304347824
83,10,GO:0003723,,3.098552192514364e-19,0.25870646766169153,GO:0003723|GO:0004521|GO:0004540|GO:0005507|GO:0004519|GO:0042277|GO:0003729|GO:0004518|GO:0015035|GO:0070180,320,201,0.8176159605383873,0.8313629329204559,43.659375,34,20,0.8363354188554427,0.8361362218856812,39.76470588235294,35,23,0.8105829647609166,0.8308347463607788,46.0
84,10,GO:0035639,,1.1942810001866834e-25,0.7954545454545454,GO:0035639|GO:0032555|GO:0017076|GO:0005524|GO:0032559|GO:0030554|GO:0032553|GO:0097367|GO:0008094|GO:0003916,201,44,0.736244429106736,0.7427992820739746,37.46268656716418,29,7,0.7454337395470718,0.754488468170166,36.206896551724135,61,17,0.713782476597145,0.7295969128608704,36.77049180327869
85,5,GO:0016757,,6.848457822656229e-09,0.23809523809523808,GO:0016757|GO:0016763|GO:0048029|GO:0008270|GO:0016814,57,42,0.6368137514382078,0.648213267326355,30.035087719298247,8,5,0.623275738209486,0.634291261434555,36.25,4,3,0.6642491370439529,0.6377444863319397,32.0
86,4,GO:0016791,,6.920304901183793e-05,0.22727272727272727,GO:0016791|GO:0042578|GO:0016765|GO:0016788,163,22,0.6529346704483032,0.6609411835670471,35.79754601226994,16,3,0.6128438003361225,0.606794685125351,36.0625,1,1,0.5051281452178955,0.5051281452178955,28.0
87,10,GO:0038023,,1.233606343811243e-17,0.3877551020408163,GO:0038023|GO:0060089|GO:0004888|GO:0004842|GO:0019787|GO:0004714|GO:0019199|GO:0004713|GO:0140096|GO:0003725,191,49,0.8081671389609731,0.8262882828712463,34.717277486910994,31,7,0.7832677998850422,0.7880764603614807,34.67741935483871,30,7,0.7718418180942536,0.8075823783874512,36.4
88,10,GO:0034061,,4.428700616458532e-11,0.08461538461538462,GO:0034061|GO:0003887|GO:0016779|GO:0004518|GO:0016788|GO:0140097|GO:0005524|GO:0032559|GO:0030554|GO:0035639,154,130,0.7002484502343388,0.7140313386917114,43.63636363636363,27,22,0.6514856086836921,0.6689030528068542,43.51851851851852,49,44,0.6733451333581185,0.6876494288444519,40.53061224489796
89,10,GO:0016774,,9.368403276777095e-10,0.3125,GO:0016774|GO:0016301|GO:0016772|GO:0016775|GO:0005524|GO:0032559|GO:0030554|GO:0035639|GO:0032555|GO:0017076,153,16,0.7507628634864209,0.7783945202827454,36.928104575163395,10,1,0.7548746645450592,0.7698052227497101,35.1,13,3,0.6128146763031299,0.5591841340065002,34.76923076923077
90,10,GO:0051536,,3.580858767417786e-07,0.1375,GO:0051536|GO:0051540|GO:0005506|GO:0015035|GO:0046914|GO:0008198|GO:0015036|GO:0003723|GO:0051537|GO:0016667,188,80,0.7205032563589989,0.7258557677268982,37.255319148936174,12,8,0.712328260143598,0.7132814824581146,42.0,27,13,0.6506077492678607,0.6148983240127563,36.074074074074076
91,7,GO:0003779,,8.675946391597137e-10,0.11538461538461539,GO:0003779|GO:0008092|GO:0051015|GO:0044877|GO:0060090|GO:0005509|GO:0003723,221,104,0.7478105680705196,0.7624949216842651,39.321266968325794,23,13,0.7091396878594938,0.7271795868873596,34.608695652173914,5,3,0.7072943568229675,0.7351356148719788,38.0
92,10,GO:0008408,,5.184893142036216e-16,0.2702702702702703,GO:0008408|GO:0004518|GO:0004540|GO:0004527|GO:0016788|GO:0016796|GO:0016896|GO:0004532|GO:0036459|GO:0101005,133,37,0.7114405952450028,0.7089933156967163,32.97744360902256,10,6,0.6265626281499863,0.647197812795639,35.9,49,14,0.6912852221605729,0.6846284866333008,33.0
93,10,GO:0046912,,2.7710529754497608e-05,0.07142857142857142,GO:0046912|GO:0005504|GO:0016874|GO:0008194|GO:0016877|GO:0033293|GO:0071949|GO:0016758|GO:0032553|GO:0031406,145,56,0.7649878769085325,0.7766748070716858,36.179310344827584,23,10,0.7431075987608536,0.7680011987686157,34.08695652173913,67,29,0.7249792858735838,0.7272545099258423,35.0
94,10,GO:0016881,,2.0541733207876013e-06,0.2222222222222222,GO:0016881|GO:0003968|GO:0016879|GO:0005504|GO:0034062|GO:0097747|GO:0031406|GO:0016874|GO:0043177|GO:0033293,104,18,0.7174572746914166,0.7226196825504303,36.93269230769231,1,1,0.5978257060050964,0.5978257060050964,39.0,19,5,0.6618474816021166,0.6680665016174316,37.31578947368421
95,10,GO:0004177,,4.374508864485978e-13,0.13253012048192772,GO:0004177|GO:0008238|GO:0008270|GO:0008233|GO:0008237|GO:0070011|GO:0016702|GO:0016701|GO:0140098|GO:0004812,201,83,0.7861515310273242,0.790086567401886,43.36318407960199,13,8,0.7317820466481723,0.7641553282737732,45.53846153846154,53,22,0.7763837339743128,0.7736268639564514,40.0377358490566
96,10,GO:0004812,,5.8759158552181395e-08,0.3157894736842105,GO:0004812|GO:0016875|GO:0140101|GO:0016874|GO:0061630|GO:0061659|GO:0004519|GO:0140098|GO:0004518|GO:0005524,114,19,0.7093681031674669,0.7060110867023468,37.37719298245614,14,4,0.5807741561106273,0.5870988070964813,39.857142857142854,31,6,0.6747930626715383,0.6691107749938965,38.096774193548384
97,10,GO:0003735,,3.569657368153206e-16,0.23387096774193547,GO:0003735|GO:0003677|GO:0005198|GO:0019843|GO:0043565|GO:0003723|GO:0003954|GO:0008137|GO:0050136|GO:0016655,202,124,0.7520403223167552,0.7621076703071594,29.613861386138613,25,14,0.7650305461883545,0.7843765616416931,33.04,10,8,0.7233484923839569,0.719421923160553,29.8
98,10,GO:0003677,,2.4246037119201053e-19,0.38016528925619836,GO:0003677|GO:0005249|GO:0022843|GO:0005267|GO:0005244|GO:0022832|GO:0015079|GO:0046873|GO:0015077|GO:0022836,221,121,0.7663622188352351,0.7764776349067688,31.710407239819006,29,16,0.7215830067108417,0.7230013012886047,38.3448275862069,7,5,0.6820841218744006,0.700747013092041,30.0
99,2,GO:0016779,,0.006546644724733,0.25,GO:0016779|GO:0003677,69,12,0.6959080747936083,0.708370566368103,37.34782608695652,4,3,0.5823538452386856,0.5832040905952454,30.25,4,1,0.5437462776899338,0.5425335466861725,27.0
100,9,GO:0016857,,1.1338509935614556e-14,0.36363636363636365,GO:0016857|GO:0016854|GO:0016853|GO:0016836|GO:0016835|GO:0016829|GO:0050661|GO:0016758|GO:0016616,169,22,0.7070811701244151,0.716027557849884,34.61538461538461,1,1,0.4736122190952301,0.4736122190952301,43.0,56,8,0.6506267519933837,0.6522125899791718,36.19642857142857
101,8,GO:0016702,,0.0002442040205805,0.06779661016949153,GO:0016702|GO:0016701|GO:0051213|GO:0003724|GO:0005509|GO:0016798|GO:0008198|GO:0005506,177,59,0.7738655239848767,0.7978103756904602,36.27683615819209,17,7,0.7747941928751328,0.7877054810523987,32.1764705882353,6,2,0.7950612058242162,0.8724921643733978,44.333333333333336
102,10,GO:0003735,,2.201014986898263e-50,0.4496124031007752,GO:0003735|GO:0005198|GO:0003723|GO:0019843|GO:0003700|GO:0003677|GO:0140110|GO:0003729|GO:0000049|GO:0003727,226,129,0.7977373781984887,0.8152800798416138,31.256637168141594,33,18,0.8112529570406134,0.8274619579315186,33.54545454545455,13,9,0.7378107630289518,0.6973175406455994,41.15384615384615
103,10,GO:0140110,,1.4647139620144108e-12,0.15950920245398773,GO:0140110|GO:0003712|GO:0003700|GO:0005509|GO:0003677|GO:0003714|GO:0008121|GO:0016681|GO:0072341|GO:0016679,163,163,0.7563168410143238,0.7651971578598022,22.049079754601227,15,15,0.7043153564135234,0.7089285850524902,22.666666666666668,29,29,0.7558733985341829,0.7726050615310669,20.75862068965517
104,7,GO:0016730,,1.0760166595355042e-15,0.5384615384615384,GO:0016730|GO:0051536|GO:0051540|GO:0051539|GO:0016758|GO:0016627|GO:0016757,125,13,0.7290638980865478,0.7319628596305847,35.368,11,1,0.6986441774801775,0.7085504531860352,34.36363636363637,0,0,,,
105,10,GO:0008171,,1.473990601901869e-54,0.5869565217391305,GO:0008171|GO:0008168|GO:0016741|GO:0008757|GO:0046983|GO:0008170|GO:0018024|GO:0016278|GO:0016279|GO:0042054,219,46,0.787883526930526,0.8026121854782104,36.87671232876713,27,5,0.7713573464640865,0.7819995880126953,37.03703703703704,17,6,0.7039739226593691,0.6852741837501526,33.94117647058823
106,10,GO:0008483,,9.508391927023432e-09,0.10091743119266056,GO:0008483|GO:0016769|GO:0019887|GO:0019207|GO:0003916|GO:0016884|GO:0032559|GO:0030554|GO:0032553|GO:0032555,221,109,0.7530882873686191,0.7655732035636902,35.72850678733032,34,18,0.7264237491523519,0.7412974536418915,38.529411764705884,26,16,0.6668615295336797,0.6554847359657288,36.92307692307692
107,2,GO:0004308,,0.0003149467471512,0.08333333333333333,GO:0004308|GO:0016997,213,36,0.8273437585629208,0.8531448245048523,36.291079812206576,38,6,0.8317551942248094,0.8538267910480499,36.10526315789474,38,9,0.7622703972615694,0.7770816087722778,38.73684210526316
108,10,GO:0003700,,3.1937762981862078e-52,0.33707865168539325,GO:0003700|GO:0140110|GO:0003677|GO:0015078|GO:0003678|GO:0017056|GO:0003899|GO:0015077|GO:0004386|GO:0022890,183,178,0.7685759531669929,0.8024755716323853,34.26229508196721,18,18,0.7831673853927188,0.7954736649990082,35.611111111111114,24,23,0.7299402356147766,0.7473562955856323,33.5
109,10,GO:0004536,,2.1707632560272583e-10,0.28,GO:0004536|GO:0016888|GO:0004527|GO:0004518|GO:0004520|GO:0016893|GO:0004519|GO:0140097|GO:0016788|GO:0003677,186,25,0.6981277196638046,0.7142268121242523,34.73118279569893,13,2,0.7552675329721891,0.7955043911933899,35.69230769230769,21,5,0.6439549837793622,0.6613808274269104,34.23809523809524
110,9,GO:0003723,,1.424606865418176e-08,0.18579234972677597,GO:0003723|GO:0008047|GO:0004540|GO:0000977|GO:0004521|GO:0003729|GO:0003727|GO:0003746|GO:0042393,310,183,0.811984936652645,0.8334031701087952,34.28387096774193,43,24,0.8119067411090053,0.8264301419258118,31.27906976744186,25,14,0.7750841498374939,0.8165149688720703,33.28
111,10,GO:0004896,,5.3753602103010554e-39,0.1597222222222222,GO:0004896|GO:0140375|GO:0004888|GO:0038023|GO:0060089|GO:0004714|GO:0019199|GO:0004713|GO:0050839|GO:0003697,333,144,0.8318163011525128,0.8562214374542236,35.67567567567568,43,19,0.8085500958353974,0.8531619310379028,35.69767441860465,11,6,0.797659158706665,0.848571240901947,37.54545454545455
112,10,GO:0046789,,7.078477127860517e-20,0.06927710843373494,GO:0046789|GO:0046812|GO:0046983|GO:0003712|GO:0140110|GO:0000976|GO:0001067|GO:0046982|GO:0060090|GO:0003690,332,332,0.8148151627147054,0.8409624695777893,31.539156626506024,42,42,0.8087242614655268,0.8404165208339691,30.69047619047619,62,62,0.8084089525284306,0.8272795677185059,31.774193548387096
113,10,GO:0003697,,1.0389137035475382e-10,0.05670103092783505,GO:0003697|GO:0019787|GO:0000049|GO:0004842|GO:0003723|GO:0060090|GO:0003677|GO:0061630|GO:0061659|GO:0019899,195,194,0.7462861540989998,0.7622989416122437,14.051282051282051,10,10,0.7492940306663514,0.7563126981258392,13.8,23,23,0.7081965596779533,0.7196910977363586,16.130434782608695
114,10,GO:0004866,,1.547600225125949e-33,0.3709677419354839,GO:0004866|GO:0061135|GO:0030414|GO:0061134|GO:0004857|GO:0030234|GO:0098772|GO:0099094|GO:0005262|GO:0015085,254,62,0.7958538242447095,0.8003225028514862,34.374015748031496,32,7,0.763667618855834,0.7465583384037018,33.40625,0,0,,,
115,10,GO:0016896,,7.239192018019011e-20,0.45,GO:0016896|GO:0004532|GO:0004527|GO:0016796|GO:0008408|GO:0004540|GO:0004518|GO:0016788|GO:0140098|GO:0000049,108,20,0.7523584724576385,0.7641965448856354,35.49074074074074,12,4,0.7111434837182363,0.7268100678920746,31.166666666666668,12,2,0.7208940188090006,0.7200974524021149,31.25
116,9,GO:0004553,,1.3127012240413478e-44,0.8372093023255814,GO:0004553|GO:0016798|GO:0008422|GO:0015926|GO:0015925|GO:0030247|GO:0016758|GO:0016757|GO:0030246,213,43,0.8173479907949206,0.8238475918769836,37.816901408450704,14,2,0.8714095056056976,0.8785870969295502,37.714285714285715,10,3,0.7848563730716706,0.8213432729244232,39.3
117,7,GO:0016779,,3.402190949008701e-05,0.1267605633802817,GO:0016779|GO:0016772|GO:0016866|GO:0003723|GO:0034062|GO:0097747|GO:0140098,188,71,0.6463960090533216,0.6605239510536194,35.297872340425535,33,13,0.6289697741017197,0.6353365182876587,34.42424242424242,33,15,0.6009644161571156,0.6108577251434326,35.93939393939394
118,6,GO:0045296,,3.600856079066759e-09,0.045112781954887216,GO:0045296|GO:0050839|GO:0017056|GO:0003723|GO:0016840|GO:0051020,201,133,0.7390090919549193,0.73871248960495,36.124378109452735,24,16,0.6809055358171463,0.6974548101425171,38.458333333333336,89,51,0.7276329773195674,0.7317749857902527,34.39325842696629
119,0,,,,,,91,9,0.722961419231289,0.7298562526702881,37.747252747252745,0,0,,,,0,0,,,
120,10,GO:0005509,,2.6119608962361985e-25,0.36363636363636365,GO:0005509|GO:0005496|GO:0038023|GO:0060089|GO:0043178|GO:0004888|GO:0004714|GO:0019199|GO:0008289|GO:0004896,162,77,0.8077077243799045,0.825945258140564,39.5679012345679,32,13,0.7307118810713291,0.7312654256820679,35.46875,28,12,0.7118581661156246,0.7074692845344543,36.642857142857146
121,10,GO:0005085,,2.402585485825305e-05,0.043478260869565216,GO:0005085|GO:0019899|GO:0051020|GO:0045296|GO:0098772|GO:0004659|GO:0019865|GO:0044877|GO:0050839|GO:0003777,226,184,0.7971995602139329,0.807071715593338,34.29203539823009,18,11,0.7982338468233744,0.8079926669597626,35.05555555555556,29,27,0.7719506045867657,0.7781278491020203,35.172413793103445
122,7,GO:0015035,,3.1542792185446204e-188,0.6413793103448275,GO:0015035|GO:0015036|GO:0016667|GO:0009055|GO:0016668|GO:0016651|GO:0016853,431,145,0.8626050848833646,0.9003915786743164,35.148491879350345,34,12,0.8439685965285582,0.8877446949481964,36.55882352941177,52,16,0.8724018839689401,0.899897962808609,32.92307692307692
123,10,GO:0005524,,7.956584330906733e-46,1.0,GO:0005524|GO:0032559|GO:0030554|GO:0035639|GO:0032555|GO:0017076|GO:0032553|GO:0097367|GO:0003774|GO:0017111,294,44,0.8164267985999178,0.8357325196266174,38.94897959183673,22,5,0.8412061712958596,0.8819009959697723,36.77272727272727,54,11,0.7640726246215679,0.7872964143753052,38.68518518518518
124,9,GO:0050660,,1.4858861774700255e-16,0.5454545454545454,GO:0050660|GO:0016614|GO:0016627|GO:0004252|GO:0016832|GO:0008236|GO:0016825|GO:0017171|GO:0071949,246,22,0.7981201214034382,0.8071939051151276,37.146341463414636,10,1,0.8414935290813446,0.846214085817337,37.7,23,2,0.7357245631839918,0.7600271701812744,37.08695652173913
125,10,GO:0004089,,4.370585047071968e-21,0.2391304347826087,GO:0004089|GO:0016836|GO:0016835|GO:0016829|GO:0008270|GO:0016407|GO:0046914|GO:0016832|GO:0008080|GO:0016410,183,46,0.7042679682455427,0.7094338536262512,32.78688524590164,24,7,0.6727834393580755,0.6960170269012451,32.375,25,7,0.6447428572177887,0.6552030444145203,31.08
126,10,GO:0047661,,7.543591640714473e-56,0.6097560975609756,GO:0047661|GO:0036361|GO:0016855|GO:0030170|GO:0070279|GO:0016854|GO:0019842|GO:0016853|GO:0016831|GO:0016830,172,41,0.8686404009891111,0.8900735974311829,36.116279069767444,21,5,0.8705388648169381,0.8720990419387817,36.80952380952381,0,0,,,
127,10,GO:0044877,,1.3587109981489278e-06,0.08661417322834646,GO:0044877|GO:0052689|GO:0016638|GO:0061630|GO:0061659|GO:0003743|GO:0031369|GO:0004842|GO:0032182|GO:0019787,242,127,0.8415320040273272,0.8602574467658997,38.8801652892562,33,16,0.8363922834396362,0.8504397869110107,38.878787878787875,86,44,0.848139843968458,0.8627317845821381,39.383720930232556
128,4,GO:0005198,,2.8120825470282356e-53,0.7,GO:0005198|GO:0046789|GO:0046812|GO:0051213,437,80,0.8652727700752851,0.8739166259765625,35.23798627002288,38,7,0.8856416579924131,0.9007429778575897,35.13157894736842,1,1,0.5603216886520386,0.5603216886520386,49.0
129,0,,,,,,76,8,0.7178253304017218,0.7250373065471649,36.5921052631579,1,1,0.6238985061645508,0.6238985061645508,23.0,10,2,0.6360023796558381,0.6319117248058319,34.8
130,10,GO:0016779,,1.8926492345680218e-32,0.32075471698113206,GO:0016779|GO:0008408|GO:0003887|GO:0034061|GO:0004527|GO:0016772|GO:0004518|GO:0140097|GO:0016788|GO:0016410,191,106,0.7555115884511259,0.7512949705123901,38.287958115183244,14,9,0.6890914951051984,0.6578262150287628,38.642857142857146,29,21,0.6876904861680393,0.6991444826126099,46.58620689655172
131,10,GO:0003755,,2.659205405433135e-49,0.45901639344262296,GO:0003755|GO:0016859|GO:0004784|GO:0016721|GO:0016853|GO:0016209|GO:0140096|GO:0004197|GO:0008234|GO:0042277,250,61,0.8326098358631134,0.8471556305885315,35.392,26,9,0.7840253722209197,0.8074824213981628,36.11538461538461,59,16,0.8277351876436654,0.8555614352226257,36.16949152542373
132,7,GO:0016810,,4.3356639301485724e-16,0.43243243243243246,GO:0016810|GO:0016811|GO:0004033|GO:0016765|GO:0016616|GO:0016614|GO:0008081,223,37,0.7516343749959372,0.7774015069007874,34.05829596412556,35,7,0.7136103391647339,0.7203554511070251,32.25714285714286,6,1,0.750847319761912,0.7513661682605743,31.333333333333332
133,8,GO:0004553,,0.00031966571906,0.21052631578947367,GO:0004553|GO:0004308|GO:0016997|GO:0030246|GO:0016798|GO:0016702|GO:0008199|GO:0016701,165,38,0.7853446541410504,0.8058628439903259,33.236363636363635,49,10,0.7974944698567293,0.8024537563323975,35.53061224489796,12,2,0.8157263497511545,0.8111638426780701,33.583333333333336
134,9,GO:0004518,,1.8783873904602112e-05,0.11607142857142858,GO:0004518|GO:0004842|GO:0019787|GO:0004519|GO:0016894|GO:0004520|GO:0004536|GO:0016788|GO:0004549,202,112,0.6981464333758496,0.7039956152439117,37.43564356435643,33,19,0.6938018329215773,0.6893790364265442,38.878787878787875,35,20,0.6811154493263789,0.6826428174972534,38.114285714285714
135,9,GO:0004888,,1.070066229894297e-11,0.3,GO:0004888|GO:0038023|GO:0060089|GO:0004842|GO:0019787|GO:0003725|GO:0016410|GO:0004857|GO:0140096,177,40,0.796654832733553,0.8116211295127869,39.51412429378531,23,8,0.7606022085832513,0.7613347172737122,41.391304347826086,42,11,0.7518577845323653,0.7545197010040283,37.595238095238095
136,10,GO:0046789,,4.387520890748657e-31,0.64,GO:0046789|GO:0046812|GO:0004185|GO:0070008|GO:0004180|GO:0008238|GO:0008236|GO:0016825|GO:0017171|GO:0016861,126,25,0.8256835194807204,0.8729476630687714,35.65873015873016,18,4,0.8616900245348612,0.8998683094978333,37.72222222222222,6,1,0.6310248275597891,0.6322515606880188,37.0
137,7,GO:0004520,,1.2738409110024136e-14,0.3,GO:0004520|GO:0004536|GO:0004519|GO:0004518|GO:0140097|GO:0003677|GO:0016788,166,30,0.7329245715974325,0.751071035861969,33.84939759036145,5,2,0.556919002532959,0.5778427124023438,39.4,1,1,0.5495793223381042,0.5495793223381042,45.0
138,10,GO:0060090,,5.636895403874639e-06,0.04580152671755725,GO:0060090|GO:0005085|GO:0016818|GO:0016817|GO:0030674|GO:0051020|GO:0016887|GO:0019899|GO:0042277|GO:0051087,286,131,0.7941475346997068,0.820205807685852,32.99650349650349,16,10,0.7763817794620991,0.8239745199680328,31.5625,12,7,0.7952221482992172,0.818337082862854,35.5
139,9,GO:0016810,,4.4219502995813335e-76,0.9090909090909091,GO:0016810|GO:0016812|GO:0019239|GO:0016814|GO:0008270|GO:0046914|GO:0019213|GO:0050897|GO:0016813,224,55,0.8043542030666556,0.817064106464386,38.839285714285715,40,10,0.7824770614504815,0.8032552897930145,37.7,12,3,0.7390954221288363,0.7459194660186768,39.666666666666664
140,10,GO:0008009,,8.03674562098846e-14,0.060810810810810814,GO:0008009|GO:0042379|GO:0001664|GO:0098772|GO:0005125|GO:0005126|GO:0030546|GO:0048018|GO:0030234|GO:0030545,232,148,0.7705267318363848,0.7876560986042023,35.03448275862069,30,19,0.7807785967985789,0.8024027943611145,34.03333333333333,35,22,0.7547653274876731,0.7756954431533813,33.57142857142857
141,10,GO:0008137,,1.7226417961934186e-32,0.37037037037037035,GO:0008137|GO:0050136|GO:0003954|GO:0016655|GO:0016651|GO:0048038|GO:0022857|GO:0005215|GO:0022804|GO:1904680,369,54,0.9074916355816652,0.9492237567901612,36.76151761517615,28,4,0.9098746223109109,0.9484240412712098,35.17857142857143,30,11,0.727449764808019,0.7243399918079376,37.53333333333333
142,9,GO:0004553,,4.396697445244847e-28,0.8214285714285714,GO:0004553|GO:0016798|GO:0015925|GO:0008061|GO:0015926|GO:0030246|GO:0004620|GO:0008081|GO:0016298,163,28,0.8039156443502274,0.8210234045982361,37.5521472392638,11,3,0.756075528534976,0.7858994603157043,39.09090909090909,18,3,0.7620774805545807,0.8118975758552551,34.05555555555556
143,9,GO:0016903,,4.6879379470311766e-08,0.3333333333333333,GO:0016903|GO:0016620|GO:0016616|GO:0016614|GO:0051287|GO:0016836|GO:0016835|GO:0004930|GO:0016829,148,18,0.7629667460112959,0.7588175535202026,35.945945945945944,8,2,0.6716581881046295,0.6768339574337006,28.75,12,2,0.6920411884784698,0.7144142687320709,34.833333333333336
144,10,GO:0016857,,3.8024256610822784e-13,0.16666666666666666,GO:0016857|GO:0016757|GO:0016854|GO:0016853|GO:0016758|GO:0019239|GO:0016407|GO:0016814|GO:0046527|GO:0016831,257,54,0.713278035593404,0.7122067213058472,33.747081712062254,25,5,0.729791169166565,0.7466715574264526,34.72,23,6,0.6968863748985789,0.7011615037918091,36.34782608695652
145,10,GO:0016628,,2.6118791040973645e-25,0.4375,GO:0016628|GO:0050661|GO:0016725|GO:0016627|GO:0051287|GO:0015079|GO:0046873|GO:0008324|GO:0015077|GO:0015075,145,32,0.8044945959387154,0.8300472497940063,33.724137931034484,13,4,0.7846900729032663,0.7674915790557861,32.69230769230769,14,3,0.7514383707727704,0.7207652628421783,35.857142857142854
146,4,GO:0008800,,8.523509570174794e-113,0.8275862068965517,GO:0008800|GO:0016812|GO:0016810|GO:0008658,312,58,0.9111190289258957,0.9445285499095917,33.70192307692308,38,7,0.9003958058984656,0.935642033815384,34.578947368421055,20,4,0.6304415941238404,0.6176636815071106,35.8
147,6,GO:0003723,,2.011653043964231e-11,0.24087591240875914,GO:0003723|GO:0003735|GO:0003729|GO:0005198|GO:0019843|GO:0016866,309,137,0.7690112720029639,0.7800680994987488,35.689320388349515,32,18,0.7171242590993643,0.7368880808353424,34.1875,38,19,0.7229242654223191,0.7288819253444672,33.10526315789474
148,3,GO:0008081,,9.553766623644482e-31,0.5714285714285714,GO:0008081|GO:0042578|GO:0016788,127,28,0.7237536106991955,0.751007616519928,33.37007874015748,15,4,0.6760521570841471,0.6842483878135681,32.46666666666667,29,7,0.5962872309931393,0.6059751510620117,34.3448275862069
149,10,GO:0000049,,3.1053410699487804e-12,0.10434782608695652,GO:0000049|GO:0003723|GO:0003743|GO:0003697|GO:0008135|GO:0090079|GO:0045182|GO:0019899|GO:0005085|GO:0017111,224,115,0.7582548855404768,0.7744354009628296,38.9375,27,14,0.6718701168342873,0.6415424346923828,36.96296296296296,22,11,0.7218386964364485,0.7341970503330231,38.86363636363637
150,4,GO:0016836,,1.9807693482984868e-41,0.9583333333333334,GO:0016836|GO:0016835|GO:0000287|GO:0016829,278,24,0.8536496767037206,0.8773928582668304,36.17985611510792,23,3,0.8211433291435242,0.8375011086463928,35.73913043478261,60,5,0.8757354696591695,0.8990248143672943,36.233333333333334
151,5,GO:0004888,,1.5250915056370076e-07,0.5,GO:0004888|GO:0038023|GO:0060089|GO:0022857|GO:0005215,137,12,0.7201903079548021,0.7158587574958801,36.66423357664234,0,0,,,,12,1,0.6221113254626592,0.620649516582489,36.583333333333336
152,10,GO:0140098,,3.535138947816515e-08,0.234375,GO:0140098|GO:0003968|GO:0016779|GO:0035639|GO:0032555|GO:0017076|GO:0005524|GO:0032559|GO:0030554|GO:0032553,202,64,0.7701897405751861,0.7768051326274872,34.59405940594059,29,11,0.7378739488535914,0.7555871605873108,33.724137931034484,61,16,0.7801012387041186,0.7878320217132568,33.0
153,10,GO:0140097,,9.512626786081776e-13,0.12376237623762376,GO:0140097|GO:0004518|GO:0004519|GO:0008649|GO:0016893|GO:0016888|GO:0004520|GO:0008173|GO:0004536|GO:0008757,317,202,0.7622723518297876,0.7710318565368652,37.31545741324921,30,22,0.7540802439053853,0.769250214099884,38.8,54,38,0.7261667262624811,0.7283052206039429,35.77777777777778
154,5,GO:0051537,,8.858104137262633e-12,0.14102564102564102,GO:0051537|GO:0051536|GO:0051540|GO:0038023|GO:0060089,188,78,0.7556616865257,0.7814389169216156,33.409574468085104,28,13,0.7340490839311055,0.7412022054195404,36.75,8,4,0.7430367469787598,0.7419911623001099,29.0
155,10,GO:0016874,,1.4685498729412905e-20,0.3116883116883117,GO:0016874|GO:0016877|GO:0016868|GO:0032559|GO:0030554|GO:0005524|GO:0032555|GO:0017076|GO:0032553|GO:0016866,191,77,0.7624957171410166,0.7627836465835571,34.225130890052355,27,10,0.7673168712192111,0.7724311947822571,31.666666666666668,39,17,0.7375400127508701,0.7331683039665222,33.51282051282051
156,5,GO:0004553,,4.7251303582962186e-46,0.6470588235294118,GO:0004553|GO:0016798|GO:0005509|GO:0015925|GO:0030246,162,68,0.8439905809031593,0.8602966964244843,37.0,25,10,0.8184583187103271,0.8333555459976196,36.12,17,6,0.8328741718741024,0.8231618404388428,36.8235294117647
157,1,GO:0005198,,3.706448789597079e-28,1.0,GO:0005198,219,22,0.8549008676994881,0.8852099776268005,32.990867579908674,64,6,0.8550764825195074,0.8888444602489471,33.703125,0,0,,,
158,10,GO:0003677,,1.4383403720532184e-129,0.6433566433566433,GO:0003677|GO:0003700|GO:0140110|GO:0043565|GO:0019239|GO:0016814|GO:1990837|GO:0000976|GO:0001067|GO:0046983,499,286,0.8649543990830859,0.8789994716644287,34.258517034068134,60,34,0.8734120478232702,0.8863893449306488,35.266666666666666,26,15,0.8190801602143508,0.8314937353134155,33.5
159,7,GO:0004298,,7.792772745001413e-53,1.0,GO:0004298|GO:0070003|GO:0004175|GO:0070011|GO:0008233|GO:0140096|GO:0061629,127,20,0.8996129514664177,0.9078502058982848,33.83464566929134,9,2,0.812882125377655,0.8851243853569031,31.77777777777778,54,9,0.8694695278450295,0.9000741541385651,34.46296296296296
160,9,GO:0005509,,3.3859776267218623e-46,0.5,GO:0005509|GO:0004896|GO:0140375|GO:0038023|GO:0060089|GO:0004888|GO:0004714|GO:0019199|GO:0004713,210,86,0.8214002348127819,0.8509737253189087,35.67619047619048,17,6,0.84469174637514,0.8824124932289124,36.76470588235294,6,4,0.6387633333603541,0.6505393087863922,37.0
161,0,,,,,,66,32,0.7507787956432863,0.7664153873920441,33.333333333333336,2,1,0.7820262312889099,0.7820262312889099,35.5,0,0,,,
162,8,GO:0003735,,1.0787293533849335e-79,0.608,GO:0003735|GO:0005198|GO:0003723|GO:0019843|GO:0003743|GO:0008135|GO:0090079|GO:0045182,209,125,0.7547539479709698,0.7619791626930237,35.177033492822964,42,24,0.7536377317848659,0.7789137363433838,35.666666666666664,41,25,0.7234056112242908,0.7261457443237305,36.926829268292686
163,10,GO:0016791,,9.495937566908862e-24,0.5,GO:0016791|GO:0042578|GO:0016788|GO:0000287|GO:0016868|GO:0016866|GO:0015035|GO:0015036|GO:0016853|GO:0016667,66,36,0.7329443277734699,0.75947305560112,33.74242424242424,8,4,0.6286166422069073,0.6375473141670227,37.0,7,4,0.6263940632343292,0.6655495762825012,39.0
164,10,GO:0003735,,5.110923601761394e-44,0.47572815533980584,GO:0003735|GO:0005198|GO:0003723|GO:0019843|GO:0003743|GO:0008135|GO:0090079|GO:0043022|GO:0045182|GO:0043021,188,103,0.795757844410044,0.8146983683109283,35.452127659574465,34,18,0.7858502549283645,0.7803154587745667,33.3235294117647,17,9,0.7519285468494191,0.7963700294494629,35.76470588235294
165,9,GO:0008270,,3.727298113493778e-05,0.24242424242424243,GO:0008270|GO:0019239|GO:0046914|GO:0090729|GO:0016814|GO:0004197|GO:0008234|GO:0004520|GO:0004536,114,33,0.6779576694233376,0.6814365684986115,35.24561403508772,14,7,0.6231525582926614,0.586534172296524,36.57142857142857,11,4,0.6436378468166698,0.672799289226532,36.90909090909091
166,10,GO:0035639,,6.163008852656393e-24,0.4954128440366973,GO:0035639|GO:0032555|GO:0017076|GO:0005524|GO:0032559|GO:0030554|GO:0032553|GO:0097367|GO:0051015|GO:0017111,272,109,0.7596692888833144,0.7733198404312134,64.53308823529412,34,16,0.7399312888874727,0.7473237216472626,65.44117647058823,73,30,0.7448142456681761,0.7542174458503723,64.63013698630137
167,10,GO:0005216,,1.7593455463064466e-10,0.24444444444444444,GO:0005216|GO:0015318|GO:0015075|GO:0015267|GO:0022803|GO:0022857|GO:0005215|GO:0005262|GO:0015085|GO:0046873,100,45,0.7550709292292594,0.7921474874019623,35.02,1,1,0.6242595314979553,0.6242595314979553,37.0,16,8,0.7718326672911644,0.7544859647750854,38.625
168,10,GO:0005524,,6.738217123058035e-31,0.7692307692307693,GO:0005524|GO:0032559|GO:0030554|GO:0035639|GO:0032555|GO:0017076|GO:0032553|GO:0097367|GO:0016874|GO:0004812,254,52,0.7447820952323478,0.7538401782512665,35.84251968503937,19,5,0.6310804094138899,0.6492620706558228,36.10526315789474,42,10,0.6753680046115603,0.6896691620349884,35.095238095238095
169,7,GO:0004722,,9.237786537012492e-46,0.7391304347826086,GO:0004722|GO:0016791|GO:0004721|GO:0042578|GO:0016788|GO:0140096|GO:0016832,158,23,0.7264497695089895,0.7261001169681549,34.892405063291136,10,3,0.6387699961662292,0.6761449873447418,35.7,6,1,0.7088750203450521,0.6970062255859375,35.0
170,10,GO:0016791,,0.0001667338767241,0.1076923076923077,GO:0016791|GO:0001664|GO:0003796|GO:0042578|GO:0005088|GO:0019104|GO:0017048|GO:0016798|GO:0061783|GO:0017016,140,65,0.757512820831367,0.7652725279331207,33.57142857142857,18,10,0.6913731247186661,0.6991499662399292,36.833333333333336,6,3,0.7593301932017008,0.7503679394721985,30.0
171,0,,,,,,625,74,0.8932181799888611,0.9109207391738892,34.5328,64,8,0.8834193013608456,0.9170305132865906,34.1875,16,3,0.7910020351409912,0.8334660530090332,35.5
172,10,GO:0010181,,3.696972699020853e-12,0.13793103448275862,GO:0010181|GO:0019239|GO:0016814|GO:0016836|GO:0016835|GO:0016810|GO:0016829|GO:0008270|GO:0016646|GO:0016645,300,87,0.7531291930874189,0.7664272487163544,32.20333333333333,12,7,0.680158386627833,0.6904467344284058,38.25,34,9,0.7598550267079297,0.7801724076271057,34.970588235294116
173,10,GO:0031369,,2.358760458294936e-08,0.05952380952380952,GO:0031369|GO:0019899|GO:0031625|GO:0044389|GO:0017016|GO:0031267|GO:0051020|GO:0003743|GO:0005262|GO:0015085,182,84,0.7482776466634248,0.7643667459487915,35.66483516483517,17,11,0.7054717996541191,0.6989187598228455,33.23529411764706,105,49,0.7392664557411557,0.7538689970970154,36.61904761904762
174,10,GO:0030145,,2.733313600396434e-15,0.3333333333333333,GO:0030145|GO:0008235|GO:0004177|GO:0008238|GO:0046527|GO:0008237|GO:0015929|GO:0008194|GO:0016758|GO:0046914,139,30,0.7825895663645628,0.7928294539451599,37.35251798561151,32,9,0.7020741105079651,0.7156177461147308,35.0625,21,6,0.7057420554615202,0.7102810144424438,39.19047619047619
175,0,,,,,,34,6,0.8129592783310834,0.8200994431972504,34.26470588235294,1,1,0.5790442228317261,0.5790442228317261,30.0,0,0,,,
176,10,GO:0005102,,1.7965719422845828e-35,0.5869565217391305,GO:0005102|GO:0030546|GO:0048018|GO:0005125|GO:0030545|GO:0005126|GO:0098772|GO:0008083|GO:0070851|GO:0005179,127,46,0.8334012026861897,0.8426805734634399,35.98425196850393,13,6,0.7836838960647583,0.8449749946594238,33.30769230769231,45,16,0.8356835140122307,0.8680411577224731,36.28888888888889
177,9,GO:0016829,,5.887593726400672e-24,0.6190476190476191,GO:0016829|GO:0016836|GO:0016835|GO:0016830|GO:0016832|GO:0016765|GO:0016831|GO:0000287|GO:0016742,234,42,0.8497761417912622,0.8748252093791962,34.01282051282051,18,6,0.8095547772116132,0.8423503637313843,33.27777777777778,9,3,0.7557371656099955,0.7771738767623901,32.666666666666664
178,10,GO:0004812,,1.4082631504722045e-37,0.6470588235294118,GO:0004812|GO:0016875|GO:0140101|GO:0016874|GO:0140098|GO:0005524|GO:0032559|GO:0030554|GO:0035639|GO:0032555,102,34,0.7733560566808663,0.8082742989063263,36.911764705882355,10,3,0.6671589195728302,0.5976068675518036,34.6,18,6,0.7367647786935171,0.748785138130188,34.666666666666664
179,10,GO:0030546,,2.705657731886455e-88,0.8148148148148148,GO:0030546|GO:0048018|GO:0030545|GO:0008083|GO:0005102|GO:0098772|GO:0008009|GO:0042379|GO:0001664|GO:0005126,154,54,0.8697476866957429,0.9225570559501648,33.422077922077925,16,6,0.8786320257931948,0.9215400516986847,32.3125,19,6,0.8518666593652022,0.8910145163536072,30.842105263157894
180,9,GO:0016616,,2.2434954908929564e-76,0.6060606060606061,GO:0016616|GO:0016614|GO:0050661|GO:0051287|GO:0070403|GO:0016628|GO:0016627|GO:0016645|GO:0016646,286,99,0.7932322585916186,0.8020527958869934,35.00349650349651,40,15,0.792734932899475,0.7849534749984741,36.1,20,10,0.7317175000905991,0.7413063943386078,39.4
181,10,GO:0015288,,1.044854953168149e-46,0.5,GO:0015288|GO:0022829|GO:0015267|GO:0022803|GO:0022857|GO:0005215|GO:0008509|GO:0005319|GO:1904680|GO:0042887,193,44,0.8790652053961482,0.9027028679847716,37.295336787564764,14,4,0.9065158282007489,0.9031610786914825,37.5,18,6,0.7680353224277496,0.7256801724433899,35.666666666666664
182,10,GO:0032553,,1.5090361140295688e-19,0.3785310734463277,GO:0032553|GO:0032555|GO:0017076|GO:0035639|GO:0097367|GO:0032559|GO:0030554|GO:0005524|GO:0016874|GO:0140101,179,177,0.7002662620064932,0.7005640864372253,45.687150837988824,21,20,0.6370297173659006,0.6342490315437317,42.857142857142854,54,52,0.6897729105419583,0.6822460889816284,47.870370370370374
183,2,GO:0016763,,2.770553811424029e-29,0.5625,GO:0016763|GO:0016757,172,32,0.789516787369584,0.8260581195354462,34.70348837209303,8,1,0.7911544963717461,0.8325774371623993,35.875,35,6,0.718579603093011,0.7401300668716431,35.51428571428571
184,10,GO:0004553,,1.5266752363636813e-33,0.5373134328358209,GO:0004553|GO:0016798|GO:0015926|GO:0008422|GO:0015925|GO:0004601|GO:0016684|GO:0016209|GO:0051539|GO:0016832,217,67,0.8143652512730541,0.8326507806777954,40.096774193548384,33,10,0.789390200918371,0.7906923890113831,39.96969696969697,19,7,0.7301452003027263,0.7294366359710693,38.73684210526316
185,10,GO:0008236,,2.3522765706978875e-26,0.39344262295081966,GO:0008236|GO:0016825|GO:0017171|GO:0070011|GO:0008233|GO:0070008|GO:0008238|GO:0004252|GO:0140096|GO:0004175,237,61,0.8181474430148612,0.8447389006614685,38.151898734177216,25,5,0.8314241671562195,0.8470937609672546,35.52,73,19,0.8077004592712611,0.8444157838821411,37.054794520547944
186,10,GO:0016763,,6.808198266036147e-22,0.2,GO:0016763|GO:0016757|GO:0000287|GO:0003899|GO:0034062|GO:0097747|GO:0016779|GO:0140098|GO:0003677|GO:0046983,214,100,0.7091984417393943,0.70890212059021,38.76635514018692,23,10,0.7127869103265845,0.7237986922264099,37.391304347826086,8,4,0.6411252990365028,0.6610279083251953,34.25
187,3,GO:0004553,,5.381737035140988e-10,0.5882352941176471,GO:0004553|GO:0016798|GO:0015926,150,17,0.7959034067392349,0.8053938746452332,37.04666666666667,11,1,0.9187233773144808,0.9206878542900084,39.36363636363637,25,2,0.7451094698905945,0.7364271879196167,37.28
188,5,GO:0004308,,4.598083860823663e-11,0.14285714285714285,GO:0004308|GO:0016997|GO:0005507|GO:0004553|GO:0016798,311,49,0.8015005039440474,0.8137926459312439,37.562700964630224,17,5,0.7408078207689173,0.7403621673583984,35.23529411764706,29,8,0.8043183643242409,0.8111712336540222,35.37931034482759
189,10,GO:0003887,,6.788283429146648e-19,0.14893617021276595,GO:0003887|GO:0034061|GO:0004177|GO:0016779|GO:0008237|GO:0008238|GO:0070011|GO:0008233|GO:0140097|GO:0008270,338,94,0.8619289955443884,0.8703490793704987,42.39349112426036,13,7,0.8359442032300509,0.8565133213996887,37.76923076923077,56,21,0.846224959407534,0.852989137172699,40.625
190,10,GO:0016775,,1.7967773061335812e-16,0.14492753623188406,GO:0016775|GO:0004672|GO:0016702|GO:0016836|GO:0008199|GO:0008374|GO:0016701|GO:0046983|GO:0016773|GO:0016835,85,69,0.6729698261793922,0.6803505420684814,31.823529411764707,13,11,0.6310742428669562,0.634413480758667,33.92307692307692,7,6,0.6444150507450104,0.6610628366470337,34.142857142857146
191,6,GO:0005198,,9.930073508962945e-30,0.4144144144144144,GO:0005198|GO:0003735|GO:0008374|GO:0019843|GO:0051536|GO:0051540,116,111,0.705466011731789,0.721344530582428,30.18103448275862,14,14,0.7101497990744454,0.7316511571407318,31.142857142857142,14,13,0.6895533033779689,0.7036004662513733,33.92857142857143
192,6,GO:0003700,,1.0707344134629744e-19,0.32857142857142857,GO:0003700|GO:0140110|GO:0003677|GO:0051213|GO:0004112|GO:0004866,217,70,0.7571461254275889,0.7791556119918823,33.96774193548387,29,9,0.7549626518940104,0.7823445200920105,34.51724137931034,11,5,0.6408982439474626,0.6077679395675659,32.18181818181818
193,10,GO:0016730,,4.637769249403933e-07,0.05405405405405406,GO:0016730|GO:0004519|GO:0016742|GO:0016893|GO:0004518|GO:0070003|GO:0008242|GO:0140097|GO:0016888|GO:0004520,180,111,0.7040381570657094,0.7099339962005615,42.166666666666664,22,12,0.7208438922058452,0.7408351004123688,39.18181818181818,7,5,0.71432192836489,0.7036343812942505,42.857142857142854
194,10,GO:0019001,,8.066903550308679e-102,0.8985507246376812,GO:0019001|GO:0005525|GO:0032550|GO:0001883|GO:0032549|GO:0001882|GO:0032561|GO:0017076|GO:0035639|GO:0032555,242,69,0.8545296416302358,0.8741180896759033,35.09504132231405,32,8,0.8112910632044077,0.8366446495056152,34.96875,116,29,0.8233646323968624,0.8443720936775208,35.18103448275862
195,10,GO:0019887,,5.8586594077557865e-06,0.034013605442176874,GO:0019887|GO:0019207|GO:0044877|GO:0004519|GO:0051015|GO:0008135|GO:0090079|GO:0045182|GO:0043022|GO:0004518,256,147,0.7465514118084684,0.7522741258144379,38.01171875,38,21,0.710210908400385,0.7316842675209045,38.526315789473685,34,22,0.7303993438973146,0.7328716218471527,41.14705882352941
196,10,GO:0016857,,4.020184106569717e-21,0.18421052631578946,GO:0016857|GO:0016854|GO:0016853|GO:0016702|GO:0016701|GO:0051213|GO:0005506|GO:0008198|GO:0046914|GO:0048029,237,76,0.8185794350970144,0.8285931944847107,34.654008438818565,36,14,0.8015618688530393,0.8175140917301178,33.05555555555556,26,8,0.8092279869776505,0.8166791200637817,34.5
197,6,GO:0051213,,2.12667630771664e-28,0.36363636363636365,GO:0051213|GO:0016846|GO:0016765|GO:0016829|GO:0004364|GO:0008144,122,55,0.7389882013934558,0.7641956508159637,35.30327868852459,6,2,0.8167309661706289,0.8235461115837097,36.5,4,2,0.7934134900569916,0.8388722836971283,32.25
198,10,GO:0070011,,8.982694612015541e-17,0.68,GO:0070011|GO:0008233|GO:0140096|GO:0004175|GO:0008236|GO:0016825|GO:0017171|GO:0004252|GO:0003724|GO:0008234,107,25,0.7778043357011314,0.7902485132217407,33.88785046728972,11,4,0.7092194557189941,0.7189444303512573,31.545454545454547,7,1,0.7823450991085598,0.785857081413269,32.0
199,10,GO:0051213,,1.126695633901934e-14,0.3055555555555556,GO:0051213|GO:0005506|GO:0016705|GO:0046914|GO:0140096|GO:0019901|GO:0019900|GO:0004721|GO:0008235|GO:0016702,237,36,0.7208909665230457,0.7217563390731812,35.30379746835443,44,7,0.6619237011129205,0.6772359311580658,36.25,50,9,0.6929202139377594,0.7100290656089783,34.54
200,0,,,,,,168,16,0.7582205785881906,0.7543689012527466,36.44642857142857,12,1,0.8224057803551356,0.8582645058631897,35.833333333333336,19,3,0.5948698112839147,0.5967759490013123,35.63157894736842
201,10,GO:0004930,,2.820089231869377e-18,0.2549019607843137,GO:0004930|GO:0016655|GO:0008137|GO:0050136|GO:0003954|GO:0004888|GO:0016651|GO:0038023|GO:0060089|GO:0008121,334,51,0.8508019381297562,0.8788747787475586,35.032934131736525,8,1,0.860769547522068,0.8656930327415466,35.125,100,16,0.8469233560562134,0.8785122334957123,34.49
202,6,GO:0046912,,8.622798038539616e-42,0.37037037037037035,GO:0046912|GO:0016746|GO:0042578|GO:0004497|GO:0004112|GO:0048038,451,54,0.7984458075262226,0.8089362978935242,36.15521064301552,27,5,0.7512242286293594,0.7590169310569763,38.370370370370374,57,8,0.7906770005560758,0.8327050805091858,36.56140350877193
203,8,GO:0016616,,1.05180404168746e-05,0.3157894736842105,GO:0016616|GO:0016614|GO:0016627|GO:0016832|GO:0010181|GO:0016830|GO:0016829|GO:0051287,142,19,0.7130015085280781,0.7266585230827332,37.17605633802817,3,2,0.5184007982412974,0.5349667072296143,53.0,36,6,0.7005274875296487,0.710041344165802,36.583333333333336
204,10,GO:0020037,,3.1957805824620017e-56,0.6075949367088608,GO:0020037|GO:0046906|GO:0009055|GO:0003796|GO:0061783|GO:0004553|GO:0016798|GO:0005506|GO:0008194|GO:0046914,224,79,0.8163419327299509,0.8358384370803833,32.808035714285715,37,12,0.8155784397511869,0.8279703259468079,31.83783783783784,18,6,0.8275556928581662,0.8392114043235779,33.44444444444444
205,3,GO:0016747,,7.747250222255709e-51,1.0,GO:0016747|GO:0016746|GO:0016407,291,29,0.876972998335599,0.902017056941986,36.74570446735395,21,2,0.8996678619157701,0.9008097052574158,36.19047619047619,51,6,0.8495203840966318,0.9168503880500792,37.23529411764706
206,0,,,,,,40,5,0.7557354360818863,0.759049654006958,32.8,9,1,0.7715066803826226,0.7768195271492004,34.22222222222222,0,0,,,
207,10,GO:0003725,,1.1500171392871415e-11,0.2222222222222222,GO:0003725|GO:0016779|GO:0003723|GO:0035639|GO:0070566|GO:0032555|GO:0017076|GO:0005524|GO:0032559|GO:0030554,158,27,0.6835537807473654,0.6886336207389832,35.78481012658228,3,1,0.5671241084734598,0.5850270986557007,36.0,10,4,0.7106021523475647,0.7086517214775085,36.7
208,6,GO:0051539,,7.348101175525941e-07,0.35714285714285715,GO:0051539|GO:0051536|GO:0051540|GO:0016667|GO:0020037|GO:0046906,76,14,0.7418042680150584,0.7589977979660034,37.1578947368421,4,1,0.43521841615438456,0.42440235614776606,35.75,1,1,0.4649693369865417,0.4649693369865417,21.0
209,7,GO:0005198,,2.4755498529938416e-07,0.12320916905444126,GO:0005198|GO:0003723|GO:0003735|GO:0019843|GO:0000049|GO:0019887|GO:0019207,349,349,0.8408130873581742,0.8569430708885193,19.75358166189112,44,44,0.8398524455048821,0.8652230203151703,19.931818181818183,57,57,0.8489910385064912,0.8579154014587402,20.19298245614035
210,5,GO:0050660,,5.05523299140559e-25,0.7272727272727273,GO:0050660|GO:0016614|GO:0016638|GO:0016645|GO:0071949,291,22,0.8198108355613918,0.8433652520179749,36.68041237113402,70,6,0.760009400333677,0.7635423243045807,37.0,51,5,0.7812615036964417,0.7953785061836243,35.1764705882353
211,5,GO:0019239,,0.0003745897896949,0.13636363636363635,GO:0019239|GO:0016765|GO:0016829|GO:0016830|GO:0016831,164,22,0.751806089427413,0.7662467956542969,35.1890243902439,16,2,0.755331426858902,0.7494237422943115,35.75,12,2,0.6447560091813406,0.6418518722057343,35.333333333333336
212,10,GO:0016811,,3.560652873062773e-10,0.34782608695652173,GO:0016811|GO:0016791|GO:0016810|GO:0042578|GO:0016788|GO:0016410|GO:0016462|GO:0016747|GO:0016818|GO:0016817,134,23,0.7165584550864661,0.7522984743118286,35.791044776119406,23,6,0.6544248176657635,0.6855792999267578,38.391304347826086,17,4,0.6939233821981093,0.6830644011497498,36.0
213,8,GO:0003677,,2.3546245504444317e-112,0.940677966101695,GO:0003677|GO:0003700|GO:0140110|GO:0000976|GO:0001067|GO:0043565|GO:1990837|GO:0042803,347,118,0.9019858407699409,0.9280622005462646,30.40634005763689,40,13,0.8859151989221573,0.9261398613452911,31.5,17,5,0.8904814439661363,0.91331684589386,34.529411764705884
214,10,GO:0005524,,4.0596644283507806e-41,0.819672131147541,GO:0005524|GO:0032559|GO:0030554|GO:0035639|GO:0032555|GO:0017076|GO:0019205|GO:0032553|GO:0097367|GO:0050145,70,61,0.7434749381882804,0.7313248515129089,41.32857142857143,7,6,0.7737846970558167,0.7779061198234558,41.714285714285715,10,7,0.7883042871952057,0.8090015053749084,37.8
215,4,GO:0016702,,0.0047480987166068,0.05084745762711865,GO:0016702|GO:0016701|GO:0004722|GO:0051213,116,59,0.7754238900439493,0.7997963726520538,39.206896551724135,11,6,0.752365296537226,0.8039408922195435,38.0,18,11,0.6741423110167185,0.6801542341709137,36.333333333333336
216,10,GO:0005543,,0.0004041545336963,0.05154639175257732,GO:0005543|GO:0030234|GO:0004866|GO:0061135|GO:0030414|GO:0061134|GO:0016893|GO:0035091|GO:0016891|GO:0004857,228,97,0.7388170787639785,0.748668909072876,35.75877192982456,28,14,0.7351288369723729,0.742712140083313,37.642857142857146,18,8,0.7207808395226797,0.7302083671092987,41.111111111111114
217,10,GO:0003735,,7.071430607238724e-13,0.24719101123595505,GO:0003735|GO:0005198|GO:0019843|GO:0003677|GO:0003723|GO:0004518|GO:0140097|GO:0016788|GO:0003729|GO:0016832,209,89,0.7800064489031523,0.7895861864089966,33.90430622009569,20,11,0.7719226092100143,0.790655255317688,35.85,4,2,0.6958456188440323,0.6927904188632965,29.25
218,9,GO:0016705,,2.85524325563078e-150,0.9090909090909091,GO:0016705|GO:0005506|GO:0004497|GO:0020037|GO:0046906|GO:0046914|GO:0016709|GO:0048038|GO:0046912,504,88,0.9425990588608242,0.9572036564350128,36.35515873015873,68,12,0.932245556045981,0.9527655839920044,36.26470588235294,11,2,0.9018029516393488,0.9045588970184326,35.09090909090909
219,10,GO:0004222,,6.6811049429577276e-80,0.6086956521739131,GO:0004222|GO:0008237|GO:0004175|GO:0008233|GO:0070011|GO:0140096|GO:0008270|GO:0016813|GO:0046914|GO:0016811,330,69,0.7567287971576054,0.7600785195827484,33.481818181818184,36,7,0.785702774922053,0.8133971691131592,34.52777777777778,31,9,0.7555338721121511,0.7430732846260071,30.35483870967742
220,10,GO:0032559,,2.046992976902789e-27,0.8095238095238095,GO:0032559|GO:0030554|GO:0005524|GO:0032553|GO:0032555|GO:0017076|GO:0097367|GO:0035639|GO:0140097|GO:0003677,207,42,0.8016169792500095,0.8234750032424927,35.5024154589372,23,6,0.8307945495066436,0.8919157385826111,33.91304347826087,25,7,0.7524542260169983,0.7689765691757202,36.72
221,4,GO:0003735,,2.036793129597726e-109,0.8645833333333334,GO:0003735|GO:0005198|GO:0019843|GO:0003723,296,96,0.8026315191307584,0.8140269219875336,35.73986486486486,26,9,0.7763829552210294,0.7591578364372253,38.88461538461539,32,12,0.770512793213129,0.7921978533267975,33.8125
222,9,GO:0004252,,1.9693554537937176e-14,0.4782608695652174,GO:0004252|GO:0008236|GO:0016825|GO:0017171|GO:0004175|GO:0008233|GO:0070011|GO:0140096|GO:0005198,163,23,0.7824496718272109,0.8146471381187439,35.19631901840491,0,0,,,,1,1,0.4119835793972015,0.4119835793972015,31.0
223,10,GO:0016788,,0.0004038415337486,0.25,GO:0016788|GO:0016782|GO:0004620|GO:0008081|GO:0042578|GO:0016298|GO:0005506|GO:0016877|GO:0046914|GO:0004519,218,40,0.7760518264333043,0.7932301163673401,34.206422018348626,12,3,0.6637110610802969,0.6463256776332855,34.666666666666664,17,3,0.7436391886542825,0.7546377778053284,33.11764705882353
224,7,GO:0016616,,2.6333667815366577e-84,0.7564102564102564,GO:0016616|GO:0016614|GO:0051287|GO:0050661|GO:0070403|GO:0016628|GO:0016627,208,78,0.8078078087419271,0.8285953998565674,35.12019230769231,30,11,0.777290940284729,0.8055880963802338,34.0,30,14,0.7504880269368489,0.7246628403663635,33.766666666666666
225,10,GO:0016779,,9.367565323813694e-19,0.2066115702479339,GO:0016779|GO:0003887|GO:0034061|GO:0140098|GO:0016874|GO:0004812|GO:0016875|GO:0005524|GO:0032559|GO:0030554,376,121,0.8243240932834909,0.8377200365066528,46.34574468085106,38,17,0.7820851128352316,0.7969824969768524,43.78947368421053,78,32,0.8011201872275426,0.8241944313049316,47.15384615384615
226,6,GO:0004190,,6.0610038785516975e-115,0.9591836734693877,GO:0004190|GO:0070001|GO:0004175|GO:0070011|GO:0008233|GO:0140096,269,49,0.8896321095941678,0.911824107170105,34.479553903345725,17,3,0.8942475844832027,0.9043673276901244,35.470588235294116,22,5,0.8458415026014502,0.9214446544647217,35.63636363636363
227,7,GO:0016741,,1.9584655058999117e-24,0.6176470588235294,GO:0016741|GO:0008168|GO:0032182|GO:0036459|GO:0101005|GO:0019783|GO:0008242,152,34,0.7682393873600584,0.7798594534397125,33.05263157894737,6,2,0.5916591087977091,0.6133995354175568,36.666666666666664,7,2,0.7669204984392438,0.7868301868438721,37.0
228,0,,,,,,72,7,0.7757950669361485,0.796484112739563,35.833333333333336,0,0,,,,0,0,,,
229,10,GO:0003677,,7.399317179473129e-90,0.7,GO:0003677|GO:0043565|GO:0003700|GO:0046982|GO:0140110|GO:0046983|GO:0000976|GO:0001067|GO:1990837|GO:0003690,289,170,0.8466260858060579,0.8693699836730957,28.71280276816609,28,18,0.833094888499805,0.867148220539093,29.321428571428573,35,21,0.8222471765109471,0.8583971261978149,28.428571428571427
230,10,GO:0030674,,2.677941603152236e-15,0.04154302670623145,GO:0030674|GO:0060090|GO:0015631|GO:0015077|GO:0017056|GO:0008092|GO:0008017|GO:0022890|GO:0008324|GO:0005267,340,337,0.82728070546599,0.838459700345993,32.92058823529412,23,23,0.8176385138345801,0.8400806188583374,32.391304347826086,35,35,0.7925393070493426,0.7905892729759216,32.94285714285714
231,7,GO:0008237,,3.257271654755335e-15,0.5882352941176471,GO:0008237|GO:0004222|GO:0070011|GO:0008233|GO:0004175|GO:0140096|GO:0008238,156,17,0.7349745044723536,0.7432822585105896,36.532051282051285,15,1,0.8089500109354655,0.8080161213874817,40.266666666666666,22,5,0.6839292509989305,0.7012301087379456,38.18181818181818
232,10,GO:0005524,,1.5074345536449826e-18,0.7352941176470589,GO:0005524|GO:0032559|GO:0030554|GO:0016301|GO:0050145|GO:0035639|GO:0032555|GO:0017076|GO:0016776|GO:0032553,182,34,0.7812719962426594,0.7983070313930511,34.15934065934066,29,5,0.7629414817382549,0.744082510471344,35.51724137931034,14,3,0.7888327070644924,0.7770195603370667,32.142857142857146
233,8,GO:0003723,,8.401127351165481e-37,0.7407407407407407,GO:0003723|GO:0003735|GO:0005198|GO:0019843|GO:0003729|GO:0008649|GO:0140102|GO:0008173,96,54,0.7159532001242042,0.6939637064933777,35.0,10,7,0.6164613902568817,0.6123833656311035,31.9,6,5,0.6714326242605845,0.6462146937847137,31.0
234,1,GO:0046906,,0.0087691983870469,0.15625,GO:0046906,142,32,0.7753447793738942,0.8006847500801086,33.140845070422536,22,5,0.7493803555315192,0.7534420490264893,31.227272727272727,0,0,,,
235,8,GO:0004252,,1.0538937315839712e-37,0.7931034482758621,GO:0004252|GO:0008236|GO:0016825|GO:0017171|GO:0004175|GO:0070011|GO:0008233|GO:0140096,149,29,0.873543656912426,0.9292187094688416,33.40268456375839,43,6,0.8562597174977147,0.8649077415466309,34.95348837209303,20,4,0.8561316967010498,0.9171052873134613,32.65
236,10,GO:0004553,,1.688666090085009e-56,0.6086956521739131,GO:0004553|GO:0016798|GO:0030246|GO:0016758|GO:0015925|GO:0016757|GO:0015926|GO:0048038|GO:0016638|GO:0016811,418,92,0.8592395897972527,0.8689422011375427,40.930622009569376,81,14,0.8596549600730707,0.8668184280395508,40.876543209876544,96,21,0.8523359062771002,0.8592042922973633,40.489583333333336
237,10,GO:0008658,,1.0536891691339051e-10,0.5,GO:0008658|GO:0008144|GO:0033293|GO:1901681|GO:0033218|GO:0031406|GO:0043177|GO:0004185|GO:0070008|GO:0016791,100,10,0.6973130366206169,0.6952274143695831,35.54,12,1,0.7189132968584696,0.7471916675567627,34.0,19,2,0.6429519480780551,0.6499629020690918,33.1578947368421
238,10,GO:0004536,,1.2186163237526924e-13,0.16923076923076924,GO:0004536|GO:0016888|GO:0004520|GO:0016788|GO:0004518|GO:0016893|GO:0004519|GO:0140097|GO:0016830|GO:0016853,250,65,0.8181500353813171,0.8268332481384277,35.072,29,8,0.7785480186857027,0.8072883486747742,34.241379310344826,11,4,0.7582689036022533,0.7295936346054077,35.54545454545455
239,10,GO:0005509,,1.7682747402914704e-30,0.225,GO:0005509|GO:0061783|GO:0003796|GO:0004553|GO:0019900|GO:0003700|GO:0140110|GO:0044877|GO:0003779|GO:0004197,311,200,0.7553792847889412,0.7634201049804688,36.845659163987136,47,30,0.7449582688351895,0.7554659843444824,34.680851063829785,53,36,0.7870546939238062,0.7979896068572998,35.43396226415094
240,0,,,,,,71,9,0.7926368243257764,0.839749276638031,35.16901408450704,34,4,0.6777736395597458,0.6723713278770447,34.88235294117647,0,0,,,
241,3,GO:0051536,,2.3542008005504343e-30,1.0,GO:0051536|GO:0051540|GO:0051539,91,17,0.9172162145048708,0.9411913752555848,33.48351648351648,17,3,0.8631723943878623,0.9154146909713744,35.23529411764706,0,0,,,
242,10,GO:0004252,,6.90955614510166e-75,0.7666666666666667,GO:0004252|GO:0008236|GO:0016825|GO:0017171|GO:0004175|GO:0008233|GO:0070011|GO:0140096|GO:0019899|GO:0016887,325,60,0.8477102690476638,0.8653731942176819,34.08,36,7,0.8483757740921445,0.9092357456684113,34.888888888888886,23,5,0.8123126574184584,0.8120900988578796,35.43478260869565
243,6,GO:0051536,,1.1640599143245677e-17,1.0,GO:0051536|GO:0051540|GO:0051537|GO:0051539|GO:0009055|GO:0016627,66,10,0.8245796656066721,0.8573119044303894,34.40909090909091,0,0,,,,11,2,0.7555513652888212,0.7699285745620728,33.18181818181818
244,10,GO:0005262,,0.0004703821977327,0.018018018018018018,GO:0005262|GO:0015085|GO:0016168|GO:0043178|GO:0003723|GO:0019843|GO:0099094|GO:0016758|GO:0046873|GO:0005261,224,222,0.6842806343255299,0.6753222346305847,36.901785714285715,26,25,0.6887809542509226,0.7207397818565369,37.46153846153846,41,40,0.6804210972495195,0.6689927577972412,37.51219512195122
245,9,GO:0016861,,8.939060441561531e-07,0.044897959183673466,GO:0016861|GO:0016860|GO:0005198|GO:0016661|GO:0046912|GO:0016838|GO:0070566|GO:0030170|GO:0070279,249,245,0.7618956301346361,0.7702243328094482,33.84738955823293,28,28,0.7350619775908334,0.7522295713424683,34.607142857142854,57,56,0.7652776602067446,0.7854971289634705,36.35087719298246
246,10,GO:0016757,,1.0520716888117783e-14,0.2328767123287671,GO:0016757|GO:0016758|GO:0016857|GO:0016854|GO:0051287|GO:0050897|GO:0016616|GO:0016853|GO:0016614|GO:0046527,206,73,0.7561313805070896,0.7678399085998535,37.94660194174757,14,8,0.7152165770530701,0.7443931698799133,37.5,20,9,0.7191720485687256,0.7079966962337494,37.75
247,8,GO:0005096,,0.0002377707857119,0.04938271604938271,GO:0005096|GO:0030695|GO:0008092|GO:0060589|GO:0008047|GO:0015631|GO:0003779|GO:0016811,120,81,0.7248717844486237,0.7448940873146057,40.016666666666666,16,11,0.6785475164651871,0.7327374517917633,39.8125,14,10,0.7026887025151934,0.7453022003173828,39.285714285714285
248,7,GO:0003677,,5.243413189271328e-153,0.8804347826086957,GO:0003677|GO:0000976|GO:0001067|GO:0008374|GO:0003700|GO:0042803|GO:1990837,353,184,0.9054014456508518,0.94347083568573,32.39376770538244,42,23,0.8975987065406072,0.9353815019130706,32.904761904761905,12,6,0.8978283057610194,0.9553019106388092,29.666666666666668
249,2,GO:0008233,,3.761499184765149e-11,0.8333333333333334,GO:0008233|GO:0140096,96,12,0.8197211089233557,0.8488515615463257,35.21875,3,1,0.5614762504895529,0.5663543343544006,38.333333333333336,31,4,0.7816071875633732,0.8334348201751709,35.58064516129032
250,10,GO:0008270,,1.6020261117235988e-22,0.2553191489361702,GO:0008270|GO:0019787|GO:0004842|GO:0046914|GO:0061630|GO:0061659|GO:0004930|GO:0004888|GO:0005509|GO:0038023,202,141,0.7416317215060243,0.751063346862793,31.31188118811881,13,12,0.6726636473949139,0.6533046960830688,30.307692307692307,15,10,0.7050695697466532,0.722966194152832,32.266666666666666
251,10,GO:0004842,,3.874704521384999e-06,0.10526315789473684,GO:0004842|GO:0019787|GO:0005524|GO:0032559|GO:0030554|GO:0003723|GO:0035639|GO:0032555|GO:0017076|GO:0032553,153,57,0.6544992664670632,0.6519032716751099,31.052287581699346,42,13,0.6654885886680513,0.6751553416252136,31.666666666666668,92,25,0.68603130268014,0.6914388537406921,30.315217391304348
252,10,GO:0046933,,7.614205153229045e-51,0.9130434782608695,GO:0046933|GO:0015252|GO:0015078|GO:0015077|GO:0005261|GO:0016776|GO:0022890|GO:0008324|GO:0005216|GO:0015318,280,23,0.8065006615860122,0.8289247453212738,36.68214285714286,67,6,0.8128726953890786,0.8144248723983765,38.582089552238806,36,3,0.8731870684358809,0.8887785375118256,38.22222222222222
253,10,GO:0030597,,6.146350819297362e-23,0.3076923076923077,GO:0030597|GO:0030598|GO:0140102|GO:0016799|GO:0018024|GO:0016278|GO:0016279|GO:0042054|GO:0008276|GO:0008170,192,39,0.7527062660083175,0.7575197517871857,36.015625,7,2,0.7034530469349453,0.7159951329231262,33.0,7,3,0.65180390221732,0.6733790040016174,40.285714285714285
254,6,GO:0004601,,1.9926332360364574e-12,0.47058823529411764,GO:0004601|GO:0016684|GO:0016209|GO:0020037|GO:0046906|GO:0051213,100,17,0.7960789752006531,0.8402518928050995,36.28,5,1,0.6529443025588989,0.6392208933830261,36.8,3,3,0.5347306430339813,0.6013262271881104,23.0
255,10,GO:0016788,,2.57021455699715e-17,0.3333333333333333,GO:0016788|GO:0052689|GO:0070011|GO:0008233|GO:0008238|GO:0016790|GO:0016782|GO:0016791|GO:0042578|GO:0016783,189,105,0.6963619091523388,0.7015559077262878,37.095238095238095,26,17,0.6621620907233312,0.6630856990814209,35.23076923076923,44,20,0.6944460015405308,0.6910298466682434,37.25
256,9,GO:0016763,,1.971198134578353e-06,0.17647058823529413,GO:0016763|GO:0016836|GO:0016757|GO:0016835|GO:0016829|GO:0008121|GO:0016681|GO:0046914|GO:0016679,137,34,0.7421393411873031,0.745501697063446,34.24817518248175,22,5,0.7431606325236234,0.7763171494007111,34.0,6,5,0.6067606012026469,0.5882749557495117,19.0
257,10,GO:0016774,,1.1889878915923126e-22,0.8181818181818182,GO:0016774|GO:0016301|GO:0016772|GO:0016597|GO:0031406|GO:0043177|GO:0005524|GO:0032559|GO:0030554|GO:0035639,68,11,0.7774744165294311,0.7982882559299469,36.779411764705884,11,3,0.6787017990242351,0.6996968388557434,33.27272727272727,0,0,,,
258,9,GO:0004553,,1.2711756495200156e-67,0.6372549019607843,GO:0004553|GO:0016798|GO:0030246|GO:0015925|GO:0015926|GO:0008422|GO:0016758|GO:0016757|GO:0046527,378,102,0.8640999615823151,0.8795122802257538,49.13227513227513,64,19,0.8422959670424461,0.846953421831131,51.78125,43,14,0.893120621525964,0.9023945927619934,42.93023255813954
259,10,GO:0019899,,6.546727320299232e-07,0.11627906976744186,GO:0019899|GO:0017016|GO:0031267|GO:0051020|GO:0005262|GO:0015085|GO:0031625|GO:0044389|GO:0061630|GO:0061659,161,86,0.7012729976117981,0.7188489437103271,34.69565217391305,22,13,0.6592770462686365,0.6871735453605652,34.5,70,41,0.706349298783711,0.7216487228870392,36.2
260,10,GO:0051536,,9.80012153464656e-40,0.8888888888888888,GO:0051536|GO:0051540|GO:0051539|GO:0048038|GO:0050136|GO:0003954|GO:0016651|GO:0016655|GO:0008137|GO:0051537,94,27,0.8182290253487039,0.8592318296432495,35.41489361702128,10,2,0.9017997741699219,0.9164992272853851,32.4,1,1,0.6874181032180786,0.6874181032180786,47.0
261,10,GO:0003887,,8.290640864207989e-34,0.3584905660377358,GO:0003887|GO:0003677|GO:0034061|GO:0008408|GO:0004527|GO:0030234|GO:0016779|GO:0140097|GO:0098772|GO:0004518,184,53,0.8054447527164998,0.8434140980243683,33.80978260869565,12,4,0.7032354002197584,0.8269614577293396,29.916666666666668,23,6,0.8073331299035446,0.8769144415855408,33.91304347826087
262,6,GO:0004601,,1.176254385398366e-05,0.3333333333333333,GO:0004601|GO:0016684|GO:0016209|GO:0020037|GO:0046906|GO:0004497,115,12,0.7215297605680383,0.7233871817588806,37.06956521739131,22,3,0.5953194011341442,0.5913550555706024,35.45454545454545,0,0,,,
263,10,GO:0016811,,1.7427738700082595e-10,0.28125,GO:0016811|GO:0070011|GO:0008233|GO:0008237|GO:0016810|GO:0019213|GO:0004197|GO:0140096|GO:0008234|GO:0050897,203,32,0.7250615716567768,0.7446070313453674,35.13300492610838,31,8,0.6376766677825682,0.6596499681472778,33.774193548387096,54,9,0.7179815250414389,0.7110481560230255,35.370370370370374
264,5,GO:0016620,,3.2181457696226848e-43,1.0,GO:0016620|GO:0016903|GO:0016646|GO:0051287|GO:0016645,247,20,0.8828452984813736,0.906295895576477,37.59109311740891,35,3,0.7873224122183663,0.8182573318481445,40.457142857142856,74,7,0.8701020326163318,0.8895522058010101,38.5
265,10,GO:0004672,,8.016700984199929e-153,0.989010989010989,GO:0004672|GO:0016773|GO:0016301|GO:0016772|GO:0005524|GO:0032559|GO:0030554|GO:0140096|GO:0035639|GO:0032555,329,91,0.9150197736035727,0.933662176132202,34.03343465045592,27,8,0.9112450237627383,0.9241141080856324,36.407407407407405,84,20,0.9223845104376475,0.9495064914226532,33.63095238095238
266,9,GO:0015288,,4.347798828766232e-112,0.6103896103896104,GO:0015288|GO:0022829|GO:0015267|GO:0022803|GO:0022857|GO:0005215|GO:0046789|GO:0046812|GO:0016168,205,77,0.901482293373201,0.9291656017303468,37.834146341463416,15,7,0.8583293159802755,0.8573786616325378,40.13333333333333,19,9,0.8400197280080695,0.8953931331634521,40.21052631578947
267,0,,,,,,39,3,0.7853901432110713,0.8115487694740295,35.92307692307692,0,0,,,,0,0,,,
268,10,GO:0008009,,9.441124803532425e-50,0.2018348623853211,GO:0008009|GO:0042379|GO:0090729|GO:0001664|GO:0005125|GO:0030545|GO:0005126|GO:0030546|GO:0048018|GO:0098772,189,109,0.8221687207777033,0.8397811055183411,29.85185185185185,29,17,0.7989061197330212,0.8287784457206726,30.06896551724138,36,22,0.7895384430885315,0.7978215217590332,29.5
269,6,GO:0008168,,1.6241266311088036e-13,0.43333333333333335,GO:0008168|GO:0016741|GO:0016763|GO:0016757|GO:0008276|GO:0008757,182,30,0.7217913155372326,0.7295861542224884,35.73626373626374,27,5,0.7389409508970048,0.7863539457321167,35.0,52,8,0.761167260316702,0.7456162571907043,35.67307692307692
270,6,GO:0003735,,1.3184742977724628e-82,0.863013698630137,GO:0003735|GO:0005198|GO:0003723|GO:0019843|GO:0003729|GO:0000049,215,73,0.7307907287464586,0.7289929389953613,33.288372093023256,34,13,0.7310244914363412,0.7437722384929657,29.676470588235293,20,8,0.7099330723285675,0.7227625846862793,33.65
271,10,GO:0016301,,1.569959834728527e-65,0.8983050847457628,GO:0016301|GO:0019205|GO:0050145|GO:0005524|GO:0032559|GO:0030554|GO:0016772|GO:0035639|GO:0032555|GO:0017076,257,59,0.9054171821022776,0.912405490875244,33.14007782101167,29,8,0.8806902026307994,0.8979881405830383,34.48275862068966,40,12,0.8842247158288956,0.90831658244133,32.875
272,10,GO:0004518,,1.7189830551428136e-14,0.2753623188405797,GO:0004518|GO:0016788|GO:0004540|GO:0000287|GO:0004725|GO:0140098|GO:0004721|GO:0016791|GO:0004519|GO:0042578,176,69,0.6834483143280853,0.680052250623703,32.19886363636363,9,6,0.6283661921819051,0.6310806274414062,36.22222222222222,12,5,0.6092626402775446,0.6301512718200684,29.166666666666668
273,9,GO:0004252,,1.3098903393203164e-09,0.38095238095238093,GO:0004252|GO:0008236|GO:0016825|GO:0017171|GO:0004175|GO:0070011|GO:0008233|GO:0140096|GO:0016655,154,21,0.7377556277946993,0.7565852701663971,36.31818181818182,48,7,0.7170912952472767,0.7259418666362762,37.958333333333336,21,3,0.7098236623264494,0.7145366668701172,34.666666666666664
274,3,GO:0030246,,5.546489610927926e-28,0.2988505747126437,GO:0030246|GO:0030247|GO:0016831,310,87,0.834050884746736,0.8564809858798981,34.18709677419355,33,10,0.8516268134117126,0.8746737241744995,33.57575757575758,5,2,0.7362044095993042,0.7577285170555115,35.6
275,10,GO:0070003,,2.0422935359796896e-06,0.050724637681159424,GO:0070003|GO:0008242|GO:0003697|GO:0004520|GO:0004866|GO:0061135|GO:0030414|GO:0061134|GO:0004536|GO:0016888,156,138,0.7307055370929914,0.745158851146698,33.93589743589744,14,11,0.7176873449768338,0.7338778078556061,30.357142857142858,15,14,0.7280425349871318,0.7107815742492676,34.4
276,10,GO:0140110,,9.58444740480677e-10,0.13609467455621302,GO:0140110|GO:0003677|GO:0003700|GO:0015078|GO:0046933|GO:0003712|GO:0015252|GO:0015077|GO:0008324|GO:0015631,174,169,0.7161171299287643,0.7243811786174774,22.517241379310345,26,23,0.6748025279778701,0.6589527726173401,21.076923076923077,42,38,0.7045833383287702,0.6981025636196136,24.452380952380953
277,4,GO:0015144,,4.8225783477529705e-48,0.5897435897435898,GO:0015144|GO:0022857|GO:0005215|GO:0004930,221,39,0.88420091684048,0.8962721228599548,34.932126696832576,31,5,0.8880423038236557,0.9009262323379515,37.516129032258064,279,47,0.8909107369761313,0.910198986530304,36.38709677419355
278,2,GO:0005198,,0.0024412938702055,0.21621621621621623,GO:0005198|GO:0019843,40,37,0.7133092083036899,0.7496877610683441,18.35,5,4,0.7478539705276489,0.7101503610610962,13.8,2,2,0.48795489966869354,0.48795489966869354,21.5
279,7,GO:0030597,,5.839223217990965e-108,0.9069767441860465,GO:0030597|GO:0030598|GO:0140102|GO:0016799|GO:0140098|GO:0016798|GO:0090729,293,43,0.8794249799674688,0.905015230178833,35.279863481228666,27,6,0.8557099015624435,0.9047310948371888,34.7037037037037,1,1,0.6043335795402527,0.6043335795402527,39.0
280,10,GO:0005525,,5.763107831251573e-143,0.975609756097561,GO:0005525|GO:0032550|GO:0001883|GO:0032549|GO:0001882|GO:0032561|GO:0019001|GO:0003924|GO:0017111|GO:0016462,382,82,0.9100423066715919,0.9325025379657744,35.92146596858639,13,3,0.885443600324484,0.9452939629554749,34.76923076923077,39,14,0.8679044644037882,0.8996174335479736,34.48717948717949
281,8,GO:0004312,,3.936982661788607e-40,0.6363636363636364,GO:0004312|GO:0016628|GO:0016627|GO:0016747|GO:0016746|GO:0016616|GO:0016614|GO:0051287,206,33,0.7720252460646397,0.8008029460906982,34.16019417475728,20,3,0.8499458968639374,0.8509261906147003,34.0,44,7,0.7075758264823393,0.7442874908447266,33.45454545454545
282,6,GO:0004177,,1.951541008163159e-30,0.8235294117647058,GO:0004177|GO:0008238|GO:0070011|GO:0008233|GO:0140096|GO:0008237,134,17,0.8421480239772084,0.8723050355911255,35.17164179104478,1,1,0.4892379343509674,0.4892379343509674,19.0,2,1,0.6454158425331116,0.6454158425331116,27.5
283,7,GO:0004725,,3.202064778186841e-66,0.6666666666666666,GO:0004725|GO:0004721|GO:0016791|GO:0042578|GO:0016788|GO:0140096|GO:0019840,331,48,0.8220624496029223,0.8655799031257629,34.65256797583081,52,8,0.8329536221348323,0.8730908930301666,34.36538461538461,5,2,0.6299212813377381,0.6330469846725464,37.8
284,10,GO:0005525,,8.480589255262821e-06,0.11764705882352941,GO:0005525|GO:0032550|GO:0001883|GO:0032549|GO:0001882|GO:0032561|GO:0019001|GO:0005198|GO:0051082|GO:0016763,110,85,0.6673426029357044,0.6842979788780212,30.163636363636364,9,9,0.642363064818912,0.617513120174408,29.77777777777778,18,16,0.6276709702279832,0.6493817269802094,33.611111111111114
285,1,GO:0003916,,0.0311678972815649,0.046511627906976744,GO:0003916,137,43,0.7161484278031509,0.723192572593689,32.18248175182482,12,5,0.71108078956604,0.7713670432567596,35.25,32,9,0.6591761317104101,0.6499699652194977,33.84375
286,10,GO:0051213,,7.879551782354581e-20,0.3,GO:0051213|GO:0016407|GO:0016746|GO:0016410|GO:0016747|GO:0008080|GO:0016757|GO:0016758|GO:0008374|GO:0048029,252,50,0.7294207378512337,0.7371661961078644,34.57539682539682,33,10,0.6671358428218148,0.6741481423377991,32.84848484848485,32,7,0.6580795720219612,0.6377215087413788,36.0
287,10,GO:0051537,,7.757700369217445e-14,0.07834101382488479,GO:0051537|GO:0051213|GO:0051536|GO:0051540|GO:0016846|GO:0017056|GO:0016655|GO:0050136|GO:0003954|GO:0016651,236,217,0.704299896197804,0.7124576568603516,41.34322033898305,20,20,0.6917397618293762,0.6809910535812378,46.7,34,29,0.6600753673735786,0.6668653786182404,40.3235294117647
288,10,GO:0004402,,1.9976215666745323e-05,0.07142857142857142,GO:0004402|GO:0061733|GO:0034212|GO:0008080|GO:0008137|GO:0050136|GO:0003954|GO:0016410|GO:0016655|GO:0016407,125,56,0.6583157224655152,0.65970778465271,31.872,16,9,0.6466089598834515,0.6561816930770874,32.4375,16,10,0.6853673383593559,0.6897180378437042,34.875
289,10,GO:0016638,,6.93416013357491e-09,0.049723756906077346,GO:0016638|GO:0016410|GO:0050660|GO:0071949|GO:0016763|GO:0016742|GO:0008080|GO:0051536|GO:0016757|GO:0051540,268,181,0.7266065235903014,0.7467687427997589,39.649253731343286,40,26,0.7267373189330101,0.7254270911216736,39.5,47,34,0.7037122522262816,0.7212318181991577,38.48936170212766
290,9,GO:0005198,,8.597683303206741e-17,0.391304347826087,GO:0005198|GO:0005507|GO:0016661|GO:0016702|GO:0051213|GO:0016701|GO:0008810|GO:0030246|GO:0030247,98,69,0.7342287286811945,0.7404889166355133,45.80612244897959,16,11,0.7295843809843063,0.7273639440536499,43.9375,8,7,0.5735418051481247,0.5811574161052704,47.875
291,10,GO:0016829,,1.4642751631859842e-60,0.7058823529411765,GO:0016829|GO:0016836|GO:0016835|GO:0016830|GO:0016832|GO:0016833|GO:0016616|GO:0016614|GO:0046912|GO:0016646,226,85,0.8587377741273525,0.9030608236789703,33.34513274336283,23,9,0.8730577541434247,0.9215981364250184,33.869565217391305,19,9,0.8720946468805012,0.8941023945808411,32.578947368421055
292,2,GO:0016627,,2.298883461825045e-16,0.8181818181818182,GO:0016627|GO:0016628,84,11,0.813934461701484,0.8477248549461365,34.785714285714285,0,0,,,,1,1,0.5294328331947327,0.5294328331947327,61.0
293,7,GO:0015288,,3.3473728556539865e-39,0.37735849056603776,GO:0015288|GO:0022829|GO:0015267|GO:0022803|GO:0022857|GO:0005215|GO:0016168,171,53,0.8840788686484621,0.8916925191879272,36.514619883040936,46,10,0.8729060668012371,0.8913848996162415,37.45652173913044,35,8,0.8496881927762713,0.8601006269454956,34.08571428571429
294,4,GO:0043565,,3.95966468110004e-98,0.4863013698630137,GO:0043565|GO:0003677|GO:0003700|GO:0140110,287,146,0.7990291754127795,0.8156102299690247,29.425087108013937,46,22,0.7720342926357103,0.8079757988452911,29.23913043478261,10,4,0.7405924737453461,0.7633188962936401,31.8
295,10,GO:0005524,,5.814570100128202e-26,0.4818181818181818,GO:0005524|GO:0032559|GO:0030554|GO:0035639|GO:0032555|GO:0017076|GO:0097367|GO:0032553|GO:0051015|GO:0003774,367,110,0.8574205172484187,0.867393970489502,52.22615803814714,56,14,0.8481447803122657,0.854961633682251,52.42857142857143,119,33,0.8268015399700454,0.8410214185714722,53.142857142857146
296,10,GO:0003887,,3.4031571198749825e-05,0.3,GO:0003887|GO:0034061|GO:0016779|GO:0140097|GO:0008238|GO:0070011|GO:0008233|GO:0008236|GO:0016825|GO:0017171,71,10,0.7013886533152889,0.7127968668937683,34.76056338028169,1,1,0.5280981063842773,0.5280981063842773,36.0,0,0,,,
297,6,GO:0003735,,6.931905186135011e-215,0.8920454545454546,GO:0003735|GO:0005198|GO:0019843|GO:0003723|GO:0000049|GO:0003729,256,176,0.7331657022004947,0.745153933763504,32.5234375,31,25,0.7254095269787696,0.7385395169258118,33.12903225806452,15,12,0.7180960178375244,0.7457947731018066,31.0
298,10,GO:0016743,,1.1565408700459798e-76,0.5614035087719298,GO:0016743|GO:0016597|GO:0031406|GO:0043177|GO:0016741|GO:0016701|GO:0046527|GO:0008757|GO:0016758|GO:0008194,357,57,0.8272173853815437,0.8704389929771423,35.226890756302524,32,7,0.7561008641496301,0.7893352508544922,35.09375,36,6,0.7643967900011275,0.7353674471378326,35.05555555555556
299,10,GO:0003684,,9.79533675619785e-13,0.11688311688311688,GO:0003684|GO:0019104|GO:0046873|GO:0016799|GO:0022890|GO:0008324|GO:0140097|GO:0015318|GO:0015075|GO:0022857,181,77,0.7252609688603417,0.7366766333580017,34.64088397790055,14,7,0.7005630646433149,0.7161509692668915,33.5,16,10,0.7000885307788849,0.7102192342281342,39.25
300,10,GO:0004714,,1.760856627679817e-11,0.09090909090909091,GO:0004714|GO:0019199|GO:0004713|GO:0004888|GO:0005198|GO:0004866|GO:0061135|GO:0030414|GO:0061134|GO:0038023,280,99,0.7934466094842979,0.8033217191696167,36.88214285714286,27,13,0.7687143219841851,0.793868899345398,33.888888888888886,29,11,0.7675197165587853,0.7544025778770447,37.275862068965516
301,0,,,,,,49,4,0.754461086526209,0.7886053323745728,36.285714285714285,0,0,,,,0,0,,,
302,10,GO:0016874,,9.734385626484876e-26,0.8181818181818182,GO:0016874|GO:0016877|GO:0005524|GO:0032559|GO:0030554|GO:0035639|GO:0032555|GO:0017076|GO:0032553|GO:0097367,168,22,0.7309701652044341,0.722621738910675,35.63095238095238,28,4,0.6857337611062186,0.6612974405288696,35.857142857142854,13,2,0.8094839591246384,0.8314248919487,37.07692307692308
303,10,GO:0008236,,6.017163738121376e-20,0.4,GO:0008236|GO:0016825|GO:0017171|GO:0004252|GO:0008233|GO:0004175|GO:0140096|GO:0070011|GO:0003724|GO:0004386,131,45,0.7226881757947324,0.7428379654884338,33.770992366412216,14,6,0.6490676573344639,0.6688193082809448,40.57142857142857,5,3,0.5919203996658325,0.6356319189071655,29.8
304,8,GO:0008237,,8.217530705023138e-06,0.2777777777777778,GO:0008237|GO:0016866|GO:0000287|GO:0070011|GO:0008233|GO:0016833|GO:0016853|GO:0140096,160,18,0.7291820121929049,0.7374340891838074,35.68125,19,3,0.6714842601826316,0.7204450964927673,36.73684210526316,12,3,0.6270361443360647,0.6367555856704712,36.416666666666664
305,10,GO:0016874,,6.2233814270008175e-06,0.375,GO:0016874|GO:0016701|GO:0005524|GO:0032559|GO:0030554|GO:0016877|GO:0035639|GO:0032555|GO:0004497|GO:0017076,144,16,0.7121229358017445,0.7218267321586609,37.15972222222222,15,3,0.6795220891634624,0.698857307434082,39.333333333333336,16,2,0.6901583392173052,0.7458866536617279,38.0625
306,4,GO:0016829,,1.3118980325370844e-07,0.39285714285714285,GO:0016829|GO:0052689|GO:0016835|GO:0016788,214,28,0.8256589689544428,0.8409285843372345,37.35514018691589,37,7,0.7801816044627009,0.7766682505607605,37.62162162162162,11,3,0.6494822773066434,0.6406666040420532,34.81818181818182
307,10,GO:0016791,,1.5975934431442904e-25,0.3728813559322034,GO:0016791|GO:0042578|GO:0016788|GO:0000287|GO:0016868|GO:0016866|GO:0016810|GO:0016853|GO:0004527|GO:0016661,180,59,0.7167514723208216,0.724766194820404,33.81666666666667,10,5,0.6553992867469788,0.6614004671573639,34.1,20,7,0.6773503959178925,0.6702901124954224,34.8
308,10,GO:0016831,,4.0449772570639745e-11,0.2564102564102564,GO:0016831|GO:0016830|GO:0016829|GO:0030170|GO:0070279|GO:0016861|GO:0019842|GO:0016860|GO:0016853|GO:0016810,244,39,0.7768730362419223,0.7858599722385406,36.09426229508197,35,7,0.7782622422490801,0.7977735996246338,35.05714285714286,36,8,0.7482692640688684,0.7854802310466766,33.611111111111114
309,5,GO:0000287,,5.8336883872811006e-24,0.5833333333333334,GO:0000287|GO:0016462|GO:0016818|GO:0016817|GO:0003743,142,36,0.8551984567877272,0.921604573726654,33.521126760563384,3,2,0.5418385664621989,0.571702241897583,35.0,5,4,0.5641096591949463,0.5534558296203613,23.8
310,10,GO:0005524,,6.034732871769685e-47,0.5570469798657718,GO:0005524|GO:0032559|GO:0030554|GO:0035639|GO:0032555|GO:0017076|GO:0032553|GO:0097367|GO:0016874|GO:0008094,205,149,0.723461124955154,0.7313662171363831,36.19512195121951,21,15,0.6655899286270142,0.665052056312561,39.38095238095238,37,31,0.6886806423599655,0.7008242011070251,31.972972972972972
311,10,GO:0016861,,3.815098072378138e-05,0.03896103896103896,GO:0016861|GO:0016860|GO:0016830|GO:0016874|GO:0003916|GO:0003918|GO:0140097|GO:0016151|GO:0016879|GO:0016638,240,231,0.7728698745369911,0.7834797203540802,36.62916666666667,35,32,0.7705268774713788,0.777356743812561,38.542857142857144,57,55,0.7744925963251215,0.7839658260345459,37.07017543859649
312,10,GO:0003746,,2.1961927053478208e-10,0.05649717514124294,GO:0003746|GO:0043565|GO:0090079|GO:0045182|GO:0043022|GO:0008135|GO:0043021|GO:0003723|GO:0003700|GO:0140110,300,177,0.7004460176825523,0.6944639682769775,37.553333333333335,46,27,0.6964575933373492,0.7009658813476562,39.65217391304348,36,20,0.6732726924949222,0.6482912600040436,38.166666666666664
313,10,GO:0048029,,2.975101618228851e-07,0.1016949152542373,GO:0048029|GO:0016838|GO:0052689|GO:0030246|GO:0016853|GO:0140101|GO:0016829|GO:0030145|GO:0016866|GO:0016817,168,59,0.7117539876628489,0.7237063944339752,33.267857142857146,15,5,0.6778019070625305,0.6813180446624756,34.2,20,8,0.6800743758678436,0.6641585826873779,30.7
314,0,,,,,,42,7,0.7381199562833423,0.7615952789783478,39.76190476190476,0,0,,,,0,0,,,
315,10,GO:0035639,,1.2467558289142495e-09,0.5,GO:0035639|GO:0032555|GO:0017076|GO:0032553|GO:0005524|GO:0032559|GO:0030554|GO:0097367|GO:0016877|GO:0016874,129,42,0.6552820556847624,0.655479907989502,33.4031007751938,13,4,0.6735065350165734,0.6868544816970825,35.15384615384615,21,8,0.6129787053380694,0.6350679993629456,35.857142857142854
316,2,GO:0046789,,2.043685572717252e-93,0.7586206896551724,GO:0046789|GO:0046812,259,58,0.8892501933234078,0.9101280570030212,38.625482625482626,32,7,0.8880790006369352,0.9131034314632416,39.15625,8,3,0.6842774003744125,0.6916930377483368,35.25
317,10,GO:0019887,,4.5940225611059e-12,0.1206896551724138,GO:0019887|GO:0019207|GO:0030234|GO:0004672|GO:0098772|GO:0044877|GO:0051015|GO:0016773|GO:0016775|GO:0032559,161,58,0.622179299963187,0.6233193278312683,35.484472049689444,11,6,0.6045315292748538,0.6335641741752625,34.90909090909091,31,12,0.6075293402517995,0.592552900314331,34.41935483870968
318,3,GO:0004659,,3.618595147258484e-36,0.24390243902439024,GO:0004659|GO:0016765|GO:0016725,422,82,0.8725017059188318,0.8840065896511078,34.2345971563981,41,9,0.8629555455068263,0.8650940656661987,35.63414634146341,10,3,0.8533473372459411,0.8505101799964905,39.3
319,10,GO:0010181,,3.253596143043965e-16,0.1917808219178082,GO:0010181|GO:0016833|GO:0004112|GO:0016831|GO:0004857|GO:0031369|GO:0004519|GO:0030234|GO:0008081|GO:0016829,163,73,0.6647783431904447,0.6638990640640259,29.319018404907975,9,6,0.6073833008607229,0.5940265655517578,33.111111111111114,13,7,0.6103840378614572,0.6109170913696289,27.076923076923077
320,9,GO:0044877,,5.051865839956643e-07,0.1111111111111111,GO:0044877|GO:0061630|GO:0061659|GO:0004842|GO:0030234|GO:0019787|GO:0003916|GO:0051015|GO:0005496,300,90,0.8171050639947256,0.8413962423801422,34.623333333333335,31,10,0.84086250874304,0.8498935103416443,33.45161290322581,120,38,0.8206155836582184,0.851633608341217,33.35
321,10,GO:0018024,,1.789277713075133e-11,0.16279069767441862,GO:0018024|GO:0016278|GO:0016279|GO:0042054|GO:0008276|GO:0008170|GO:0008757|GO:0008810|GO:0072341|GO:0140096,168,43,0.7194874355835574,0.7114056944847107,34.595238095238095,9,2,0.7225507828924391,0.7630040645599365,33.44444444444444,14,4,0.6011400797537395,0.5842287540435791,36.285714285714285
322,10,GO:0004930,,3.604589153959426e-11,0.3684210526315789,GO:0004930|GO:0004888|GO:0038023|GO:0060089|GO:0022857|GO:0005215|GO:0008509|GO:0015318|GO:0015075|GO:0022836,119,19,0.7746638069633677,0.8048269748687744,35.15126050420168,16,4,0.6809089481830597,0.7075949013233185,40.4375,46,11,0.7523916130480559,0.7598109245300293,35.23913043478261
323,10,GO:0004553,,2.4570559180190802e-29,0.4,GO:0004553|GO:0016798|GO:0008236|GO:0016825|GO:0017171|GO:0070008|GO:0008238|GO:0004252|GO:0070011|GO:0008233,230,95,0.8388387293919273,0.8579753935337067,37.56956521739131,31,16,0.800116240978241,0.8466400504112244,37.58064516129032,53,25,0.8027705516455308,0.8193747401237488,38.56603773584906
324,10,GO:0016866,,1.086632480051647e-06,0.13636363636363635,GO:0016866|GO:0016853|GO:0140101|GO:0140098|GO:0016791|GO:0042578|GO:0019840|GO:0016725|GO:0016788|GO:0003723,140,44,0.6641906436000552,0.646780788898468,34.27857142857143,19,6,0.6160240424306769,0.5996898412704468,33.526315789473685,26,8,0.7139695768172925,0.730038970708847,33.11538461538461
325,6,GO:0036361,,1.0970661655833971e-54,1.0,GO:0036361|GO:0016855|GO:0047661|GO:0016854|GO:0016853|GO:0042802,76,21,0.92382224453123,0.944195955991745,30.407894736842106,6,2,0.8401184380054474,0.8477635979652405,34.333333333333336,1,1,0.5541806221008301,0.5541806221008301,10.0
326,10,GO:0097367,,6.1737389409082325e-27,0.4578313253012048,GO:0097367|GO:0032553|GO:0032555|GO:0017076|GO:0035639|GO:0032559|GO:0030554|GO:0005524|GO:0017111|GO:0016462,166,166,0.7205867068954261,0.7287015318870544,43.16265060240964,17,17,0.7259470434749827,0.7243534326553345,44.8235294117647,43,43,0.6777973313664281,0.6990119218826294,45.51162790697674
327,5,GO:0090729,,0.0014430087742591,0.08620689655172414,GO:0090729|GO:0016775|GO:0036459|GO:0101005|GO:0019783,153,58,0.7356158609873329,0.7398574352264404,31.431372549019606,21,10,0.7193652817181179,0.7103703618049622,31.428571428571427,3,2,0.6148169636726379,0.6385075449943542,36.0
328,0,,,,,,46,6,0.8618307735608972,0.8984077870845795,37.56521739130435,0,0,,,,5,3,0.5125112354755401,0.4871793985366821,35.8
329,10,GO:0008289,,2.610957791757344e-25,0.2911392405063291,GO:0008289|GO:0005516|GO:0004674|GO:0043178|GO:0004672|GO:0005504|GO:0033293|GO:0019840|GO:0016773|GO:0005496,229,79,0.8150042959175776,0.8199741244316101,33.56768558951965,35,12,0.8223469666072301,0.8878005743026733,35.91428571428571,104,29,0.8800607501314237,0.8924750983715057,33.98076923076923
330,10,GO:0004812,,2.4877709934372063e-41,0.8148148148148148,GO:0004812|GO:0016875|GO:0140101|GO:0016874|GO:0140098|GO:0005524|GO:0032559|GO:0030554|GO:0035639|GO:0032555,201,27,0.794703136036052,0.8027539849281311,35.57213930348259,9,3,0.6175045635965135,0.6053183078765869,31.11111111111111,22,4,0.7245191254399039,0.7348968386650085,35.45454545454545
331,10,GO:0008092,,2.5156807486153592e-14,0.16521739130434782,GO:0008092|GO:0003779|GO:0005516|GO:0008017|GO:0030674|GO:0015631|GO:0060090|GO:0004842|GO:0019787|GO:0019887,260,115,0.7264368112270648,0.7342385649681091,33.85769230769231,48,19,0.7107667786379656,0.7356422543525696,32.104166666666664,65,27,0.7501764572583712,0.7598147988319397,34.8
332,10,GO:0016874,,9.7293634691432e-10,0.1619047619047619,GO:0016874|GO:0005524|GO:0032559|GO:0030554|GO:0035639|GO:0032555|GO:0017076|GO:0032553|GO:0097367|GO:0016725,175,105,0.7069333904130118,0.7095728516578674,37.10285714285714,22,12,0.6338623884049329,0.6508651375770569,37.13636363636363,69,41,0.6792099277178446,0.6949220895767212,36.98550724637681
333,10,GO:0008237,,5.402501489220532e-13,0.2553191489361702,GO:0008237|GO:0004177|GO:0008270|GO:0008238|GO:0016702|GO:0070011|GO:0008233|GO:0016701|GO:0046914|GO:0051213,309,47,0.80396512006093,0.8201741576194763,40.89967637540453,42,8,0.7607316247054509,0.7835058271884918,39.095238095238095,61,20,0.7526405561165731,0.7481709122657776,38.09836065573771
334,10,GO:0004308,,2.1898408834841288e-10,0.11475409836065574,GO:0004308|GO:0016997|GO:0005507|GO:0004553|GO:0004129|GO:0015002|GO:0016676|GO:0016675|GO:0016798|GO:0016661,216,61,0.8573381186083511,0.8608424067497253,36.06944444444444,20,6,0.8587466984987259,0.8749942779541016,34.3,36,15,0.8407644447353151,0.8493320345878601,37.77777777777778
335,5,GO:0070003,,0.0074947920810319,0.11764705882352941,GO:0070003|GO:0008242|GO:0004842|GO:0016758|GO:0019787,85,17,0.7755976634867051,0.8019187450408936,35.470588235294116,9,1,0.7110160920355055,0.7216701507568359,32.22222222222222,0,0,,,
336,0,,,,,,32,4,0.6970695676282048,0.7123591005802155,37.3125,0,0,,,,19,2,0.6578191205074913,0.6488120555877686,37.421052631578945
337,6,GO:0047429,,9.92674205255634e-68,0.4024390243902439,GO:0047429|GO:0016817|GO:0016818|GO:0016462|GO:0000287|GO:0016775,238,82,0.7870585701796187,0.8010871112346649,37.45798319327731,29,11,0.7751810961756213,0.7831178903579712,36.172413793103445,33,10,0.7717509414210464,0.777588427066803,36.93939393939394
338,10,GO:0008137,,3.062810803780553e-08,0.052884615384615384,GO:0008137|GO:0050136|GO:0003954|GO:0016655|GO:0016651|GO:0048038|GO:0004674|GO:0016866|GO:0017056|GO:0003677,211,208,0.7721207408825933,0.7973681092262268,31.90995260663507,34,34,0.8090483853045631,0.8270341455936432,30.735294117647058,33,33,0.7999501842440981,0.8108555674552917,33.45454545454545
339,10,GO:0016301,,9.06466258009175e-27,0.7027027027027027,GO:0016301|GO:0016772|GO:0016773|GO:0005524|GO:0032559|GO:0030554|GO:0035639|GO:0032555|GO:0017076|GO:0032553,164,37,0.7602028154381891,0.7675524652004242,35.31707317073171,18,5,0.7571218626366721,0.8294936120510101,36.0,0,0,,,
340,10,GO:0016758,,3.671214409519556e-07,0.16666666666666666,GO:0016758|GO:0016829|GO:0016725|GO:0046527|GO:0016757|GO:0008658|GO:0016838|GO:0008144|GO:0004177|GO:0033293,192,36,0.7559964824467897,0.7589407861232758,38.317708333333336,29,5,0.7731978728853423,0.7903702259063721,35.55172413793103,38,10,0.6946560850268916,0.6849009990692139,39.71052631578947
341,10,GO:0016616,,6.292451329130645e-91,0.6836734693877551,GO:0016616|GO:0016614|GO:0050661|GO:0016628|GO:0051287|GO:0016725|GO:0016627|GO:0016620|GO:0016903|GO:0016638,261,98,0.879268362147598,0.9033071398735046,32.02298850574713,22,8,0.8745859698815779,0.8653886020183563,31.363636363636363,14,5,0.8873371481895447,0.9244725406169891,34.642857142857146
342,10,GO:0070011,,0.0002781001717,0.5,GO:0070011|GO:0008233|GO:0140096|GO:0071949|GO:0008238|GO:0004252|GO:0050660|GO:0016836|GO:0008236|GO:0016825,110,10,0.7483298767696728,0.7592612504959106,37.7,0,0,,,,9,4,0.7276362975438436,0.7321681976318359,35.888888888888886
343,3,GO:0015144,,0.0179091889600695,0.07142857142857142,GO:0015144|GO:0042626|GO:0015399,235,28,0.7644987816506243,0.7795074582099915,35.09361702127659,26,3,0.798142515696012,0.8017001450061798,37.38461538461539,12,5,0.6023334463437399,0.6482408344745636,39.666666666666664
344,10,GO:0016854,,0.0021177922290965,0.14285714285714285,GO:0016854|GO:0016616|GO:0016614|GO:0016857|GO:0016836|GO:0016628|GO:0016853|GO:0003954|GO:0016835|GO:0016620,152,21,0.7413021541739765,0.7539554536342621,35.0,13,4,0.593349250463339,0.588428795337677,35.15384615384615,14,2,0.7017303364617484,0.6990847587585449,34.857142857142854
345,10,GO:0005524,,2.5532623369295948e-15,1.0,GO:0005524|GO:0032559|GO:0030554|GO:0035639|GO:0032555|GO:0017076|GO:0032553|GO:0097367|GO:0016874|GO:0016879,131,15,0.785321400820754,0.7981163263320923,36.64885496183206,0,0,,,,23,2,0.8293740516123564,0.8328059315681458,37.43478260869565
346,10,GO:0005125,,8.474371187684041e-15,0.13095238095238096,GO:0005125|GO:0030546|GO:0048018|GO:0030545|GO:0005126|GO:0005102|GO:0098772|GO:0003779|GO:0008083|GO:0008092,237,84,0.7979122679444808,0.8093552589416504,31.869198312236286,41,14,0.8067777171367552,0.8010200262069702,31.804878048780488,58,17,0.82146850125543,0.8330162167549133,33.310344827586206
347,3,GO:0016831,,6.863905498185144e-07,0.4166666666666667,GO:0016831|GO:0016830|GO:0016829,102,12,0.788114540717181,0.8191832900047302,47.77450980392157,0,0,,,,1,1,0.611178994178772,0.611178994178772,32.0
348,10,GO:0016301,,4.4901302225829e-45,1.0,GO:0016301|GO:0016772|GO:0016773|GO:0019200|GO:0005524|GO:0032559|GO:0030554|GO:0035639|GO:0032555|GO:0017076,247,33,0.798448043796215,0.8044794797897339,34.78137651821862,39,5,0.800803508514013,0.8148454427719116,34.282051282051285,36,4,0.8244664917389551,0.8274053633213043,33.75
349,10,GO:0008168,,2.554875001255817e-20,0.5142857142857142,GO:0008168|GO:0016741|GO:0008757|GO:0008170|GO:0008173|GO:0008649|GO:0008175|GO:0140098|GO:0140102|GO:0140097,194,35,0.6966055332078147,0.7020872533321381,34.96907216494845,17,6,0.6292888767579022,0.6301522850990295,36.529411764705884,24,8,0.6008429266512394,0.6193025708198547,34.166666666666664
350,10,GO:0004519,,1.740266665726758e-19,0.2876712328767123,GO:0004519|GO:0004518|GO:0016788|GO:0016763|GO:0016757|GO:0016779|GO:0003899|GO:0016772|GO:0034062|GO:0097747,250,73,0.6697245354652405,0.6696092784404755,34.628,23,9,0.6103270520334658,0.6040210723876953,33.69565217391305,8,6,0.48059530183672905,0.45942272245883936,34.875
351,7,GO:0016798,,8.276012734965337e-13,0.48484848484848486,GO:0016798|GO:0004553|GO:0016857|GO:0016854|GO:0016853|GO:0008810|GO:0005509,235,33,0.7690079360566241,0.7942845821380615,35.8468085106383,8,3,0.6327271088957787,0.637414276599884,34.375,26,4,0.7594649677093213,0.7625842392444611,37.73076923076923
352,10,GO:0019199,,5.475899866555508e-31,0.47058823529411764,GO:0019199|GO:0004888|GO:0004672|GO:0004674|GO:0038023|GO:0060089|GO:0016773|GO:0016301|GO:0016772|GO:0140096,77,34,0.8093150498031022,0.8387473225593567,35.01298701298701,8,4,0.7894953712821007,0.7254431247711182,32.125,6,4,0.6811191538969675,0.700975090265274,49.333333333333336
353,10,GO:0003774,,6.537994293542311e-14,0.14864864864864866,GO:0003774|GO:0051015|GO:0005524|GO:0032559|GO:0030554|GO:0035639|GO:0044877|GO:0032555|GO:0017076|GO:0003779,157,74,0.8075071201202976,0.8134145736694336,58.47133757961783,13,8,0.8082377131168659,0.8465355038642883,53.84615384615385,39,19,0.7951140113365955,0.8054773211479187,57.58974358974359
354,2,GO:0003677,,2.0205225878171735e-100,0.911504424778761,GO:0003677|GO:0043565,272,113,0.8866262346067849,0.9169407188892365,36.45220588235294,34,14,0.8920584794353036,0.929893046617508,35.294117647058826,4,2,0.9014590084552765,0.9295694530010223,38.75
355,2,GO:0016765,,1.3479311475556395e-32,0.7692307692307693,GO:0016765|GO:0016782,139,26,0.8545444772826681,0.9028948545455932,37.05755395683453,21,5,0.6488164351100013,0.5830912590026855,37.666666666666664,24,5,0.823364200691382,0.8789659142494202,35.666666666666664
356,10,GO:0003924,,2.192372015980534e-20,0.9166666666666666,GO:0003924|GO:0005525|GO:0032550|GO:0001883|GO:0032549|GO:0001882|GO:0032561|GO:0019001|GO:0017111|GO:0016462,141,12,0.9027719577998979,0.9250788688659668,35.97163120567376,34,3,0.8316727806540096,0.7955367565155029,35.23529411764706,36,3,0.8661507119735082,0.8905490040779114,35.638888888888886
357,10,GO:0016879,,1.60819777186847e-26,0.6666666666666666,GO:0016879|GO:0016874|GO:0005524|GO:0032559|GO:0030554|GO:0035639|GO:0032555|GO:0017076|GO:0032553|GO:0097367,213,24,0.829569743832512,0.849293053150177,36.2112676056338,31,6,0.8111094524783473,0.8102229833602905,35.516129032258064,1,1,0.6678029894828796,0.6678029894828796,33.0
358,10,GO:0015929,,6.043282995526269e-07,0.06756756756756757,GO:0015929|GO:0004553|GO:0000287|GO:0016798|GO:0016757|GO:0016758|GO:0016874|GO:0016896|GO:0004532|GO:0051539,165,74,0.791654107426152,0.8048726320266724,35.333333333333336,14,8,0.7732144807066236,0.809765636920929,37.714285714285715,29,11,0.8035646697570538,0.8063019514083862,33.13793103448276
359,3,GO:0004312,,9.94716514898698e-35,0.7727272727272727,GO:0004312|GO:0016747|GO:0016746,161,22,0.7852298476681205,0.8281509280204773,35.47204968944099,9,1,0.8671572738223605,0.8723609447479248,34.888888888888886,19,3,0.8709806894001207,0.8882912993431091,32.89473684210526
360,5,GO:0005509,,6.721384920397269e-43,0.578125,GO:0005509|GO:0038023|GO:0060089|GO:0004896|GO:0140375,152,64,0.7905427052786476,0.8173764646053314,36.08552631578947,13,7,0.748481246141287,0.7778559327125549,36.15384615384615,4,2,0.5744419246912003,0.5039321780204773,38.25
361,10,GO:0008168,,1.950735285580364e-09,0.15178571428571427,GO:0008168|GO:0016741|GO:0004842|GO:0016896|GO:0019787|GO:0004532|GO:0004518|GO:0140096|GO:0016796|GO:0003968,202,112,0.7083101020296021,0.717815101146698,38.49009900990099,37,19,0.6890109576083518,0.6924465298652649,35.648648648648646,33,22,0.6829761429266497,0.6848816871643066,38.06060606060606
362,10,GO:0016894,,4.714357354961646e-23,0.5,GO:0016894|GO:0004521|GO:0004540|GO:0004519|GO:0004518|GO:0140098|GO:0016788|GO:0003723|GO:0004222|GO:0008810,90,20,0.7948006418016221,0.8054505288600922,34.58888888888889,6,1,0.9311183790365855,0.93378946185112,34.666666666666664,6,1,0.859186589717865,0.8667002618312836,32.666666666666664
363,7,GO:0051539,,0.0013688226984212,0.21428571428571427,GO:0051539|GO:0016765|GO:0016791|GO:0140101|GO:0051536|GO:0051540|GO:0042578,75,14,0.7350440828005472,0.7458553314208984,36.333333333333336,5,2,0.5327640295028686,0.5318543910980225,27.6,17,6,0.6432739811785081,0.6636953353881836,32.411764705882355
364,10,GO:0022857,,1.0564020870425023e-24,0.410958904109589,GO:0022857|GO:0005215|GO:0015075|GO:0015318|GO:0005216|GO:0015267|GO:0022803|GO:0005267|GO:0015077|GO:0015079,150,73,0.7729598649342855,0.7931118905544281,34.17333333333333,18,9,0.7828761902120378,0.7802508473396301,32.5,19,13,0.7500435051165129,0.7663836479187012,32.8421052631579
365,10,GO:0005524,,1.1707698197737493e-36,0.9285714285714286,GO:0005524|GO:0032559|GO:0030554|GO:0035639|GO:0032555|GO:0017076|GO:0032553|GO:0097367|GO:0016887|GO:0017111,278,42,0.8105327208265126,0.81708624958992,36.32014388489208,10,3,0.7407651305198669,0.7447434067726135,33.3,27,8,0.7409074196109066,0.752145528793335,35.666666666666664
366,10,GO:0003968,,1.0454185296786236e-13,0.12048192771084337,GO:0003968|GO:0034062|GO:0097747|GO:0140098|GO:0016779|GO:0005504|GO:0046912|GO:0033293|GO:0016874|GO:0070008,339,83,0.8295828668417129,0.8373717069625854,35.35693215339233,43,11,0.8187439233757728,0.8121991753578186,36.395348837209305,91,27,0.812046766936124,0.8217061161994934,35.91208791208791
367,10,GO:0016616,,6.254164134060551e-10,0.12195121951219512,GO:0016616|GO:0016614|GO:0004033|GO:0016757|GO:0051287|GO:0004842|GO:0016758|GO:0019787|GO:0016628|GO:0008168,172,164,0.6911908906213072,0.6990111172199249,41.604651162790695,13,13,0.7080401411423316,0.6906995177268982,39.92307692307692,20,20,0.6868082627654075,0.6952962875366211,38.8
368,10,GO:0030145,,1.195314676681951e-16,0.3235294117647059,GO:0030145|GO:0004177|GO:0008235|GO:0008238|GO:0016616|GO:0016614|GO:0008237|GO:0046914|GO:0016860|GO:0016853,165,34,0.7212291699467284,0.7168285846710205,35.23030303030303,31,7,0.7231161594390869,0.7525514960289001,33.193548387096776,38,8,0.6953922502304378,0.7055193483829498,34.921052631578945
369,7,GO:0004553,,4.666940429636597e-14,0.5357142857142857,GO:0004553|GO:0016798|GO:0008061|GO:0030247|GO:0004180|GO:0030246|GO:0016791,140,28,0.7696895303470748,0.8156772553920746,34.52857142857143,8,2,0.6646895632147789,0.6635529696941376,34.0,9,3,0.7713513175646464,0.8475998044013977,32.333333333333336
370,5,GO:0051213,,2.7324319322490903e-11,0.15714285714285714,GO:0051213|GO:0016701|GO:0016702|GO:0016705|GO:0016151,174,70,0.747921881662018,0.7619691491127014,32.706896551724135,20,9,0.7937028646469116,0.7854393422603607,28.75,13,8,0.6971778777929453,0.6669725179672241,36.76923076923077
371,4,GO:0016765,,7.413167152172204e-15,0.625,GO:0016765|GO:0004659|GO:0000287|GO:0016810,88,16,0.8138047653165731,0.8163012266159058,32.31818181818182,3,1,0.7089633742968241,0.7034124732017517,29.0,6,1,0.7014858027299246,0.7257833480834961,34.666666666666664
372,10,GO:0008171,,5.8177666767329725e-25,0.21518987341772153,GO:0008171|GO:0008168|GO:0016741|GO:0005085|GO:0051020|GO:0008757|GO:0008135|GO:0090079|GO:0003743|GO:0045182,160,79,0.6778375061228872,0.6794500052928925,35.025,19,11,0.6033886388728493,0.6255578398704529,39.68421052631579,21,12,0.6150913380441212,0.6130783557891846,31.523809523809526
373,10,GO:0016774,,2.4761716531545704e-52,0.42857142857142855,GO:0016774|GO:0016301|GO:0005524|GO:0032559|GO:0030554|GO:0035639|GO:0032555|GO:0017076|GO:0032553|GO:0016772,196,56,0.7911842577919668,0.8036790490150452,38.55102040816327,13,4,0.8563114083730258,0.8850106000900269,40.69230769230769,46,13,0.8166500485461691,0.8399916589260101,38.54347826086956
374,4,GO:0016838,,4.933416915236589e-22,0.8181818181818182,GO:0016838|GO:0016835|GO:0000287|GO:0016829,133,11,0.8360299716766616,0.8485634326934814,36.63157894736842,21,2,0.8139749197732835,0.8164249658584595,34.857142857142854,8,3,0.5855441838502884,0.578339546918869,36.625
375,10,GO:0016757,,2.168690497694226e-08,0.2127659574468085,GO:0016757|GO:0008168|GO:0016741|GO:0140097|GO:0016758|GO:0046527|GO:0008194|GO:0008757|GO:0016779|GO:0016772,150,47,0.6457125588258108,0.6540088057518005,34.00666666666667,11,5,0.6360645348375494,0.6079732179641724,36.54545454545455,32,11,0.61893230676651,0.6155113577842712,35.40625
376,10,GO:0005524,,8.151379244406384e-15,0.8181818181818182,GO:0005524|GO:0032559|GO:0030554|GO:0035639|GO:0032555|GO:0017076|GO:0032553|GO:0097367|GO:0000287|GO:0016879,174,22,0.7638036639525972,0.7801331877708435,36.99425287356322,13,5,0.6566344155715063,0.6760289669036865,32.61538461538461,17,2,0.7445341068155625,0.7449989914894104,39.11764705882353
377,4,GO:0016840,,3.624067077175159e-07,0.3076923076923077,GO:0016840|GO:0016151|GO:0016829|GO:0046914,146,13,0.7489584078119226,0.766062468290329,36.56849315068493,18,2,0.7475076880719926,0.7512102127075195,35.388888888888886,0,0,,,
378,10,GO:0046982,,1.271963572994059e-07,0.05970149253731343,GO:0046982|GO:0003712|GO:0046983|GO:0140110|GO:0003714|GO:0061630|GO:0061659|GO:0015631|GO:0003678|GO:0036459,183,134,0.7495176946856285,0.7637783885002136,34.73770491803279,16,12,0.6847984287887812,0.7040664851665497,32.9375,17,15,0.7796955950119916,0.7977696061134338,36.411764705882355
379,6,GO:0003796,,2.222713776240035e-16,0.3225806451612903,GO:0003796|GO:0061783|GO:0016810|GO:0004553|GO:0016798|GO:0016791,132,31,0.7099028972513748,0.7211256623268127,33.82575757575758,7,2,0.6185329386166164,0.617194652557373,34.285714285714285,2,1,0.5514379441738129,0.5514379441738129,31.5
380,10,GO:0004553,,1.911913598558487e-19,0.29523809523809524,GO:0004553|GO:0016798|GO:0097599|GO:0015929|GO:0008270|GO:0016705|GO:0046914|GO:0019239|GO:0004497|GO:0016814,420,105,0.8310611457342193,0.8448977470397949,34.63095238095238,56,16,0.8260775985462325,0.840379536151886,37.0,26,11,0.7428675729494828,0.7546832263469696,34.30769230769231
381,10,GO:0140097,,2.107165050663924e-09,0.391304347826087,GO:0140097|GO:0016874|GO:0003677|GO:0005524|GO:0032559|GO:0030554|GO:0035639|GO:0032555|GO:0017076|GO:0032553,100,23,0.7076299265027046,0.7098584473133087,36.56,5,2,0.6184227108955384,0.6091800332069397,34.2,5,1,0.5287979662418365,0.5321894288063049,38.0
382,10,GO:0016779,,3.739511801593258e-12,0.3023255813953488,GO:0016779|GO:0016772|GO:0000287|GO:0050660|GO:0008080|GO:0008194|GO:0071949|GO:0016758|GO:0016410|GO:0016407,183,43,0.7176411573678418,0.7137478590011597,33.39344262295082,13,3,0.6620311920459454,0.7194569110870361,31.923076923076923,23,4,0.7440467347269473,0.7683249711990356,31.565217391304348
383,10,GO:0035091,,5.6784081021972456e-52,0.3880597014925373,GO:0035091|GO:0005543|GO:0008289|GO:0004519|GO:0004518|GO:0016788|GO:0004721|GO:0004722|GO:0008138|GO:0016791,180,67,0.7514445490307278,0.7698982357978821,30.95,24,11,0.7233844747145971,0.7206858396530151,29.541666666666668,20,8,0.7375405803322792,0.7309628129005432,33.2
384,5,GO:0051537,,8.319890382234753e-82,0.9047619047619048,GO:0051537|GO:0051536|GO:0051540|GO:0009055|GO:0016730,118,42,0.9021244988603107,0.9327857792377472,33.41525423728814,15,6,0.9106256524721782,0.9478331208229064,35.0,1,1,0.6584998965263367,0.6584998965263367,37.0
385,8,GO:0008168,,9.561844483480082e-25,0.5116279069767442,GO:0008168|GO:0016741|GO:0032182|GO:0036459|GO:0101005|GO:0019783|GO:0008242|GO:0008757,106,43,0.7448196911586905,0.7394716739654541,36.83018867924528,13,9,0.5916942358016968,0.5888376235961914,38.15384615384615,11,7,0.6511528329415754,0.5881280303001404,37.63636363636363
386,6,GO:0016763,,9.387721473836686e-13,0.11450381679389313,GO:0016763|GO:0016757|GO:0008138|GO:0048038|GO:0003954|GO:0043021,209,131,0.6783558084633932,0.681736171245575,33.177033492822964,24,17,0.6267289208869139,0.6229786276817322,32.583333333333336,31,19,0.6864878689089129,0.6822819709777832,32.87096774193548
387,10,GO:0008237,,2.0259526731345056e-12,0.19402985074626866,GO:0008237|GO:0004222|GO:0051213|GO:0004518|GO:0070011|GO:0008233|GO:0016702|GO:0004175|GO:0016701|GO:0016884,90,67,0.6611058019929462,0.6611307263374329,39.666666666666664,7,7,0.6077279107911246,0.5812895894050598,42.0,26,22,0.627252819446417,0.6307657659053802,38.19230769230769
388,9,GO:1901681,,1.093888893569724e-56,0.9032258064516129,GO:1901681|GO:0019842|GO:0000287|GO:0016831|GO:0016830|GO:0016829|GO:0030145|GO:0050660|GO:0071949,150,31,0.8913180017471314,0.9084574282169342,35.50666666666667,16,4,0.8465054668486118,0.8992792069911957,34.8125,22,6,0.8689738186922941,0.9071447253227234,34.86363636363637
389,7,GO:0005507,,4.406499165771693e-19,0.42857142857142855,GO:0005507|GO:0016661|GO:0046914|GO:0016857|GO:0030246|GO:0016854|GO:0016853,185,28,0.8543126882733525,0.880713939666748,36.21081081081081,22,3,0.786339751698754,0.8209777176380157,32.45454545454545,8,4,0.7586120665073395,0.7965682148933411,33.75
390,10,GO:0004659,,9.988884588548789e-11,0.0661764705882353,GO:0004659|GO:0019899|GO:0051020|GO:0017016|GO:0031267|GO:0005504|GO:0008289|GO:0017048|GO:0016765|GO:0031625,297,136,0.8145420633582555,0.8405930399894714,34.03030303030303,33,14,0.8369948195688652,0.8724893927574158,33.18181818181818,68,35,0.7587762264644399,0.7657347321510315,34.529411764705884
391,3,GO:0016747,,7.747250222255709e-51,1.0,GO:0016747|GO:0016746|GO:0004312,273,29,0.8508956615741436,0.8739954829216003,36.967032967032964,33,4,0.8848076823985938,0.8946065902709961,36.24242424242424,7,1,0.7798608796937125,0.7832515239715576,31.571428571428573
392,10,GO:0005216,,4.334350684994985e-14,0.75,GO:0005216|GO:0015267|GO:0022803|GO:0004970|GO:0008066|GO:0022857|GO:0015318|GO:0015075|GO:0022824|GO:0022835,133,12,0.7477902218811494,0.7521476149559021,35.962406015037594,20,3,0.6626818090677261,0.6771465539932251,35.65,26,5,0.6587967184873728,0.6524387300014496,38.38461538461539
393,10,GO:0016861,,1.7812638470030228e-14,0.18461538461538463,GO:0016861|GO:0016860|GO:0016853|GO:0051539|GO:0000287|GO:0051536|GO:0051540|GO:0016829|GO:0016830|GO:0016831,202,65,0.7587102625039545,0.7861579060554504,35.92079207920792,26,9,0.7400078062827771,0.8006045818328857,38.53846153846154,28,10,0.7545303681067058,0.7817952930927277,35.392857142857146
394,10,GO:0030170,,1.800617263813343e-199,0.9459459459459459,GO:0030170|GO:0070279|GO:0019842|GO:0008483|GO:0016769|GO:0016742|GO:0016783|GO:0016782|GO:0016741|GO:0016846,346,111,0.9154168315705536,0.9223782122135162,37.566473988439306,31,10,0.8955195296195245,0.9152068495750428,39.38709677419355,46,14,0.9246653720088627,0.9442175626754761,39.15217391304348
395,10,GO:0016868,,3.0265253559743873e-09,0.23809523809523808,GO:0016868|GO:0030145|GO:0016866|GO:0016836|GO:0046914|GO:0016835|GO:0016853|GO:0004185|GO:0046912|GO:0070008,146,21,0.7461143195220868,0.7347332537174225,35.95205479452055,15,1,0.7515989820162455,0.7515740394592285,36.6,22,3,0.6704504571177743,0.6575533449649811,37.86363636363637
396,10,GO:0005507,,5.033493443625897e-26,0.45714285714285713,GO:0005507|GO:0046914|GO:0016679|GO:0016661|GO:0030246|GO:0016709|GO:0016702|GO:0016701|GO:0051537|GO:0051213,163,35,0.8426417924143785,0.8483825922012329,34.52760736196319,24,5,0.8551738634705544,0.8653263747692108,38.208333333333336,5,2,0.6664661288261413,0.6857630610466003,45.8
397,9,GO:0016830,,2.871387607105091e-28,0.76,GO:0016830|GO:0016829|GO:0016831|GO:0016861|GO:0016860|GO:0016832|GO:0016836|GO:0016835|GO:0016853,149,25,0.8638875808491803,0.8907147645950317,34.65771812080537,8,2,0.8485131338238716,0.8663370907306671,31.25,0,0,,,
398,10,GO:0005524,,7.7746260402277245e-25,0.8529411764705882,GO:0005524|GO:0032559|GO:0030554|GO:0035639|GO:0032555|GO:0017076|GO:0032553|GO:0097367|GO:0016887|GO:0017111,161,34,0.7226149254704114,0.7221571803092957,35.77639751552795,10,3,0.7019539207220078,0.7506778538227081,36.8,42,13,0.66731286971342,0.6689440011978149,34.642857142857146
399,10,GO:0005198,,1.4481822481431792e-11,0.16541353383458646,GO:0005198|GO:0004298|GO:0016747|GO:0070003|GO:0008175|GO:0008374|GO:0016746|GO:0008757|GO:0016410|GO:0140098,268,266,0.766222504537497,0.7812767028808594,35.041044776119406,25,25,0.7349145209789276,0.7195485234260559,36.0,52,52,0.7616307408763812,0.7843412756919861,36.34615384615385
400,10,GO:0140110,,2.441380971547352e-28,0.1566579634464752,GO:0140110|GO:0003700|GO:0046983|GO:0008171|GO:0003677|GO:0008168|GO:0030674|GO:0017056|GO:0008320|GO:0016741,383,383,0.8677712671128016,0.8806467652320862,23.79373368146214,56,56,0.8711568308728082,0.8893235325813293,22.678571428571427,44,44,0.8770104578950189,0.8913743197917938,23.431818181818183
401,5,GO:0016813,,7.86311651818394e-06,0.2727272727272727,GO:0016813|GO:0004177|GO:0008081|GO:0016810|GO:0008238,110,11,0.710694050247019,0.7318904399871826,35.70909090909091,0,0,,,,4,3,0.437164306640625,0.4364757686853408,40.75
402,8,GO:0003677,,1.3231055356348012e-08,0.2702702702702703,GO:0003677|GO:0016151|GO:0004197|GO:0016811|GO:0008234|GO:0004175|GO:0003713|GO:0140110,217,111,0.7669697520644984,0.7751882076263428,38.294930875576036,25,14,0.7471479964256287,0.7706838846206665,37.72,17,10,0.6881418052841636,0.6857360005378723,45.11764705882353
403,10,GO:0032553,,1.5078285444841288e-10,0.6333333333333333,GO:0032553|GO:0097367|GO:0035639|GO:0005524|GO:0032559|GO:0030554|GO:0032555|GO:0017076|GO:0016301|GO:0016772,75,30,0.657466764052709,0.6418921947479248,33.333333333333336,12,5,0.6203272218505541,0.6322823166847229,31.75,3,2,0.5426149864991506,0.575800895690918,28.0
404,10,GO:0051020,,2.450599105057565e-06,0.10294117647058823,GO:0051020|GO:0005543|GO:0005085|GO:0003707|GO:0017048|GO:0019899|GO:0004842|GO:0019787|GO:0017056|GO:0017016,176,68,0.722977931865237,0.7242948710918427,37.5625,18,8,0.6696034454637103,0.6790826916694641,34.05555555555556,43,18,0.7226130456425423,0.7111408710479736,39.95348837209303
405,10,GO:0003723,,4.8350748749238256e-17,0.23214285714285715,GO:0003723|GO:0003899|GO:0034062|GO:0097747|GO:0070063|GO:0016772|GO:0090079|GO:0045182|GO:0016763|GO:0043021,387,224,0.7328818102369629,0.7333918213844299,41.81395348837209,43,29,0.6832187231196913,0.6756157875061035,43.58139534883721,43,27,0.7364100855450297,0.7301812171936035,44.372093023255815
406,8,GO:0003677,,1.7469761670196292e-06,0.2119205298013245,GO:0003677|GO:0016853|GO:0004842|GO:0019787|GO:0019843|GO:0003690|GO:0003723|GO:0003735,265,151,0.7835044596555099,0.8044522404670715,29.58490566037736,30,19,0.7689028739929199,0.7835478484630585,27.8,17,11,0.7130519151687622,0.7390401363372803,30.294117647058822
407,10,GO:0008658,,5.5273513202626255e-56,0.71875,GO:0008658|GO:0008144|GO:0033293|GO:1901681|GO:0033218|GO:0031406|GO:0043177|GO:0008800|GO:0016812|GO:0016810,222,32,0.8412818503272426,0.8788452744483948,34.5045045045045,1,1,0.7541000843048096,0.7541000843048096,47.0,0,0,,,
408,10,GO:0016888,,2.3957524612994903e-09,0.17647058823529413,GO:0016888|GO:0004520|GO:0004536|GO:0016893|GO:0016779|GO:0140097|GO:0004518|GO:0004519|GO:0008649|GO:0016772,113,34,0.7113144745868919,0.7178629040718079,32.19469026548673,17,7,0.6183425784111023,0.6197197437286377,31.235294117647058,18,7,0.6396076199081209,0.6285370588302612,34.166666666666664
409,4,GO:0004930,,2.0025420360050344e-25,0.8571428571428571,GO:0004930|GO:0004888|GO:0038023|GO:0060089,159,14,0.7591233290966202,0.7634349465370178,35.9937106918239,22,2,0.7317385104569522,0.7151571214199066,36.81818181818182,1,1,0.4663388431072235,0.4663388431072235,48.0
410,10,GO:0004089,,4.08658552890877e-09,0.024096385542168676,GO:0004089|GO:0140110|GO:0003700|GO:0016887|GO:0003723|GO:0008094|GO:0017111|GO:0016597|GO:0030554|GO:0005524,415,415,0.838850620855768,0.8631010055541992,23.373493975903614,38,38,0.8124728469472182,0.8489564657211304,24.05263157894737,68,68,0.824536483077442,0.8551449179649353,22.794117647058822
411,10,GO:0044877,,7.663096566235477e-10,0.13,GO:0044877|GO:0016638|GO:0061630|GO:0061659|GO:0030234|GO:0051015|GO:0003743|GO:0003779|GO:0004842|GO:0031369,270,100,0.8495692239867316,0.8673380613327026,35.148148148148145,35,15,0.798416816336768,0.8517589569091797,35.25714285714286,122,42,0.8438870677205382,0.8732981979846954,34.15573770491803
412,8,GO:0004888,,0.0073699008060983,0.13333333333333333,GO:0004888|GO:0004714|GO:0015288|GO:0022829|GO:0019199|GO:0038023|GO:0060089|GO:0004713,131,30,0.8296592099065999,0.8422396183013916,44.961832061068705,19,5,0.7698521770929035,0.7818032503128052,43.73684210526316,34,10,0.7769161147229812,0.7989279627799988,44.94117647058823
413,5,GO:0005085,,6.789934716509748e-15,0.17647058823529413,GO:0005085|GO:0051020|GO:0019899|GO:0098772|GO:0008289,129,68,0.6984085650869118,0.7129002213478088,35.53488372093023,14,7,0.7211097521441323,0.7207122445106506,36.285714285714285,30,18,0.6468774209419886,0.6650078296661377,35.0
414,4,GO:0016763,,1.0588038375276767e-09,0.1875,GO:0016763|GO:0016757|GO:0016782|GO:0008234,208,48,0.696433331244267,0.7048879265785217,32.15865384615385,28,10,0.652105586869376,0.6527053117752075,33.142857142857146,12,6,0.6007213344176611,0.5949321985244751,29.75
415,5,GO:0004601,,2.821020743886743e-25,1.0,GO:0004601|GO:0016684|GO:0016209|GO:0020037|GO:0046906,116,12,0.8528316116024708,0.8776497840881348,39.060344827586206,22,2,0.8471778008070859,0.8543060421943665,37.86363636363637,22,2,0.8314006545326926,0.8493521511554718,38.45454545454545
416,10,GO:0032559,,3.6383581357646164e-104,0.9047619047619048,GO:0032559|GO:0030554|GO:0005524|GO:0032555|GO:0017076|GO:0035639|GO:0032553|GO:0097367|GO:0016887|GO:0008094,251,126,0.7960873098962336,0.8050207495689392,39.940239043824704,36,17,0.7853573146793578,0.7829976975917816,43.02777777777778,66,28,0.7463618426611929,0.7512765228748322,39.63636363636363
417,10,GO:0051536,,2.186875768704945e-28,0.4444444444444444,GO:0051536|GO:0051540|GO:0051539|GO:0005102|GO:0008237|GO:0009055|GO:0020037|GO:0016667|GO:0046906|GO:0030674,126,54,0.7125259864897955,0.7074063718318939,36.095238095238095,12,4,0.718293696641922,0.6808308064937592,37.75,12,7,0.584269384543101,0.5614384114742279,43.166666666666664
418,6,GO:0016903,,0.0009611772455528,0.12121212121212122,GO:0016903|GO:0016645|GO:0051536|GO:0051540|GO:0051539|GO:0016874,231,33,0.7936499095582342,0.7979719638824463,41.18181818181818,32,5,0.7975397706031799,0.790330171585083,40.15625,19,10,0.7242290565842077,0.7107455730438232,40.36842105263158
419,10,GO:0004659,,1.831595426303541e-14,0.088,GO:0004659|GO:0016765|GO:0051020|GO:0017016|GO:0060589|GO:0031267|GO:0017048|GO:0005096|GO:0030695|GO:0046789,222,125,0.758778303861618,0.7808632552623749,36.05855855855856,23,12,0.8058445116747981,0.8358901739120483,33.869565217391305,17,12,0.7340937397059273,0.7431729435920715,33.470588235294116
420,10,GO:0016741,,9.516433215631057e-48,0.8918918918918919,GO:0016741|GO:0008168|GO:0008757|GO:0016742|GO:0140098|GO:0008173|GO:0140101|GO:0008649|GO:0016840|GO:0140102,111,37,0.6710300732840289,0.6748777031898499,33.57657657657658,6,2,0.6612962683041891,0.6986634135246277,33.833333333333336,7,3,0.6269108823367527,0.6295668482780457,40.857142857142854
421,6,GO:0003735,,2.504161939841359e-149,0.8394160583941606,GO:0003735|GO:0005198|GO:0003723|GO:0019843|GO:0000049|GO:0070180,281,137,0.7821507141047102,0.7936510443687439,32.6085409252669,35,20,0.7646578005381993,0.7826677560806274,31.65714285714286,24,11,0.7129989365736643,0.7363112568855286,34.458333333333336
422,10,GO:0015929,,5.679964481095258e-11,0.1875,GO:0015929|GO:0046527|GO:0008194|GO:0030145|GO:0008235|GO:0004177|GO:0016758|GO:0008238|GO:0016757|GO:0004553,186,32,0.744624416353882,0.7439877092838287,36.16129032258065,15,3,0.6796226421991984,0.6853567361831665,35.333333333333336,22,7,0.7018886045976118,0.7229848802089691,35.27272727272727
423,5,GO:0016831,,6.907621429861723e-36,0.8333333333333334,GO:0016831|GO:0016830|GO:0000287|GO:0016829|GO:0004497,159,24,0.8413128380505543,0.8580379486083984,36.9622641509434,8,2,0.6896325424313545,0.7135768830776215,35.5,0,0,,,
424,10,GO:0030170,,9.13596951341197e-224,0.9224806201550387,GO:0030170|GO:0070279|GO:0019842|GO:0008483|GO:0016769|GO:0016742|GO:0016783|GO:0016846|GO:0016829|GO:0016782,447,129,0.9091026502967681,0.9225378632545472,36.08724832214765,39,13,0.8770465208933904,0.8845270276069641,34.69230769230769,51,18,0.9015017689443102,0.9397448897361756,34.450980392156865
425,10,GO:0030234,,1.1989784260067309e-07,0.11627906976744186,GO:0030234|GO:0016884|GO:0098772|GO:0016879|GO:0015078|GO:0008135|GO:0090079|GO:0045182|GO:0043021|GO:0046933,273,129,0.8176300003851726,0.8361472487449646,35.65201465201465,34,16,0.7971487273188198,0.8114379048347473,33.94117647058823,18,7,0.7799121472570631,0.7630638480186462,27.555555555555557
426,10,GO:0005509,,1.6483338492645885e-26,0.32978723404255317,GO:0005509|GO:0004896|GO:0140375|GO:0004888|GO:0038023|GO:0060089|GO:0000977|GO:0005496|GO:0000976|GO:0001067,208,94,0.8189266599141635,0.834091305732727,38.67788461538461,19,8,0.833546193022477,0.8579258322715759,37.36842105263158,13,10,0.739447662463555,0.7609285116195679,38.69230769230769
427,10,GO:0003968,,1.088788391829225e-05,0.06578947368421052,GO:0003968|GO:0003723|GO:0016896|GO:0140096|GO:0034062|GO:0097747|GO:0004532|GO:0016796|GO:0016779|GO:0140098,165,76,0.6714023917010337,0.6689234972000122,36.78181818181818,28,12,0.6723098797457558,0.6649275720119476,35.75,57,24,0.6517919239244963,0.6563251614570618,35.68421052631579
428,10,GO:0004714,,3.863565854528647e-29,0.2909090909090909,GO:0004714|GO:0019199|GO:0140096|GO:0004713|GO:0004222|GO:0004888|GO:0038023|GO:0008237|GO:0060089|GO:0004672,139,55,0.759091419924935,0.7760403752326965,39.92086330935252,15,8,0.7501947045326233,0.7273193001747131,41.53333333333333,20,9,0.6824114233255386,0.7086257338523865,34.9
429,10,GO:0005509,,1.2516715485362332e-125,0.504424778761062,GO:0005509|GO:0140104|GO:0072341|GO:0005496|GO:0008092|GO:0019865|GO:0044877|GO:0003779|GO:0051015|GO:0019842,462,226,0.8572563164548956,0.8788301050662994,34.489177489177486,48,26,0.8549823338786761,0.847941517829895,37.25,64,31,0.8337900033220649,0.8383305668830872,36.59375
430,10,GO:0008238,,8.780750680153605e-06,0.15,GO:0008238|GO:0003684|GO:0003887|GO:0034061|GO:0004177|GO:0016779|GO:0032553|GO:0071949|GO:0097367|GO:0035639,158,40,0.6541171739750271,0.6568770408630371,34.15822784810127,17,5,0.6227533116060144,0.5899712443351746,36.88235294117647,11,3,0.5877904458479448,0.6179812550544739,37.45454545454545
431,10,GO:0004518,,4.511806634923218e-08,0.25,GO:0004518|GO:0004519|GO:0140097|GO:0016788|GO:0004536|GO:0016888|GO:0004520|GO:0008757|GO:0016893|GO:0004527,135,44,0.6749998929323974,0.6723840236663818,31.451851851851853,17,6,0.632679704357596,0.6263822317123413,34.23529411764706,28,8,0.6084755829402378,0.6063143014907837,34.0
432,6,GO:0016861,,1.3648053781759926e-08,0.5,GO:0016861|GO:0016860|GO:0016853|GO:0008800|GO:0016812|GO:0016810,66,10,0.7442756493886312,0.7783642709255219,34.196969696969695,7,2,0.5853297540119716,0.5985450148582458,28.857142857142858,9,1,0.7468320594893562,0.7424683570861816,35.55555555555556
433,4,GO:0008061,,1.8652464844687396e-56,0.7666666666666667,GO:0008061|GO:0016798|GO:0097367|GO:0004553,244,30,0.8190473724828392,0.8355519473552704,35.700819672131146,32,4,0.7774371206760406,0.8156654238700867,35.34375,47,5,0.8430192711505484,0.8553552031517029,36.53191489361702
434,10,GO:0016168,,3.904269201894991e-15,0.24242424242424243,GO:0016168|GO:0008137|GO:0050136|GO:0009055|GO:0003954|GO:0016655|GO:0051539|GO:0046906|GO:0016651|GO:0051536,177,33,0.8432103159737452,0.8673527836799622,39.97175141242938,20,5,0.8224808543920517,0.808409571647644,43.1,25,9,0.7203019642829895,0.7100147008895874,37.2
435,10,GO:0050145,,3.205663644092793e-76,0.7441860465116279,GO:0050145|GO:0019205|GO:0016776|GO:0005524|GO:0032559|GO:0030554|GO:0016301|GO:0035639|GO:0032555|GO:0017076,181,43,0.8759327902978297,0.9032379984855652,31.92817679558011,18,6,0.8872526205248303,0.9320819973945618,29.944444444444443,52,14,0.8529565334320068,0.8710154592990875,34.63461538461539
436,10,GO:0070851,,1.131887229159668e-71,0.43661971830985913,GO:0070851|GO:0030546|GO:0048018|GO:0030545|GO:0005102|GO:0098772|GO:0008083|GO:0005125|GO:0005126|GO:0004866,244,71,0.8258672901352898,0.8636584579944611,35.34426229508197,25,6,0.8459593558311462,0.834772527217865,32.44,24,6,0.6947813530762991,0.6891236901283264,33.083333333333336
437,10,GO:0019899,,4.11373868885305e-09,0.19607843137254902,GO:0019899|GO:0031625|GO:0044389|GO:0017016|GO:0031267|GO:0005262|GO:0051020|GO:0015085|GO:0005216|GO:0015267,196,51,0.79120186822755,0.8185937404632568,40.91326530612245,22,5,0.7939741638573733,0.808922678232193,40.0,111,30,0.7743757869209256,0.803939938545227,42.027027027027025
438,10,GO:0050661,,3.499857831796442e-34,0.38571428571428573,GO:0050661|GO:0051287|GO:0016616|GO:0016614|GO:0070403|GO:0016628|GO:0016646|GO:0016627|GO:0016645|GO:0016742,300,70,0.8063469890753429,0.8307356238365173,34.266666666666666,34,8,0.8149430944639093,0.8241125047206879,33.85294117647059,21,6,0.7751512044952029,0.8020148277282715,32.95238095238095
439,10,GO:0004601,,1.338840154216569e-15,0.23636363636363636,GO:0004601|GO:0016684|GO:0005198|GO:0016209|GO:0020037|GO:0046906|GO:0070003|GO:0008242|GO:0070011|GO:0008233,85,55,0.7277422961066751,0.775036096572876,26.788235294117648,15,8,0.6933591643969218,0.7132457494735718,27.8,7,6,0.6418144617761884,0.6264363527297974,27.571428571428573
440,4,GO:0004784,,9.162538704548276e-134,0.9444444444444444,GO:0004784|GO:0016721|GO:0016209|GO:0030145,171,54,0.9263034292131836,0.9538617134094238,37.50292397660819,16,4,0.9039400778710842,0.9246478080749512,35.75,12,4,0.8661505629618963,0.9339067041873932,41.416666666666664
441,10,GO:0005525,,4.835057952527292e-246,1.0,GO:0005525|GO:0032550|GO:0001883|GO:0032549|GO:0001882|GO:0032561|GO:0019001|GO:0003924|GO:0035639|GO:0032555,621,132,0.9625992050301434,0.9763267636299132,34.0402576489533,64,13,0.9693256095051765,0.9761255979537964,34.59375,261,55,0.9645769310636996,0.9745832681655884,34.076628352490424
442,7,GO:0004033,,7.270940268252578e-44,0.5,GO:0004033|GO:0016616|GO:0016614|GO:0016705|GO:0004497|GO:0016709|GO:0008408,214,34,0.8139490727509293,0.8605847954750061,34.78971962616822,31,5,0.865176300848684,0.8903807997703552,34.935483870967744,83,12,0.8369543229240969,0.8522226810455322,35.855421686746986
443,10,GO:0004177,,8.324382915867009e-15,0.25,GO:0004177|GO:0008235|GO:0008483|GO:0016769|GO:0008238|GO:0008237|GO:0019213|GO:0070011|GO:0008233|GO:0016811,221,40,0.7131684659832743,0.7327813506126404,33.69230769230769,36,7,0.6563489817910724,0.6880123913288116,33.361111111111114,12,4,0.6579442943135897,0.6682376265525818,30.666666666666668
444,5,GO:0004553,,1.2857123864373128e-12,0.5652173913043478,GO:0004553|GO:0016798|GO:0015925|GO:0016884|GO:0016788,160,23,0.8034440778195858,0.8318796753883362,36.21875,37,4,0.8094158333701056,0.827472984790802,36.5945945945946,21,5,0.7333025932312012,0.7389310002326965,33.95238095238095
445,10,GO:0016779,,6.125078830738946e-05,0.13793103448275862,GO:0016779|GO:0008134|GO:0005524|GO:0032559|GO:0030554|GO:0035639|GO:0032555|GO:0016772|GO:0017076|GO:0032553,171,58,0.6599960198179323,0.6629055142402649,34.63157894736842,12,5,0.6814268877108892,0.7250422835350037,34.25,30,11,0.5820878148078918,0.5820382237434387,35.166666666666664
446,0,,,,,,75,7,0.8817929251988729,0.8991851806640625,35.733333333333334,0,0,,,,0,0,,,
447,10,GO:0032559,,1.6418802351809316e-20,0.8571428571428571,GO:0032559|GO:0030554|GO:0005524|GO:0032555|GO:0017076|GO:0032553|GO:0097367|GO:0035639|GO:0019200|GO:0016301,166,28,0.7880511808108135,0.7947348356246948,37.433734939759034,8,4,0.7635527923703194,0.7848780453205109,42.75,48,8,0.7755839539070924,0.7854383289813995,37.666666666666664
448,10,GO:0045296,,1.0286251366738603e-10,0.0821917808219178,GO:0045296|GO:0005504|GO:0050839|GO:0008144|GO:0033293|GO:0019825|GO:0005215|GO:0008289|GO:0031406|GO:0043177,208,73,0.8270706603160272,0.8591672480106354,35.81730769230769,10,4,0.8847055315971375,0.8914490342140198,37.0,48,16,0.8042868661383787,0.8202165365219116,38.479166666666664
449,10,GO:0008236,,3.4188525766294574e-08,0.2571428571428571,GO:0008236|GO:0016825|GO:0017171|GO:0004252|GO:0004175|GO:0070011|GO:0008233|GO:0140096|GO:0019904|GO:0051539,74,35,0.7649831868506767,0.7767683565616608,34.567567567567565,6,4,0.7001224954922994,0.7089479863643646,44.166666666666664,6,3,0.6178158521652222,0.6466387212276459,30.5
450,10,GO:0004672,,9.651922693922381e-187,1.0,GO:0004672|GO:0016773|GO:0016301|GO:0016772|GO:0005524|GO:0140096|GO:0032559|GO:0030554|GO:0035639|GO:0032555,245,108,0.927859831586176,0.943742334842682,29.273469387755103,48,17,0.9170400003592173,0.9400444030761719,28.916666666666668,46,23,0.9265082854291667,0.9441866278648376,30.41304347826087
451,10,GO:0016887,,1.5688277221094889e-25,1.0,GO:0016887|GO:0017111|GO:0016462|GO:0016818|GO:0016817|GO:0005524|GO:0032559|GO:0030554|GO:0035639|GO:0032555,121,14,0.8828596753522384,0.8943721652030945,36.30578512396694,6,2,0.8105549514293671,0.8614905774593353,27.0,20,3,0.8905613631010055,0.9099876582622528,36.4
452,10,GO:0004364,,3.76411570762034e-179,0.776595744680851,GO:0004364|GO:0016765|GO:0072341|GO:0042277|GO:1901681|GO:0033218|GO:0016209|GO:0004601|GO:0015036|GO:0016684,278,94,0.8896877008805172,0.9230286478996276,34.118705035971225,25,9,0.8785335373878479,0.9146196842193604,33.2,89,30,0.8877993520725979,0.9165434837341307,32.92134831460674
453,10,GO:0005524,,1.662323162908289e-18,0.5849056603773585,GO:0005524|GO:0032559|GO:0030554|GO:0035639|GO:0032555|GO:0017076|GO:0032553|GO:0097367|GO:0003774|GO:0017111,95,53,0.6874072739952489,0.6982913017272949,31.94736842105263,5,3,0.6378540515899658,0.6800392866134644,29.6,16,10,0.6335865706205368,0.6368668377399445,30.75
454,8,GO:0008168,,5.616206793490986e-08,0.3103448275862069,GO:0008168|GO:0016741|GO:0051539|GO:0010181|GO:0051536|GO:0051540|GO:0008757|GO:0016645,165,29,0.7263224401257254,0.7392092943191528,36.375757575757575,31,5,0.6374795648359484,0.628268301486969,36.70967741935484,37,7,0.7190585055866757,0.7339652180671692,36.945945945945944
455,8,GO:0004553,,3.953663099464696e-20,0.6060606060606061,GO:0004553|GO:0016798|GO:0008081|GO:0042578|GO:0004620|GO:0016788|GO:0016298|GO:0008061,199,33,0.8366164187690122,0.8523627519607544,35.26130653266332,20,4,0.8204026103019715,0.8120765686035156,36.6,13,3,0.8322517550908602,0.8488128185272217,39.0
456,9,GO:0016813,,9.58911965266095e-10,0.29411764705882354,GO:0016813|GO:0016810|GO:0016773|GO:0019200|GO:0016301|GO:0016772|GO:0004177|GO:0016812|GO:0008238,110,17,0.7049689907919277,0.7201781272888184,34.36363636363637,11,2,0.6013182482936166,0.6350218057632446,33.72727272727273,0,0,,,
457,9,GO:0003707,,8.263388830470488e-12,0.13043478260869565,GO:0003707|GO:0005319|GO:0016705|GO:0038023|GO:0060089|GO:0016810|GO:0008270|GO:0005085|GO:0051020,276,69,0.8030075453545736,0.8286216259002686,32.083333333333336,13,6,0.7733152279487023,0.8224356174468994,31.0,33,11,0.7772292178688627,0.7899290919303894,31.09090909090909
458,10,GO:0015035,,7.945854172657618e-08,0.05583756345177665,GO:0015035|GO:0003723|GO:0015036|GO:0003729|GO:0016667|GO:0004497|GO:0060090|GO:0044389|GO:0009055|GO:0003727,436,197,0.8320202102218199,0.8538786768913269,33.48623853211009,56,27,0.7984967029520443,0.824591726064682,32.0,31,16,0.7893591657761605,0.7620238065719604,29.129032258064516
459,5,GO:0016168,,2.770173463726015e-19,0.1276595744680851,GO:0016168|GO:0046906|GO:0004553|GO:0016798|GO:0009055,96,94,0.7417135195185741,0.7624582350254059,40.114583333333336,7,7,0.664719317640577,0.6533429026603699,34.285714285714285,3,3,0.7045451998710632,0.6848771572113037,55.666666666666664
460,10,GO:0016779,,1.7550106226350768e-44,0.5737704918032787,GO:0016779|GO:0016772|GO:0008080|GO:0016410|GO:0016407|GO:0000287|GO:0016747|GO:0008173|GO:0016746|GO:0008194,207,61,0.6999523593607732,0.7253648042678833,32.63768115942029,9,3,0.692746016714308,0.644909679889679,27.88888888888889,10,3,0.7020306825637818,0.6563110649585724,35.0
461,10,GO:0004553,,3.499857831796442e-34,0.6071428571428571,GO:0004553|GO:0016798|GO:0008810|GO:0008061|GO:0004177|GO:0016758|GO:0016702|GO:0003724|GO:0008238|GO:0016701,324,56,0.8258434609498506,0.8405028581619263,36.123456790123456,63,10,0.7846292560062711,0.8136534690856934,36.12698412698413,63,14,0.8001898650139098,0.8070709705352783,39.03174603174603
462,5,GO:0022857,,9.13849775683965e-11,0.46153846153846156,GO:0022857|GO:0005215|GO:0042626|GO:0015399|GO:0022804,157,26,0.8149950405594649,0.8383472561836243,34.152866242038215,52,10,0.8015501361626846,0.8248698115348816,34.51923076923077,1,1,0.8580085039138794,0.8580085039138794,27.0
463,5,GO:0019825,,5.306548273660473e-08,0.12698412698412698,GO:0019825|GO:0020037|GO:0046906|GO:0005344|GO:0016765,190,63,0.8331303618456188,0.8399159908294678,31.689473684210526,17,6,0.8171882208655862,0.8126410245895386,33.529411764705884,15,5,0.8557668646176656,0.8855670690536499,35.0
464,8,GO:0070003,,0.0028397546643979,0.2,GO:0070003|GO:0070011|GO:0004177|GO:0008233|GO:0042802|GO:0008238|GO:0016811|GO:0140096,84,10,0.7146968217123122,0.7153531908988953,35.13095238095238,15,2,0.6386204500993092,0.707720935344696,35.46666666666667,8,1,0.5635656341910362,0.5646496117115021,36.5
465,8,GO:0008374,,7.652610264476939e-12,0.3,GO:0008374|GO:0016747|GO:0016746|GO:0016407|GO:0016298|GO:0052689|GO:0016881|GO:0016788,172,20,0.7289156082064606,0.7437293529510498,35.16860465116279,23,3,0.6916691531305728,0.7056710720062256,33.95652173913044,38,5,0.6330123057490901,0.6245913207530975,35.55263157894737
466,9,GO:0008234,,6.839497955185185e-11,0.4,GO:0008234|GO:0016709|GO:0070011|GO:0008233|GO:0016705|GO:0004497|GO:0140096|GO:0020037|GO:0046906,129,20,0.720806149087211,0.7161149382591248,35.15503875968992,0,0,,,,22,3,0.7790554355491291,0.8232648968696594,35.90909090909091
467,10,GO:0005524,,2.277346637487857e-30,0.5638297872340425,GO:0005524|GO:0035639|GO:0032559|GO:0030554|GO:0032555|GO:0017076|GO:0032553|GO:0097367|GO:0008094|GO:0016887,175,94,0.711209227016994,0.7209231853485107,40.02285714285714,17,10,0.6739944044281455,0.6755940318107605,38.35294117647059,24,18,0.6825176204244295,0.6667251884937286,39.958333333333336
468,0,,,,,,249,74,0.8760954503074707,0.8983421325683594,33.35341365461847,51,14,0.8496035477694344,0.8944851756095886,33.13725490196079,4,3,0.7575484812259674,0.7609571218490601,24.25
469,10,GO:0003735,,2.108409669684759e-51,0.28832116788321166,GO:0003735|GO:0005198|GO:0003723|GO:0008137|GO:0050136|GO:0003954|GO:0019843|GO:0016655|GO:0016651|GO:0000049,276,274,0.7937433321190916,0.8082634806632996,30.85144927536232,39,39,0.7827868324059707,0.7942448258399963,30.76923076923077,46,45,0.80123196736626,0.8165311813354492,32.26086956521739
470,10,GO:0010181,,2.492301080030116e-13,0.10416666666666667,GO:0010181|GO:0097367|GO:0016645|GO:0032553|GO:0016763|GO:0016874|GO:0016646|GO:0016879|GO:0008173|GO:0140098,144,144,0.6972013039307462,0.7015714943408966,27.958333333333332,22,22,0.7400556396354329,0.7712178826332092,25.181818181818183,19,19,0.6811320467999107,0.6834038496017456,24.105263157894736
471,1,GO:0016853,,5.222814906716177e-09,0.6666666666666666,GO:0016853,64,12,0.8055110722780228,0.8189803957939148,33.265625,4,1,0.6046960353851318,0.5945573151111603,26.25,7,2,0.5361942052841187,0.5315036773681641,32.57142857142857
472,8,GO:0016782,,7.75473354589039e-12,0.6,GO:0016782|GO:0008658|GO:0008144|GO:0033293|GO:1901681|GO:0033218|GO:0031406|GO:0043177,121,10,0.7218139119877303,0.7164937257766724,37.52892561983471,13,1,0.8209686416846055,0.8361105918884277,38.15384615384615,10,1,0.6034423112869263,0.6043712794780731,35.1
473,8,GO:0016746,,3.346420164749526e-40,0.7317073170731707,GO:0016746|GO:0008374|GO:0016747|GO:0016407|GO:0016410|GO:0008757|GO:0008171|GO:0008168,150,41,0.8060524721940359,0.8137688338756561,37.22,9,3,0.7596851719750298,0.7603347897529602,34.77777777777778,11,4,0.8017910502173684,0.820923924446106,35.45454545454545
474,10,GO:0022857,,7.11300820272386e-86,0.73,GO:0022857|GO:0005215|GO:0015291|GO:0022804|GO:0022853|GO:0015075|GO:0015318|GO:0008324|GO:0022890|GO:0015077,708,100,0.935612101591913,0.9489485025405884,37.21610169491525,82,8,0.9409897894394107,0.9496252536773682,37.71951219512195,195,27,0.9371732632319133,0.949249267578125,37.4974358974359
475,10,GO:0016741,,5.256220111859563e-30,0.46875,GO:0016741|GO:0008168|GO:0140098|GO:0008173|GO:0008757|GO:0008649|GO:0140102|GO:0016742|GO:0140101|GO:0016811,133,64,0.6336901972168371,0.629960834980011,33.1203007518797,8,5,0.5815765559673309,0.5954685509204865,39.625,12,5,0.6169044027725855,0.5960700511932373,31.666666666666668
476,10,GO:0003677,,1.1809222171089932e-11,0.29365079365079366,GO:0003677|GO:0003700|GO:0140110|GO:0140097|GO:0140098|GO:0008080|GO:0071949|GO:0008276|GO:0008757|GO:0016410,225,126,0.6550824769337972,0.6417461037635803,30.88888888888889,18,11,0.63756253487534,0.6329796314239502,28.38888888888889,20,12,0.6716730207204819,0.6566088199615479,28.95
477,1,GO:0016151,,0.0017451172888707,0.18181818181818182,GO:0016151,122,11,0.8252448786477573,0.8382764756679535,36.31967213114754,13,1,0.8384991654982934,0.839167594909668,38.30769230769231,2,1,0.5028043985366821,0.5028043985366821,30.5
478,10,GO:0008270,,3.1595360415207604e-10,0.20430107526881722,GO:0008270|GO:0018024|GO:0016278|GO:0016279|GO:0042054|GO:0004867|GO:0004866|GO:0061135|GO:0030414|GO:0061134,180,93,0.6963030715783437,0.7079440951347351,32.78888888888889,20,12,0.705355167388916,0.7086261212825775,32.05,16,8,0.5976522956043482,0.5837191343307495,31.125
479,10,GO:0004553,,1.4076891852026296e-42,0.45132743362831856,GO:0004553|GO:0016798|GO:0015925|GO:0030247|GO:0015926|GO:0030246|GO:0004601|GO:0016684|GO:0016209|GO:0071949,232,113,0.8376221220041143,0.8518564403057098,38.48275862068966,33,19,0.8258392160589044,0.8394189476966858,39.72727272727273,15,11,0.7918120145797729,0.8072831034660339,38.53333333333333
480,6,GO:0016168,,2.628837044451378e-28,0.5714285714285714,GO:0016168|GO:0009055|GO:0046906|GO:0005506|GO:0016679|GO:0046914,126,21,0.8106700716510652,0.8446270823478699,34.75396825396825,0,0,,,,15,2,0.8005937695503235,0.8014410138130188,36.46666666666667
481,10,GO:0004518,,3.294283331965446e-25,0.4897959183673469,GO:0004518|GO:0004527|GO:0016788|GO:0004519|GO:0016796|GO:0004536|GO:0008408|GO:0140097|GO:0008081|GO:0003677,244,49,0.7781343428326435,0.8056591749191284,35.81147540983606,21,5,0.8078032306262425,0.8408017158508301,34.19047619047619,14,3,0.672511773450034,0.732323408126831,34.642857142857146
482,10,GO:0099094,,1.67351544099118e-08,0.4,GO:0099094|GO:0005249|GO:0022843|GO:0005267|GO:0005244|GO:0022832|GO:0015079|GO:0015276|GO:0022834|GO:0046873,69,10,0.7572308744209401,0.7717859745025635,33.47826086956522,2,1,0.555635392665863,0.555635392665863,23.5,11,4,0.5905607396906073,0.613753616809845,25.90909090909091
483,10,GO:0019887,,1.7886831132035572e-07,0.039473684210526314,GO:0019887|GO:0019207|GO:0140096|GO:0031072|GO:0003755|GO:0004674|GO:0016859|GO:0032559|GO:0030554|GO:0004672,270,152,0.7927072012865984,0.8023787438869476,38.44814814814815,15,13,0.6903524597485861,0.6892312169075012,40.0,34,23,0.759661325637032,0.7703739106655121,42.0
484,10,GO:0003700,,0.0001468698660296,0.1568627450980392,GO:0003700|GO:0140110|GO:0003743|GO:0003677|GO:0030145|GO:0003723|GO:0000976|GO:0001067|GO:0008135|GO:0090079,100,51,0.6653593793511391,0.6675105094909668,32.34,11,6,0.6370365998961709,0.657261848449707,33.0,4,2,0.5634112656116486,0.5516226291656494,21.5
485,6,GO:0015288,,4.185848406228889e-106,0.7777777777777778,GO:0015288|GO:0022829|GO:0015267|GO:0022803|GO:0022857|GO:0005215,203,54,0.9341704962876043,0.9440129995346068,37.04926108374384,3,2,0.8901890714963278,0.8699923157691956,27.666666666666668,10,4,0.8661617517471314,0.9161392152309418,36.7
486,10,GO:0004553,,3.87116345127088e-31,0.6744186046511628,GO:0004553|GO:0016798|GO:0005507|GO:0004129|GO:0015002|GO:0016676|GO:0004308|GO:0016997|GO:0016675|GO:0016661,268,43,0.8744172887570822,0.8845851421356201,38.17164179104478,34,5,0.8832570507245905,0.8824023604393005,37.73529411764706,24,6,0.8411744957168897,0.852207601070404,36.0
487,5,GO:0016810,,1.0434663110897541e-44,0.9354838709677419,GO:0016810|GO:0016812|GO:0008270|GO:0016811|GO:0008092,251,31,0.8351043314335356,0.842583954334259,37.07171314741036,18,3,0.8163024087746938,0.8566026091575623,39.888888888888886,42,4,0.8213990884167808,0.8320543467998505,36.142857142857146
488,10,GO:0140110,,1.9903509875163e-06,0.09361702127659574,GO:0140110|GO:0003700|GO:0003677|GO:0008242|GO:0003678|GO:0019899|GO:0005509|GO:0004386|GO:0036459|GO:0101005,238,235,0.7419316736089081,0.75081866979599,32.78151260504202,39,39,0.750267010468703,0.7639172673225403,38.02564102564103,40,40,0.7377688512206078,0.7517412304878235,34.0
489,5,GO:0030246,,1.9333272034248578e-45,0.37623762376237624,GO:0030246|GO:0030247|GO:0005509|GO:0048029|GO:0004252,273,101,0.8193607878335666,0.840649425983429,43.21978021978022,27,10,0.821324712700314,0.8340280055999756,41.666666666666664,7,2,0.7995285221508571,0.7293288707733154,35.285714285714285
490,10,GO:0016830,,6.385175132054539e-37,0.4177215189873418,GO:0016830|GO:0016829|GO:0016832|GO:0016857|GO:0016831|GO:0016853|GO:0016854|GO:0016861|GO:0016860|GO:0016765,265,79,0.8310086278420574,0.8497796058654785,32.35094339622641,39,16,0.7898626709595705,0.8283166289329529,35.07692307692308,5,1,0.8571215629577636,0.8643004298210144,38.4
491,5,GO:0020037,,2.7266562550931238e-76,0.7435897435897436,GO:0020037|GO:0046906|GO:0009055|GO:0005506|GO:0046914,161,78,0.8609837158496335,0.8980011940002441,32.57142857142857,14,6,0.8812028127057212,0.9011950492858887,32.357142857142854,4,2,0.7693826854228973,0.8243052959442139,25.75
492,10,GO:0003968,,1.6322965193399682e-10,0.2727272727272727,GO:0003968|GO:0016779|GO:0034062|GO:0097747|GO:0016638|GO:0016772|GO:0032553|GO:0005524|GO:0004386|GO:0032559,192,22,0.6565827699378133,0.6708343923091888,37.40625,10,1,0.6459447145462036,0.6508603990077972,37.7,29,7,0.5862118632629,0.599457323551178,35.58620689655172
493,10,GO:0005525,,1.4625964011137816e-78,0.9038461538461539,GO:0005525|GO:0032550|GO:0001883|GO:0032549|GO:0001882|GO:0032561|GO:0019001|GO:0035639|GO:0032555|GO:0017076,224,52,0.90550611274583,0.9214619994163512,33.72767857142857,35,8,0.8855377691132682,0.8906233310699463,31.514285714285716,57,15,0.8897210139977304,0.9133157134056092,33.10526315789474
494,10,GO:0016746,,4.081201579748828e-60,0.4166666666666667,GO:0016746|GO:0008080|GO:0016410|GO:0016407|GO:0016747|GO:0034212|GO:0061733|GO:0004402|GO:0003743|GO:0008135,301,144,0.752588676257783,0.7693905830383301,34.68106312292359,19,9,0.7705490149949726,0.8001973032951355,34.473684210526315,22,12,0.752181971615011,0.771498441696167,34.31818181818182
495,10,GO:0015144,,3.2877414787661936e-25,0.3684210526315789,GO:0015144|GO:0022804|GO:0022857|GO:0005215|GO:0016773|GO:0016772|GO:0008324|GO:0015079|GO:0015075|GO:0015077,104,38,0.7841846911379924,0.8034567534923553,33.49038461538461,11,5,0.7447842955589294,0.7778565883636475,33.27272727272727,0,0,,,
496,10,GO:0032559,,1.981434953527789e-21,0.4835164835164835,GO:0032559|GO:0030554|GO:0005524|GO:0032555|GO:0017076|GO:0035639|GO:0032553|GO:0016874|GO:0097367|GO:0004812,269,91,0.7762115424893603,0.7841344475746155,34.39033457249071,23,9,0.7811499445334725,0.7819340229034424,31.565217391304348,41,19,0.7659500866401486,0.7824248671531677,34.5609756097561
497,6,GO:0010181,,1.2246240633226381e-17,0.8181818181818182,GO:0010181|GO:0009055|GO:0032553|GO:0097367|GO:0016661|GO:0005506,83,11,0.8106895785733877,0.8139155507087708,37.72289156626506,6,1,0.5298695961634318,0.5110755264759064,29.166666666666668,4,2,0.5131199508905411,0.5392601788043976,29.5
498,10,GO:0004869,,6.442856388799228e-33,0.20930232558139536,GO:0004869|GO:0004866|GO:0061135|GO:0004857|GO:0030414|GO:0061134|GO:0030234|GO:0098772|GO:0043022|GO:0043021,167,86,0.7458580250511626,0.7688122987747192,36.01796407185629,14,7,0.7857519771371569,0.8020646274089813,33.785714285714285,20,8,0.7922858864068985,0.7687486708164215,36.1
499,10,GO:0005524,,1.2028230284775999e-34,0.9473684210526315,GO:0005524|GO:0032559|GO:0030554|GO:0035639|GO:0032555|GO:0017076|GO:0032553|GO:0097367|GO:0016301|GO:0016772,278,38,0.8101058705247564,0.8235479891300201,35.89928057553957,8,1,0.7837459892034531,0.7815527021884918,36.875,34,6,0.7336405410486109,0.7378613650798798,35.970588235294116
500,10,GO:0032559,,1.221074305645777e-81,0.8921568627450981,GO:0032559|GO:0030554|GO:0005524|GO:0032555|GO:0017076|GO:0032553|GO:0097367|GO:0035639|GO:0017111|GO:0016817,368,102,0.846930070253818,0.8510481119155884,38.63858695652174,22,8,0.8434679481116208,0.848791241645813,42.04545454545455,96,31,0.8113726433366537,0.821866363286972,37.260416666666664
501,3,GO:0016620,,3.433572339806626e-33,0.9411764705882353,GO:0016620|GO:0016903|GO:0050661,174,17,0.7992741194949753,0.8128443360328674,36.333333333333336,13,1,0.7962477344733018,0.8406469225883484,34.92307692307692,37,5,0.7701200472342001,0.7996382713317871,38.37837837837838
502,8,GO:0008800,,1.0182426030106682e-110,0.7868852459016393,GO:0008800|GO:0016812|GO:0016810|GO:0004185|GO:0070008|GO:0004180|GO:0008658|GO:1901681,126,61,0.8870014437134304,0.9432424902915955,35.56349206349206,14,7,0.9003333279064724,0.942552387714386,33.214285714285715,8,4,0.7105045914649963,0.7344776690006256,33.5
503,10,GO:0022857,,7.2506774067515525e-56,0.5789473684210527,GO:0022857|GO:0005215|GO:0015075|GO:0015318|GO:0005216|GO:0015267|GO:0022803|GO:0008324|GO:0015077|GO:0022890,126,95,0.8573154442840152,0.8769178092479706,32.214285714285715,9,7,0.8381826215320163,0.8479939103126526,35.44444444444444,12,11,0.7185669044653574,0.6868077516555786,28.916666666666668
504,10,GO:0004672,,2.0823728659375223e-09,0.7,GO:0004672|GO:0016301|GO:0016773|GO:0016772|GO:0005524|GO:0032559|GO:0030554|GO:0035639|GO:0032555|GO:0017076,88,10,0.8480488542806018,0.8861626982688904,34.79545454545455,1,1,0.471124917268753,0.471124917268753,21.0,22,3,0.7179053236137737,0.7335519790649414,34.86363636363637
505,10,GO:0032559,,1.8803278785957359e-32,0.46938775510204084,GO:0032559|GO:0030554|GO:0005524|GO:0032553|GO:0032555|GO:0017076|GO:0035639|GO:0097367|GO:0016301|GO:0016774,175,147,0.7324993470736912,0.7364655137062073,41.822857142857146,22,16,0.7032515704631805,0.713795006275177,39.0,38,27,0.7334031384242209,0.735578328371048,39.60526315789474
506,8,GO:0019901,,0.0019617688128111,0.03333333333333333,GO:0019901|GO:0019900|GO:0019899|GO:0042277|GO:0019887|GO:0019207|GO:0008047|GO:0005085,199,90,0.7347609547514412,0.7466223239898682,35.246231155778894,17,9,0.7512126109179329,0.7550899386405945,37.88235294117647,14,8,0.6779273578098842,0.6854369640350342,27.0
507,4,GO:0016627,,3.915822861068937e-95,0.8909090909090909,GO:0016627|GO:0050660|GO:0016790|GO:0016661,336,55,0.8416468581805626,0.8735665678977966,35.30357142857143,28,5,0.8545477922473635,0.8795656561851501,36.035714285714285,47,8,0.8697184768128903,0.9060378074645996,35.38297872340426
508,10,GO:0003968,,4.2619681038488735e-24,0.2545454545454545,GO:0003968|GO:0034062|GO:0097747|GO:0140098|GO:0016779|GO:0016772|GO:0016874|GO:0035639|GO:0032555|GO:0017076,294,55,0.7386846765368974,0.7463299334049225,39.29931972789116,52,8,0.6710426463530614,0.6663661599159241,38.26923076923077,74,14,0.7370641843692677,0.744634747505188,38.567567567567565
509,10,GO:0010181,,1.8637109304091758e-10,0.14705882352941177,GO:0010181|GO:0004089|GO:0016638|GO:0003723|GO:0008121|GO:0016681|GO:0016763|GO:0008270|GO:0016679|GO:0016757,173,68,0.6820269859250571,0.6993036270141602,36.46820809248555,18,11,0.6376352277066972,0.6400158405303955,33.111111111111114,22,9,0.6828031892126257,0.6890038549900055,36.72727272727273
510,10,GO:0004177,,3.0768765113391106e-08,0.125,GO:0004177|GO:0008238|GO:0004601|GO:0016684|GO:0070008|GO:0016209|GO:0016701|GO:0046983|GO:0008236|GO:0016825,473,56,0.8171196204411303,0.8285708427429199,38.118393234672304,47,8,0.7509775516834665,0.7553929686546326,37.46808510638298,96,19,0.7782029192894697,0.7912198901176453,38.145833333333336
511,8,GO:0016705,,1.12075221857782e-207,0.8943089430894309,GO:0016705|GO:0004497|GO:0005506|GO:0020037|GO:0046906|GO:0046914|GO:0016709|GO:0046912,417,123,0.9193038961870207,0.9399042129516602,37.26858513189448,52,15,0.8675853036917173,0.8942571580410004,36.78846153846154,12,4,0.8110441118478775,0.8465315401554108,33.0
512,1,GO:0016790,,0.0471573713164579,0.03225806451612903,GO:0016790,333,62,0.9424885538247254,0.956650972366333,36.26426426426426,54,10,0.9528959956434038,0.9632343649864197,37.074074074074076,6,1,0.575504869222641,0.5588551759719849,34.833333333333336
513,6,GO:0016833,,4.235520844182392e-11,0.3157894736842105,GO:0016833|GO:0016830|GO:0016829|GO:0051536|GO:0051540|GO:0008168,166,19,0.6980700726250568,0.7025782763957977,35.795180722891565,2,1,0.4493251442909241,0.4493251442909241,37.0,0,0,,,
514,10,GO:0004713,,5.240864174779827e-07,0.15,GO:0004713|GO:0016772|GO:0004672|GO:0140096|GO:0004518|GO:0140098|GO:0034062|GO:0097747|GO:0003968|GO:0008168,113,40,0.6588342949352434,0.6610230207443237,34.309734513274336,9,5,0.6218793789545695,0.6352386474609375,28.88888888888889,25,10,0.6705832087993622,0.6797118186950684,35.32
515,0,,,,,,228,58,0.9056810590258816,0.9324201941490173,32.79385964912281,41,13,0.8915660730222377,0.922145664691925,31.73170731707317,0,0,,,
516,6,GO:0050660,,2.372904979730038e-31,0.9,GO:0050660|GO:0071949|GO:0004497|GO:0016709|GO:0016705|GO:0050661,196,20,0.8580156123759796,0.8732718825340271,36.63775510204081,18,2,0.8722823659578959,0.8646757900714874,34.833333333333336,12,2,0.6797118087609609,0.7421932518482208,37.916666666666664
517,10,GO:0005524,,7.582109725743973e-70,0.8863636363636364,GO:0005524|GO:0032559|GO:0030554|GO:0035639|GO:0032555|GO:0017076|GO:0032553|GO:0097367|GO:0016887|GO:0017111,218,88,0.8074381496381322,0.8402689099311829,35.19266055045872,22,8,0.7760132497007196,0.7617599964141846,37.0,44,17,0.8033300868489526,0.8226636052131653,36.52272727272727
518,10,GO:0008236,,2.1298515286089548e-27,0.3611111111111111,GO:0008236|GO:0016825|GO:0017171|GO:0070011|GO:0008233|GO:0008238|GO:0070008|GO:0004252|GO:0140096|GO:0004175,335,72,0.8797813986664388,0.887478232383728,37.713432835820896,14,7,0.8319361295018878,0.8390651345252991,36.92857142857143,103,23,0.8724634832548863,0.8806957006454468,38.51456310679612
519,10,GO:0016668,,7.569586721283293e-46,0.42857142857142855,GO:0016668|GO:0050660|GO:0016651|GO:0015036|GO:0016667|GO:0016209|GO:0016730|GO:0050661|GO:0016655|GO:0048038,183,56,0.8487711672574445,0.872320830821991,35.66120218579235,19,6,0.8779550288852892,0.8771955370903015,37.05263157894737,11,3,0.8953792615370317,0.935627281665802,35.36363636363637
520,10,GO:0050145,,1.1822002252775035e-55,0.5416666666666666,GO:0050145|GO:0019205|GO:0016301|GO:0005524|GO:0032559|GO:0030554|GO:0016772|GO:0035639|GO:0032555|GO:0017076,83,48,0.8341506935027708,0.8752065300941467,32.325301204819276,14,7,0.8305409678391048,0.8386975526809692,30.214285714285715,24,15,0.8152044030527273,0.8626112639904022,33.333333333333336
521,10,GO:0004518,,3.073038840527365e-11,0.15384615384615385,GO:0004518|GO:0004519|GO:0016788|GO:0016757|GO:0140097|GO:0016779|GO:0003684|GO:0071949|GO:0140098|GO:0016835,207,143,0.6983772242702724,0.6905732154846191,37.8743961352657,18,13,0.6318623622258505,0.6476170122623444,33.22222222222222,25,21,0.6785010695457458,0.681954026222229,36.68
522,3,GO:0016620,,1.1611331345720379e-112,0.9629629629629629,GO:0016620|GO:0016903|GO:0051287,269,54,0.9181540575169276,0.9385437965393066,38.698884758364315,2,1,0.6016524136066437,0.6016524136066437,41.5,21,5,0.8929917301450457,0.8898174166679382,37.95238095238095
523,10,GO:0098772,,4.4118662659201816e-80,0.6115702479338843,GO:0098772|GO:0008200|GO:0016248|GO:0004867|GO:0099106|GO:0016247|GO:0004866|GO:0061135|GO:0030414|GO:0061134,216,121,0.8286381366628187,0.853461891412735,31.435185185185187,22,13,0.8522919389334592,0.8571195602416992,33.0,9,5,0.7865262428919474,0.8686631321907043,27.22222222222222
524,10,GO:0016741,,0.0002871523798852,0.18421052631578946,GO:0016741|GO:0016742|GO:0005267|GO:0015079|GO:0003723|GO:0016831|GO:0019842|GO:0003725|GO:0046873|GO:0016743,200,38,0.7533609235286712,0.7590790092945099,37.195,32,7,0.7444282229989767,0.7590831816196442,37.125,35,8,0.758088549545833,0.7629820704460144,42.542857142857144
525,10,GO:0035639,,2.6811726519481555e-11,0.9285714285714286,GO:0035639|GO:0032555|GO:0017076|GO:0032553|GO:0097367|GO:0005524|GO:0032559|GO:0030554|GO:0017111|GO:0016887,58,14,0.7175082410203999,0.7241755127906799,35.8448275862069,9,3,0.6866028507550558,0.7000592947006226,35.666666666666664,30,9,0.670176229874293,0.6554784774780273,36.36666666666667
526,10,GO:0019899,,2.106163978503795e-10,0.13592233009708737,GO:0019899|GO:0031369|GO:0045296|GO:0017016|GO:0031267|GO:0031625|GO:0044389|GO:0051020|GO:0050839|GO:0005262,199,103,0.7534435169780673,0.775497317314148,41.814070351758794,18,10,0.728154194023874,0.747348815202713,41.27777777777778,78,44,0.7284431258837382,0.7391106188297272,40.65384615384615
527,10,GO:0004812,,4.759849596016288e-38,0.75,GO:0004812|GO:0016875|GO:0140101|GO:0016874|GO:0140098|GO:0005524|GO:0032559|GO:0030554|GO:0097367|GO:0035639,140,28,0.8037382623979024,0.8277292549610138,34.43571428571428,3,2,0.6413433154424032,0.6142992973327637,27.0,18,5,0.816988714867168,0.881546139717102,33.111111111111114
528,10,GO:0090729,,1.9994697644115758e-32,0.30337078651685395,GO:0090729|GO:0005539|GO:0036459|GO:0101005|GO:0019783|GO:0008242|GO:0030246|GO:0005102|GO:0003755|GO:0016859,262,89,0.7689002448593387,0.7822924852371216,34.07251908396947,20,8,0.7610797643661499,0.7984132468700409,31.2,17,8,0.697449266910553,0.6413695216178894,30.941176470588236
529,8,GO:0005506,,1.7731426316147203e-14,0.4375,GO:0005506|GO:0038023|GO:0060089|GO:0046914|GO:0022857|GO:0005215|GO:0015288|GO:0022829,186,32,0.8943320954999616,0.9325203597545624,39.53763440860215,14,3,0.8710144119603294,0.9328396916389465,37.357142857142854,43,7,0.8513424590576527,0.908645510673523,39.27906976744186
530,4,GO:0005198,,2.1087026968246237e-52,0.3728813559322034,GO:0005198|GO:0003735|GO:0017069|GO:0140297,237,236,0.7941286597825303,0.8139665126800537,28.49789029535865,20,20,0.8098212033510208,0.8245884776115417,28.05,29,29,0.7846791024865776,0.8025108575820923,27.862068965517242
531,4,GO:0004553,,1.7646695808579932e-61,0.8727272727272727,GO:0004553|GO:0016798|GO:0008810|GO:0097599,248,55,0.8869112835776422,0.9019736051559448,41.54032258064516,22,6,0.8834154822609641,0.8925708532333374,40.04545454545455,0,0,,,
532,10,GO:0004807,,1.5829978840506137e-96,0.5901639344262295,GO:0004807|GO:0016861|GO:0016860|GO:0016853|GO:0016857|GO:0016854|GO:0016782|GO:0016783|GO:0016832|GO:0016838,205,61,0.8901319650615134,0.9198592305183412,34.58536585365854,50,15,0.8960509383678437,0.9281399250030518,34.88,28,7,0.9101496636867523,0.9174398481845856,34.57142857142857
533,10,GO:0015399,,2.176236349767424e-37,0.59375,GO:0015399|GO:0042626|GO:0022804|GO:0022857|GO:0005215|GO:0016887|GO:0017111|GO:0016462|GO:0016818|GO:0016817,157,32,0.8931013414054919,0.9251216650009156,36.197452229299365,19,5,0.8726262356105604,0.8738987445831299,37.68421052631579,10,3,0.6220406323671341,0.6439099907875061,39.5
534,10,GO:0008080,,3.872902841730648e-08,0.1346153846153846,GO:0008080|GO:0016410|GO:0016407|GO:0016779|GO:0016747|GO:0016746|GO:0016874|GO:0005524|GO:0000287|GO:0032559,137,52,0.6807662174649483,0.6792743802070618,37.29197080291971,16,8,0.6669334843754768,0.672454297542572,38.0625,17,8,0.6638585556955898,0.6897349953651428,42.23529411764706
535,10,GO:0004807,,3.6460706038540162e-93,0.5070422535211268,GO:0004807|GO:0016861|GO:0016860|GO:0016853|GO:0016829|GO:0016830|GO:0016832|GO:0016783|GO:0016857|GO:0016765,186,71,0.8784495864504127,0.9036999046802521,37.27956989247312,45,18,0.8736467440923055,0.8993228077888489,35.266666666666666,22,8,0.8926568762822584,0.9020583927631378,35.18181818181818
536,6,GO:0016763,,2.5595168135617576e-18,0.7692307692307693,GO:0016763|GO:0016757|GO:0000287|GO:0016758|GO:0070003|GO:0008242,101,13,0.8454084980605853,0.8685345649719238,36.94059405940594,45,5,0.7895828233824835,0.7999236583709717,37.62222222222222,17,3,0.7297217775793636,0.7749963402748108,33.94117647058823
537,6,GO:0046527,,1.8458206184811977e-23,0.75,GO:0046527|GO:0008194|GO:0016758|GO:0016757|GO:0016791|GO:0042578,129,12,0.7784370465796123,0.7833058834075928,36.007751937984494,34,4,0.7120798002271091,0.7378846704959869,37.14705882352941,12,1,0.8029111822446188,0.8134740889072418,37.666666666666664
538,10,GO:0052689,,9.921248326419976e-20,0.3090909090909091,GO:0052689|GO:0016788|GO:0010181|GO:0016651|GO:0140101|GO:0016661|GO:0140098|GO:0016655|GO:0097367|GO:0032553,246,55,0.7342033189971272,0.7401468753814697,32.88211382113821,28,7,0.6635433690888541,0.6814340949058533,31.607142857142858,28,10,0.7306742923600333,0.7142822444438934,31.107142857142858
539,10,GO:0033218,,4.428385553619111e-07,0.06790123456790123,GO:0033218|GO:0051087|GO:0072341|GO:0004197|GO:0003712|GO:0019904|GO:0140110|GO:1901681|GO:0008234|GO:0003700,314,162,0.8096689010501668,0.8148165047168732,34.105095541401276,24,12,0.804546353717645,0.8172290325164795,31.458333333333332,12,6,0.7236749803026518,0.8230232298374176,34.583333333333336
540,10,GO:0003723,,3.013861664174356e-12,0.35294117647058826,GO:0003723|GO:0019843|GO:0003735|GO:0005198|GO:0051920|GO:0004601|GO:0016684|GO:0003796|GO:0003729|GO:0061783,160,68,0.7161704357713461,0.7255653738975525,35.6,8,5,0.7521762102842331,0.7790586948394775,33.75,20,10,0.6876654148101806,0.67958202958107,30.85
541,10,GO:0036459,,2.5541340530242213e-06,0.07042253521126761,GO:0036459|GO:0101005|GO:0019783|GO:0008242|GO:0003755|GO:0016859|GO:0016763|GO:0140096|GO:0008234|GO:0070011,202,71,0.6429470641778248,0.6496235728263855,33.67326732673267,17,9,0.6186541336424211,0.597491979598999,33.8235294117647,17,10,0.6021111782859353,0.5987018346786499,33.88235294117647
542,10,GO:0003887,,6.957071401548944e-24,0.25,GO:0003887|GO:0034061|GO:0016779|GO:0140097|GO:0016772|GO:0003677|GO:0004518|GO:0016788|GO:0004527|GO:0005524,262,60,0.790097614963546,0.79981929063797,37.30152671755725,6,2,0.7486340502897898,0.7513624429702759,47.5,69,17,0.7579961989236914,0.7693765163421631,37.130434782608695
543,10,GO:0035639,,1.3930188883166948e-42,0.8947368421052632,GO:0035639|GO:0032555|GO:0017076|GO:0032553|GO:0005524|GO:0032559|GO:0030554|GO:0097367|GO:0016881|GO:0016879,168,57,0.7332152901660829,0.7432518601417542,34.892857142857146,18,7,0.6555967562728457,0.655296802520752,38.611111111111114,46,19,0.6908164121534514,0.6910970509052277,39.80434782608695
544,9,GO:0016668,,2.176086948027184e-94,0.9047619047619048,GO:0016668|GO:0050660|GO:0016651|GO:0016667|GO:0009055|GO:0015036|GO:0016209|GO:0050661|GO:0016722,166,42,0.9193919450044632,0.9376919567584991,37.397590361445786,19,6,0.8948918047704195,0.9309237003326416,36.8421052631579,31,7,0.926215494832685,0.9393686056137084,36.096774193548384
545,10,GO:0016765,,2.010852587858408e-17,0.4117647058823529,GO:0016765|GO:0016616|GO:0016614|GO:0016846|GO:0016829|GO:0019842|GO:0030170|GO:0070279|GO:0016701|GO:0004497,229,34,0.7987214797969469,0.8210742473602295,34.7117903930131,18,3,0.826558937629064,0.7791437208652496,33.388888888888886,34,6,0.7744732972453622,0.7857031226158142,34.61764705882353
546,1,GO:0001664,,0.0046753805011434,0.06451612903225806,GO:0001664,139,31,0.796601215498053,0.8334426283836365,36.33812949640288,20,6,0.8199321165680885,0.8878419101238251,37.25,9,3,0.5543971988889906,0.5611326694488525,37.666666666666664
547,10,GO:0016668,,1.0505620149172089e-91,0.78,GO:0016668|GO:0050660|GO:0016651|GO:0016667|GO:0009055|GO:0015036|GO:0016209|GO:0050661|GO:0016722|GO:0016860,149,50,0.9094276944262869,0.945479929447174,32.47651006711409,14,5,0.9401148685387203,0.9557247161865234,33.285714285714285,23,8,0.9158263672953066,0.9493968486785888,33.43478260869565
548,10,GO:0003887,,1.2631830963081192e-14,0.0896551724137931,GO:0003887|GO:0005524|GO:0032559|GO:0030554|GO:0034061|GO:0035639|GO:0097367|GO:0032555|GO:0017076|GO:0032553,309,145,0.8277720899643636,0.835819661617279,38.46601941747573,23,14,0.8259825084520422,0.8327192664146423,43.17391304347826,116,56,0.8205891929823776,0.8293147385120392,41.63793103448276
549,2,GO:0046983,,2.9488789298162185e-10,0.391304347826087,GO:0046983|GO:0005198,205,23,0.8125243293076027,0.8354023098945618,35.69268292682927,38,6,0.8082228867631209,0.8062217235565186,34.73684210526316,1,1,0.6364018321037292,0.6364018321037292,47.0
550,0,,,,,,130,27,0.8477767109870911,0.8700679838657379,35.09230769230769,28,6,0.8518594631126949,0.8859440684318542,33.107142857142854,2,1,0.7511744499206543,0.7511744499206543,34.5
551,10,GO:0016811,,3.5598692868891125e-18,0.18446601941747573,GO:0016811|GO:0016810|GO:0016813|GO:0016742|GO:0008237|GO:0070011|GO:0050660|GO:0008233|GO:0008238|GO:0008270,222,103,0.7133317299791284,0.7145602703094482,40.04054054054054,42,21,0.7132670709065029,0.7249484360218048,40.023809523809526,28,14,0.7171279873166766,0.7424472272396088,37.964285714285715
552,10,GO:0005215,,7.640396575276925e-42,0.4766355140186916,GO:0005215|GO:0022857|GO:0015075|GO:0015318|GO:0005216|GO:0015267|GO:0022803|GO:0008137|GO:0050136|GO:0003954,253,107,0.8454140911224802,0.8646835684776306,32.84584980237154,39,15,0.8691782126059899,0.8999810218811035,33.53846153846154,65,24,0.842946852170504,0.8532698750495911,34.83076923076923
553,10,GO:0019825,,0.0,0.838150289017341,GO:0019825|GO:0005344|GO:0020037|GO:0046906|GO:0005215|GO:0005506|GO:0046914|GO:0004601|GO:0016684|GO:0016209,467,173,0.9113905215416527,0.9408184289932252,30.32762312633833,54,21,0.9072999325063493,0.9431332349777222,31.09259259259259,34,12,0.8938639602240395,0.9254262149333954,29.441176470588236
554,5,GO:0004725,,1.822298968273269e-07,0.23809523809523808,GO:0004725|GO:0004721|GO:0016791|GO:0042578|GO:0016788,197,21,0.7361918739255915,0.734695553779602,36.35532994923858,28,3,0.7538217519010816,0.7570593357086182,35.57142857142857,6,2,0.6361583769321442,0.663408488035202,34.833333333333336
555,9,GO:0004553,,3.1943957984684186e-42,0.6307692307692307,GO:0004553|GO:0016798|GO:0015925|GO:0030247|GO:0030246|GO:0015926|GO:0016758|GO:0016757|GO:0008061,397,65,0.8790543148439537,0.8835916519165039,36.25692695214106,42,8,0.8788996040821075,0.8922480344772339,37.04761904761905,8,3,0.8405033946037292,0.8794736266136169,35.0
556,10,GO:0004222,,1.1182893930955156e-24,0.65,GO:0004222|GO:0004175|GO:0008237|GO:0070011|GO:0008233|GO:0008270|GO:0140096|GO:0046914|GO:0004197|GO:0008234,145,20,0.8138959913418211,0.838022768497467,35.289655172413795,6,2,0.685896078745524,0.6802380084991455,33.5,7,2,0.6056951454707554,0.607730507850647,35.0
557,10,GO:0016884,,3.693281515319241e-15,0.5384615384615384,GO:0016884|GO:0016874|GO:0016879|GO:0005524|GO:0032559|GO:0030554|GO:0035639|GO:0140101|GO:0032555|GO:0017076,75,13,0.6893779313564301,0.707539975643158,34.54666666666667,1,1,0.4806559085845947,0.4806559085845947,42.0,0,0,,,
558,10,GO:0046982,,3.6741195937735682e-34,0.12,GO:0046982|GO:0003677|GO:0046983|GO:0043565|GO:0008137|GO:0050136|GO:0003954|GO:0016655|GO:0003700|GO:0140110,238,225,0.7410243779671293,0.7556313574314117,35.470588235294116,43,38,0.7400788789571717,0.7447320222854614,34.51162790697674,29,27,0.7582234020890861,0.7500156164169312,33.51724137931034
559,8,GO:0003697,,0.0011877101736441,0.041666666666666664,GO:0003697|GO:0005126|GO:0015267|GO:0022803|GO:0004714|GO:0015288|GO:0022829|GO:0019199,307,96,0.8365846427721775,0.8467885255813599,35.02931596091205,52,20,0.8191211384076339,0.8334900140762329,35.19230769230769,18,8,0.7869231700897217,0.7947821915149689,37.333333333333336
560,10,GO:0016874,,1.5615751768767185e-08,0.11235955056179775,GO:0016874|GO:0032553|GO:0016758|GO:0097367|GO:0016903|GO:0051539|GO:0019842|GO:0050660|GO:0035639|GO:0071949,351,178,0.8451451073344957,0.8584041595458984,44.3048433048433,43,24,0.8546843071316563,0.859410285949707,47.651162790697676,114,58,0.8404419819513956,0.8531220853328705,45.228070175438596
561,3,GO:0052689,,5.89822256483708e-07,0.45454545454545453,GO:0052689|GO:0016788|GO:0008238,68,11,0.7953246603993809,0.8221725225448608,34.088235294117645,7,1,0.5895652515547616,0.5866999626159668,33.714285714285715,12,5,0.5285750428835551,0.5079693496227264,30.083333333333332
562,10,GO:0046933,,2.916758611576075e-26,0.9166666666666666,GO:0046933|GO:0015252|GO:0015078|GO:0005261|GO:0016776|GO:0015077|GO:0022890|GO:0005216|GO:0008324|GO:0015267,76,12,0.8271815819959891,0.8798292577266693,34.0921052631579,8,2,0.7735650837421417,0.8468775153160095,37.125,7,1,0.8710323997906276,0.9171944260597228,35.57142857142857
563,10,GO:0004812,,2.253788720616136e-53,0.9,GO:0004812|GO:0016875|GO:0140101|GO:0016874|GO:0140098|GO:0005524|GO:0032559|GO:0030554|GO:0035639|GO:0032555,261,30,0.806659016915208,0.8178724646568298,35.93869731800766,11,2,0.7277079387144609,0.7688507437705994,36.18181818181818,9,2,0.7066437602043152,0.7060526609420776,35.888888888888886
564,9,GO:0005126,,2.527838711043004e-26,0.21348314606741572,GO:0005126|GO:0005102|GO:0004129|GO:0015002|GO:0016676|GO:0016675|GO:0005507|GO:0015078|GO:0016813,239,89,0.8369014360415885,0.8556120991706848,40.7907949790795,40,13,0.818700322508812,0.8166760206222534,35.95,10,5,0.8126518845558166,0.828356921672821,29.2
565,10,GO:0000287,,1.0330777390812192e-41,0.45161290322580644,GO:0000287|GO:0016836|GO:0016835|GO:0016829|GO:0016853|GO:0016855|GO:0016854|GO:0030145|GO:0016831|GO:0036361,291,93,0.8541321215760667,0.8673980236053467,40.487972508591064,35,13,0.7786126545497349,0.829675555229187,38.05714285714286,2,1,0.7048780918121338,0.7048780918121338,36.0
566,7,GO:0016645,,2.545855522673449e-10,0.28,GO:0016645|GO:0016866|GO:0016627|GO:0016638|GO:0050660|GO:0016853|GO:0071949,265,25,0.8395353503946988,0.8482393622398376,35.93207547169811,54,5,0.8371564447879791,0.8519726097583771,36.7037037037037,74,6,0.7982107755300161,0.8057711720466614,36.78378378378378
567,6,GO:0004722,,0.0266604585286491,0.010309278350515464,GO:0004722|GO:0030695|GO:0008092|GO:0003755|GO:0003779|GO:0016859,291,291,0.7782911169774753,0.7978897094726562,20.553264604810998,33,33,0.7752077796242454,0.7710534334182739,20.575757575757574,40,40,0.7347356766462326,0.7422565221786499,21.25
568,10,GO:0008658,,7.406405952208108e-09,0.125,GO:0008658|GO:0016758|GO:0016725|GO:0008144|GO:0033218|GO:0033293|GO:0016757|GO:1901681|GO:0031406|GO:0043177,236,48,0.7927676661539886,0.8099194169044495,36.766949152542374,22,6,0.7652053155682303,0.777825266122818,38.27272727272727,58,15,0.8040364518247801,0.8185448348522186,32.689655172413794
569,7,GO:0016709,,0.0029096214377548,0.030534351145038167,GO:0016709|GO:0051020|GO:0017048|GO:0005085|GO:0016840|GO:0017016|GO:0031267,132,131,0.772841239065835,0.7707985043525696,30.53030303030303,18,18,0.7983267704645792,0.8344024121761322,30.555555555555557,13,13,0.6525160326407506,0.7081587314605713,26.923076923076923
570,10,GO:0016861,,7.241882927161404e-09,0.10975609756097561,GO:0016861|GO:0015267|GO:0022803|GO:0005216|GO:0016860|GO:0022857|GO:0015318|GO:0015075|GO:0005215|GO:0004970,87,82,0.7555849641218952,0.768816351890564,29.2183908045977,16,15,0.7692801840603352,0.7787574827671051,31.5,34,32,0.7652536052114823,0.7748766243457794,30.352941176470587
571,10,GO:0030695,,1.759240599993001e-05,0.3,GO:0030695|GO:0019899|GO:0060589|GO:0070063|GO:0017137|GO:0005096|GO:0017016|GO:0031267|GO:0030234|GO:0008047,78,10,0.6296044821158434,0.601597398519516,34.30769230769231,12,2,0.5177675783634186,0.5468432307243347,34.0,26,4,0.6018795611766669,0.5509263873100281,33.73076923076923
572,6,GO:0016788,,1.0216989495481382e-22,0.6428571428571429,GO:0016788|GO:0052689|GO:0016298|GO:0016790|GO:0016702|GO:0016782,241,42,0.7785158468974577,0.7898200750350952,35.78423236514523,21,4,0.730739488488152,0.7555050849914551,35.42857142857143,40,8,0.7284951061010361,0.7393997609615326,35.95
573,10,GO:0016874,,2.280128995410345e-05,0.19047619047619047,GO:0016874|GO:0050897|GO:0005524|GO:0032559|GO:0030554|GO:0016758|GO:0015103|GO:0016877|GO:0035639|GO:0032555,162,42,0.6427020607171235,0.6446675062179565,32.17283950617284,21,6,0.6508459193365914,0.6428871750831604,32.0,20,6,0.6369343757629394,0.6408259868621826,33.9
574,5,GO:0033218,,1.0260221377613964e-05,0.36363636363636365,GO:0033218|GO:0042277|GO:0003823|GO:0005102|GO:0044877,46,11,0.8169558864572773,0.8695523738861084,34.32608695652174,5,1,0.8858527421951294,0.899478554725647,34.2,22,5,0.7760576145215468,0.830760270357132,34.86363636363637
575,1,GO:0051213,,0.009705303515844,0.0547945205479452,GO:0051213,75,73,0.685091689825058,0.6948312520980835,24.0,7,7,0.6416900328227452,0.6090884208679199,23.0,9,9,0.6505240201950073,0.6800586581230164,25.22222222222222
576,5,GO:0051287,,1.1535698145630114e-16,0.6470588235294118,GO:0051287|GO:0016616|GO:0016614|GO:0000287|GO:0016763,147,17,0.7252490832692101,0.7357226014137268,36.795918367346935,56,8,0.6786867630268846,0.6549468338489532,36.94642857142857,43,4,0.7734857367914777,0.7956401109695435,34.83720930232558
577,10,GO:0019213,,6.013079037835093e-10,0.25,GO:0019213|GO:0016811|GO:0016810|GO:0016788|GO:0004725|GO:0016757|GO:0042578|GO:0016758|GO:0140096|GO:0004721,144,20,0.683477115093006,0.6693108677864075,35.173611111111114,7,2,0.5478609459740775,0.5631146430969238,42.285714285714285,27,5,0.7117618454827203,0.7488658428192139,36.333333333333336
578,10,GO:0005509,,1.349021745422003e-10,0.234375,GO:0005509|GO:0016811|GO:0061783|GO:0003796|GO:0020037|GO:0046906|GO:0019104|GO:0016798|GO:0051920|GO:0016810,195,64,0.7538095868550814,0.7606319785118103,32.56923076923077,17,7,0.7540562959278331,0.7532320618629456,32.588235294117645,5,3,0.6995936155319213,0.6975364089012146,26.0
579,10,GO:0008168,,3.132936835348068e-98,0.7840909090909091,GO:0008168|GO:0016741|GO:0008757|GO:0008170|GO:0008173|GO:0008171|GO:0140098|GO:0008649|GO:0140102|GO:0016743,290,88,0.745367915465914,0.7542652189731598,32.54137931034483,28,9,0.7089742954288211,0.7180236577987671,33.32142857142857,36,10,0.7195432898071077,0.7119137048721313,34.75
580,9,GO:0004601,,8.390059711613818e-24,0.6086956521739131,GO:0004601|GO:0016684|GO:0016209|GO:0020037|GO:0046906|GO:0016679|GO:0003968|GO:0034062|GO:0097747,273,23,0.763865454511328,0.783636748790741,36.46886446886447,1,1,0.6224124431610107,0.6224124431610107,33.0,46,4,0.7508136526398037,0.7884658575057983,36.891304347826086
581,10,GO:0035091,,1.788001633537802e-18,0.16666666666666666,GO:0035091|GO:0005543|GO:0008289|GO:0005126|GO:0005102|GO:0070851|GO:0030546|GO:0048018|GO:0030545|GO:0008083,174,72,0.7517265939506991,0.7579812407493591,34.9367816091954,13,7,0.7080962245280926,0.7196813225746155,32.76923076923077,14,6,0.7490179538726807,0.8068732917308807,31.642857142857142
582,10,GO:0016725,,1.0138647198342037e-18,0.1506849315068493,GO:0016725|GO:0016705|GO:0016709|GO:0008320|GO:0140318|GO:0008047|GO:0019208|GO:0022884|GO:0004112|GO:1904680,488,73,0.8152682490524699,0.8230371177196503,34.90573770491803,15,2,0.8428292036056518,0.8593601584434509,35.2,45,7,0.8598293357425266,0.8673151731491089,36.977777777777774
583,10,GO:0008170,,1.3796537642465535e-17,0.1917808219178082,GO:0008170|GO:0008173|GO:0008171|GO:0140098|GO:0008757|GO:0008168|GO:0016741|GO:0034062|GO:0097747|GO:0003899,133,73,0.669260709357441,0.6449249386787415,33.203007518796994,20,14,0.6423650220036506,0.6397495269775391,31.85,25,14,0.621267294883728,0.611571192741394,31.76
584,10,GO:0005198,,9.30628303734554e-09,0.13580246913580246,GO:0005198|GO:0003677|GO:0140110|GO:0003735|GO:0015078|GO:0003700|GO:0003723|GO:0046933|GO:0015252|GO:0140097,325,324,0.7807129453695737,0.8048879504203796,36.895384615384614,48,48,0.7890607515970866,0.8205062747001648,36.666666666666664,65,65,0.7992512409503644,0.8304780721664429,37.96923076923077
585,10,GO:0016705,,2.625554457710618e-200,0.8515625,GO:0016705|GO:0004497|GO:0005506|GO:0020037|GO:0046906|GO:0046914|GO:0016709|GO:0046912|GO:0048038|GO:0016746,367,128,0.9191397123180878,0.9474047422409058,35.49863760217983,38,15,0.9108200183040217,0.9438976347446442,36.68421052631579,19,7,0.74995630038412,0.7953603267669678,35.89473684210526
586,10,GO:0043178,,1.870181543060897e-12,0.25,GO:0043178|GO:0005496|GO:0099094|GO:0015276|GO:0022834|GO:0090729|GO:0046873|GO:0008289|GO:0022836|GO:0005261,235,28,0.7631395936012269,0.7656909227371216,36.97446808510638,83,11,0.7960460078285401,0.811458170413971,35.734939759036145,7,2,0.5593830602509635,0.5578485727310181,35.714285714285715
587,10,GO:0010181,,9.447722325362313e-38,0.5641025641025641,GO:0010181|GO:0032553|GO:0097367|GO:0016833|GO:0004497|GO:0004857|GO:0016646|GO:0016831|GO:0030234|GO:0016645,105,39,0.7588356177012126,0.7633609175682068,42.48571428571429,25,8,0.77539479970932,0.7687291502952576,41.12,4,2,0.5937287658452988,0.5837728977203369,42.25
588,10,GO:0005543,,2.9767911513479127e-09,0.125,GO:0005543|GO:0008289|GO:0005085|GO:0051020|GO:0005509|GO:0098772|GO:0005088|GO:0017048|GO:0019899|GO:0003723,185,64,0.697205813027717,0.6975035667419434,32.810810810810814,25,7,0.638158552646637,0.6472331881523132,35.64,55,19,0.7523416129025546,0.7985920310020447,32.8
589,10,GO:0016730,,1.5359805642681329e-12,0.09183673469387756,GO:0016730|GO:0016779|GO:0016788|GO:0016791|GO:0008168|GO:0042578|GO:0016757|GO:0008194|GO:0016741|GO:0008374,250,98,0.7286877934932708,0.7213829159736633,35.116,20,10,0.6885003000497818,0.6796481013298035,39.2,38,13,0.7525577231457359,0.7784143388271332,34.36842105263158
590,10,GO:0004714,,1.1583402921301195e-24,0.20270270270270271,GO:0004714|GO:0019199|GO:0004713|GO:0140096|GO:0038023|GO:0060089|GO:0004888|GO:0008242|GO:0004672|GO:0019787,103,74,0.7866291143361804,0.8026480078697205,38.53398058252427,19,13,0.7677497863769531,0.768559992313385,42.1578947368421,18,15,0.7376057472493913,0.7507582008838654,40.55555555555556
591,6,GO:0016757,,0.0012697777436598,0.21052631578947367,GO:0016757|GO:0008168|GO:0016741|GO:0016758|GO:0016620|GO:0016903,161,19,0.723220366683806,0.7379261255264282,37.67080745341615,26,5,0.6943452518719894,0.6860949695110321,36.11538461538461,28,6,0.7113163620233536,0.7148379981517792,36.82142857142857
592,10,GO:0016763,,5.646470713676399e-19,0.41935483870967744,GO:0016763|GO:0016757|GO:0005524|GO:0032559|GO:0030554|GO:0035639|GO:0032555|GO:0017076|GO:0032553|GO:0097367,114,31,0.7486980591426816,0.7644002437591553,30.94736842105263,28,7,0.7097650702510562,0.7173857390880585,30.428571428571427,1,1,0.6430233716964722,0.6430233716964722,48.0
593,10,GO:0004540,,6.0604567904251996e-46,0.7105263157894737,GO:0004540|GO:0004518|GO:0016891|GO:0016788|GO:0016893|GO:0140098|GO:0004521|GO:0004519|GO:0004532|GO:0008408,156,38,0.745025648138462,0.7652392685413361,34.38461538461539,22,6,0.7553317275914279,0.7602454721927643,37.63636363636363,21,6,0.7383975145362672,0.7447286248207092,33.19047619047619
594,10,GO:0016836,,5.904148213676689e-14,0.4583333333333333,GO:0016836|GO:0016835|GO:0016829|GO:0016861|GO:0016860|GO:0016853|GO:0030170|GO:0070279|GO:0051536|GO:0051540,235,24,0.7823354373586938,0.8070177435874939,35.88085106382979,51,5,0.7382030697429881,0.7462777495384216,35.294117647058826,38,4,0.6914151789326417,0.7269212007522583,35.55263157894737
595,8,GO:0005509,,9.493200959968963e-35,0.43209876543209874,GO:0005509|GO:0004714|GO:0004888|GO:0019199|GO:0038023|GO:0060089|GO:0004185|GO:0004713,186,81,0.7495743888680653,0.7584326565265656,38.17741935483871,17,9,0.7306491452104905,0.6901811361312866,42.529411764705884,2,1,0.6822838187217712,0.6822838187217712,25.0
596,8,GO:0016857,,2.377643036507618e-10,0.06289308176100629,GO:0016857|GO:0016854|GO:0016853|GO:0000977|GO:0003723|GO:0003724|GO:0070063|GO:0048038,209,159,0.7278595251614968,0.7295238375663757,26.311004784688997,35,28,0.7011642975466592,0.7230165004730225,24.97142857142857,17,12,0.7075816603267894,0.7190234661102295,24.058823529411764
597,10,GO:0015035,,2.0965889524395375e-10,0.3181818181818182,GO:0015035|GO:0016667|GO:0015036|GO:0005096|GO:0030695|GO:0060589|GO:0008047|GO:0004364|GO:0016853|GO:0016859,86,22,0.7523232102394104,0.7708204686641693,32.43023255813954,16,4,0.6661635488271713,0.6551384925842285,34.0,11,3,0.6758406975052573,0.6759083271026611,29.90909090909091
598,10,GO:0004672,,8.016700984199929e-153,0.989010989010989,GO:0004672|GO:0016773|GO:0016301|GO:0016772|GO:0005524|GO:0032559|GO:0030554|GO:0140096|GO:0035639|GO:0032555,242,91,0.9538570632619306,0.9664791822433472,28.94214876033058,29,11,0.9579740659943943,0.9611645936965942,28.275862068965516,2,1,0.9666637182235718,0.9666637182235718,29.0
599,10,GO:0004402,,1.7466663358153697e-06,0.13333333333333333,GO:0004402|GO:0061733|GO:0034212|GO:0016410|GO:0051213|GO:0016702|GO:0016701|GO:0008080|GO:0016407|GO:0016747,191,30,0.6279340050919517,0.6295020580291748,35.047120418848166,26,5,0.5492681436813794,0.5491193234920502,33.15384615384615,16,5,0.5984579175710678,0.6023072600364685,33.5
600,6,GO:0016763,,5.13488266337455e-08,0.3157894736842105,GO:0016763|GO:0016757|GO:0042626|GO:0015399|GO:0022804|GO:0016298,158,19,0.7368788338160213,0.7527466714382172,35.09493670886076,15,2,0.6869290908177693,0.7467309236526489,36.93333333333333,4,1,0.5714493989944458,0.5731334984302521,33.75
601,10,GO:0008270,,1.3548932313054452e-17,0.30120481927710846,GO:0008270|GO:0016830|GO:0016829|GO:0046914|GO:0019239|GO:0016861|GO:0016814|GO:0016831|GO:0016860|GO:0016810,364,83,0.8168877641578297,0.8223685920238495,35.84340659340659,50,14,0.7790592646598816,0.7951626479625702,32.8,77,16,0.7947036492360102,0.8012531995773315,35.22077922077922
602,10,GO:0051539,,1.9294775287193094e-13,0.35714285714285715,GO:0051539|GO:0051536|GO:0051540|GO:0016661|GO:0009055|GO:0016675|GO:0016832|GO:0004601|GO:0016684|GO:0030247,254,28,0.8584828299330914,0.879973441362381,43.039370078740156,19,3,0.7643374706569471,0.7538203597068787,35.63157894736842,79,11,0.8148611014402365,0.824127197265625,42.20253164556962
603,10,GO:0030145,,3.652154275171932e-09,0.20588235294117646,GO:0030145|GO:0008235|GO:0008408|GO:0004177|GO:0008237|GO:0004527|GO:0016616|GO:0016860|GO:0016614|GO:0008238,135,34,0.7679438939800969,0.7756457328796387,36.77037037037037,18,8,0.7324210140440199,0.7367864847183228,35.94444444444444,31,9,0.7301399996203761,0.762732207775116,35.0
604,10,GO:0061783,,3.4675815087910567e-31,0.4318181818181818,GO:0061783|GO:0016811|GO:0016810|GO:0005539|GO:0008270|GO:0046914|GO:0016836|GO:0004725|GO:0016835|GO:0008138,170,44,0.765116775912397,0.7613733112812042,35.04705882352941,13,4,0.7981885579916147,0.8258073329925537,33.23076923076923,28,8,0.8619725086859295,0.9087954163551331,32.5
605,0,,,,,,92,9,0.8347821546637494,0.8614485859870911,38.69565217391305,5,1,0.540852838754654,0.54648357629776,37.8,0,0,,,
606,10,GO:0032559,,1.729766884281338e-24,0.3377777777777778,GO:0032559|GO:0030554|GO:0005524|GO:0032555|GO:0017076|GO:0035639|GO:0032553|GO:0097367|GO:0003887|GO:0140097,410,225,0.8331333810236395,0.8462668657302856,44.95609756097561,31,19,0.8241889957458742,0.8397589325904846,43.193548387096776,161,88,0.8255211855313793,0.8386069536209106,43.37267080745342
607,10,GO:0045296,,7.145098138864492e-11,0.0472972972972973,GO:0045296|GO:0050839|GO:0005504|GO:0008144|GO:0030234|GO:0019899|GO:0033293|GO:0031625|GO:0003723|GO:0044389,292,148,0.7878694773128588,0.8139252662658691,38.31849315068493,15,7,0.818086838722229,0.8286996483802795,37.2,78,45,0.7855895337386009,0.7965644001960754,39.51282051282051
608,10,GO:0003712,,1.1604874080546923e-09,0.03494623655913978,GO:0003712|GO:0003954|GO:0046983|GO:0140110|GO:0015077|GO:0015078|GO:0008137|GO:0050136|GO:0022890|GO:0008324,376,372,0.7527646679193416,0.7728687822818756,32.398936170212764,44,43,0.7686285037886013,0.780630886554718,32.90909090909091,63,63,0.7402173531433892,0.7533455491065979,33.63492063492063
609,10,GO:0042626,,3.4387236229565426e-06,0.06818181818181818,GO:0042626|GO:0015399|GO:0022857|GO:0005215|GO:0022804|GO:0016874|GO:0016879|GO:0042625|GO:0015103|GO:0004970,194,88,0.7926780495446982,0.8026361763477325,38.123711340206185,20,11,0.712163183093071,0.7062006592750549,40.9,13,7,0.6901760651515081,0.7024771571159363,43.23076923076923
610,0,,,,,,63,9,0.6814299471794613,0.6815735697746277,34.714285714285715,10,1,0.6264683127403259,0.6304172575473785,36.2,23,4,0.5956957197707632,0.5899907946586609,36.82608695652174
611,10,GO:0016829,,2.113046067052044e-27,0.35772357723577236,GO:0016829|GO:0016765|GO:0016830|GO:0016832|GO:0016861|GO:0016860|GO:0016853|GO:0016833|GO:0016836|GO:0016835,318,123,0.8364578536096609,0.8529566526412964,33.430817610062896,33,14,0.8594298290483879,0.8720934391021729,34.39393939393939,10,5,0.8031361401081085,0.8497565984725952,31.9
612,7,GO:0016799,,1.2206034454633056e-37,0.4791666666666667,GO:0016799|GO:0019104|GO:0016798|GO:0140097|GO:0016782|GO:0016783|GO:0008234,197,48,0.770177798525331,0.7899283170700073,32.7005076142132,17,5,0.6436339511590845,0.6617768406867981,31.352941176470587,27,11,0.6327522198359171,0.6436681747436523,33.81481481481482
613,8,GO:0052689,,3.0314452847665744e-24,0.5925925925925926,GO:0052689|GO:0016788|GO:0016298|GO:0008238|GO:0004177|GO:0005102|GO:0004620|GO:0008081,259,27,0.8372137960780082,0.848997950553894,36.44015444015444,12,1,0.8217907249927521,0.8235660195350647,35.416666666666664,68,7,0.8544301767559612,0.8719704151153564,35.19117647058823
614,6,GO:0016705,,1.675526896496001e-34,0.9047619047619048,GO:0016705|GO:0004497|GO:0005506|GO:0020037|GO:0046906|GO:0046914,224,21,0.9018180250589337,0.9208943545818329,35.8125,11,1,0.9300625757737593,0.9241071939468384,36.63636363636363,296,27,0.8825298477266286,0.8925600349903107,37.111486486486484
615,10,GO:0140097,,1.4938000916527994e-06,0.30434782608695654,GO:0140097|GO:0005524|GO:0032559|GO:0030554|GO:0035639|GO:0032555|GO:0016874|GO:0017076|GO:0032553|GO:0097367,109,23,0.6949591726884929,0.7141863703727722,35.93577981651376,6,2,0.6494229038556417,0.6505867540836334,36.166666666666664,37,7,0.6713409359390671,0.6717276573181152,38.08108108108108
616,5,GO:0008483,,8.509088882544115e-54,0.8484848484848485,GO:0008483|GO:0016769|GO:0030170|GO:0070279|GO:0019842,234,33,0.8625707083787674,0.9004291594028473,36.05982905982906,30,5,0.9051854093869527,0.914799153804779,36.53333333333333,27,5,0.7870355778270297,0.7912370562553406,35.074074074074076
617,8,GO:0004601,,3.172944390872253e-15,0.2727272727272727,GO:0004601|GO:0016684|GO:0016209|GO:0052689|GO:0016788|GO:0004177|GO:0016298|GO:0008238,302,44,0.8065922477387435,0.8224504590034485,33.94701986754967,12,3,0.7232895990212759,0.7631131410598755,32.75,15,4,0.6958272933959961,0.7190212607383728,34.733333333333334
618,10,GO:0015291,,9.278632075250802e-75,0.53125,GO:0015291|GO:0022857|GO:0005215|GO:0022804|GO:0015075|GO:0022853|GO:0015318|GO:0008509|GO:0022890|GO:0008324,435,64,0.9267515211269773,0.9413580298423768,34.813793103448276,12,3,0.9461092352867126,0.9478404521942139,32.5,114,16,0.9024567980515329,0.92170450091362,35.31578947368421
619,4,GO:0016798,,7.861831554647884e-09,0.4782608695652174,GO:0016798|GO:0004553|GO:0010181|GO:0004659,176,23,0.7791099602525885,0.7802203297615051,36.75568181818182,41,5,0.7844753585210661,0.800850510597229,36.58536585365854,26,5,0.7478587421087118,0.758758932352066,36.80769230769231
620,9,GO:0030246,,6.261848076965669e-36,0.5306122448979592,GO:0030246|GO:0048029|GO:0051082|GO:0016831|GO:0016813|GO:0005509|GO:0016830|GO:0016702|GO:0090729,291,49,0.8924215939856067,0.9121785163879396,34.670103092783506,42,7,0.9043987989425659,0.8990560173988342,34.76190476190476,0,0,,,
621,10,GO:0004190,,4.2320860386729713e-98,0.6351351351351351,GO:0004190|GO:0070001|GO:0004175|GO:0008233|GO:0070011|GO:0140096|GO:0004252|GO:0008236|GO:0016825|GO:0017171,231,74,0.8465851929796723,0.8861183524131775,39.41125541125541,13,4,0.8536987946583674,0.8505887985229492,38.76923076923077,24,6,0.8226879661281904,0.8348576426506042,39.041666666666664
622,10,GO:0016861,,1.8050924654167733e-24,1.0,GO:0016861|GO:0016860|GO:0016853|GO:0048029|GO:0016866|GO:0030246|GO:0005125|GO:0030546|GO:0048018|GO:0030545,145,11,0.8005082270194744,0.8138431310653687,37.248275862068965,27,2,0.7681228209424902,0.7863508462905884,36.925925925925924,41,3,0.8268623788182329,0.8371947407722473,36.48780487804878
623,10,GO:0016838,,6.978226208079667e-20,0.2682926829268293,GO:0016838|GO:0016835|GO:0016829|GO:0005543|GO:0032182|GO:0008289|GO:0005509|GO:0005096|GO:0030695|GO:0060589,238,41,0.8296636197747302,0.8374859690666199,34.34873949579832,13,4,0.7400777018987216,0.7225545048713684,34.0,56,8,0.7846815277423177,0.7893639802932739,36.0
624,0,,,,,,44,5,0.7535601109266281,0.7975612878799438,35.34090909090909,0,0,,,,3,1,0.4806054433186849,0.4763448238372803,29.0
625,10,GO:0008170,,5.969735573381583e-06,0.2857142857142857,GO:0008170|GO:0016833|GO:0016830|GO:0008168|GO:0016741|GO:0016861|GO:0016829|GO:0004721|GO:0016860|GO:0008757,101,14,0.6560477030159223,0.6616677045822144,36.93069306930693,15,2,0.6247893631458282,0.6356025338172913,39.733333333333334,1,1,0.535575270652771,0.535575270652771,35.0
626,3,GO:0016765,,3.9926771513114486e-05,0.23809523809523808,GO:0016765|GO:0004659|GO:0008061,112,21,0.7197835394846541,0.7338472604751587,36.6875,6,3,0.5893938392400742,0.5978673696517944,30.333333333333332,12,5,0.5776947190364202,0.5622796714305878,32.416666666666664
627,10,GO:0010181,,2.594926672680853e-33,0.24761904761904763,GO:0010181|GO:0004553|GO:0016798|GO:0015929|GO:0097599|GO:0016705|GO:0004497|GO:0097367|GO:0032553|GO:0016628,345,105,0.8124793539876524,0.8324045538902283,35.36521739130435,41,12,0.8290281223087776,0.8440049290657043,34.68292682926829,20,6,0.7741535410284996,0.781408965587616,35.55
628,10,GO:0004659,,2.3746965728199632e-14,0.0859375,GO:0004659|GO:0016765|GO:0016838|GO:0008092|GO:0003707|GO:0005096|GO:0043565|GO:0030695|GO:0003779|GO:0016835,177,128,0.7691379945493687,0.7733421325683594,39.14124293785311,17,12,0.8133219971376306,0.8463337421417236,35.88235294117647,20,18,0.7243852734565734,0.7370616793632507,33.7
629,10,GO:0003677,,9.90403531945108e-16,0.3644859813084112,GO:0003677|GO:0003700|GO:0140110|GO:0000976|GO:0001067|GO:1990837|GO:0003690|GO:0008168|GO:0043565|GO:0016741,216,107,0.7369876160389848,0.7352001667022705,33.3287037037037,27,14,0.7367901625456633,0.7439156174659729,33.148148148148145,26,14,0.689021131167045,0.6501156389713287,33.42307692307692
630,10,GO:0003723,,2.7509068714459222e-40,0.4117647058823529,GO:0003723|GO:0045182|GO:0043021|GO:0008135|GO:0003743|GO:0090079|GO:0004521|GO:0004518|GO:0004540|GO:0003735,357,170,0.7962753057312899,0.8176206350326538,35.061624649859944,46,23,0.7810421748005826,0.7953203320503235,33.391304347826086,20,10,0.7510802537202835,0.7841130495071411,28.25
631,9,GO:0005524,,0.0005696433522445,0.6,GO:0005524|GO:0032559|GO:0030554|GO:0035639|GO:0032555|GO:0017076|GO:0032553|GO:0097367|GO:0140098,70,10,0.7263562249285834,0.7362138330936432,36.41428571428571,0,0,,,,3,2,0.5866509079933167,0.5881649255752563,35.666666666666664
632,8,GO:0070403,,2.814286034150842e-22,0.43478260869565216,GO:0070403|GO:0051287|GO:0019213|GO:0016811|GO:0016810|GO:0008270|GO:0046914|GO:0140096,125,23,0.6820721821784973,0.6870958209037781,33.904,23,5,0.6243196013181106,0.621505618095398,32.47826086956522,12,3,0.7086692204078039,0.7354710400104523,32.583333333333336
633,10,GO:0140096,,0.0001944451579474,0.5833333333333334,GO:0140096|GO:0008238|GO:0008233|GO:0004185|GO:0070008|GO:0008235|GO:0004180|GO:0070011|GO:0008270|GO:0008234,112,12,0.7162900646882397,0.7209622859954834,36.044642857142854,17,2,0.603435712702134,0.5987868309020996,37.88235294117647,23,3,0.7262527890827345,0.7490447163581848,35.391304347826086
634,5,GO:0016833,,0.003166380233274,0.14285714285714285,GO:0016833|GO:0017111|GO:0008237|GO:0016462|GO:0016818,150,14,0.7581626041730245,0.7761061191558838,37.14666666666667,6,1,0.6089718639850616,0.612488865852356,42.5,0,0,,,
635,10,GO:0004553,,2.8636338714011347e-159,0.84,GO:0004553|GO:0016798|GO:0097599|GO:0015925|GO:0015926|GO:0008810|GO:0015929|GO:0008061|GO:0008422|GO:0030247,464,150,0.8631459588249182,0.8792282044887543,37.81681034482759,67,20,0.8677298969297267,0.8687191009521484,37.17910447761194,10,4,0.7657906115055084,0.7683445513248444,40.5
636,10,GO:0003743,,2.206030968834511e-05,0.09433962264150944,GO:0003743|GO:0008135|GO:0090079|GO:0045182|GO:0003677|GO:0016775|GO:0005249|GO:0101005|GO:0022843|GO:0005267,136,53,0.681301331914523,0.6853333413600922,34.86029411764706,22,10,0.6801531748338179,0.6969957053661346,33.68181818181818,20,8,0.6413459539413452,0.6426235139369965,33.85
637,10,GO:0015399,,1.675789645889879e-44,0.95,GO:0015399|GO:0042626|GO:0022804|GO:0022857|GO:0005215|GO:0016887|GO:0017111|GO:0005524|GO:0032559|GO:0030554,145,20,0.8530644659338327,0.874664843082428,38.08275862068965,16,4,0.8368410393595695,0.8777025938034058,36.3125,4,1,0.6585294604301453,0.6641919314861298,33.75
638,10,GO:0016879,,2.1060161543368947e-46,0.6041666666666666,GO:0016879|GO:0032559|GO:0030554|GO:0005524|GO:0032555|GO:0017076|GO:0032553|GO:0035639|GO:0097367|GO:0016874,261,48,0.7930683473060871,0.8031774163246155,34.758620689655174,28,6,0.7333285723413739,0.6853346228599548,33.857142857142854,36,9,0.7370225141445795,0.752718061208725,31.36111111111111
639,10,GO:0070011,,2.442347099760992e-36,0.6060606060606061,GO:0070011|GO:0008233|GO:0004175|GO:0140096|GO:0008234|GO:0004197|GO:0008237|GO:0004222|GO:0008270|GO:0008238,276,66,0.7180280675706656,0.7199359834194183,32.960144927536234,19,6,0.6200132683703774,0.6222372651100159,33.10526315789474,26,9,0.6904907066088456,0.7210471630096436,34.53846153846154
640,10,GO:0016757,,5.045851159040132e-12,0.1797752808988764,GO:0016757|GO:0016758|GO:0046527|GO:0070566|GO:0016779|GO:0016772|GO:0008194|GO:0005524|GO:0032559|GO:0030554,199,89,0.6819165756354979,0.6882554888725281,38.30653266331658,19,13,0.6300228520443565,0.6038845777511597,36.36842105263158,44,18,0.6710303385149349,0.6726069450378418,37.95454545454545
641,4,GO:0071949,,1.881224965207181e-42,0.95,GO:0071949|GO:0050660|GO:0016645|GO:0016614,220,20,0.7299113111062483,0.7367658019065857,36.42272727272727,0,0,,,,18,3,0.5558433830738068,0.5479786098003387,34.72222222222222
642,9,GO:0016788,,1.6487502573200236e-10,0.45714285714285713,GO:0016788|GO:0016791|GO:0042578|GO:0004601|GO:0016684|GO:0016702|GO:0016701|GO:0000287|GO:0008080,113,35,0.6848585951117288,0.7033712267875671,34.47787610619469,19,6,0.6519959710146251,0.652915358543396,34.05263157894737,14,5,0.7520028139863696,0.7655256986618042,34.857142857142854
643,4,GO:0004842,,4.23272322395191e-06,0.3076923076923077,GO:0004842|GO:0019787|GO:0017056|GO:0019899,87,13,0.748489033559273,0.7623608112335205,36.10344827586207,4,1,0.6679982990026474,0.6765406131744385,37.0,13,3,0.6931831469902625,0.7567421793937683,38.38461538461539
644,6,GO:0005198,,1.7916749904996497e-21,0.5185185185185185,GO:0005198|GO:0003735|GO:0019843|GO:0000049|GO:0003723|GO:0004112,217,54,0.7482794865210485,0.7464035749435425,32.84331797235023,19,4,0.6953646195562262,0.7127110958099365,28.36842105263158,21,5,0.7580741927737281,0.7645514607429504,28.571428571428573
645,10,GO:0046982,,2.457920842699766e-31,0.13333333333333333,GO:0046982|GO:0046983|GO:0003677|GO:0140110|GO:0003690|GO:0003700|GO:0003712|GO:0008017|GO:0015631|GO:0042803,236,180,0.7588853578446275,0.7911293506622314,25.4364406779661,37,29,0.744718984977619,0.7529998421669006,24.054054054054053,31,25,0.7366845550075654,0.7421915531158447,27.387096774193548
646,10,GO:0016790,,1.24180726570798e-05,0.06493506493506493,GO:0016790|GO:0016661|GO:0099094|GO:0005249|GO:0022843|GO:0005267|GO:0005244|GO:0022832|GO:0015079|GO:0030246,166,77,0.7660198699997132,0.7878330051898956,33.87951807228916,11,8,0.775989061052149,0.7910137176513672,35.72727272727273,16,7,0.7501018419861794,0.7217828035354614,32.75
647,6,GO:0036361,,2.3551885265262686e-53,0.9545454545454546,GO:0036361|GO:0016855|GO:0047661|GO:0016854|GO:0016853|GO:0042802,82,22,0.927232802641101,0.9452078342437744,37.548780487804876,6,2,0.83082381884257,0.8299635052680969,36.666666666666664,3,2,0.6246245503425598,0.6381653547286987,36.666666666666664
648,10,GO:0004402,,1.8877759224598605e-13,0.10588235294117647,GO:0004402|GO:0061733|GO:0034212|GO:0003712|GO:0009055|GO:0020037|GO:0046906|GO:0008080|GO:0016410|GO:0008270,202,85,0.7580375960557768,0.7677584588527679,32.0,22,9,0.7225488099184904,0.7119321525096893,31.5,11,8,0.6612865870649164,0.7221105098724365,35.18181818181818
649,10,GO:0008199,,3.313771800225049e-07,0.10909090909090909,GO:0008199|GO:0016722|GO:0003712|GO:0005506|GO:0098772|GO:0005525|GO:0032550|GO:0001883|GO:0032549|GO:0001882,113,55,0.6401479750607921,0.6417332291603088,32.11504424778761,9,5,0.6340688599480523,0.6465467810630798,35.55555555555556,9,6,0.5996930201848348,0.6018929481506348,34.77777777777778
650,10,GO:0016645,,4.018624896040899e-28,0.40476190476190477,GO:0016645|GO:0016646|GO:0016832|GO:0016830|GO:0016829|GO:0016814|GO:0016810|GO:0071949|GO:0050660|GO:0016833,202,42,0.7785660648109889,0.7869834899902344,35.34158415841584,27,6,0.7698948096345972,0.7947074174880981,36.55555555555556,34,6,0.7866240827476277,0.7890497446060181,36.14705882352941
651,10,GO:0016741,,6.366354888631897e-39,0.3484848484848485,GO:0016741|GO:0008168|GO:0008757|GO:0008173|GO:0008175|GO:0140098|GO:0008649|GO:0140102|GO:0016888|GO:0140101,261,132,0.7651657564886685,0.7700117230415344,36.13409961685824,37,18,0.7170959549981195,0.7408469319343567,35.2972972972973,23,13,0.7045250612756481,0.7178178429603577,36.34782608695652
652,10,GO:0005198,,2.5355033002146393e-08,0.125,GO:0005198|GO:0016627|GO:0016628|GO:0005216|GO:0016884|GO:0016616|GO:0015267|GO:0022803|GO:0016614|GO:0005261,384,384,0.8288397553066412,0.8526039719581604,30.838541666666668,44,44,0.8509557450359518,0.8689967393875122,31.454545454545453,60,60,0.8353820572296778,0.8614165782928467,33.31666666666667
653,4,GO:0004784,,8.059769215289079e-131,0.9433962264150944,GO:0004784|GO:0016721|GO:0016209|GO:0030145,149,53,0.9301487991473819,0.95292991399765,28.348993288590606,10,4,0.9015102624893189,0.946891874074936,28.2,12,4,0.8512401034434637,0.8968322277069092,27.583333333333332
654,10,GO:0051539,,8.47836545332696e-10,0.27586206896551724,GO:0051539|GO:0016903|GO:0016151|GO:0051536|GO:0051540|GO:0005504|GO:0004222|GO:0016627|GO:0046914|GO:0008237,223,29,0.757906893710919,0.7770637273788452,37.44394618834081,35,5,0.7318933299609593,0.7421838045120239,42.91428571428571,27,5,0.6807787506668656,0.683050274848938,32.851851851851855
655,10,GO:0030170,,4.9394924835668414e-48,0.7317073170731707,GO:0030170|GO:0070279|GO:0019842|GO:0008483|GO:0016769|GO:0016846|GO:0016742|GO:0016829|GO:0016783|GO:0016782,349,41,0.8523665482130297,0.8666900992393494,36.72492836676218,37,5,0.8182781370910438,0.8487313389778137,35.37837837837838,63,6,0.8450496442734249,0.8429858088493347,36.3968253968254
656,4,GO:0030246,,1.7048796408434231e-06,0.12857142857142856,GO:0030246|GO:0016857|GO:0016853|GO:0016854,250,70,0.8212260608673095,0.8369752764701843,36.26,10,4,0.8090013325214386,0.8158831894397736,45.3,12,4,0.746363694469134,0.7555865943431854,36.333333333333336
657,10,GO:0008017,,6.036536609792423e-11,0.04713804713804714,GO:0008017|GO:0015631|GO:0008092|GO:0030674|GO:0060090|GO:0017056|GO:0005249|GO:0051020|GO:0022843|GO:0005267,297,297,0.872188019832778,0.8974788188934326,23.892255892255893,40,39,0.8585693694651126,0.9074031114578247,23.3,29,29,0.8461210563265044,0.8647842407226562,23.79310344827586
658,10,GO:0016774,,1.3437986023281118e-61,0.5777777777777777,GO:0016774|GO:0032559|GO:0030554|GO:0005524|GO:0016301|GO:0032555|GO:0017076|GO:0032553|GO:0035639|GO:0097367,299,45,0.805994866883077,0.8247401714324951,35.16722408026756,27,5,0.7642657116607383,0.8019937872886658,34.81481481481482,37,9,0.7341316761197271,0.7811251878738403,36.54054054054054
659,3,GO:0016782,,4.6995450490804624e-14,0.6363636363636364,GO:0016782|GO:0016811|GO:0016810,114,11,0.7568299569058836,0.802709698677063,37.54385964912281,27,3,0.5700662367873721,0.5504952669143677,35.370370370370374,0,0,,,
660,10,GO:0008199,,2.3101322814534295e-104,0.5555555555555556,GO:0008199|GO:0016722|GO:0005506|GO:0046914|GO:0008198|GO:0051015|GO:0042802|GO:0003779|GO:0008092|GO:0044877,218,90,0.8578253114989044,0.8828963935375214,37.80733944954128,32,14,0.876445360481739,0.8859536945819855,37.53125,21,10,0.8933869429997036,0.904322385787964,41.476190476190474
661,10,GO:0035639,,2.2889829534001883e-31,0.8666666666666667,GO:0035639|GO:0032555|GO:0017076|GO:0032553|GO:0016301|GO:0097367|GO:0016772|GO:0005524|GO:0032559|GO:0030554,179,45,0.8164731673688196,0.8398802876472473,34.12290502793296,14,4,0.8412809755120959,0.8397335708141327,34.642857142857146,28,7,0.7853947132825851,0.7904162406921387,34.857142857142854
662,9,GO:0003677,,1.9202199737947692e-16,0.5510204081632653,GO:0003677|GO:0140110|GO:0003700|GO:0008276|GO:0008757|GO:0140097|GO:0004518|GO:0004519|GO:0003887,182,49,0.7209362865804316,0.7362936735153198,35.934065934065934,12,7,0.6893341143925985,0.6940301954746246,34.083333333333336,47,12,0.7127580515881802,0.7178178429603577,36.276595744680854
663,10,GO:0004553,,4.0604503346939806e-29,0.44871794871794873,GO:0004553|GO:0016798|GO:0004308|GO:0016997|GO:0046789|GO:0046812|GO:0016758|GO:0016702|GO:0016701|GO:0051213,300,78,0.8384023515383402,0.856786847114563,37.35333333333333,32,10,0.8458063788712025,0.8559549450874329,36.90625,10,6,0.7520258247852325,0.7956529557704926,40.5
664,8,GO:0030170,,1.0178761333692857e-33,0.9047619047619048,GO:0030170|GO:0070279|GO:0019842|GO:0016831|GO:0016830|GO:0016829|GO:0008483|GO:0016769,244,21,0.7794791601720403,0.7839414775371552,36.47950819672131,13,1,0.788687105362232,0.7983408570289612,35.69230769230769,16,3,0.7416702415794134,0.7711939811706543,35.625
665,10,GO:0051020,,4.575662462042402e-16,0.09547738693467336,GO:0051020|GO:0019899|GO:0005085|GO:0098772|GO:0045296|GO:0050839|GO:0008134|GO:0003743|GO:0031369|GO:0019904,345,199,0.8003737130890722,0.8126628994941711,30.91304347826087,24,13,0.7620844493309656,0.7700144648551941,29.208333333333332,74,41,0.7875770072679262,0.7895952761173248,29.83783783783784
666,7,GO:0016646,,3.171935063239462e-06,0.125,GO:0016646|GO:0016645|GO:0050661|GO:0004519|GO:0004518|GO:0003697|GO:0140097,123,40,0.6552489358719772,0.6458678841590881,32.6260162601626,9,4,0.6235708726776971,0.6186401844024658,34.111111111111114,32,11,0.6205647466704249,0.6203807592391968,34.375
667,10,GO:0008238,,6.6185557900814e-18,0.7692307692307693,GO:0008238|GO:0004177|GO:0070011|GO:0008233|GO:0008237|GO:0140096|GO:0008270|GO:0008235|GO:0004185|GO:0070008,104,13,0.7172978405769055,0.722717672586441,36.96153846153846,0,0,,,,22,4,0.7106736085631631,0.7214525640010834,38.27272727272727
668,10,GO:0030170,,6.643122755597376e-11,0.5,GO:0030170|GO:0070279|GO:0019842|GO:0016838|GO:0016829|GO:0016835|GO:0047661|GO:0016840|GO:0036361|GO:0016765,121,16,0.7974063337834414,0.8229457139968872,36.29752066115702,27,3,0.8621281915240817,0.8734407424926758,36.03703703703704,18,3,0.7717576126257578,0.8073788285255432,36.22222222222222
669,10,GO:0016763,,9.580110359232558e-15,0.21666666666666667,GO:0016763|GO:0016757|GO:0000287|GO:0016830|GO:0016829|GO:0016661|GO:0030145|GO:0008175|GO:0016833|GO:0016742,139,60,0.6819434120929498,0.6712276935577393,30.280575539568346,13,7,0.6382985481849084,0.6527642607688904,30.53846153846154,14,6,0.6680059518132891,0.670721024274826,33.642857142857146
670,10,GO:0016614,,4.7681056466069584e-135,0.7966101694915254,GO:0016614|GO:0016616|GO:0004312|GO:0016747|GO:0016746|GO:0051287|GO:0050661|GO:0016877|GO:0016646|GO:0016628,266,118,0.8294277489185333,0.8580214977264404,31.69924812030075,33,14,0.8341326280073686,0.8743063807487488,35.15151515151515,48,19,0.8010514688988527,0.7680502533912659,34.375
671,10,GO:0003697,,8.86808808248675e-29,0.19,GO:0003697|GO:0046933|GO:0015252|GO:0003677|GO:0015078|GO:0005261|GO:0016776|GO:0015267|GO:0022803|GO:0015077,202,100,0.7918205908914604,0.8055782914161682,36.54455445544554,22,11,0.7954221151091836,0.8061785697937012,36.59090909090909,23,11,0.8068093812983969,0.8321399092674255,34.608695652173914
672,10,GO:0008168,,4.952003621894234e-107,0.9565217391304348,GO:0008168|GO:0016741|GO:0008757|GO:0008173|GO:0008649|GO:0140098|GO:0140102|GO:0008170|GO:0008175|GO:0140101,209,69,0.747355669023888,0.7595924139022827,33.526315789473685,19,7,0.7145546015940214,0.7438141107559204,35.78947368421053,20,8,0.7020312488079071,0.6941285729408264,34.05
673,10,GO:0010181,,3.294826154144669e-36,0.3472222222222222,GO:0010181|GO:0032553|GO:0097367|GO:0009055|GO:0008047|GO:0016849|GO:0005524|GO:0032559|GO:0030554|GO:0016765,243,72,0.7791797609486207,0.809415876865387,32.60493827160494,17,6,0.7736964295892155,0.7702797651290894,31.88235294117647,9,4,0.7055213517612882,0.7264413237571716,30.77777777777778
674,10,GO:0005524,,5.205650856395281e-05,0.3611111111111111,GO:0005524|GO:0032559|GO:0030554|GO:0035639|GO:0032555|GO:0017076|GO:0032553|GO:0070566|GO:0097367|GO:0008235,234,36,0.705375471813047,0.7063819468021393,36.623931623931625,32,7,0.6580108664929867,0.6617594957351685,37.15625,36,10,0.661283415224817,0.6677222847938538,36.44444444444444
675,7,GO:0004308,,6.003409015859174e-79,0.6274509803921569,GO:0004308|GO:0016997|GO:0004553|GO:0016798|GO:0046789|GO:0046812|GO:0016758,339,51,0.9145845865781328,0.9311696887016296,36.150442477876105,29,5,0.9174100222258732,0.9411253333091736,37.206896551724135,1,1,0.7709304094314575,0.7709304094314575,33.0
676,6,GO:0004553,,2.797773715050721e-87,0.9041095890410958,GO:0004553|GO:0016798|GO:0015925|GO:0008810|GO:0015929|GO:0097599,322,73,0.8306569487596891,0.8502744138240814,36.27950310559006,27,7,0.8185667020303232,0.8418320417404175,36.7037037037037,16,4,0.8372302986681461,0.8463162481784821,36.0
677,10,GO:0004812,,1.5794412413157127e-34,0.6666666666666666,GO:0004812|GO:0016875|GO:0016874|GO:0140101|GO:0140098|GO:0005524|GO:0032559|GO:0030554|GO:0035639|GO:0032555,269,30,0.7693833979089021,0.8000333309173584,37.059479553903344,26,3,0.7481225981162145,0.7160479724407196,37.73076923076923,42,8,0.6927192310492197,0.668005108833313,34.785714285714285
678,6,GO:0004553,,5.042229645773605e-19,0.4423076923076923,GO:0004553|GO:0016798|GO:0004308|GO:0016997|GO:0008134|GO:0016860,199,52,0.8629111102477989,0.876707911491394,33.93969849246231,19,7,0.8433502410587511,0.8831533193588257,35.68421052631579,13,4,0.7931400491641118,0.8082330226898193,35.84615384615385
679,10,GO:0016702,,2.301292330222457e-21,0.4782608695652174,GO:0016702|GO:0008199|GO:0016701|GO:0051213|GO:0005506|GO:0046914|GO:0004129|GO:0015002|GO:0016676|GO:0016675,110,23,0.7937160979617726,0.8270464241504669,37.54545454545455,20,6,0.7209117203950882,0.7026137411594391,36.2,9,3,0.7318479220072428,0.7453157901763916,35.111111111111114
680,10,GO:0015399,,1.7557390344214018e-19,0.5882352941176471,GO:0015399|GO:0022857|GO:0022804|GO:0019829|GO:0005215|GO:0042625|GO:0042626|GO:0022853|GO:0015318|GO:0022890,145,17,0.7773230848641232,0.799899697303772,42.51034482758621,37,6,0.7611584647281749,0.7565388679504395,38.972972972972975,49,8,0.6494280975692126,0.6660346984863281,35.61224489795919
681,7,GO:0016620,,1.119065920217388e-120,0.855072463768116,GO:0016620|GO:0016903|GO:0051287|GO:0050661|GO:0046983|GO:0016628|GO:0016627,128,69,0.879015950486064,0.9117912650108337,34.96875,13,8,0.894663182588724,0.9152758717536926,35.92307692307692,12,7,0.881420761346817,0.917387992143631,33.916666666666664
682,10,GO:0016788,,1.3807774189946104e-23,0.5882352941176471,GO:0016788|GO:0008408|GO:0004527|GO:0008081|GO:0042578|GO:0004518|GO:0016796|GO:0004519|GO:0030145|GO:0016896,294,51,0.7953853990350451,0.817809134721756,35.39795918367347,23,5,0.7789848135865253,0.8040856719017029,31.782608695652176,26,7,0.755870534823491,0.7626608312129974,34.03846153846154
683,9,GO:0003755,,1.0688165166712338e-57,0.3645833333333333,GO:0003755|GO:0016859|GO:0016853|GO:0140096|GO:0031072|GO:0008144|GO:0004197|GO:0008234|GO:0016783,250,96,0.7734895062446594,0.7685119807720184,32.988,22,7,0.7562089887532321,0.8010484576225281,33.59090909090909,22,10,0.7253317805853757,0.7260662019252777,32.40909090909091
684,6,GO:1904680,,8.226381610756126e-11,0.2608695652173913,GO:1904680|GO:0042887|GO:0022857|GO:0005215|GO:0042626|GO:0015399,268,23,0.803948991111855,0.8228433728218079,37.00373134328358,18,3,0.6424024750789007,0.7106233835220337,36.611111111111114,33,3,0.7735283853429736,0.8403046131134033,36.96969696969697
685,0,,,,,,51,5,0.7563334481388915,0.7353528738021851,38.19607843137255,0,0,,,,0,0,,,
686,10,GO:0016742,,9.327593855864322e-05,0.16666666666666666,GO:0016742|GO:0016814|GO:0016877|GO:0016741|GO:0050660|GO:0016646|GO:0016645|GO:0016874|GO:0016810|GO:0009055,75,18,0.6548015085856119,0.6622858643531799,35.78666666666667,1,1,0.522462010383606,0.522462010383606,65.0,7,2,0.6014121174812317,0.5947235822677612,32.0
687,10,GO:0019200,,4.500589946377964e-27,0.4666666666666667,GO:0019200|GO:0016301|GO:0016772|GO:0016773|GO:0005524|GO:0032559|GO:0030554|GO:0035639|GO:0032555|GO:0017076,166,30,0.7738130157252392,0.7916758358478546,35.12048192771084,12,4,0.7727194428443909,0.8024022579193115,37.5,25,3,0.7928860783576965,0.780575156211853,36.72
688,4,GO:0016763,,8.955543681389363e-50,0.5344827586206896,GO:0016763|GO:0016757|GO:0016799|GO:0016798,192,58,0.866647203763326,0.897322803735733,32.390625,9,3,0.8852501180436876,0.9390078186988832,33.333333333333336,14,4,0.8460204388414111,0.8544295132160187,29.285714285714285
689,10,GO:0016168,,2.122700028874803e-18,0.14864864864864866,GO:0016168|GO:0009055|GO:0046906|GO:0022857|GO:0005215|GO:0015075|GO:0015318|GO:0004930|GO:0015077|GO:0008324,74,74,0.7959673010014199,0.8071849346160889,26.527027027027028,4,4,0.6612247824668884,0.6628074944019318,33.75,20,20,0.7754656746983528,0.8072814345359802,25.65
690,7,GO:0051537,,4.9375927616489424e-29,0.875,GO:0051537|GO:0051536|GO:0051540|GO:0005506|GO:0051213|GO:0046914|GO:0016705,154,16,0.8689650320387506,0.9002056121826172,35.811688311688314,11,1,0.9265233386646617,0.9408848285675048,35.72727272727273,0,0,,,
691,6,GO:0003735,,8.85562221729889e-203,0.7400881057268722,GO:0003735|GO:0005198|GO:0019843|GO:0003723|GO:0000977|GO:0045296,235,227,0.8160951506584249,0.8392658829689026,22.76595744680851,21,21,0.7949113221395583,0.8079317808151245,23.476190476190474,35,35,0.8167861461639404,0.8495570421218872,22.4
692,10,GO:0004672,,2.247684461987168e-152,0.9223300970873787,GO:0004672|GO:0016773|GO:0016301|GO:0016772|GO:0005524|GO:0032559|GO:0030554|GO:0035639|GO:0032555|GO:0017076,230,103,0.9037620251593382,0.9248176515102386,38.221739130434784,28,14,0.9018755576440266,0.9375646114349365,40.535714285714285,26,14,0.8846601981383103,0.931530773639679,38.57692307692308
693,8,GO:0003677,,1.2897776899081073e-08,0.23841059602649006,GO:0003677|GO:0046982|GO:0051920|GO:0044877|GO:0019865|GO:0003700|GO:0140110|GO:0016684,222,151,0.7872136655423019,0.7962298393249512,29.653153153153152,26,16,0.8015328485232133,0.8273031413555145,30.0,29,21,0.7451145258443109,0.7534254193305969,29.79310344827586
694,2,GO:0005496,,0.0009287487855128,0.04285714285714286,GO:0005496|GO:0008289,155,70,0.779632749865132,0.7852113246917725,32.980645161290326,23,12,0.7658351348794025,0.7662863731384277,33.130434782608695,4,2,0.778608426451683,0.799823522567749,29.75
695,10,GO:0051082,,4.604394988657226e-11,0.12857142857142856,GO:0051082|GO:0032559|GO:0030554|GO:0008173|GO:0032555|GO:0017076|GO:0003677|GO:0005524|GO:0032553|GO:0097367,186,70,0.6484737920184289,0.6547750234603882,33.064516129032256,35,13,0.587580953325544,0.5816904306411743,32.2,24,11,0.6595889168481032,0.6548032462596893,33.5
696,3,GO:0016747,,6.46540229711284e-10,0.7,GO:0016747|GO:0016746|GO:0008374,100,10,0.7807665273547173,0.8125008642673492,34.99,24,3,0.7092856168746948,0.6838683485984802,38.208333333333336,13,2,0.7869717937249404,0.8100814819335938,36.76923076923077
697,10,GO:0008137,,0.0003151368654531,0.03414634146341464,GO:0008137|GO:0050136|GO:0003954|GO:0009055|GO:0016655|GO:0004129|GO:0015002|GO:0016676|GO:0016675|GO:0015078,205,205,0.7755245522754949,0.7834258675575256,26.097560975609756,19,19,0.7593140225661429,0.7872206568717957,24.263157894736842,25,25,0.7581190443038941,0.7704735398292542,26.2
698,8,GO:0016782,,3.054383677117809e-14,0.2903225806451613,GO:0016782|GO:0004364|GO:0016765|GO:0008137|GO:0050136|GO:0003954|GO:0016655|GO:0016651,188,31,0.7321095534778655,0.7361940443515778,35.41489361702128,7,1,0.6823365347726005,0.682153046131134,35.0,46,8,0.7314443640086962,0.7507544159889221,35.80434782608695
699,0,,,,,,116,9,0.8779890267499562,0.8960638046264648,36.991379310344826,0,0,,,,0,0,,,
700,10,GO:0019899,,1.1388014428766206e-05,0.0847457627118644,GO:0019899|GO:0005085|GO:0003677|GO:0051020|GO:0140097|GO:0140110|GO:0003743|GO:0008135|GO:0090079|GO:0045182,232,118,0.7067528986211481,0.7151597738265991,35.86206896551724,27,14,0.7254076533847384,0.7460227608680725,32.22222222222222,43,24,0.6816063932208127,0.6908929944038391,35.372093023255815
701,10,GO:0004812,,2.9738144121511023e-13,0.20689655172413793,GO:0004812|GO:0016875|GO:0140101|GO:0016874|GO:0140098|GO:0003916|GO:0140097|GO:0005524|GO:0032559|GO:0030554,292,58,0.7721882866670008,0.7910693287849426,34.08904109589041,34,6,0.7649579223464517,0.7800322473049164,35.294117647058826,54,15,0.7413579788472917,0.7369961142539978,31.055555555555557
702,10,GO:0009055,,1.2190665015667725e-07,0.1935483870967742,GO:0009055|GO:0005215|GO:0022857|GO:0015075|GO:0015267|GO:0022803|GO:0005261|GO:0016168|GO:0008324|GO:0015077,198,62,0.7815411540896001,0.7962703108787537,32.57575757575758,13,6,0.8425900936126709,0.8751065731048584,32.76923076923077,31,11,0.7401999302448765,0.7546899318695068,32.25806451612903
703,9,GO:0004553,,3.314224734794916e-51,0.6447368421052632,GO:0004553|GO:0016798|GO:0030247|GO:0015925|GO:0005509|GO:0015926|GO:0030246|GO:0008061|GO:0016758,307,76,0.8312854844506478,0.8427290916442871,38.351791530944624,28,8,0.8369519029344831,0.8443666398525238,37.57142857142857,3,3,0.5337960521380106,0.4864527881145477,48.0
704,9,GO:0016668,,4.205093885829119e-89,0.8409090909090909,GO:0016668|GO:0016667|GO:0050660|GO:0016651|GO:0009055|GO:0015036|GO:0016209|GO:0050661|GO:0016722,232,44,0.9302802583010032,0.9534117579460144,37.741379310344826,25,5,0.9324931335449219,0.9472192525863647,36.56,38,7,0.9403977378418571,0.9423781335353851,38.21052631578947
705,10,GO:0015144,,2.422426054568076e-46,0.5227272727272727,GO:0015144|GO:0022857|GO:0005215|GO:0004888|GO:0004930|GO:0004970|GO:0008066|GO:0038023|GO:0060089|GO:0022824,210,44,0.8776929642472948,0.9132685363292694,37.38095238095238,27,6,0.8941554096009996,0.9284728765487672,34.51851851851852,236,49,0.9099568229610637,0.9316798448562622,36.11864406779661
706,10,GO:0008270,,3.8539259271912254e-58,0.8181818181818182,GO:0008270|GO:0046914|GO:0016614|GO:0016616|GO:0016628|GO:0070403|GO:0016627|GO:0016655|GO:0050661|GO:0016651,288,55,0.8156542546219296,0.8329988121986389,34.28472222222222,32,6,0.8592727724462748,0.8851953446865082,34.25,23,5,0.7673342176105665,0.7567093372344971,33.608695652173914
707,10,GO:0003924,,1.621970988264681e-28,0.8421052631578947,GO:0003924|GO:0005525|GO:0032550|GO:0001883|GO:0032549|GO:0001882|GO:0032561|GO:0019001|GO:0017111|GO:0016462,168,19,0.9167487064287776,0.9410691261291504,34.73809523809524,13,2,0.845136298583104,0.9426363110542296,34.30769230769231,2,1,0.7156091630458832,0.7156091630458832,27.0
708,10,GO:0003899,,1.9987400531040213e-11,0.21052631578947367,GO:0003899|GO:0034062|GO:0097747|GO:0003677|GO:0016779|GO:0046983|GO:0140098|GO:0000049|GO:0019843|GO:0016772,116,38,0.691606994589855,0.6999170482158661,32.73275862068966,13,5,0.6256647224609668,0.6218515038490295,31.384615384615383,15,5,0.6148700475692749,0.5998606085777283,30.4
709,7,GO:0016791,,9.41862814745733e-10,0.3103448275862069,GO:0016791|GO:0042578|GO:0016788|GO:0016814|GO:0071949|GO:0016879|GO:0050660,193,29,0.7086213283588232,0.7196475267410278,35.362694300518136,7,3,0.6673247218132019,0.6566091179847717,40.57142857142857,31,5,0.6886079465189288,0.6895386576652527,34.0
710,10,GO:0015077,,3.4944039885688544e-20,0.176,GO:0015077|GO:0009055|GO:0008324|GO:0015075|GO:0022890|GO:0003954|GO:0015318|GO:0008137|GO:0050136|GO:0016655,135,125,0.7488968869050344,0.7709285616874695,35.762962962962966,15,13,0.7460769673188528,0.7821557521820068,34.53333333333333,19,19,0.7120824299360576,0.7666556239128113,36.78947368421053
711,10,GO:0016627,,8.029177095354713e-15,0.07547169811320754,GO:0016627|GO:0050660|GO:0046906|GO:0020037|GO:0016616|GO:0016614|GO:0016779|GO:0051539|GO:0005506|GO:0016840,319,318,0.7392219630154696,0.7456322908401489,37.80250783699059,44,44,0.7421330850232731,0.7561593055725098,35.95454545454545,41,41,0.7140014702227058,0.7415121793746948,35.73170731707317
712,10,GO:0005504,,1.1910374762051113e-07,0.05319148936170213,GO:0005504|GO:0031625|GO:0044389|GO:0019899|GO:0005262|GO:0015085|GO:0008144|GO:0017016|GO:0031267|GO:0033293,223,94,0.8164425323896879,0.8234368562698364,38.01793721973094,23,11,0.7872739486072374,0.8051314353942871,37.130434782608695,96,46,0.8272989628215631,0.8318921625614166,36.927083333333336
713,10,GO:0140098,,9.95824639875614e-07,0.17204301075268819,GO:0140098|GO:0016877|GO:0016741|GO:0008168|GO:0008173|GO:0005524|GO:0032559|GO:0030554|GO:0035639|GO:0032555,180,93,0.6831823726495106,0.6843293607234955,36.46111111111111,24,15,0.6665641143918037,0.6570005118846893,37.083333333333336,29,19,0.6253427863121033,0.6478835940361023,37.89655172413793
714,10,GO:0016645,,2.9708542627441825e-30,0.3584905660377358,GO:0016645|GO:0016646|GO:0016814|GO:0016810|GO:0071949|GO:0050660|GO:0051536|GO:0051540|GO:0016830|GO:0016829,152,53,0.7690611924780043,0.7829806208610535,35.00657894736842,15,5,0.7552313009897867,0.7723292112350464,32.53333333333333,9,4,0.7517493830786811,0.7794928550720215,39.666666666666664
715,10,GO:0051537,,8.88352721634709e-10,0.28,GO:0051537|GO:0051536|GO:0051540|GO:0008237|GO:0046914|GO:0005506|GO:0016709|GO:0008235|GO:0004180|GO:0004497,181,25,0.7160449433063275,0.7344425320625305,35.773480662983424,10,1,0.7426570177078247,0.7628227174282074,37.4,23,3,0.7037320733070374,0.7215203642845154,38.26086956521739
716,10,GO:0005506,,3.554247276397504e-13,0.41935483870967744,GO:0005506|GO:0046914|GO:0009055|GO:0020037|GO:0046906|GO:0016831|GO:0051213|GO:0016702|GO:0016830|GO:0016701,133,31,0.7928979101037621,0.8207079768180847,35.35338345864662,2,2,0.6901389956474304,0.6901389956474304,20.5,12,4,0.6981202363967896,0.7102144956588745,32.5
717,10,GO:0097367,,2.9798652953394045e-06,0.30392156862745096,GO:0097367|GO:0032553|GO:0032559|GO:0030554|GO:0032555|GO:0017076|GO:0005524|GO:0035639|GO:0003918|GO:0003916,110,102,0.7718205660581589,0.8048000037670135,35.38181818181818,14,11,0.7559661577854838,0.7981787621974945,36.42857142857143,34,31,0.7322871834039688,0.7670426070690155,32.23529411764706
718,7,GO:0003735,,1.879395985786662e-130,0.967741935483871,GO:0003735|GO:0005198|GO:0019843|GO:0003723|GO:0070180|GO:0000049|GO:0003729,230,93,0.7614827200122501,0.7714160680770874,32.96086956521739,37,16,0.7681133360476107,0.7731644511222839,36.45945945945946,20,9,0.7225578710436821,0.7693637609481812,39.65
719,10,GO:0008233,,1.1093789233426534e-49,0.8461538461538461,GO:0008233|GO:0070011|GO:0004175|GO:0140096|GO:0008236|GO:0016825|GO:0017171|GO:0004252|GO:0004197|GO:0008234,183,52,0.7783058316655498,0.7962149977684021,35.02732240437158,5,3,0.6847941160202027,0.7038789391517639,26.8,7,3,0.7540342211723328,0.7642722725868225,34.285714285714285
720,4,GO:0030246,,5.202974964868471e-06,0.1125,GO:0030246|GO:0016857|GO:0016854|GO:0005507,220,80,0.799475406516682,0.8204020857810974,38.15909090909091,8,4,0.7316026836633682,0.7289895415306091,49.75,23,9,0.7368464729060298,0.7304549217224121,36.56521739130435
721,10,GO:0008121,,4.981938165590075e-06,0.01715686274509804,GO:0008121|GO:0016681|GO:0016679|GO:0019787|GO:0003918|GO:0004842|GO:0051536|GO:0051540|GO:0003916|GO:0008137,408,408,0.8357538386595016,0.8477619290351868,21.580882352941178,49,49,0.8274268447136393,0.8403210639953613,20.571428571428573,67,67,0.8285713097942409,0.8496469259262085,21.91044776119403
722,10,GO:0030695,,3.4517847589360724e-11,0.06944444444444445,GO:0030695|GO:0008092|GO:0005096|GO:0060589|GO:0008047|GO:0003779|GO:0004713|GO:0030234|GO:0015631|GO:0098772,309,144,0.7989002342748797,0.8114543557167053,35.592233009708735,46,17,0.814603372760441,0.828595906496048,34.67391304347826,27,12,0.820406664300848,0.8294185400009155,37.148148148148145
723,10,GO:0005507,,1.107159309719525e-18,0.21428571428571427,GO:0005507|GO:0009055|GO:0046914|GO:0016679|GO:0051537|GO:0032182|GO:0008121|GO:0016681|GO:0003755|GO:0051536,179,70,0.7742540180350149,0.7724988460540771,37.85474860335196,20,8,0.7129314571619034,0.699731707572937,37.55,3,1,0.7282098333040873,0.7332496047019958,38.333333333333336
724,9,GO:0003735,,5.950861084814045e-16,0.4222222222222222,GO:0003735|GO:0005198|GO:0004518|GO:0019843|GO:0004519|GO:0003723|GO:0005102|GO:0016788|GO:0016868,97,45,0.6876609537404837,0.6852629780769348,34.25773195876289,18,8,0.6656158218781153,0.6550356447696686,40.111111111111114,18,10,0.6585419641600715,0.7025738656520844,35.0
725,9,GO:0004252,,1.64957825392784e-150,0.963855421686747,GO:0004252|GO:0008236|GO:0016825|GO:0017171|GO:0004175|GO:0070011|GO:0008233|GO:0140096|GO:0090729,530,83,0.9475919085853505,0.9657277762889862,33.31320754716981,100,15,0.9626411092281342,0.97081458568573,33.48,115,17,0.9625444479610609,0.9705165028572084,32.982608695652175
726,4,GO:0008234,,3.808073588033272e-99,1.0,GO:0008234|GO:0070011|GO:0008233|GO:0140096,282,48,0.8657706310140326,0.905329704284668,35.829787234042556,32,5,0.8548185676336288,0.8689481616020203,36.25,0,0,,,
727,10,GO:0051539,,2.814380808671084e-05,0.3076923076923077,GO:0051539|GO:0016667|GO:0008270|GO:0051536|GO:0051540|GO:0009055|GO:0020037|GO:0046906|GO:0046914|GO:0071949,103,13,0.7554767340132333,0.7730833292007446,35.99029126213592,15,3,0.5481280565261841,0.5413921475410461,38.333333333333336,1,1,0.5080600380897522,0.5080600380897522,27.0
728,10,GO:0051082,,3.687399601058179e-40,0.8181818181818182,GO:0051082|GO:0005524|GO:0032559|GO:0030554|GO:0035639|GO:0032555|GO:0017076|GO:0032553|GO:0097367|GO:0042802,260,22,0.867382710484358,0.8854714632034302,37.38846153846154,19,3,0.7535174457650435,0.8287217020988464,33.0,133,12,0.8432654151342865,0.882028341293335,36.721804511278194
729,10,GO:0017056,,0.0001798455028864,0.058823529411764705,GO:0017056|GO:0004866|GO:0061135|GO:0030414|GO:0061134|GO:0004857|GO:0005198|GO:0004308|GO:0016997|GO:0004714,144,51,0.7893768904937638,0.8019014000892639,37.541666666666664,16,8,0.7641221396625042,0.8090381622314453,36.8125,47,16,0.7933749860905587,0.8281832933425903,35.57446808510638
730,9,GO:0004553,,2.272581395965175e-25,0.5777777777777777,GO:0004553|GO:0016798|GO:0030246|GO:0004252|GO:0015925|GO:0008236|GO:0016825|GO:0017171|GO:0015926,234,45,0.8419818870532207,0.8570643961429596,61.0,33,6,0.8087288719235044,0.8150155544281006,58.03030303030303,54,11,0.8261174934881704,0.8380511105060577,64.74074074074075
731,0,,,,,,89,9,0.6970798808537172,0.7148097157478333,36.831460674157306,22,4,0.6337414275516163,0.630889892578125,36.59090909090909,27,5,0.6484562368304642,0.6647939682006836,35.407407407407405
732,10,GO:0004553,,1.3632031764765888e-86,0.5481927710843374,GO:0004553|GO:0016798|GO:0030246|GO:0015925|GO:0016758|GO:0016757|GO:0048038|GO:0016638|GO:0004177|GO:0005507,567,166,0.8871775651104236,0.8986049890518188,37.313932980599645,58,20,0.8852279658975273,0.9010301530361176,34.706896551724135,79,25,0.8598018748850762,0.8692692518234253,36.265822784810126
733,10,GO:0016810,,3.7570492088136164e-61,0.9512195121951219,GO:0016810|GO:0019239|GO:0016812|GO:0016814|GO:0019213|GO:0008270|GO:0046914|GO:0050897|GO:0016811|GO:0070003,208,41,0.8302207010296675,0.8421411514282227,34.07211538461539,31,7,0.8436552016965805,0.8735427856445312,34.87096774193548,5,2,0.721658444404602,0.8541824221611023,34.6
734,8,GO:0051287,,6.055172042087875e-77,0.7164179104477612,GO:0051287|GO:0016616|GO:0016614|GO:0016628|GO:0016638|GO:0016627|GO:0016651|GO:0016655,242,67,0.8137162960757894,0.8466348052024841,33.16528925619835,25,6,0.8539158487319947,0.8937662839889526,32.2,17,7,0.7342503088362077,0.6970548629760742,35.05882352941177
735,10,GO:0016879,,5.413675575358415e-05,0.2857142857142857,GO:0016879|GO:0016874|GO:0005524|GO:0032559|GO:0019200|GO:0030554|GO:0016835|GO:0035639|GO:0019842|GO:0032555,159,14,0.7165679586758403,0.7202333211898804,36.270440251572325,12,2,0.612612764040629,0.6177951693534851,35.5,22,4,0.6115321733734824,0.6172686815261841,34.72727272727273
736,10,GO:0008092,,2.6128119565458764e-09,0.09941520467836257,GO:0008092|GO:0004659|GO:0005096|GO:0017016|GO:0060589|GO:0031267|GO:0030695|GO:0017048|GO:0008047|GO:0051020,398,171,0.801799609658107,0.8083115816116333,31.964824120603016,61,27,0.8029710455018966,0.8146376013755798,30.0327868852459,47,21,0.7901196441751845,0.7913269400596619,30.893617021276597
737,10,GO:0003677,,0.0004545715814199,0.2708333333333333,GO:0003677|GO:0016775|GO:0032555|GO:0017076|GO:0003700|GO:0032553|GO:0005525|GO:0032550|GO:0001883|GO:0032549,147,48,0.7057669576333494,0.711272120475769,34.394557823129254,20,6,0.6893694207072258,0.7086750268936157,31.95,6,3,0.6085313955942789,0.5986605584621429,34.666666666666664
738,10,GO:0004672,,0.0,0.9949494949494949,GO:0004672|GO:0016773|GO:0016301|GO:0016772|GO:0005524|GO:0032559|GO:0030554|GO:0140096|GO:0035639|GO:0032555,478,198,0.953786371392685,0.9631941914558411,38.73640167364017,71,29,0.9569277393985802,0.9638169407844543,38.80281690140845,57,27,0.9482275310315584,0.9575157165527344,38.45614035087719
739,5,GO:0008800,,3.0865969345457345e-36,0.8421052631578947,GO:0008800|GO:0016812|GO:0016810|GO:0008270|GO:0046914,115,19,0.7480258993480516,0.7885080575942993,32.66086956521739,8,3,0.6247570887207985,0.6425215899944305,35.0,6,1,0.6315636734167734,0.624482661485672,35.166666666666664
740,10,GO:0016853,,1.7060732306760965e-18,0.32098765432098764,GO:0016853|GO:0016866|GO:0016765|GO:0016861|GO:0019239|GO:0016860|GO:0016814|GO:0016829|GO:0008270|GO:0016810,272,81,0.818798907320289,0.8204679191112518,33.275735294117645,32,10,0.7680661343038082,0.8122931718826294,32.625,13,6,0.7515999949895419,0.6970552802085876,36.92307692307692
741,10,GO:0005524,,3.13723686409577e-10,0.4489795918367347,GO:0005524|GO:0032559|GO:0030554|GO:0035639|GO:0032555|GO:0017076|GO:0032553|GO:0097367|GO:0003677|GO:0140097,119,49,0.64780307667596,0.6545864939689636,37.63865546218487,11,8,0.6140956770290028,0.6243020296096802,37.81818181818182,43,20,0.6305127802283265,0.6402252316474915,37.13953488372093
742,10,GO:0015276,,2.1166699413040362e-103,1.0,GO:0015276|GO:0022834|GO:0022836|GO:0005230|GO:0005216|GO:0015267|GO:0022803|GO:0015318|GO:0015075|GO:0022857,343,43,0.8558904775377613,0.8718315362930298,34.24198250728863,52,6,0.8280385938974527,0.8223529160022736,35.73076923076923,18,2,0.906610197491116,0.9220813512802124,33.44444444444444
743,10,GO:0004553,,1.547238381824143e-22,0.36470588235294116,GO:0004553|GO:0016798|GO:0004308|GO:0016997|GO:0005507|GO:0097599|GO:0016702|GO:0016701|GO:0005496|GO:0004129,241,85,0.8474851957989926,0.866884171962738,34.84647302904564,17,6,0.8959864868837244,0.9116552472114564,37.05882352941177,18,9,0.8008438646793365,0.8647757172584534,37.27777777777778
744,10,GO:0090729,,1.2331824291887112e-14,0.06733167082294264,GO:0090729|GO:0003677|GO:0003735|GO:0005198|GO:0003697|GO:0003690|GO:0019843|GO:1990837|GO:0003723|GO:0003700,408,401,0.7463890693935693,0.7646091878414154,27.04901960784314,41,41,0.7482680867357951,0.7659670114517212,25.975609756097562,37,36,0.7340008769486401,0.7633939385414124,30.756756756756758
745,10,GO:0005216,,2.899734557045005e-10,0.23404255319148937,GO:0005216|GO:0015318|GO:0015075|GO:0015267|GO:0022803|GO:0022857|GO:0005262|GO:0005215|GO:0015085|GO:0046873,135,47,0.7836360288990869,0.7894420623779297,35.62222222222222,4,2,0.6691558063030243,0.6668749153614044,31.75,17,7,0.7672316396937651,0.7832266688346863,34.23529411764706
746,9,GO:1901681,,1.2101219544409808e-53,0.8709677419354839,GO:1901681|GO:0019842|GO:0000287|GO:0016831|GO:0016830|GO:0016829|GO:0030145|GO:0050660|GO:0071949,278,31,0.8051050284998023,0.830774575471878,36.672661870503596,27,3,0.761567599243588,0.8179852962493896,36.2962962962963,29,3,0.8436858201849049,0.851097822189331,37.10344827586207
747,7,GO:0016829,,0.0002098240847266,0.4,GO:0016829|GO:0016812|GO:0016810|GO:0016705|GO:0016832|GO:0016830|GO:0016645,117,15,0.7263483914554628,0.7392118573188782,35.02564102564103,28,5,0.5947492803846087,0.5807819664478302,34.714285714285715,7,2,0.5535466585840497,0.5550203323364258,31.428571428571427
748,5,GO:0016813,,1.6613456371833116e-25,0.5789473684210527,GO:0016813|GO:0016810|GO:0030145|GO:0016791|GO:0042578,137,19,0.7544407320283625,0.776414692401886,34.32116788321168,14,2,0.7288014718464443,0.7604406774044037,35.214285714285715,24,3,0.7828234558304151,0.8819263577461243,35.833333333333336
749,10,GO:0004812,,3.527158505503791e-64,0.7058823529411765,GO:0004812|GO:0016875|GO:0016874|GO:0140101|GO:0140098|GO:0005524|GO:0032559|GO:0030554|GO:0035639|GO:0032555,384,51,0.8087296891026199,0.8246112763881683,35.244791666666664,40,7,0.6806080237030983,0.6661872267723083,35.475,44,7,0.7612050026655197,0.7445363402366638,34.79545454545455
750,7,GO:0016790,,8.940935051984867e-08,0.1,GO:0016790|GO:0003743|GO:0008135|GO:0090079|GO:0045182|GO:0017056|GO:0016846,154,60,0.7052810435945337,0.7176652550697327,32.201298701298704,33,14,0.6617198875456145,0.6665802597999573,32.333333333333336,3,1,0.6760288079579672,0.6752246618270874,29.666666666666668
751,2,GO:0003677,,2.361493707845887e-07,0.22602739726027396,GO:0003677|GO:0070003,221,146,0.7297249181507939,0.7371211051940918,34.081447963800905,15,11,0.685114735364914,0.7322986125946045,34.6,37,23,0.7306969133583275,0.7468255162239075,31.72972972972973
752,10,GO:0004402,,1.439583397987681e-09,0.07865168539325842,GO:0004402|GO:0061733|GO:0008094|GO:0003678|GO:0034212|GO:0016887|GO:0004386|GO:0008080|GO:0016410|GO:0016407,176,89,0.7610303549603983,0.774563729763031,31.982954545454547,15,9,0.7327689409255982,0.762003481388092,29.266666666666666,10,6,0.6650957942008973,0.6797262132167816,33.2
753,9,GO:0005198,,7.576008120212506e-14,0.33783783783783783,GO:0005198|GO:0003700|GO:0140110|GO:0008201|GO:0005496|GO:0005539|GO:0004089|GO:0008289|GO:0043178,298,74,0.7884630701885927,0.8072552680969238,33.577181208053695,23,8,0.7079237453315569,0.7759107947349548,35.17391304347826,12,5,0.725000818570455,0.7741742730140686,32.416666666666664
754,10,GO:0016775,,4.761014293006863e-17,0.4,GO:0016775|GO:0016301|GO:0016772|GO:0005524|GO:0032559|GO:0030554|GO:0035639|GO:0032555|GO:0017076|GO:0032553,163,20,0.8077199960047482,0.8736183643341064,35.466257668711656,8,2,0.6020553857088089,0.6073574125766754,32.625,37,5,0.8276998867859712,0.8597120046615601,35.189189189189186
755,5,GO:0016773,,1.3506121767108952e-15,0.8571428571428571,GO:0016773|GO:0016301|GO:0016772|GO:0019205|GO:0019200,105,14,0.7714046234176273,0.785013735294342,34.114285714285714,3,1,0.4866013526916504,0.4961342811584472,29.333333333333332,16,2,0.7916897423565388,0.7982661724090576,34.625
756,10,GO:0004364,,2.1318994605734346e-186,0.8314606741573034,GO:0004364|GO:0016765|GO:0072341|GO:0042277|GO:1901681|GO:0033218|GO:0016209|GO:0004601|GO:0015036|GO:0016684,288,89,0.9101358416179816,0.9273225963115692,32.767361111111114,27,8,0.8931193440048782,0.920374035835266,31.40740740740741,107,31,0.8889896028509764,0.9181689023971558,32.308411214953274
757,10,GO:0004518,,3.508439995405981e-10,0.20512820512820512,GO:0004518|GO:0003723|GO:0004549|GO:0004519|GO:0016891|GO:0004521|GO:0016893|GO:0004540|GO:0016788|GO:0140101,195,78,0.7446216583251953,0.7492868304252625,33.37435897435898,35,13,0.735655849320548,0.7466619610786438,33.8,43,16,0.7378369944040165,0.7499196529388428,35.69767441860465
758,10,GO:0008199,,3.0823385433210973e-105,0.53125,GO:0008199|GO:0016722|GO:0005506|GO:0046914|GO:0008198|GO:0042802|GO:0019825|GO:0008092|GO:0003779|GO:0051015,187,96,0.8442293246162129,0.8626660704612732,34.44385026737968,47,20,0.8635234173308027,0.9021166563034058,31.893617021276597,16,10,0.8507987596094608,0.8983524143695831,32.75
759,1,GO:0016638,,8.565567147926512e-16,0.7,GO:0016638,96,10,0.6954876640811563,0.7120925188064575,36.708333333333336,10,2,0.7265998482704162,0.7434228956699371,36.1,19,2,0.617966502904892,0.6001333594322205,35.526315789473685
760,7,GO:0008483,,2.4114417219318296e-07,0.175,GO:0008483|GO:0016769|GO:0016758|GO:0097367|GO:0016757|GO:0019200|GO:0016853,273,40,0.7005419606690878,0.7145068645477295,34.31868131868132,18,3,0.6667520867453681,0.6098892390727997,36.27777777777778,8,3,0.5271758809685707,0.5285558104515076,31.375
761,10,GO:0000287,,9.239877667524605e-16,0.65,GO:0000287|GO:0016773|GO:0016301|GO:0016772|GO:0005524|GO:0032559|GO:0030554|GO:0016616|GO:0016614|GO:0035639,153,20,0.7311766975455813,0.7629423141479492,37.47712418300654,0,0,,,,31,5,0.7202345959601864,0.7385741472244263,37.58064516129032
762,9,GO:0016746,,6.633887751699927e-90,0.7204301075268817,GO:0016746|GO:0016747|GO:0008080|GO:0016407|GO:0016410|GO:0034212|GO:0061733|GO:0004402|GO:0008092,197,93,0.7481839178782429,0.7729254364967346,36.78172588832487,10,5,0.7548488914966583,0.7931818664073944,35.9,24,10,0.7159235527118047,0.7422678768634796,37.583333333333336
763,8,GO:0003677,,1.2954572833428524e-07,0.4411764705882353,GO:0003677|GO:0048029|GO:0030246|GO:0015144|GO:0042626|GO:0015399|GO:0022804|GO:0043565,230,34,0.7819373853828596,0.8017936646938324,35.052173913043475,5,2,0.590213668346405,0.5794737339019775,35.0,24,3,0.8425954058766365,0.8402813076972961,35.291666666666664
764,5,GO:0038023,,5.585666039324923e-10,0.5294117647058824,GO:0038023|GO:0060089|GO:0050839|GO:0044877|GO:0005102,98,17,0.7350047245925787,0.7277899384498596,34.97959183673469,17,3,0.7314220176023596,0.7739477753639221,33.294117647058826,38,6,0.6717184233038049,0.680802583694458,36.26315789473684
765,6,GO:0016861,,1.8859940994613904e-22,0.52,GO:0016861|GO:0016860|GO:0016853|GO:0016742|GO:0016782|GO:0016741,114,25,0.7649232151738384,0.7945153117179871,32.99122807017544,30,6,0.7355889240900676,0.7269209325313568,32.233333333333334,0,0,,,
766,0,,,,,,69,8,0.6991039220837579,0.7123072743415833,37.710144927536234,12,2,0.5952576945225397,0.5952771604061127,36.25,9,1,0.7189736564954122,0.7403138875961304,38.77777777777778
767,10,GO:0003677,,1.3165259628389016e-08,0.4186046511627907,GO:0003677|GO:0046982|GO:0003707|GO:0016891|GO:0046933|GO:0015252|GO:0046983|GO:0004519|GO:0016893|GO:0003725,110,43,0.7233334332704544,0.7385113537311554,31.672727272727272,10,5,0.6593172073364257,0.6318549811840057,28.1,5,5,0.6219910740852356,0.6301241517066956,28.0
768,7,GO:0016151,,1.8493594454518506e-23,0.5,GO:0016151|GO:0046914|GO:0016701|GO:0015926|GO:0030247|GO:0016702|GO:0051213,280,22,0.8225124703986304,0.8351675570011139,38.22142857142857,9,1,0.6615281634860568,0.6900690197944641,41.333333333333336,25,3,0.7872633588314056,0.8184859752655029,36.56
769,7,GO:0008289,,9.823597887703578e-07,0.10638297872340426,GO:0008289|GO:0005543|GO:0005102|GO:0030234|GO:0030695|GO:0060589|GO:0098772,248,94,0.7684783507739344,0.7677235007286072,36.70564516129032,21,10,0.722413508664994,0.7223770618438721,35.476190476190474,13,7,0.6823755090053265,0.6746519207954407,36.0
770,10,GO:0022857,,3.431565438926954e-63,0.3979591836734694,GO:0022857|GO:0015075|GO:0005215|GO:0015318|GO:0008324|GO:0015077|GO:0022890|GO:0015078|GO:0005216|GO:0015267,276,196,0.7837359643932702,0.7968748807907104,31.3731884057971,28,20,0.8084926647799355,0.8224504590034485,32.17857142857143,24,19,0.759938433766365,0.7687711119651794,31.333333333333332
771,10,GO:0016830,,1.363795794248852e-38,0.43037974683544306,GO:0016830|GO:0016829|GO:0016832|GO:0016831|GO:0016857|GO:0016853|GO:0016854|GO:0016861|GO:0016860|GO:0016742,198,79,0.7845122150399468,0.8115030229091644,37.51010101010101,26,9,0.8196818415935223,0.8723583817481995,36.69230769230769,2,1,0.6243152022361755,0.6243152022361755,53.0
772,0,,,,,,111,9,0.6889848590971114,0.7033745050430298,36.73873873873874,14,2,0.6510474767003741,0.6956305801868439,38.642857142857146,45,6,0.6199319687154558,0.6209753155708313,36.13333333333333
773,10,GO:0016620,,8.07213726850459e-29,0.14009661835748793,GO:0016620|GO:0016903|GO:0047429|GO:0051015|GO:0016462|GO:0016818|GO:0016817|GO:0003779|GO:0000287|GO:0008092,208,207,0.776890523158587,0.7917272746562958,31.52403846153846,27,27,0.779390381442176,0.7922242879867554,33.51851851851852,31,31,0.7787735039188016,0.7765853404998779,33.38709677419355
774,10,GO:0016887,,8.877339479858606e-98,0.9814814814814815,GO:0016887|GO:0017111|GO:0016462|GO:0016818|GO:0016817|GO:0005524|GO:0032559|GO:0030554|GO:0035639|GO:0032555,363,54,0.8916578557208878,0.907063901424408,34.1267217630854,39,7,0.8564469095988151,0.8803558349609375,36.69230769230769,41,7,0.8531856595016107,0.9159191250801086,35.26829268292683
775,10,GO:0016410,,3.868628584812272e-10,0.059322033898305086,GO:0016410|GO:0008080|GO:0016779|GO:0016407|GO:0004722|GO:0016747|GO:0008242|GO:0016746|GO:0016861|GO:0140097,244,236,0.692170791450094,0.6931838691234589,39.950819672131146,28,28,0.7051118718726295,0.7014211118221283,41.57142857142857,42,39,0.6810229626439867,0.6782169342041016,40.42857142857143
776,8,GO:0016730,,3.689780148880901e-18,0.23255813953488372,GO:0016730|GO:0050660|GO:0051537|GO:0051536|GO:0051540|GO:0051015|GO:0003779|GO:0003916,113,43,0.6372460208635414,0.6125787496566772,31.97345132743363,14,5,0.5901952939374107,0.5893290340900421,33.07142857142857,12,5,0.6618270874023438,0.637809157371521,33.5
777,10,GO:0099094,,4.121549786886955e-07,0.19047619047619047,GO:0099094|GO:0005230|GO:0015276|GO:0022834|GO:0022836|GO:0005261|GO:0022890|GO:0005216|GO:0008324|GO:0004888,90,21,0.7185582290093104,0.6780292391777039,35.36666666666667,18,5,0.7236498362488217,0.7520776391029358,36.22222222222222,7,5,0.5862808993884495,0.5601627826690674,24.142857142857142
778,10,GO:0004714,,5.388847124445651e-10,0.0851063829787234,GO:0004714|GO:0019199|GO:0004713|GO:0038023|GO:0060089|GO:0016779|GO:0008080|GO:0016772|GO:0016410|GO:0004888,149,94,0.7265541119463492,0.7322006225585938,44.2751677852349,25,13,0.7059734559059143,0.7326891422271729,42.24,31,21,0.697033409149416,0.7115378379821777,44.38709677419355
779,10,GO:0016661,,1.0244717420050104e-14,0.23684210526315788,GO:0016661|GO:0010181|GO:0016651|GO:0009055|GO:0016746|GO:0140096|GO:0032553|GO:0097367|GO:0019239|GO:0052689,62,38,0.6638605349486874,0.6684838831424713,34.03225806451613,6,5,0.5250567048788071,0.5231925547122955,33.833333333333336,14,9,0.6345078774860927,0.6280503273010254,33.42857142857143
780,4,GO:0016168,,8.278177610661536e-20,0.19642857142857142,GO:0016168|GO:0046906|GO:0020037|GO:0009055,124,56,0.7647681832313538,0.7756859660148621,32.016129032258064,2,1,0.874198853969574,0.874198853969574,32.5,2,1,0.6817106902599335,0.6817106902599335,29.5
781,10,GO:0019899,,1.2352562765964966e-17,0.1187214611872146,GO:0019899|GO:0051020|GO:0005085|GO:0098772|GO:0019865|GO:0017048|GO:0030234|GO:0004659|GO:0017016|GO:0031267,423,219,0.8371856612798452,0.8471205234527588,36.472813238770684,35,21,0.8236838068280902,0.8548305034637451,37.371428571428574,77,43,0.8251071092370269,0.8452028632164001,34.37662337662338
782,3,GO:0019239,,0.0033178167131297,0.034482758620689655,GO:0019239|GO:0016814|GO:0004540,243,116,0.7670564985079039,0.7688890695571899,30.213991769547324,44,19,0.7837178260087967,0.8074022531509399,30.84090909090909,6,4,0.7317606508731842,0.7537447214126587,35.5
783,10,GO:0004970,,4.8084928039755647e-132,0.92,GO:0004970|GO:0008066|GO:0022824|GO:0022835|GO:0030594|GO:0005230|GO:0015276|GO:0022834|GO:0022836|GO:0005216,335,50,0.8826376753956524,0.914413332939148,33.57611940298507,27,4,0.897941944775758,0.9000229239463806,33.851851851851855,0,0,,,
784,9,GO:0016661,,2.0532946945879803e-13,0.25806451612903225,GO:0016661|GO:0020037|GO:0046906|GO:0005506|GO:0009055|GO:0046914|GO:0051536|GO:0051540|GO:0051539,290,31,0.7383857100174345,0.7566514611244202,36.91034482758621,33,4,0.6682763153856451,0.6570391058921814,37.21212121212121,22,3,0.7801744504408403,0.7916612029075623,36.72727272727273
785,10,GO:0004553,,1.1388662920562395e-19,0.43636363636363634,GO:0004553|GO:0016798|GO:0015925|GO:0008810|GO:0030247|GO:0004601|GO:0016684|GO:0016791|GO:0016209|GO:0042578,115,55,0.7211824370467145,0.7293686866760254,39.61739130434783,10,7,0.6499904602766037,0.6916002631187439,37.6,7,4,0.5748382636478969,0.5864733457565308,41.714285714285715
786,10,GO:0003968,,4.878907583262851e-30,0.9230769230769231,GO:0003968|GO:0034062|GO:0097747|GO:0016779|GO:0140098|GO:0016772|GO:0003723|GO:0004386|GO:0016887|GO:0017111,140,13,0.8488350516983441,0.8882472813129425,35.9,17,2,0.8035576080574709,0.8807370662689209,33.05882352941177,0,0,,,
787,10,GO:0004672,,1.72359969585e-313,0.9944444444444445,GO:0004672|GO:0016773|GO:0016301|GO:0016772|GO:0005524|GO:0032559|GO:0030554|GO:0140096|GO:0035639|GO:0032555,536,180,0.9655033244348284,0.9702632129192352,37.30597014925373,83,31,0.9623053770467459,0.9636277556419371,36.74698795180723,51,20,0.9572646688012516,0.9622319340705872,36.588235294117645
788,10,GO:0003723,,1.1893494773607951e-05,0.3076923076923077,GO:0003723|GO:0004527|GO:0004518|GO:0016779|GO:0016788|GO:0016462|GO:0016818|GO:0016817|GO:0016772|GO:0008408,302,39,0.6879691458893138,0.6864766478538513,35.40066225165563,30,4,0.6478684117396672,0.6758309006690979,35.733333333333334,73,14,0.6169058002837716,0.6298410892486572,36.136986301369866
789,10,GO:0016849,,1.4952177384863864e-16,0.18181818181818182,GO:0016849|GO:0008242|GO:0070011|GO:0008234|GO:0008233|GO:0016829|GO:0140096|GO:0008236|GO:0016825|GO:0017171,228,55,0.753251570358611,0.7607117593288422,33.39473684210526,27,7,0.68150880601671,0.6829074025154114,31.962962962962962,12,3,0.6543267021576563,0.6174419522285461,32.333333333333336
790,10,GO:0016620,,9.820037682942099e-17,0.07017543859649122,GO:0016620|GO:0016903|GO:0051287|GO:0000287|GO:0016616|GO:0003735|GO:0016614|GO:0004197|GO:0004812|GO:0016875,362,342,0.757882442510589,0.776296854019165,27.7707182320442,42,41,0.742380712713514,0.7452500462532043,25.38095238095238,57,57,0.7890618589886448,0.8167847990989685,32.21052631578947
791,10,GO:0140110,,6.288797096904261e-11,0.17355371900826447,GO:0140110|GO:0003677|GO:0003700|GO:0003755|GO:0016859|GO:0008092|GO:0070063|GO:0034062|GO:0097747|GO:0003682,229,121,0.7292586903384679,0.7367833256721497,36.10480349344978,34,19,0.6952988996225244,0.7143389880657196,36.8235294117647,28,16,0.7263258078268596,0.7527153789997101,37.857142857142854
792,10,GO:0038023,,3.6812570247768526e-12,0.2087912087912088,GO:0038023|GO:0060089|GO:0004888|GO:0004896|GO:0140375|GO:0000977|GO:0004714|GO:0019199|GO:0140318|GO:0000976,210,91,0.8290290395418803,0.8393597900867462,38.304761904761904,39,15,0.8339553689345335,0.8433681130409241,35.8974358974359,26,15,0.79105065877621,0.7841236293315887,39.34615384615385
793,10,GO:0003924,,4.485424489298805e-58,0.9117647058823529,GO:0003924|GO:0005525|GO:0032550|GO:0001883|GO:0032549|GO:0001882|GO:0032561|GO:0019001|GO:0017111|GO:0016462,191,34,0.8942719900795303,0.90346497297287,37.73298429319372,6,1,0.8532056311766306,0.8592702448368073,37.0,35,7,0.8213468381336757,0.833242654800415,39.48571428571429
794,9,GO:0003677,,1.8435570731738535e-23,0.3283582089552239,GO:0003677|GO:0043565|GO:0140110|GO:0046982|GO:0003700|GO:0003712|GO:0019899|GO:0046983|GO:0016833,201,201,0.7825710076597793,0.7918898463249207,17.63681592039801,21,21,0.7828398971330552,0.802341103553772,18.952380952380953,24,24,0.7791983634233475,0.790160059928894,20.333333333333332
795,10,GO:0038023,,2.4586427801121176e-07,0.12318840579710146,GO:0038023|GO:0060089|GO:0004896|GO:0140375|GO:0005319|GO:0004888|GO:0005198|GO:0004725|GO:0004714|GO:0019199,303,138,0.8324891012100497,0.8546478748321533,39.61056105610561,40,21,0.772723063826561,0.7798078060150146,42.125,17,9,0.791100421372582,0.7994357347488403,39.23529411764706
796,10,GO:0005525,,1.0790703881112376e-139,0.9634146341463414,GO:0005525|GO:0032550|GO:0001883|GO:0032549|GO:0001882|GO:0032561|GO:0019001|GO:0003924|GO:0017111|GO:0016462,282,82,0.8882557031110669,0.9091270565986633,38.4645390070922,9,4,0.8033914433585273,0.7563536167144775,37.888888888888886,42,13,0.8403194305442628,0.8612616062164307,38.95238095238095
797,10,GO:0005509,,1.2956120411109713e-08,0.20967741935483872,GO:0005509|GO:0034061|GO:0016891|GO:0004540|GO:0004888|GO:0016893|GO:0050839|GO:0004521|GO:0036459|GO:0101005,171,62,0.8073628192756608,0.8189443945884705,35.292397660818715,25,11,0.7696442008018494,0.776260256767273,35.52,41,19,0.7628937392700009,0.7547643780708313,31.975609756097562
798,10,GO:0004550,,3.4087769921626967e-104,0.7916666666666666,GO:0004550|GO:0019205|GO:0016776|GO:0016301|GO:0016772|GO:0005524|GO:0032559|GO:0030554|GO:0035639|GO:0032555,188,48,0.8916833305612524,0.9306464195251464,33.159574468085104,21,5,0.9080889764286223,0.9263162016868592,33.80952380952381,30,7,0.9446532169977824,0.944479078054428,34.4
799,5,GO:0016840,,1.78422222735881e-46,0.55,GO:0016840|GO:0016829|GO:0016836|GO:0016835|GO:0016853,427,40,0.8281036646081357,0.8441544771194458,35.90163934426229,52,7,0.7828116967127874,0.8035747110843658,35.13461538461539,56,5,0.8084416102085795,0.8210443556308746,35.517857142857146
800,10,GO:0005524,,9.860985481702652e-40,0.9333333333333333,GO:0005524|GO:0032559|GO:0030554|GO:0035639|GO:0032555|GO:0017076|GO:0032553|GO:0097367|GO:0016887|GO:0008134,150,45,0.8475978024800619,0.8807838261127472,33.12,19,5,0.8259983847015783,0.8409209251403809,31.789473684210527,3,2,0.7986417611440023,0.7989683151245117,25.0
801,10,GO:0008168,,7.476046662626167e-88,0.8026315789473685,GO:0008168|GO:0016741|GO:0008757|GO:0008170|GO:0008173|GO:0008171|GO:0140098|GO:0042803|GO:0016743|GO:0008649,200,76,0.7478882092237472,0.7524784207344055,38.77,23,9,0.7483680922052135,0.7590832114219666,39.130434782608695,18,7,0.7015342348151736,0.6899024248123169,35.0
802,10,GO:0008270,,5.215154612962052e-87,0.6666666666666666,GO:0008270|GO:0046914|GO:0140110|GO:0043565|GO:0003700|GO:0003677|GO:0004842|GO:0019787|GO:0000981|GO:0003712,209,114,0.810355673851579,0.820894718170166,32.334928229665074,23,12,0.8182147378506868,0.8426896929740906,32.08695652173913,11,5,0.7768895734440197,0.8143256902694702,29.545454545454547
803,8,GO:0016799,,6.70251577067502e-15,0.5,GO:0016799|GO:0016798|GO:0016836|GO:0016835|GO:0050661|GO:0030145|GO:0016829|GO:0005509,141,18,0.7943617181575044,0.8473117351531982,34.191489361702125,23,5,0.7167699492495992,0.6957110166549683,33.91304347826087,16,4,0.678827429190278,0.6700659394264221,34.125
804,10,GO:0003779,,5.257704128445409e-12,0.06481481481481481,GO:0003779|GO:0008092|GO:0019787|GO:0004842|GO:0008270|GO:0060090|GO:0003677|GO:0061630|GO:0061659|GO:0043565,325,324,0.875164444905061,0.895983099937439,16.38153846153846,34,33,0.8775406549958622,0.895706832408905,17.794117647058822,12,12,0.8423075079917908,0.8631693720817566,22.083333333333332
805,10,GO:0005088,,8.690692360865924e-64,0.5869565217391305,GO:0005088|GO:0017048|GO:0017016|GO:0031267|GO:0005085|GO:0051020|GO:0019899|GO:0098772|GO:0008092|GO:0060589,170,46,0.8458411339451285,0.8575035333633423,33.95294117647059,12,3,0.7974336644013723,0.8042693138122559,35.916666666666664,13,6,0.7410687758372381,0.7604350447654724,39.92307692307692
806,9,GO:0016836,,1.6713778960053018e-34,0.37037037037037035,GO:0016836|GO:0000287|GO:0016853|GO:0016835|GO:0016829|GO:0016855|GO:0016854|GO:0030145|GO:0036361,547,81,0.8663848441305283,0.873170793056488,33.786106032906766,51,8,0.8496134246096891,0.8721446990966797,34.35294117647059,5,1,0.6577070713043213,0.6579787731170654,33.8
807,10,GO:0016783,,4.8179334541226647e-14,0.12,GO:0016783|GO:0016829|GO:0016782|GO:0016832|GO:0016891|GO:0016849|GO:0016830|GO:0016893|GO:0004521|GO:0140098,220,75,0.764950895038518,0.7773179113864899,36.50909090909091,18,7,0.7384860614935557,0.7527607977390289,36.888888888888886,4,2,0.7542323172092438,0.7509139776229858,28.0
808,10,GO:0005085,,2.209374135293952e-05,0.07407407407407407,GO:0005085|GO:0016891|GO:0016705|GO:0051020|GO:0019899|GO:0016893|GO:0003779|GO:0003707|GO:0004521|GO:0098772,236,81,0.7758177049079183,0.7722190916538239,35.00847457627118,11,5,0.7123949852856722,0.7396613359451294,37.09090909090909,29,11,0.7631511811552376,0.7358255386352539,34.724137931034484
809,3,GO:0090729,,8.248308844826524e-06,0.125,GO:0090729|GO:0051082|GO:0016790,113,56,0.6833489466029986,0.6956559419631958,35.309734513274336,17,9,0.6618939673199373,0.6444669365882874,37.88235294117647,4,2,0.5335820019245148,0.5349463820457458,38.75
810,10,GO:0052689,,1.2029964361318165e-15,0.18478260869565216,GO:0052689|GO:0004553|GO:0016788|GO:0016798|GO:0071949|GO:0015929|GO:0008061|GO:0050660|GO:0008810|GO:0004177,213,92,0.8082539903725816,0.8095426559448242,37.23474178403756,20,10,0.727436077594757,0.745384931564331,32.85,38,14,0.7819153493956515,0.8001787662506104,34.76315789473684
811,10,GO:0016874,,2.6010398738643468e-11,0.2459016393442623,GO:0016874|GO:0005524|GO:0032559|GO:0030554|GO:0035639|GO:0032555|GO:0017076|GO:0097367|GO:0032553|GO:0004812,322,61,0.7900571634310373,0.8043149411678314,39.015527950310556,33,9,0.8039055900140242,0.8216720819473267,37.78787878787879,54,16,0.7659119842229066,0.7645764052867889,39.31481481481482
812,10,GO:0016758,,5.397636166919227e-06,0.05970149253731343,GO:0016758|GO:0008238|GO:0015929|GO:0046912|GO:0070008|GO:0016757|GO:0016645|GO:0004180|GO:0004185|GO:0016725,136,134,0.698585378992207,0.7013374865055084,44.1764705882353,16,15,0.6825940031558275,0.699500173330307,45.0,31,31,0.6900400846235214,0.7116596698760986,46.12903225806452
813,8,GO:0016791,,3.3198711260249953e-16,0.3684210526315789,GO:0016791|GO:0042578|GO:0016788|GO:0000287|GO:0016866|GO:0016868|GO:0016811|GO:0016853,169,38,0.7345378261346084,0.7232494354248047,32.396449704142015,40,7,0.7031187579035759,0.7082715332508087,33.275,27,7,0.7691843597977249,0.809352695941925,32.03703703703704
814,10,GO:0016757,,4.992775816675763e-10,0.21428571428571427,GO:0016757|GO:0008080|GO:0016410|GO:0016746|GO:0052689|GO:0010181|GO:0016407|GO:0016747|GO:0008194|GO:0016758,228,56,0.7073170602844473,0.7143633961677551,33.99122807017544,22,5,0.6653833470561288,0.6703280806541443,33.90909090909091,13,5,0.6347061533194321,0.6634582281112671,35.07692307692308
815,10,GO:0019888,,3.076427606769972e-58,0.7777777777777778,GO:0019888|GO:0042562|GO:0019840|GO:0019208|GO:0043178|GO:0033293|GO:0031406|GO:0043177|GO:0004857|GO:0008289,122,27,0.886417495422676,0.8934410810470581,32.15573770491803,17,5,0.8302813558017507,0.8358274102210999,33.05882352941177,2,2,0.771549642086029,0.771549642086029,33.0
816,10,GO:0004842,,3.550239816139212e-07,0.15789473684210525,GO:0004842|GO:0019787|GO:0004518|GO:0004527|GO:0016788|GO:0008408|GO:0004520|GO:0004536|GO:0016894|GO:0003899,193,38,0.705784819286722,0.7070960998535156,35.02590673575129,17,6,0.6868915102061104,0.6472337245941162,38.0,39,10,0.6521280469038547,0.6528930068016052,33.743589743589745
817,10,GO:0030170,,1.1636365032177246e-159,0.8888888888888888,GO:0030170|GO:0070279|GO:0019842|GO:0008483|GO:0016769|GO:0016742|GO:0016846|GO:0016747|GO:0016746|GO:0016741,358,99,0.8918343305421275,0.9167535603046417,36.84357541899441,44,11,0.8459199274128134,0.8465280830860138,35.38636363636363,21,7,0.8128114087241036,0.7920849919319153,37.523809523809526
818,2,GO:0016410,,0.0029871216300715,0.10714285714285714,GO:0016410|GO:0016830,178,28,0.689860025985857,0.6971713900566101,35.58988764044944,14,4,0.7008492435727801,0.7645663321018219,34.57142857142857,35,8,0.6516968199184963,0.63789963722229,36.142857142857146
819,10,GO:0016627,,9.592730816525457e-07,0.35714285714285715,GO:0016627|GO:0051539|GO:0008137|GO:0050136|GO:0003954|GO:0051536|GO:0051540|GO:0016655|GO:0010181|GO:0004497,155,14,0.6683471764287641,0.6526529788970947,36.61290322580645,14,2,0.650267094373703,0.673741340637207,36.642857142857146,0,0,,,
820,7,GO:0016831,,4.422959165131385e-33,0.6176470588235294,GO:0016831|GO:0016830|GO:0000287|GO:0016829|GO:0004497|GO:0016638|GO:0016840,142,34,0.7889424570849244,0.8111062943935394,33.95774647887324,17,6,0.6676797691513511,0.6781755089759827,34.588235294117645,3,3,0.5030143757661184,0.4926047921180725,39.333333333333336
821,10,GO:0005524,,1.4465426077684388e-12,0.4375,GO:0005524|GO:0032559|GO:0030554|GO:0016874|GO:0035639|GO:0032555|GO:0017076|GO:0032553|GO:0097367|GO:0140101,148,64,0.6685519844696328,0.6748604476451874,38.50675675675676,17,9,0.6419967412948608,0.6337089538574219,33.470588235294116,29,17,0.6106720505089596,0.6123433709144592,35.44827586206897
822,10,GO:0004659,,1.2530881767745631e-06,0.03608247422680412,GO:0004659|GO:0005543|GO:0017048|GO:0019888|GO:0019208|GO:0019899|GO:0019904|GO:0017016|GO:0017056|GO:0031267,367,194,0.8434068190304395,0.8535964488983154,32.69754768392371,35,16,0.8247157505580357,0.8447005152702332,34.48571428571429,91,48,0.8444766127146207,0.859818696975708,33.879120879120876
823,10,GO:0016741,,1.9305808644663663e-08,0.18072289156626506,GO:0016741|GO:0008168|GO:0051536|GO:0051540|GO:0051539|GO:0003723|GO:0008173|GO:0008080|GO:0016410|GO:0008757,150,83,0.6888359465201696,0.6812993288040161,35.12,17,14,0.6592947770567501,0.6622743010520935,34.35294117647059,34,23,0.6812465348664452,0.6991665363311768,35.0
824,10,GO:0016896,,4.538501086532005e-08,0.3076923076923077,GO:0016896|GO:0004532|GO:0016796|GO:0004518|GO:0004527|GO:0015929|GO:0004519|GO:0004553|GO:0004540|GO:0016798,115,13,0.7308146155398825,0.7450742125511169,36.43478260869565,17,2,0.6654582198928384,0.6618072390556335,37.05882352941177,5,2,0.5749935507774353,0.5941835045814514,40.8
825,10,GO:0004553,,3.1312303005653424e-34,0.34507042253521125,GO:0004553|GO:0016798|GO:0030246|GO:0016758|GO:0004177|GO:0008238|GO:0016757|GO:0004601|GO:0016684|GO:0015925,266,142,0.8474397179775668,0.8557329773902893,41.50375939849624,39,18,0.8766984297679021,0.8802093267440796,46.97435897435897,72,34,0.8243711247212357,0.8400924205780029,39.30555555555556
826,10,GO:0004540,,3.721053568505008e-16,0.1386861313868613,GO:0004540|GO:0004518|GO:0019239|GO:0016814|GO:0140098|GO:0016788|GO:0000287|GO:0016810|GO:0004521|GO:0008270,229,137,0.6990526738906011,0.7025653123855591,36.366812227074234,31,17,0.7349547974524959,0.7317020297050476,33.83870967741935,7,5,0.7146006141390119,0.7130495309829712,37.0
827,2,GO:0052689,,0.0073465901501198,0.08888888888888889,GO:0052689|GO:0140101,130,45,0.6523899676708075,0.6482662856578827,33.48461538461538,20,8,0.6165134876966476,0.6209112703800201,32.75,23,10,0.6434447298879209,0.6421748399734497,36.04347826086956
828,4,GO:0016627,,1.7451997091195712e-95,0.8620689655172413,GO:0016627|GO:0050660|GO:0016790|GO:0016661,210,58,0.856116826335589,0.9059138894081116,36.49523809523809,18,6,0.8288566370805105,0.9028016328811646,34.5,31,9,0.8433489184225759,0.9253446459770204,39.096774193548384
829,9,GO:0004601,,6.035705644603736e-32,0.44680851063829785,GO:0004601|GO:0016209|GO:0016684|GO:0051920|GO:0036459|GO:0101005|GO:0019783|GO:0008242|GO:0008234,127,47,0.7583085293844929,0.8002338409423828,31.724409448818896,12,3,0.7975437144438425,0.832798421382904,31.666666666666668,31,10,0.7934125527258842,0.8251895904541016,32.61290322580645
830,10,GO:0016742,,1.5470983603500995e-05,0.3,GO:0016742|GO:0030170|GO:0070279|GO:0019842|GO:0016638|GO:0016597|GO:0003729|GO:0016741|GO:0042803|GO:0090079,101,10,0.7622945397207053,0.7751551270484924,37.227722772277225,0,0,,,,18,2,0.8442531559202406,0.8547870814800262,38.44444444444444
831,7,GO:0020037,,3.671088793122717e-63,0.8627450980392157,GO:0020037|GO:0046906|GO:0004601|GO:0016684|GO:0016209|GO:0009055|GO:0016679,386,51,0.8501606124979226,0.8678723871707916,35.86787564766839,45,6,0.8295276456409031,0.8137323260307312,33.422222222222224,8,2,0.6483511552214622,0.6333637833595276,31.25
832,7,GO:0034987,,4.2059379562730046e-158,0.5104895104895105,GO:0034987|GO:0003823|GO:0005102|GO:0005509|GO:0050839|GO:0042803|GO:1901681,418,143,0.9117524802114405,0.9457363486289978,34.97607655502392,45,15,0.9095381379127503,0.9457153677940368,34.422222222222224,5,3,0.6925830602645874,0.6573033332824707,34.2
833,5,GO:0003735,,1.88289977357657e-141,0.918918918918919,GO:0003735|GO:0005198|GO:0019843|GO:0003723|GO:0000049,169,111,0.7175721905287906,0.730017900466919,28.50887573964497,28,20,0.7064118534326553,0.7039249837398529,27.571428571428573,9,6,0.6724363565444946,0.639919638633728,28.666666666666668
834,7,GO:0015929,,0.0002815019748075,0.02962962962962963,GO:0015929|GO:0008137|GO:0050136|GO:0003954|GO:0046982|GO:0016655|GO:0016651,141,135,0.8080641136947253,0.8511043190956116,31.843971631205672,22,22,0.8371804058551788,0.8507709205150604,31.772727272727273,12,12,0.7985068807999293,0.813742607831955,38.75
835,10,GO:0003700,,1.406902041496279e-58,0.367816091954023,GO:0003700|GO:0140110|GO:0003677|GO:0008171|GO:0046983|GO:0008168|GO:0016741|GO:0008092|GO:0051920|GO:0008757,296,174,0.7822653853611367,0.7995606958866119,38.891891891891895,23,16,0.771703619024028,0.8054488301277161,37.47826086956522,16,10,0.7581133767962456,0.7778408825397491,41.1875
836,10,GO:0016854,,1.900943476598885e-05,0.26666666666666666,GO:0016854|GO:0036361|GO:0016855|GO:0050661|GO:0016853|GO:0016628|GO:0031406|GO:0016627|GO:0016879|GO:0043177,70,15,0.7504912189074925,0.7753043472766876,33.785714285714285,9,3,0.705517590045929,0.7010852694511414,33.55555555555556,1,1,0.6784260869026184,0.6784260869026184,22.0
837,10,GO:0016301,,4.7086094133893977e-35,0.8787878787878788,GO:0016301|GO:0016772|GO:0016773|GO:0019200|GO:0005524|GO:0032559|GO:0030554|GO:0035639|GO:0032555|GO:0017076,347,33,0.8362960904750769,0.8661349415779114,36.763688760806915,0,0,,,,39,3,0.74803982484035,0.6904723048210144,36.8974358974359
838,10,GO:0004672,,3.42370818722551e-57,1.0,GO:0004672|GO:0016773|GO:0016301|GO:0016772|GO:0005524|GO:0140096|GO:0032559|GO:0030554|GO:0035639|GO:0032555,140,34,0.9000087005751474,0.905051589012146,33.707142857142856,12,4,0.8569686512152354,0.9109743535518646,30.25,27,6,0.9170066140316151,0.9367511868476868,32.18518518518518
839,10,GO:0003918,,3.119944056915789e-38,0.4186046511627907,GO:0003918|GO:0005524|GO:0032559|GO:0030554|GO:0035639|GO:0051082|GO:0003916|GO:0032555|GO:0017076|GO:0032553,239,43,0.8625185913620633,0.873981237411499,34.72803347280335,26,4,0.8597356562431042,0.8584878444671631,32.92307692307692,14,3,0.6115950431142535,0.5633172690868378,35.142857142857146
840,10,GO:0010181,,3.4741254893239033e-43,0.71875,GO:0010181|GO:0032553|GO:0097367|GO:0016628|GO:0019213|GO:0016627|GO:0016810|GO:0016661|GO:0016811|GO:0016651,138,32,0.8339572261640991,0.8776887953281403,35.81159420289855,3,1,0.6922202110290527,0.706836462020874,36.0,11,2,0.8480070558461276,0.8457908034324646,34.81818181818182
841,8,GO:0008483,,1.4428462954751568e-44,0.65,GO:0008483|GO:0016769|GO:0030170|GO:0070279|GO:0019842|GO:0016783|GO:0016782|GO:0016832,354,40,0.8623240729846523,0.86415234208107,35.867231638418076,28,4,0.8522072689873832,0.8670259714126587,36.285714285714285,10,1,0.8798909902572631,0.8819845914840698,36.0
842,6,GO:0003735,,9.59069154601204e-149,0.8560606060606061,GO:0003735|GO:0005198|GO:0019843|GO:0003723|GO:0070180|GO:0000049,212,132,0.7567217113836756,0.7622253894805908,37.655660377358494,23,16,0.7280153930187225,0.7405197620391846,34.34782608695652,12,8,0.669066404302915,0.6578174531459808,34.083333333333336
843,10,GO:0004812,,6.202574148027512e-24,0.3333333333333333,GO:0004812|GO:0016875|GO:0140101|GO:0016874|GO:0140098|GO:0005524|GO:0032559|GO:0030554|GO:0035639|GO:0032555,158,54,0.7491013385072539,0.7555857300758362,35.96835443037975,12,6,0.6767402191956838,0.650172621011734,37.75,25,10,0.7002413630485534,0.6647042632102966,38.24
844,10,GO:0003887,,2.2244718638310612e-26,0.15966386554621848,GO:0003887|GO:0034061|GO:0008408|GO:0003677|GO:0004527|GO:0030234|GO:0016779|GO:0140097|GO:0098772|GO:0004518,279,119,0.7965503389476448,0.8112140893936157,37.31182795698925,39,15,0.77679970401984,0.7913835644721985,36.97435897435897,29,12,0.8026478167237907,0.789187490940094,37.58620689655172
845,5,GO:0003823,,2.446474877821775e-233,0.5865921787709497,GO:0003823|GO:0034987|GO:0005102|GO:0004674|GO:0050839,426,179,0.9149844749992442,0.9303495287895203,44.92253521126761,72,30,0.9062095416916741,0.922087162733078,45.22222222222222,11,5,0.8238832354545593,0.9261137247085572,48.54545454545455
846,9,GO:0016829,,1.3578239157560256e-61,0.7228915662650602,GO:0016829|GO:0016836|GO:0016835|GO:0016830|GO:0016832|GO:0016833|GO:0016616|GO:0016614|GO:0046912,361,83,0.8651463209426964,0.8983798027038574,34.421052631578945,42,9,0.8681525006180718,0.9062197804450989,34.54761904761905,29,6,0.8894119529888548,0.8847274780273438,33.758620689655174
847,0,,,,,,79,7,0.8084493551073195,0.8373407125473022,37.10126582278481,0,0,,,,42,5,0.789276007385481,0.8359021842479706,36.69047619047619
848,10,GO:0005198,,0.0011671113865496,0.12121212121212122,GO:0005198|GO:0008168|GO:0008175|GO:0010181|GO:0016741|GO:0015929|GO:0016646|GO:0051920|GO:0008757|GO:0016645,165,165,0.7964491231874986,0.816731870174408,26.345454545454544,12,12,0.7855945030848185,0.8183325231075287,24.166666666666668,30,30,0.7672153890132904,0.7853692770004272,26.166666666666668
849,6,GO:0030145,,3.999722612707194e-11,0.6,GO:0030145|GO:0016462|GO:0016818|GO:0016817|GO:0046914|GO:0016791,68,10,0.8203310940195533,0.8609155416488647,34.029411764705884,0,0,,,,4,1,0.5619668513536453,0.5626676976680756,28.5
850,10,GO:0016868,,4.6863085398777475e-09,0.11320754716981132,GO:0016868|GO:0016866|GO:0000287|GO:0016853|GO:0050661|GO:0016616|GO:0016614|GO:0016799|GO:0097367|GO:0004659,202,53,0.7038360894611566,0.7122434079647064,34.79207920792079,23,5,0.743974506855011,0.7381746768951416,34.69565217391305,5,1,0.7377176761627198,0.7241042852401733,33.0
851,0,,,,,,11,1,0.9038134813308716,0.902992069721222,34.81818181818182,0,0,,,,0,0,,,
852,10,GO:0008168,,7.543591640714473e-56,0.7692307692307693,GO:0008168|GO:0016741|GO:0008171|GO:0008757|GO:0008374|GO:0016747|GO:0016746|GO:0016407|GO:0016410|GO:0008173,214,52,0.7892512684670564,0.8157252371311188,34.80373831775701,22,6,0.8251960683952678,0.8691456019878387,36.63636363636363,15,5,0.7464838782946269,0.7773102521896362,36.46666666666667
853,10,GO:0016799,,1.9630517349847467e-11,0.14102564102564102,GO:0016799|GO:0019104|GO:0140097|GO:0051539|GO:0008092|GO:0051536|GO:0051540|GO:0016798|GO:0003779|GO:0003677,164,78,0.764367955123506,0.7853605449199677,37.31707317073171,22,14,0.7202995202758096,0.7282078564167023,39.36363636363637,15,7,0.7760493715604146,0.7665223479270935,38.333333333333336
854,8,GO:0005506,,1.7731426316147203e-14,0.4375,GO:0005506|GO:0038023|GO:0060089|GO:0046914|GO:0022857|GO:0005215|GO:0015288|GO:0022829,273,32,0.8972013501020578,0.9206851124763488,38.16117216117216,16,4,0.8672759793698788,0.8770128786563873,36.3125,60,7,0.8669857571522395,0.8967013657093048,37.55
855,10,GO:0004553,,1.5143096141299577e-23,0.34,GO:0004553|GO:0016798|GO:0004308|GO:0016997|GO:0016813|GO:0016860|GO:0030246|GO:0008134|GO:0016861|GO:0016788,322,100,0.8513071203824156,0.8669645488262177,36.31987577639752,39,12,0.8500092274103409,0.8467849493026733,36.666666666666664,13,6,0.8385702967643738,0.8242598176002502,38.38461538461539
856,10,GO:0016614,,2.4671092325321414e-33,0.5084745762711864,GO:0016614|GO:0016616|GO:0050661|GO:0051287|GO:0016628|GO:0016627|GO:0016620|GO:0016903|GO:0050897|GO:0016638,312,59,0.8259737098064178,0.8508672714233398,36.99679487179487,50,8,0.8216933155059815,0.8254377841949463,37.28,8,3,0.6277140900492668,0.6566369831562042,36.125
857,10,GO:0005509,,7.282964853496126e-13,0.3684210526315789,GO:0005509|GO:0008810|GO:0016614|GO:0004553|GO:0016798|GO:0020037|GO:1904680|GO:0042887|GO:0046906|GO:0048038,457,38,0.8504613317076435,0.8760129809379578,36.99343544857768,51,4,0.8685980556057948,0.8794332146644592,35.27450980392157,24,5,0.7400826315085093,0.7349514365196228,38.583333333333336
858,10,GO:0005509,,1.0189092161296478e-12,0.20202020202020202,GO:0005509|GO:0005096|GO:0030695|GO:0008047|GO:0060589|GO:0016667|GO:0005344|GO:0015631|GO:0030234|GO:0005506,205,99,0.7701465897443818,0.7760317921638489,31.59512195121951,12,7,0.7323102007309595,0.7561525404453278,34.75,21,13,0.744689614999862,0.7555291652679443,35.80952380952381
859,10,GO:0034061,,1.2652911333134158e-12,0.2962962962962963,GO:0034061|GO:0140097|GO:0036459|GO:0101005|GO:0019783|GO:0008242|GO:0016779|GO:0008234|GO:0003684|GO:0016891,153,27,0.6529469589392344,0.661698579788208,33.673202614379086,11,4,0.5978282690048218,0.6359778046607971,36.0,30,7,0.6506150941054026,0.6636433899402618,33.333333333333336
860,0,,,,,,93,7,0.7522798654853656,0.7468540072441101,35.903225806451616,0,0,,,,5,1,0.48819286823272706,0.5002764463424683,31.8
861,10,GO:0004896,,1.7237370963960752e-53,0.2755102040816326,GO:0004896|GO:0140375|GO:0038023|GO:0060089|GO:0004888|GO:0004714|GO:0019199|GO:0004713|GO:0050839|GO:0003697,222,98,0.7852172996546771,0.8057136833667755,32.56306306306306,39,15,0.7898662182000967,0.8042777180671692,32.30769230769231,7,4,0.680507630109787,0.7979597449302673,44.285714285714285
862,3,GO:0016782,,1.0917441383627236e-08,0.38461538461538464,GO:0016782|GO:0008238|GO:0016831,95,13,0.7286447619137011,0.7333976030349731,35.09473684210526,0,0,,,,0,0,,,
863,10,GO:0016301,,0.0042457861648255,0.2777777777777778,GO:0016301|GO:0035639|GO:0032555|GO:0017076|GO:0032553|GO:0004177|GO:0097367|GO:0005524|GO:0032559|GO:0030554,98,18,0.6243806852369892,0.6163880228996277,37.88775510204081,4,1,0.5466581135988235,0.5439949631690979,43.25,4,1,0.6482020765542984,0.6522527635097504,40.75
864,2,GO:0016168,,5.255257928851015e-13,0.22580645161290322,GO:0016168|GO:0046906,75,31,0.8357956051826477,0.8576560020446777,31.186666666666667,2,2,0.695585161447525,0.695585161447525,21.0,1,1,0.5754695534706116,0.5754695534706116,24.0
865,10,GO:0004930,,1.0946368801839668e-174,0.8297872340425532,GO:0004930|GO:0004888|GO:0038023|GO:0060089|GO:0003796|GO:0061783|GO:0005506|GO:0004553|GO:0016798|GO:0009055,455,94,0.9002945741454323,0.9128092527389526,36.3032967032967,47,8,0.9089022709968242,0.909178912639618,35.51063829787234,35,10,0.8428408690861293,0.8583577275276184,35.857142857142854
866,8,GO:0004721,,4.528273052879265e-131,0.8985507246376812,GO:0004721|GO:0016791|GO:0042578|GO:0008138|GO:0004725|GO:0016788|GO:0140096|GO:0016783,265,69,0.8266699604268344,0.8451693058013916,33.50566037735849,15,4,0.8510837356249491,0.881453812122345,35.13333333333333,34,11,0.7795795114601359,0.8063493967056274,34.3235294117647
867,2,GO:0005198,,2.635964593936098e-09,0.25925925925925924,GO:0005198|GO:0017056,138,81,0.7286934748939846,0.7309544682502747,40.333333333333336,14,7,0.6963110097817012,0.709850400686264,34.857142857142854,14,10,0.6948584871632713,0.7089064419269562,40.92857142857143
868,10,GO:0016301,,1.2544911945940414e-22,0.8636363636363636,GO:0016301|GO:0016772|GO:0000287|GO:0005524|GO:0032559|GO:0030554|GO:0035639|GO:0032555|GO:0017076|GO:0016773,140,22,0.7430651119777134,0.7490866780281067,33.885714285714286,6,1,0.663809617360433,0.6647238731384277,33.0,8,1,0.7097465395927429,0.6943339407444,32.25
869,4,GO:0016746,,2.396145566009164e-46,0.9666666666666667,GO:0016746|GO:0004312|GO:0016747|GO:0046912,268,30,0.8253377956240925,0.8386133015155792,35.68283582089552,17,2,0.805887825348798,0.7913165092468262,35.588235294117645,0,0,,,
870,10,GO:0004298,,1.0794472517932582e-125,0.8571428571428571,GO:0004298|GO:0070003|GO:0004175|GO:0070011|GO:0008233|GO:0140096|GO:0008236|GO:0016825|GO:0017171|GO:0004185,301,56,0.8964469549663835,0.9262911677360536,34.096345514950166,26,5,0.7844569981098175,0.7935877442359924,34.92307692307692,54,9,0.9088088605138991,0.9349446594715118,33.5
871,5,GO:0004553,,2.291838949985956e-56,0.7966101694915254,GO:0004553|GO:0016798|GO:0015925|GO:0005509|GO:0015929,227,59,0.8011198316901791,0.8170280456542969,36.440528634361236,21,6,0.7805028671310061,0.8257745504379272,36.38095238095238,15,3,0.8489936510721843,0.8513370156288147,35.6
872,10,GO:0097367,,2.2225801469326505e-06,0.43902439024390244,GO:0097367|GO:0032555|GO:0017076|GO:0032561|GO:0019001|GO:0032553|GO:0016879|GO:0016874|GO:0008175|GO:0005524,134,41,0.6807606622799119,0.6764197647571564,33.3955223880597,6,3,0.600310022632281,0.6456866562366486,28.833333333333332,9,4,0.6034779085053338,0.6172501444816589,32.888888888888886
873,10,GO:0016791,,1.1661846037516384e-24,0.2857142857142857,GO:0016791|GO:0042578|GO:0016788|GO:0004721|GO:0004725|GO:0008138|GO:0016779|GO:0140096|GO:0004722|GO:0003887,278,84,0.7164214253425598,0.7298248410224915,33.172661870503596,29,9,0.7294835448265076,0.7230647802352905,33.03448275862069,41,13,0.7419498998944353,0.7582370638847351,33.5609756097561
874,10,GO:0016830,,6.77825893468926e-21,1.0,GO:0016830|GO:0016831|GO:0016829|GO:0030145|GO:0005525|GO:0032550|GO:0001883|GO:0032549|GO:0001882|GO:0032561,128,12,0.7770753055810928,0.7923338413238525,36.6796875,29,3,0.6873094192866621,0.6977668404579163,37.310344827586206,37,7,0.6034275663865579,0.6169113516807556,36.16216216216216
875,10,GO:0003677,,2.0561983004640058e-17,0.4594594594594595,GO:0003677|GO:0140097|GO:0140110|GO:0003700|GO:0003682|GO:0003899|GO:0018024|GO:0016278|GO:0016279|GO:0003678,146,74,0.7077947857036982,0.7222026586532593,32.57534246575342,12,6,0.7112664331992468,0.7272530496120453,35.666666666666664,9,4,0.7091304792298211,0.7274836897850037,33.77777777777778
876,4,GO:0090729,,5.5345537899358736e-15,0.6923076923076923,GO:0090729|GO:0005102|GO:0016829|GO:0030246,65,13,0.8748395745570843,0.8783499002456665,34.15384615384615,5,1,0.6896841049194335,0.692573070526123,29.4,6,1,0.7926597992579142,0.7946977615356445,40.166666666666664
877,10,GO:0004867,,4.4406649769639177e-29,0.3617021276595745,GO:0004867|GO:0004866|GO:0061135|GO:0030414|GO:0061134|GO:0004857|GO:0030234|GO:0098772|GO:0008201|GO:0005539,375,47,0.8603450237909953,0.8884511590003967,36.949333333333335,71,9,0.85883878402307,0.8799107670783997,36.985915492957744,136,16,0.7952470446334166,0.8467690646648407,36.779411764705884
878,10,GO:0008138,,0.0003847248994704,0.07142857142857142,GO:0008138|GO:0008175|GO:0004518|GO:0016788|GO:0004519|GO:0017137|GO:0000049|GO:0008168|GO:0008173|GO:0004721,119,42,0.6612495955298928,0.6588022112846375,33.705882352941174,10,7,0.590968656539917,0.5822025835514069,33.0,18,9,0.6144858383470111,0.6412292718887329,33.388888888888886
879,10,GO:0008173,,7.211767574626937e-48,0.38271604938271603,GO:0008173|GO:0016741|GO:0008168|GO:0008175|GO:0008757|GO:0140098|GO:0140101|GO:0008649|GO:0140102|GO:0016742,259,81,0.7185417668009356,0.7237921953201294,32.16988416988417,27,9,0.6837879684236314,0.6812431812286377,31.925925925925927,14,5,0.7363794233117785,0.7508271038532257,30.928571428571427
880,6,GO:0008270,,1.2387827742116368e-30,0.9166666666666666,GO:0008270|GO:0046914|GO:0016614|GO:0016616|GO:0004033|GO:0016628,155,24,0.8444288315311554,0.8756554126739502,33.438709677419354,16,3,0.8346152119338512,0.8361903131008148,31.0625,60,10,0.8658585528532664,0.9065114259719849,34.65
881,10,GO:0008168,,4.495653817650219e-99,0.8783783783783784,GO:0008168|GO:0016741|GO:0008757|GO:0008173|GO:0008175|GO:0008276|GO:0140098|GO:0008171|GO:0008649|GO:0140102,228,74,0.7547539574535269,0.7662062048912048,33.921052631578945,34,10,0.7264029558967141,0.7503267526626587,32.970588235294116,40,14,0.7084786638617515,0.7292115688323975,31.1
882,5,GO:0008422,,6.060255741426798e-46,0.6551724137931034,GO:0008422|GO:0004553|GO:0015926|GO:0016798|GO:0015925,291,29,0.8860660936824235,0.8973435759544373,36.90034364261168,84,7,0.8848053082114175,0.901127278804779,37.107142857142854,5,1,0.8432442903518677,0.8522763848304749,41.0
883,10,GO:0003677,,3.1553987045649086e-10,0.22885572139303484,GO:0003677|GO:0005509|GO:0003700|GO:0019865|GO:0140110|GO:0043565|GO:0046983|GO:0051920|GO:0016709|GO:0044877,313,201,0.7517915719423812,0.7673881649971008,36.019169329073485,49,29,0.7403533799307687,0.7318493723869324,36.714285714285715,29,22,0.725325609075612,0.7243680357933044,39.58620689655172
884,10,GO:0070011,,1.2615895146837063e-20,0.6774193548387096,GO:0070011|GO:0008233|GO:0140096|GO:0004175|GO:0004252|GO:0008236|GO:0016825|GO:0017171|GO:0008235|GO:0004180,256,31,0.7545484763104469,0.7632732689380646,35.66015625,16,2,0.7117152959108353,0.7180842161178589,38.0625,58,9,0.8182400773311483,0.8406969904899597,35.224137931034484
885,10,GO:0005524,,3.581707492487928e-28,0.3623853211009174,GO:0005524|GO:0035639|GO:0032559|GO:0030554|GO:0032555|GO:0017076|GO:0032553|GO:0097367|GO:0051015|GO:0003774,299,218,0.8169127361830262,0.8275807499885559,40.88628762541806,46,29,0.8270739200322524,0.8296768069267273,42.65217391304348,99,70,0.794530937165925,0.8103923201560974,40.111111111111114
886,10,GO:0008017,,3.214564536433839e-09,0.1111111111111111,GO:0008017|GO:0015631|GO:0016891|GO:0008092|GO:0016893|GO:0004521|GO:0008094|GO:0004540|GO:0000049|GO:0003678,142,72,0.7457094587070842,0.7519433200359344,34.03521126760563,20,10,0.7299803093075752,0.7605297267436981,36.0,6,5,0.6392714281876882,0.5837865769863129,41.166666666666664
887,10,GO:0016779,,7.234695262551745e-17,0.7058823529411765,GO:0016779|GO:0016772|GO:0003887|GO:0008408|GO:0034061|GO:0000287|GO:0003723|GO:0004527|GO:0140097|GO:0004518,162,17,0.7799028467248987,0.7867292761802673,37.32716049382716,4,2,0.5973754525184631,0.600080281496048,46.25,13,1,0.8437312520467318,0.8506385087966919,35.84615384615385
888,10,GO:0003777,,1.4443626951688268e-82,1.0,GO:0003777|GO:0008017|GO:0003774|GO:0015631|GO:0008092|GO:0017111|GO:0016462|GO:0016818|GO:0016817|GO:0005524,265,30,0.8910936567018617,0.910740077495575,34.89433962264151,41,6,0.8798363484987398,0.903984785079956,34.41463414634146,6,2,0.7058140536149343,0.7101648449897766,31.666666666666668
889,10,GO:0030674,,1.306895001392201e-08,0.058333333333333334,GO:0030674|GO:0060090|GO:0140110|GO:0003700|GO:0005249|GO:0022843|GO:0005267|GO:0005244|GO:0022832|GO:0015079,120,120,0.7653229519724846,0.796019971370697,10.775,13,13,0.7100279285357549,0.6921326518058777,11.153846153846153,11,11,0.757229897108945,0.7873595356941223,12.181818181818182
890,7,GO:0016620,,9.900256332237538e-142,0.9054054054054054,GO:0016620|GO:0016903|GO:0051287|GO:0050661|GO:0046983|GO:0016628|GO:0016627,527,74,0.9093918908931725,0.9298884272575378,34.91650853889943,52,8,0.9255783236943759,0.9278182983398438,34.69230769230769,49,7,0.9161607331159164,0.9387924075126648,34.0
891,10,GO:0019840,,1.271793283136861e-09,0.10714285714285714,GO:0019840|GO:0008289|GO:0043178|GO:0019888|GO:0042562|GO:0019208|GO:0033293|GO:0031406|GO:0043177|GO:0030234,193,56,0.775769420701605,0.8062261939048767,35.248704663212436,38,10,0.714228159502933,0.7246258854866028,33.21052631578947,149,35,0.8122048041964537,0.8440359830856323,34.20134228187919
892,10,GO:0030170,,8.318006007287202e-138,0.9367088607594937,GO:0030170|GO:0070279|GO:0019842|GO:0008483|GO:0016769|GO:0016866|GO:0016742|GO:0016846|GO:0016830|GO:0016829,320,79,0.9182251570746303,0.9266153573989868,34.471875,44,10,0.8942397765137933,0.9074490666389465,36.36363636363637,72,21,0.9084788022769822,0.9321369230747222,34.19444444444444
893,3,GO:0016747,,8.47773072293928e-60,1.0,GO:0016747|GO:0016746|GO:0004312,342,34,0.8967552033432743,0.9204334914684296,37.24561403508772,28,3,0.7934306455510003,0.8476217985153198,38.392857142857146,22,2,0.9200486893003638,0.9231857061386108,36.68181818181818
894,8,GO:0004519,,1.5696127734409922e-18,0.31666666666666665,GO:0004519|GO:0004518|GO:0016788|GO:0004722|GO:0070063|GO:0042802|GO:0019899|GO:0004721,104,60,0.6651469188240858,0.6761725544929504,36.13461538461539,6,3,0.6665880481402079,0.7251406013965607,36.833333333333336,13,10,0.5567149221897125,0.5591083765029907,38.07692307692308
895,10,GO:0030145,,6.268428660154739e-23,0.4117647058823529,GO:0030145|GO:0004177|GO:0008238|GO:0008235|GO:0008237|GO:0070011|GO:0008233|GO:0046914|GO:0140096|GO:0050661,117,34,0.6929624607929816,0.7143417000770569,38.598290598290596,18,6,0.6473784728182687,0.6470130383968353,40.111111111111114,18,7,0.6069640864928564,0.5906703174114227,36.111111111111114
896,10,GO:0016881,,5.40069356539004e-24,0.6875,GO:0016881|GO:0016879|GO:0005524|GO:0032559|GO:0030554|GO:0035639|GO:0032555|GO:0017076|GO:0032553|GO:0097367,132,16,0.7831497725212213,0.7978224754333496,35.35606060606061,33,3,0.7873995773720018,0.811204195022583,35.333333333333336,29,3,0.7359421561504232,0.7277097702026367,36.6551724137931
897,10,GO:0034061,,1.1817478116446025e-07,0.15,GO:0034061|GO:0016705|GO:0004497|GO:0016779|GO:0140097|GO:0005506|GO:0036459|GO:0101005|GO:0019783|GO:0035091,220,40,0.7830655731938102,0.8008541166782379,33.33181818181818,14,3,0.795683137008122,0.8449579477310181,33.0,22,5,0.7289196605032141,0.7563274204730988,36.72727272727273
898,10,GO:0032559,,1.984370313548849e-34,0.9047619047619048,GO:0032559|GO:0030554|GO:0032555|GO:0017076|GO:0005524|GO:0032553|GO:0035639|GO:0097367|GO:0016887|GO:0017111,335,42,0.8401723160672544,0.8488709330558777,36.02388059701492,28,5,0.8518290136541639,0.8594692051410675,34.285714285714285,80,13,0.8277010589838028,0.8565136194229126,34.45
899,10,GO:0004930,,4.451581648690095e-170,0.891566265060241,GO:0004930|GO:0004888|GO:0038023|GO:0060089|GO:0003796|GO:0061783|GO:0004553|GO:0016798|GO:0005506|GO:0009055,174,83,0.8868992719156988,0.9110116362571716,33.172413793103445,16,8,0.915774505585432,0.9174423515796661,32.8125,14,9,0.7745113670825958,0.7707359790802002,36.07142857142857
900,6,GO:0008092,,0.0077799803030956,0.1875,GO:0008092|GO:0051015|GO:0005085|GO:0046873|GO:0051020|GO:0003779,51,16,0.6656785619025137,0.6220520734786987,32.96078431372549,9,4,0.564724498324924,0.5477967262268066,33.55555555555556,3,1,0.636684795220693,0.6423050165176392,26.0
901,8,GO:0004252,,2.947929941564528e-88,0.9791666666666666,GO:0004252|GO:0008236|GO:0016825|GO:0017171|GO:0004175|GO:0070011|GO:0008233|GO:0140096,405,48,0.8605242655601031,0.8856121301651001,36.15308641975309,29,3,0.7801156496179515,0.7463670372962952,36.0,3,1,0.7685405413309733,0.7558227777481079,33.333333333333336
902,10,GO:0003707,,1.0359803864898384e-129,0.6746987951807228,GO:0003707|GO:0038023|GO:0060089|GO:0000981|GO:0003677|GO:0003700|GO:0140110|GO:0016866|GO:0042562|GO:0005496,217,83,0.8678567262563838,0.8993914723396301,37.8294930875576,27,13,0.850386968365422,0.89432293176651,38.74074074074074,12,5,0.8177897135416666,0.8521186411380768,39.75
903,3,GO:0005198,,2.3934392512512253e-10,0.4827586206896552,GO:0005198|GO:0004190|GO:0070001,172,29,0.7879476770758629,0.8005541861057281,36.25581395348837,50,8,0.8080206990242005,0.8052823841571808,36.36,13,2,0.7107172424976642,0.6998614072799683,32.38461538461539
904,4,GO:0070566,,1.1883480857996757e-08,0.15,GO:0070566|GO:0016779|GO:0016782|GO:0016667,155,40,0.686364564587993,0.6824407577514648,33.329032258064515,31,10,0.637056440114975,0.6325286626815796,33.41935483870968,11,5,0.6638572053475813,0.7243912816047668,32.90909090909091
905,2,GO:0016788,,4.085700916266151e-08,0.5238095238095238,GO:0016788|GO:0016661,189,21,0.77539065322548,0.7807614207267761,36.15343915343915,26,3,0.7917907719428723,0.7911966145038605,37.53846153846154,60,6,0.804638754328092,0.821851521730423,37.45
906,10,GO:0016668,,8.549462529036415e-44,0.42592592592592593,GO:0016668|GO:0050660|GO:0016651|GO:0015036|GO:0016667|GO:0016209|GO:0016730|GO:0050661|GO:0016655|GO:0048038,303,54,0.8615887880128602,0.8890045285224915,36.386138613861384,37,6,0.8978637102487925,0.9048051834106444,36.32432432432432,17,3,0.8887090647921843,0.9177975058555604,37.705882352941174
907,10,GO:0016874,,6.1307491767964544e-21,0.4117647058823529,GO:0016874|GO:0004812|GO:0016875|GO:0032559|GO:0030554|GO:0032555|GO:0017076|GO:0005524|GO:0032553|GO:0035639,136,51,0.7268614768981934,0.7324135899543762,34.095588235294116,17,6,0.7235180630403406,0.7386812567710876,35.35294117647059,23,9,0.677680272123088,0.7209704518318176,32.56521739130435
908,10,GO:0032559,,5.763127170378261e-28,0.5555555555555556,GO:0032559|GO:0030554|GO:0032555|GO:0017076|GO:0035639|GO:0005524|GO:0032553|GO:0097367|GO:0016874|GO:0004812,167,90,0.6819514937386542,0.6940366625785828,39.92814371257485,13,8,0.6867175789979788,0.6753516793251038,39.0,35,21,0.6772475685392108,0.6935372352600098,39.51428571428571
909,10,GO:0004672,,0.0,1.0,GO:0004672|GO:0016773|GO:0016301|GO:0016772|GO:0005524|GO:0140096|GO:0032559|GO:0030554|GO:0035639|GO:0032555,426,184,0.9434049869647049,0.954657256603241,31.579812206572768,42,16,0.955416853938784,0.9619451463222504,31.333333333333332,53,26,0.9414379360540858,0.950969696044922,33.301886792452834
910,3,GO:0015144,,5.7561915781672225e-39,0.9411764705882353,GO:0015144|GO:0022857|GO:0005215,193,17,0.8459574373274887,0.8681240081787109,36.5699481865285,30,2,0.8484305520852407,0.8487072587013245,36.766666666666666,318,42,0.8065851169562189,0.8187762796878815,36.867924528301884
911,10,GO:0017111,,3.107321382684437e-34,0.7714285714285715,GO:0017111|GO:0016462|GO:0016818|GO:0016817|GO:0032559|GO:0030554|GO:0032555|GO:0017076|GO:0032553|GO:0097367,215,35,0.8219107503114744,0.8460922837257385,36.25581395348837,20,4,0.809508764743805,0.8683075606822968,33.15,31,8,0.8208232829647679,0.8483883142471313,37.354838709677416
912,10,GO:0003677,,1.5096837584855926e-26,0.37142857142857144,GO:0003677|GO:0072341|GO:0003899|GO:0140110|GO:0003700|GO:0033218|GO:0034062|GO:0097747|GO:0043565|GO:0019842,342,175,0.8262160444817348,0.8455940783023834,33.91812865497076,31,16,0.8278678117259857,0.8519980907440186,33.225806451612904,10,7,0.6762368261814118,0.6979730427265167,29.1
913,5,GO:0003735,,2.7954806248579253e-161,0.7272727272727273,GO:0003735|GO:0005198|GO:0019843|GO:0003723|GO:0008270,220,187,0.7619861104271629,0.7741098999977112,33.03181818181818,29,24,0.7367806239374752,0.7681905031204224,31.344827586206897,27,24,0.7041646507051256,0.7265686392784119,33.074074074074076
914,10,GO:0008270,,5.145404644013252e-84,0.8125,GO:0008270|GO:0046914|GO:0016614|GO:0016616|GO:0016628|GO:0016627|GO:0070403|GO:0004033|GO:0016655|GO:0016651,286,80,0.8336488104366756,0.8557908833026886,38.1013986013986,32,9,0.8847268465906382,0.8940983414649963,38.34375,41,14,0.8368456487248583,0.8489012122154236,39.292682926829265
915,10,GO:0004672,,1.17077978425558e-218,0.9921875,GO:0004672|GO:0016773|GO:0016301|GO:0016772|GO:0005524|GO:0032559|GO:0030554|GO:0140096|GO:0035639|GO:0032555,379,128,0.9374731617112273,0.9510656595230104,36.74934036939314,12,6,0.9264837801456451,0.9389007091522216,38.75,53,21,0.9437331051196692,0.9555224180221558,37.113207547169814
916,8,GO:0008483,,5.252060247713205e-15,0.3548387096774194,GO:0008483|GO:0016769|GO:0030170|GO:0070279|GO:0019842|GO:0016829|GO:0016765|GO:0016832,270,31,0.7758670521003229,0.8023253083229065,34.78888888888889,32,4,0.6289523579180241,0.6039523780345917,35.6875,9,2,0.5812269250551859,0.6004979610443115,35.666666666666664
917,10,GO:0016614,,8.905617509188966e-139,0.8189655172413793,GO:0016614|GO:0016616|GO:0004312|GO:0016747|GO:0016746|GO:0051287|GO:0050661|GO:0016877|GO:0016646|GO:0016628,525,116,0.85300187928336,0.8868942856788635,36.14476190476191,56,12,0.8798643957291331,0.8923114836215973,36.142857142857146,84,20,0.8444925057036536,0.8858570456504822,35.607142857142854
918,10,GO:0016849,,1.142249023893238e-36,0.20388349514563106,GO:0016849|GO:0016829|GO:0016836|GO:0016835|GO:0016811|GO:0047429|GO:0016810|GO:0016790|GO:0016462|GO:0016818,300,103,0.73893009831508,0.742487370967865,35.49,21,10,0.7354360279582796,0.7583047747612,35.42857142857143,14,5,0.6868361447538648,0.7035776078701019,35.42857142857143
919,9,GO:0019899,,3.744029575317075e-05,0.16216216216216217,GO:0019899|GO:0005085|GO:0005088|GO:0017048|GO:0051020|GO:0017016|GO:0031267|GO:0031625|GO:0044389,127,37,0.6654765122518764,0.6682726144790649,34.196850393700785,32,10,0.682907423004508,0.6986359357833862,36.65625,31,11,0.6077966228608163,0.5908817052841187,32.29032258064516
920,10,GO:0005524,,4.317312321553154e-95,0.989247311827957,GO:0005524|GO:0032559|GO:0030554|GO:0035639|GO:0032555|GO:0017076|GO:0032553|GO:0097367|GO:0016887|GO:0017111,403,93,0.8797547685597138,0.8894568085670471,32.7468982630273,60,14,0.8391191323598226,0.8564858734607697,33.1,26,10,0.8434431621661553,0.8418779969215393,35.57692307692308
921,4,GO:0005507,,2.4961481188969713e-59,0.7045454545454546,GO:0005507|GO:0046914|GO:0016679|GO:0016661,398,44,0.8878497776374146,0.9152060449123383,36.95728643216081,71,6,0.9261028212560735,0.9373427033424376,35.67605633802817,20,2,0.8960700392723083,0.900802344083786,38.95
922,10,GO:0051536,,5.186180027525808e-34,0.40540540540540543,GO:0051536|GO:0051540|GO:0051539|GO:0009055|GO:0008289|GO:0051537|GO:0061630|GO:0061659|GO:0004842|GO:0019787,168,74,0.8104922498265902,0.8212367594242096,32.476190476190474,16,8,0.8150622360408306,0.8360987603664398,34.0625,10,6,0.7131546556949615,0.6917585134506226,28.9
923,10,GO:0009055,,4.0992500382711045e-15,0.7857142857142857,GO:0009055|GO:0051536|GO:0051540|GO:0016651|GO:0008137|GO:0050136|GO:0003954|GO:0016655|GO:0051537|GO:0051539,156,14,0.8096308551537685,0.8484697043895721,37.94230769230769,45,4,0.7490404725074769,0.7682731747627258,38.15555555555556,0,0,,,
924,10,GO:0016868,,5.1285084661621154e-06,0.03389830508474576,GO:0016868|GO:0016874|GO:0016661|GO:0010181|GO:0016879|GO:0051287|GO:0016893|GO:0016866|GO:0016788|GO:0140098,180,177,0.655166230764654,0.658009946346283,42.78888888888889,28,26,0.6895167380571365,0.7025170028209686,44.17857142857143,25,25,0.6484827101230621,0.630490243434906,43.84
925,10,GO:0140110,,2.3764761480856223e-11,0.14792899408284024,GO:0140110|GO:0003677|GO:0003700|GO:0033218|GO:0003714|GO:0046933|GO:0015252|GO:1901681|GO:0003712|GO:0043565,267,169,0.8163504658566878,0.8300319314002991,35.62546816479401,34,21,0.8053947056041044,0.8180945813655853,36.94117647058823,28,18,0.812652091894831,0.8271561563014984,35.857142857142854
926,7,GO:0046789,,1.859861830137172e-21,0.5,GO:0046789|GO:0046812|GO:0004185|GO:0070008|GO:0016857|GO:0004180|GO:0016854,99,24,0.8090269288631401,0.8722688555717468,39.717171717171716,10,2,0.9174433887004853,0.9355879127979279,39.2,2,2,0.5620183944702148,0.5620183944702148,29.5
927,4,GO:0015035,,5.731512827132096e-25,0.56,GO:0015035|GO:0015036|GO:0016667|GO:0016853,122,25,0.7952702599959295,0.8134087920188904,33.90163934426229,8,2,0.7919600531458855,0.8465074598789215,32.0,6,1,0.8236840764681498,0.8369176089763641,31.333333333333332
928,6,GO:0016840,,3.963046285491042e-10,0.5,GO:0016840|GO:0016811|GO:0016829|GO:0016810|GO:0046982|GO:0046983,59,10,0.8198512105618493,0.8494261503219604,34.440677966101696,1,1,0.5360330939292908,0.5360330939292908,33.0,16,3,0.7916510812938213,0.7828924357891083,35.0
929,9,GO:0016616,,3.045286696744736e-19,0.625,GO:0016616|GO:0016614|GO:0050661|GO:0015926|GO:0016646|GO:0016645|GO:0008422|GO:0004553|GO:0016798,136,24,0.7698500673560535,0.7810758054256439,36.330882352941174,8,1,0.8375713601708412,0.8424757719039917,38.625,17,3,0.7544837839463178,0.7723682522773743,36.05882352941177
930,3,GO:0016620,,8.878659052944851e-112,0.9807692307692307,GO:0016620|GO:0016903|GO:0051287,380,52,0.8808538830594013,0.9106295108795166,35.334210526315786,2,1,0.5018147975206375,0.5018147975206375,35.0,29,4,0.8788582209883065,0.8757809400558472,34.96551724137931
931,4,GO:0003735,,1.5843414980342384e-25,0.9047619047619048,GO:0003735|GO:0005198|GO:0019843|GO:0003723,93,21,0.7700274330313488,0.7961403727531433,33.83870967741935,9,3,0.7338323990503947,0.7740346789360046,36.888888888888886,12,5,0.6890801091988882,0.7033157050609589,32.083333333333336
932,3,GO:0046789,,1.0680536879335624e-54,0.8620689655172413,GO:0046789|GO:0046812|GO:0004222,98,29,0.8550615690800608,0.9062608480453491,32.642857142857146,21,6,0.7928204309372675,0.8576136231422424,32.666666666666664,0,0,,,
933,9,GO:0097367,,6.058751975491162e-10,0.7272727272727273,GO:0097367|GO:0032553|GO:0035639|GO:0032555|GO:0017076|GO:0005524|GO:0032559|GO:0030554|GO:0016884,97,22,0.6958026311446711,0.7050380110740662,34.70103092783505,6,3,0.6482159396012624,0.6591602265834808,37.333333333333336,0,0,,,
934,2,GO:0016765,,6.655959915565005e-34,0.8333333333333334,GO:0016765|GO:0016782,137,24,0.8474758102075897,0.8869857788085938,36.74452554744526,15,4,0.6567892630894979,0.5814540386199951,34.4,22,4,0.8110663538629358,0.8228903114795685,37.04545454545455
935,10,GO:0005085,,2.213674089395272e-12,0.13580246913580246,GO:0005085|GO:0051020|GO:0019899|GO:0098772|GO:0034062|GO:0097747|GO:0003677|GO:0140110|GO:0003899|GO:0016779,181,81,0.7051865163758315,0.7150051593780518,36.04419889502763,31,12,0.6864344593017332,0.7096503376960754,37.61290322580645,19,11,0.6521428227424622,0.6531029939651489,41.78947368421053
936,2,GO:0046789,,7.514011295587388e-92,0.8235294117647058,GO:0046789|GO:0046812,143,51,0.8527098410613053,0.900854468345642,29.797202797202797,21,7,0.8220114424115136,0.8357332944869995,30.61904761904762,6,3,0.5437651127576828,0.5569159090518951,38.166666666666664
937,1,GO:0016638,,2.761006544132297e-20,0.6923076923076923,GO:0016638,102,13,0.7801287481013466,0.8263798952102661,33.745098039215684,17,3,0.7917466584373923,0.8211859464645386,33.35294117647059,2,2,0.4699775874614715,0.4699775874614715,31.0
938,3,GO:0030234,,0.000342101363855,0.1111111111111111,GO:0030234|GO:0098772|GO:0042802,147,72,0.6967335529878836,0.7019163966178894,28.095238095238095,13,5,0.7644714483847985,0.7799333333969116,32.15384615384615,11,4,0.7115228176116943,0.7329992055892944,29.0
939,6,GO:0003735,,2.832012921507382e-67,0.6818181818181818,GO:0003735|GO:0005198|GO:0019843|GO:0003723|GO:0016747|GO:0003729,122,88,0.7558611995372616,0.7711345553398132,24.92622950819672,8,7,0.6440202705562115,0.6297844648361206,13.125,12,10,0.6480013976494471,0.6333414912223816,23.416666666666668
940,2,GO:0016616,,1.1107389250269819e-81,0.9433962264150944,GO:0016616|GO:0016614,289,53,0.8888008624418384,0.9116034507751464,36.055363321799305,19,4,0.9002602696418762,0.9083600044250488,38.473684210526315,17,3,0.9018776066163007,0.9026707410812378,36.35294117647059
941,6,GO:0005198,,7.947692348979941e-69,0.8205128205128205,GO:0005198|GO:0005126|GO:0004129|GO:0015002|GO:0016676|GO:0016675,323,78,0.8874632830590287,0.9149007797241212,38.306501547987615,27,7,0.8789006868998209,0.8946080207824707,38.18518518518518,9,2,0.7888363401095072,0.7926454544067383,31.444444444444443
942,0,,,,,,18,3,0.7632802426815033,0.7823469042778015,35.0,0,0,,,,0,0,,,
943,10,GO:0004601,,6.2001701891477185e-09,0.08275862068965517,GO:0004601|GO:0016684|GO:0005216|GO:0005261|GO:0016209|GO:0015267|GO:0022803|GO:0015318|GO:0015075|GO:0022890,145,145,0.7090970896441361,0.727104902267456,29.606896551724137,18,18,0.709254609213935,0.7155276834964752,28.333333333333332,47,47,0.718557319108476,0.7091509103775024,29.02127659574468
944,10,GO:0045296,,4.9317589151134874e-08,0.05434782608695652,GO:0045296|GO:0005504|GO:0031369|GO:0050839|GO:0008144|GO:0033293|GO:0019899|GO:0019825|GO:0003743|GO:0008289,229,92,0.8053661772257376,0.8162345886230469,33.8296943231441,20,11,0.7562815874814988,0.7681044042110443,31.6,61,32,0.8059710313062198,0.823699951171875,33.77049180327869
945,10,GO:0003677,,5.1480083256527e-18,0.2857142857142857,GO:0003677|GO:0003712|GO:0140110|GO:0043565|GO:0003899|GO:0003714|GO:0034062|GO:0097747|GO:0003700|GO:0000977,324,210,0.8058071822663884,0.8226019144058228,33.907407407407405,38,24,0.8323440489016081,0.8491878509521484,34.86842105263158,34,23,0.7609893416657167,0.7670545279979706,33.3235294117647
946,7,GO:0016838,,1.894399579537335e-16,0.28125,GO:0016838|GO:0016614|GO:0016616|GO:0016835|GO:0016829|GO:0016638|GO:0016790,173,32,0.7705173068652952,0.7825363874435425,33.58381502890173,27,7,0.739767297550484,0.7890217900276184,35.22222222222222,39,9,0.7175485789775848,0.7094401717185974,33.84615384615385
947,7,GO:0003677,,0.0009252969616816,0.1736111111111111,GO:0003677|GO:0070063|GO:0015631|GO:0051087|GO:0003712|GO:0140110|GO:0008092,206,144,0.7434063750563316,0.7634136080741882,26.810679611650485,14,10,0.6847647215638842,0.7023645341396332,24.571428571428573,36,23,0.7122076890534825,0.7525456249713898,28.805555555555557
948,10,GO:0004553,,2.7369127060525938e-80,0.624,GO:0004553|GO:0016798|GO:0030246|GO:0015925|GO:0015926|GO:0016758|GO:0016757|GO:0005507|GO:0004308|GO:0016997,524,125,0.8665762621027823,0.8799221515655518,36.94274809160305,30,9,0.8764268020788829,0.8821261823177338,38.266666666666666,27,10,0.8577872227739405,0.8787837028503418,32.51851851851852
949,3,GO:0016646,,1.4023139255248038e-48,0.7857142857142857,GO:0016646|GO:0016645|GO:0050661,118,28,0.8233698116520703,0.851501852273941,32.16101694915254,4,2,0.6664305776357651,0.6648023724555969,32.0,9,2,0.7301861445109049,0.7533810138702393,36.666666666666664
950,0,,,,,,63,7,0.779883208728972,0.8089246153831482,36.38095238095238,5,1,0.5403539896011352,0.5488718152046204,36.2,11,2,0.6382374600930647,0.593908965587616,36.0
951,4,GO:0004553,,2.856490706036992e-42,0.6842105263157895,GO:0004553|GO:0016798|GO:0008810|GO:0046527,319,57,0.8550653008271161,0.8890964388847351,35.692789968652036,34,5,0.8553746517966775,0.8639472126960754,36.794117647058826,22,3,0.7862974757497961,0.7963479459285736,36.18181818181818
952,10,GO:0016779,,1.988416971315229e-12,0.27450980392156865,GO:0016779|GO:0003968|GO:0016772|GO:0034062|GO:0097747|GO:0004386|GO:0016830|GO:0016833|GO:0016829|GO:0070566,124,51,0.6925705945299517,0.7081436514854431,34.57258064516129,14,7,0.6511909323079246,0.6640591323375702,37.857142857142854,31,12,0.6824849709387748,0.6785940527915955,34.32258064516129
953,10,GO:0004553,,1.685415015534979e-40,0.639344262295082,GO:0004553|GO:0016798|GO:0015926|GO:0008422|GO:0015925|GO:0016758|GO:0030247|GO:0016757|GO:0030246|GO:0004601,115,61,0.7744508468586465,0.7928058505058289,44.45217391304348,9,6,0.7381040387683444,0.7474075555801392,47.333333333333336,8,5,0.6451111771166325,0.6512686014175415,46.25
954,10,GO:0052689,,1.4159744514092883e-10,0.24390243902439024,GO:0052689|GO:0016788|GO:0016298|GO:0004620|GO:0016790|GO:0019213|GO:0016655|GO:0019104|GO:0004180|GO:0016651,188,41,0.7208536535184434,0.7388445734977722,33.43617021276596,27,7,0.7092394917099564,0.7101309299468994,36.22222222222222,20,7,0.6768300950527191,0.6844874918460846,34.3
955,10,GO:0003723,,7.841033254758804e-23,0.4318181818181818,GO:0003723|GO:0004549|GO:0016894|GO:0003735|GO:0003899|GO:0019843|GO:0004521|GO:0034062|GO:0097747|GO:0005198,175,88,0.6959713569709233,0.6935048699378967,27.748571428571427,13,7,0.6130099457043868,0.5835689902305603,29.307692307692307,17,9,0.6593172339832082,0.6869810819625854,27.58823529411765
956,10,GO:0016775,,0.0001012068045753,0.045454545454545456,GO:0016775|GO:0016836|GO:0016835|GO:0016866|GO:0046914|GO:0016829|GO:0019829|GO:0016763|GO:0016853|GO:0042625,247,88,0.7275900446210313,0.7378692030906677,34.506072874493924,26,14,0.6997946638327378,0.6924601793289185,34.5,34,12,0.6877092894385842,0.7040940225124359,37.529411764705884
957,10,GO:0004519,,1.8196572017766195e-30,0.4642857142857143,GO:0004519|GO:0004518|GO:0004540|GO:0016788|GO:0140098|GO:0004521|GO:0016894|GO:0016638|GO:0016829|GO:0008201,157,56,0.7751038131440521,0.7808004021644592,37.06369426751592,16,6,0.7109849415719509,0.715463399887085,36.3125,15,6,0.7602150718371073,0.7769725918769836,38.06666666666667
958,5,GO:0016813,,3.7317232965901603e-19,0.6666666666666666,GO:0016813|GO:0016810|GO:0010181|GO:0016661|GO:0009055,102,12,0.8100335603835536,0.8280800580978394,36.3235294117647,10,1,0.8236595749855041,0.822108656167984,34.4,6,1,0.5332714517911276,0.5282126367092133,32.833333333333336
959,10,GO:0016742,,1.8446915082272347e-20,0.24489795918367346,GO:0016742|GO:0016410|GO:0050660|GO:0008080|GO:0071949|GO:0016741|GO:0016407|GO:0016747|GO:0016746|GO:0016779,155,49,0.675737553258096,0.6758090257644653,33.68387096774194,11,6,0.6241068569096652,0.6379845142364502,33.81818181818182,6,2,0.6730020741621653,0.6786891520023346,33.5
960,5,GO:0051287,,1.388542928116888e-34,0.7777777777777778,GO:0051287|GO:0016616|GO:0016614|GO:0000287|GO:0046983,210,27,0.8493920519238427,0.8501727879047394,36.266666666666666,6,1,0.7150935133298238,0.7238110303878784,34.5,38,7,0.739087744763023,0.7280674874782562,38.23684210526316
961,7,GO:0016614,,2.981312495774384e-21,0.46511627906976744,GO:0016614|GO:0016616|GO:0016838|GO:0016835|GO:0016829|GO:0050661|GO:0016790,160,43,0.7429429369047285,0.7508211135864258,37.86875,32,11,0.6964412815868855,0.6620402336120605,34.5625,36,11,0.7182341540853182,0.7425880432128906,39.333333333333336
962,4,GO:0071949,,1.5177682772143443e-19,0.5238095238095238,GO:0071949|GO:0050660|GO:0052689|GO:0016645,212,21,0.7984736596919456,0.8146186769008636,37.551886792452834,11,1,0.7285820028998635,0.7381032705307007,38.36363636363637,10,2,0.7180739223957062,0.7090140581130981,36.1
963,9,GO:0004623,,3.2312520643406107e-183,0.9846153846153847,GO:0004623|GO:0004620|GO:0016298|GO:0052689|GO:0102567|GO:0102568|GO:0005509|GO:0016788|GO:0090729,193,65,0.9403447391455655,0.9448463916778564,40.05181347150259,8,3,0.8953660726547241,0.9183217585086823,39.5,18,6,0.930171271165212,0.938726395368576,41.888888888888886
964,10,GO:0016811,,4.330821882631442e-18,0.3125,GO:0016811|GO:0016810|GO:0016763|GO:0016757|GO:0047429|GO:0016840|GO:0016829|GO:0016884|GO:0000287|GO:0016879,198,48,0.7566572980146216,0.7683490216732025,32.30808080808081,29,8,0.7107144470872551,0.720251739025116,32.206896551724135,4,3,0.660603329539299,0.6836006939411163,33.0
965,4,GO:0005509,,3.024728424653995e-09,0.26666666666666666,GO:0005509|GO:0030414|GO:0061134|GO:0004857,114,45,0.7875724829602659,0.8006632924079895,40.526315789473685,13,5,0.7554763280428373,0.7587975859642029,36.15384615384615,23,14,0.7374809384346008,0.7595056295394897,43.04347826086956
966,10,GO:0005524,,1.4041519422292788e-14,0.76,GO:0005524|GO:0032559|GO:0030554|GO:0032553|GO:0097367|GO:0035639|GO:0032555|GO:0017076|GO:0019200|GO:0016773,181,25,0.7853681892979869,0.8016498684883118,35.07734806629834,54,8,0.780170073111852,0.7880552411079407,35.44444444444444,56,7,0.8173263530646052,0.8129002451896667,35.80357142857143
967,5,GO:0005198,,1.8672673933118012e-60,0.36524822695035464,GO:0005198|GO:0046812|GO:0046789|GO:0003735|GO:0015929,285,282,0.8218131508743554,0.8261192440986633,27.45964912280702,32,32,0.8123921602964401,0.8285413384437561,28.875,23,23,0.7768662157266036,0.7787311673164368,25.82608695652174
968,10,GO:0004930,,8.940822087240345e-125,0.7945205479452054,GO:0004930|GO:0004888|GO:0038023|GO:0060089|GO:0003796|GO:0061783|GO:0004553|GO:0016798|GO:0005506|GO:0009055,212,73,0.845980499291195,0.8841729462146759,37.83490566037736,24,9,0.8737138236562411,0.8893361389636993,38.875,21,10,0.7481604445548284,0.7411016821861267,34.857142857142854
969,10,GO:0022857,,9.428220132086011e-61,0.6263736263736264,GO:0022857|GO:0005215|GO:0015318|GO:0015075|GO:0015267|GO:0022803|GO:0005216|GO:0015077|GO:0022890|GO:0008324,454,91,0.8927845731705821,0.9027629494667054,34.01101321585903,51,11,0.8984329536849377,0.927667796611786,34.13725490196079,74,18,0.8618788912489608,0.8681218326091766,32.648648648648646
970,10,GO:0008800,,2.735824962155525e-27,0.5384615384615384,GO:0008800|GO:0016812|GO:0016810|GO:0004185|GO:0070008|GO:0004180|GO:0008236|GO:0016825|GO:0017171|GO:0008238,215,26,0.8061054702415023,0.8667625784873962,35.10232558139535,48,5,0.811436033497254,0.8911485970020294,35.645833333333336,0,0,,,
971,8,GO:0004180,,5.470018203909231e-13,0.4117647058823529,GO:0004180|GO:0008235|GO:0008238|GO:0008237|GO:0070011|GO:0008233|GO:0140096|GO:0016757,152,17,0.7189125630416369,0.730510026216507,36.026315789473685,0,0,,,,5,3,0.5429238677024841,0.5354039072990417,34.2
972,8,GO:0051287,,1.8527676777360918e-79,0.6710526315789473,GO:0051287|GO:0016616|GO:0016614|GO:0016830|GO:0016831|GO:0016638|GO:0016628|GO:0000287,286,76,0.7825239275718903,0.7932560443878174,37.55944055944056,31,7,0.8032456886383795,0.8149987459182739,38.54838709677419,21,7,0.7233074960254487,0.6421382427215576,36.285714285714285
973,10,GO:0004930,,2.4362087935855374e-12,0.04891304347826087,GO:0004930|GO:0016168|GO:0061783|GO:0003796|GO:0016616|GO:0016614|GO:0050661|GO:0004888|GO:0046873|GO:0000287,370,368,0.7629084184363082,0.7804339826107025,34.945945945945944,34,34,0.7707241300274345,0.7872584164142609,32.94117647058823,96,95,0.7460123008737961,0.7708987593650818,35.072916666666664
974,5,GO:0003735,,1.4395641100935438e-06,0.32142857142857145,GO:0003735|GO:0005198|GO:0016866|GO:0016746|GO:0019843,125,28,0.7598986008167267,0.7822141647338867,32.96,17,4,0.6955507713205674,0.6943348050117493,36.0,2,1,0.6401853859424591,0.6401853859424591,41.5
975,0,,,,,,77,7,0.8463098012007676,0.8688950538635254,36.58441558441559,0,0,,,,0,0,,,
976,9,GO:0033293,,2.189801141748736e-40,0.3291139240506329,GO:0033293|GO:0031406|GO:0043177|GO:1901681|GO:0033218|GO:0019842|GO:0008289|GO:0003697|GO:0005504,192,79,0.7998520089313388,0.8447878360748291,32.15625,20,6,0.8644555807113647,0.8727907538414001,31.95,13,7,0.6274224107082074,0.6150360107421875,33.23076923076923
977,10,GO:0004674,,8.306477227201299e-23,0.8,GO:0004674|GO:0004672|GO:0016301|GO:0016773|GO:0016772|GO:0005524|GO:0140096|GO:0032559|GO:0030554|GO:0035639,97,15,0.7927510203774443,0.8093938827514648,36.11340206185567,4,1,0.5188539773225784,0.5222025811672211,27.5,13,2,0.7246803962267362,0.7158344984054565,34.23076923076923
978,10,GO:0016628,,5.0533791609302205e-06,0.2222222222222222,GO:0016628|GO:0016835|GO:0016627|GO:0051287|GO:0030170|GO:0070279|GO:0016836|GO:0016829|GO:0004312|GO:0019842,166,18,0.6926077083650842,0.6989039182662964,36.95783132530121,38,6,0.6312828722753023,0.626441478729248,35.89473684210526,14,3,0.6447229725973946,0.6321186721324921,36.5
979,10,GO:0008080,,1.4623614970248524e-05,0.075,GO:0008080|GO:0016410|GO:0016407|GO:0005262|GO:0016779|GO:0015085|GO:0016879|GO:0005216|GO:0042802|GO:0046873,82,80,0.6732633800768271,0.6754427552223206,33.58536585365854,10,10,0.7102836608886719,0.7035989761352539,37.5,31,31,0.7035100479279796,0.7219237089157104,34.41935483870968
980,5,GO:0016765,,1.8135345971587336e-14,0.75,GO:0016765|GO:0016888|GO:0004520|GO:0004536|GO:0016893,73,12,0.772582228461357,0.7927052974700928,35.3013698630137,19,4,0.716852003022244,0.7385668158531189,32.89473684210526,15,2,0.691604999701182,0.7147215604782104,36.333333333333336
981,10,GO:0035639,,1.0786473367959118e-29,0.8444444444444444,GO:0035639|GO:0032555|GO:0017076|GO:0032553|GO:0097367|GO:0005524|GO:0032559|GO:0030554|GO:0016879|GO:0016874,134,45,0.7216709707655123,0.7248588502407074,34.55223880597015,13,6,0.6742030955277957,0.7346225380897522,35.15384615384615,12,6,0.6882936209440231,0.7008746862411499,37.25
982,10,GO:0008658,,7.24536666410304e-27,0.7857142857142857,GO:0008658|GO:0008144|GO:0033293|GO:1901681|GO:0033218|GO:0031406|GO:0043177|GO:0004185|GO:0070008|GO:0004180,111,14,0.7661022715740375,0.7933977842330933,34.73873873873874,0,0,,,,1,1,0.4781781136989593,0.4781781136989593,31.0
983,10,GO:0047661,,1.4456827836451498e-57,0.6756756756756757,GO:0047661|GO:0036361|GO:0016855|GO:0016854|GO:0030170|GO:0070279|GO:0019842|GO:0016853|GO:0016831|GO:0016830,201,37,0.8775295422444889,0.9019114971160888,36.64179104477612,24,5,0.8586853891611099,0.8504417240619659,36.166666666666664,2,1,0.5825382471084595,0.5825382471084595,43.0
984,7,GO:0016868,,9.580857618266049e-20,0.47368421052631576,GO:0016868|GO:0016866|GO:0016811|GO:0016853|GO:0016810|GO:0000287|GO:0016884,188,19,0.7198982991753741,0.7312341630458832,35.97872340425532,8,1,0.6552505344152451,0.653976559638977,37.875,14,3,0.5663674580199378,0.5994933843612671,33.714285714285715
985,10,GO:0016741,,1.0265112472978716e-21,0.28431372549019607,GO:0016741|GO:0008168|GO:0008757|GO:0008173|GO:0016775|GO:0008276|GO:0008175|GO:0008649|GO:0016742|GO:0140098,212,102,0.7007954075651349,0.7002017498016357,38.35849056603774,19,8,0.6971597922475714,0.6998093724250793,36.0,17,11,0.6697684736812816,0.6882952451705933,43.23529411764706
986,10,GO:0004553,,2.5396974023958712e-51,0.6911764705882353,GO:0004553|GO:0016798|GO:0015926|GO:0008422|GO:0030247|GO:0015925|GO:0016758|GO:0030246|GO:0016757|GO:0008061,316,68,0.8253410926348046,0.8372375071048737,33.4746835443038,8,2,0.9145206958055496,0.9171280562877656,34.5,18,5,0.8079724642965529,0.8127246499061584,34.388888888888886
987,10,GO:0003899,,9.91960247744447e-10,0.13114754098360656,GO:0003899|GO:0034062|GO:0097747|GO:0016779|GO:0046983|GO:0140098|GO:0016772|GO:0004402|GO:0061733|GO:0005249,170,61,0.6822238215628792,0.6859669089317322,37.45294117647059,9,5,0.5851324995358785,0.5925034284591675,35.111111111111114,29,11,0.6670207761485001,0.6921170949935913,36.6551724137931
988,1,GO:0005215,,0.0017225920404189,0.25,GO:0005215,88,24,0.707116211341186,0.7523564398288727,37.18181818181818,3,1,0.5406938095887502,0.5635069012641907,31.0,5,2,0.5106898486614228,0.5286431312561035,32.8
989,8,GO:0005088,,3.57758132472436e-50,0.7692307692307693,GO:0005088|GO:0017048|GO:0017016|GO:0031267|GO:0005085|GO:0051020|GO:0019899|GO:0098772,112,26,0.8343470511691911,0.8626737594604492,35.464285714285715,15,4,0.7136799295743307,0.6817231774330139,34.06666666666667,4,2,0.6784016191959381,0.6842088997364044,34.75
990,10,GO:0070566,,7.926047430181509e-46,0.6176470588235294,GO:0070566|GO:0016779|GO:0005524|GO:0032559|GO:0030554|GO:0035639|GO:0032555|GO:0017076|GO:0032553|GO:0016772,151,34,0.8572336887286989,0.876532256603241,32.56953642384106,5,1,0.8468252539634704,0.8473899364471436,30.4,2,1,0.7401918470859528,0.7401918470859528,8.5
991,9,GO:0050660,,6.117278057484063e-56,0.8461538461538461,GO:0050660|GO:0071949|GO:0004497|GO:0016709|GO:0016705|GO:0050661|GO:0016651|GO:0016628|GO:0051287,391,39,0.8626183035123683,0.8717429637908936,36.25831202046036,23,3,0.8663654223732327,0.8664906620979309,36.73913043478261,11,2,0.7564282579855486,0.7687775492668152,34.27272727272727
992,9,GO:0052689,,1.0085815190280215e-10,0.32142857142857145,GO:0052689|GO:0016790|GO:0004222|GO:0008237|GO:0016788|GO:0070011|GO:0008233|GO:0004175|GO:0140096,158,28,0.7307459006581125,0.7395221590995789,34.822784810126585,32,8,0.6746866330504417,0.6472707986831665,34.6875,29,5,0.706850987056206,0.7070206999778748,33.793103448275865
993,10,GO:0005524,,4.687806875141337e-31,1.0,GO:0005524|GO:0032559|GO:0030554|GO:0035639|GO:0032555|GO:0017076|GO:0032553|GO:0016874|GO:0097367|GO:0016879,186,30,0.7612211121025906,0.7700797617435455,35.54838709677419,8,3,0.7564378678798676,0.7923423051834106,31.875,21,4,0.7397169811385018,0.7424870133399963,32.476190476190474
994,10,GO:0003707,,5.750767445881562e-149,0.6847826086956522,GO:0003707|GO:0038023|GO:0060089|GO:0000981|GO:0003677|GO:0003700|GO:0140110|GO:0016866|GO:0042562|GO:0005496,356,92,0.8785400152876136,0.9114798903465271,31.719101123595507,34,9,0.8917257242343005,0.9101456999778748,31.41176470588235,20,6,0.7902420699596405,0.8058039546012878,28.55
995,10,GO:0008483,,5.356924108757825e-110,0.8870967741935484,GO:0008483|GO:0016769|GO:0030170|GO:0070279|GO:0019842|GO:0016866|GO:0016853|GO:0016846|GO:0016830|GO:0016831,328,62,0.9154419066702447,0.9264940619468689,37.94512195121951,63,12,0.90913059314092,0.9233168363571168,38.20634920634921,48,11,0.8548723459243774,0.8516393601894379,39.958333333333336
996,10,GO:0140110,,4.2439879280620446e-05,0.12903225806451613,GO:0140110|GO:0003700|GO:0005096|GO:0030695|GO:0003916|GO:0003677|GO:0060589|GO:0140097|GO:0003918|GO:0008047,138,93,0.7094800558643065,0.7129338085651398,32.2463768115942,15,11,0.743579622109731,0.7621597051620483,34.266666666666666,7,5,0.6922214456966945,0.6354191303253174,36.857142857142854
997,6,GO:0016763,,3.804286899838641e-49,0.5166666666666667,GO:0016763|GO:0016757|GO:0016799|GO:0016798|GO:0016877|GO:0016874,209,60,0.8824234690392416,0.9196266531944276,35.03349282296651,7,3,0.8405805230140686,0.8852962851524353,34.285714285714285,17,6,0.7717832326889038,0.8006869554519653,38.705882352941174
998,10,GO:0022857,,6.538321053757121e-19,0.5588235294117647,GO:0022857|GO:0005215|GO:0015075|GO:0015267|GO:0022803|GO:0015318|GO:0005216|GO:0008509|GO:0022890|GO:0008324,137,34,0.804533715230705,0.8248251080513,32.66423357664234,11,3,0.8171011209487915,0.8475537896156311,31.636363636363637,98,19,0.8058934765202659,0.8305710554122925,33.37755102040816
999,10,GO:0003684,,4.937843569642104e-26,0.7333333333333333,GO:0003684|GO:0016799|GO:0140097|GO:0019104|GO:0008270|GO:0003677|GO:0016798|GO:0046914|GO:0016835|GO:0016829,70,15,0.7621415768350873,0.7931761741638184,33.97142857142857,0,0,,,,13,2,0.7827744759046115,0.8060690760612488,34.15384615384615
1000,4,GO:0016798,,3.8599250593164655e-21,0.7407407407407407,GO:0016798|GO:0004553|GO:0015925|GO:0015926,143,27,0.8298645144575959,0.8528479933738708,34.00699300699301,4,2,0.6541417837142944,0.6596542596817017,34.75,11,3,0.657962295142087,0.6164371371269226,36.54545454545455
1001,10,GO:0005509,,6.481475962418922e-34,0.4358974358974359,GO:0005509|GO:0061783|GO:0003796|GO:0004553|GO:0016798|GO:0003968|GO:0034062|GO:0097747|GO:0008242|GO:0004197,138,78,0.7359035548524581,0.7671200037002563,27.73913043478261,16,8,0.7867929674685001,0.8240357935428619,29.375,23,15,0.8116011800973312,0.819015622138977,24.304347826086957
1002,8,GO:0048038,,5.05539756804527e-08,0.19230769230769232,GO:0048038|GO:0016638|GO:0005507|GO:0046914|GO:0008237|GO:0070011|GO:0004177|GO:0008233,174,26,0.796836846861346,0.8184060156345367,37.87356321839081,7,2,0.7560679146221706,0.8141807913780212,39.142857142857146,23,4,0.7586924926094387,0.8074705600738525,40.73913043478261
1003,10,GO:0017137,,0.0010584307597872,0.1,GO:0017137|GO:0005096|GO:0030695|GO:0019899|GO:0017016|GO:0060589|GO:0031267|GO:0008047|GO:0051020|GO:1901681,86,20,0.7521124606908753,0.7921755313873291,36.383720930232556,5,2,0.5908073663711548,0.5861119627952576,40.6,4,3,0.5769490152597427,0.5844228863716125,37.25
1004,6,GO:0004553,,2.624311114965181e-40,0.72,GO:0004553|GO:0016798|GO:0015929|GO:0004308|GO:0016997|GO:0030246,116,50,0.7596121923676853,0.7698890268802643,41.61206896551724,9,5,0.7085182335641649,0.7623912692070007,40.55555555555556,17,11,0.667762758100734,0.7207052111625671,45.64705882352941
1005,10,GO:0016799,,2.0138358688333087e-14,0.2033898305084746,GO:0016799|GO:0019104|GO:0016798|GO:0140097|GO:0051539|GO:0051536|GO:0051540|GO:0003677|GO:0016835|GO:0003684,144,59,0.7477296092030075,0.7593769729137421,30.5,7,3,0.6577372636113848,0.6452543139457703,32.285714285714285,9,6,0.6875603199005127,0.683562695980072,28.11111111111111
1006,10,GO:0034061,,5.392869842641982e-10,0.08264462809917356,GO:0034061|GO:0016788|GO:0140097|GO:0003887|GO:0004518|GO:0016779|GO:0008081|GO:0004527|GO:0008658|GO:0004519,123,121,0.6895461843265751,0.6844044327735901,43.80487804878049,20,20,0.6551199316978454,0.6670520603656769,43.3,38,38,0.6692948702134585,0.6806345283985138,44.13157894736842
1007,4,GO:0003697,,9.007889797146376e-05,0.2,GO:0003697|GO:0016857|GO:0016854|GO:0016853,15,15,0.7421065290768941,0.7473047971725464,40.6,3,3,0.6494853297869364,0.6813511252403259,42.666666666666664,1,1,0.7237721085548401,0.7237721085548401,36.0
1008,9,GO:0036459,,1.15370696733019e-40,0.68,GO:0036459|GO:0101005|GO:0019783|GO:0008242|GO:0008234|GO:0070011|GO:0008233|GO:0140096|GO:0004197,150,25,0.7842102581262589,0.8152709305286407,34.25333333333333,23,4,0.782476992710777,0.8264779448509216,35.43478260869565,30,5,0.7388772447903951,0.7174925804138184,33.9
1009,5,GO:0016747,,2.61005625209186e-43,0.7317073170731707,GO:0016747|GO:0016746|GO:0008374|GO:0016410|GO:0016407,117,41,0.7828261065177429,0.8094276785850525,36.94017094017094,9,2,0.8409914374351501,0.8514304757118225,36.333333333333336,14,5,0.7622771028961454,0.8055797517299652,42.857142857142854
1010,9,GO:0004089,,2.9083097169171223e-46,0.375,GO:0004089|GO:0016836|GO:0016835|GO:0008270|GO:0046914|GO:0016829|GO:0008233|GO:0004175|GO:0140096,259,56,0.7510244297474968,0.7552750110626221,33.22007722007722,24,5,0.6953323322037855,0.6693087518215179,34.5,74,12,0.7984134248785071,0.8206550180912018,36.16216216216216
1011,10,GO:0005543,,7.049517669488784e-07,0.06153846153846154,GO:0005543|GO:0008289|GO:0030246|GO:0038023|GO:0060089|GO:0017137|GO:0016668|GO:0005509|GO:0017016|GO:0031267,358,130,0.8321076320203323,0.8475882411003113,38.614525139664806,43,17,0.7983551302621531,0.8144257664680481,37.02325581395349,19,9,0.8136546737269351,0.8385220766067505,39.21052631578947
1012,9,GO:0008237,,8.904770278983466e-07,0.4166666666666667,GO:0008237|GO:0004222|GO:0008233|GO:0070011|GO:0008121|GO:0016681|GO:0004175|GO:0140096|GO:0016679,134,12,0.7634578743087712,0.799339234828949,37.17164179104478,11,1,0.7301278818737377,0.7352729439735413,36.90909090909091,41,6,0.7860529728052092,0.826454222202301,37.31707317073171
1013,4,GO:0016209,,2.835531859293293e-12,0.208955223880597,GO:0016209|GO:0016846|GO:0016667|GO:0015036,214,67,0.7782546343090379,0.7869707942008972,32.850467289719624,29,10,0.8058178301515251,0.827800452709198,34.58620689655172,5,3,0.6890812039375305,0.7402552366256714,25.2
1014,10,GO:0004659,,1.9937805709554405e-08,0.047337278106508875,GO:0004659|GO:0005504|GO:0031625|GO:0044389|GO:0008289|GO:0019899|GO:0008144|GO:0016765|GO:0019888|GO:0033293,281,169,0.8036613634048407,0.8138391375541687,38.01779359430605,25,14,0.7900868248939514,0.822239100933075,36.16,53,36,0.7761958815016836,0.774192214012146,42.943396226415096
1015,10,GO:0004553,,1.9521025489387206e-45,0.5897435897435898,GO:0004553|GO:0016798|GO:0008422|GO:0030246|GO:0015925|GO:0015926|GO:0030247|GO:0016758|GO:0016757|GO:0016832,327,78,0.8813378701516248,0.8940755724906921,38.75535168195719,50,15,0.8835995149612427,0.8870035111904144,37.66,29,9,0.8486922136668501,0.855315089225769,37.03448275862069
1016,10,GO:0004553,,4.849586389714426e-70,0.5714285714285714,GO:0004553|GO:0016798|GO:0030246|GO:0015925|GO:0004177|GO:0005507|GO:0016811|GO:0015926|GO:0016758|GO:0008238,503,126,0.8657691970497192,0.8837436437606812,38.558648111332005,39,10,0.8862007214472845,0.8946335315704346,35.97435897435897,40,13,0.8550501152873039,0.8873430490493774,39.875
1017,10,GO:0008168,,5.2818365620649696e-11,0.17475728155339806,GO:0008168|GO:0008757|GO:0016741|GO:0016779|GO:0008170|GO:0140097|GO:0140098|GO:0008173|GO:0042393|GO:0032559,212,103,0.7242492537172336,0.7295753657817841,36.943396226415096,35,15,0.7132246783801488,0.7240845561027527,37.08571428571429,32,18,0.6771210553124547,0.6630375385284424,40.4375
1018,0,,,,,,117,36,0.6737117105060153,0.6745402216911316,37.87179487179487,16,6,0.6408036276698112,0.6192282736301422,37.6875,22,11,0.6499767709862102,0.6398702263832092,34.22727272727273
1019,10,GO:0036459,,7.445944098005588e-08,0.05223880597014925,GO:0036459|GO:0101005|GO:0019783|GO:0008242|GO:0016779|GO:0008234|GO:0016772|GO:0004402|GO:0061733|GO:0003899,205,134,0.705795383307992,0.7089523673057556,34.78048780487805,29,21,0.7275964987689051,0.7332321405410767,37.86206896551724,40,26,0.714902737736702,0.723793089389801,33.3
1020,8,GO:0051920,,1.1866495743436606e-86,0.45977011494252873,GO:0051920|GO:0016209|GO:0016684|GO:0004601|GO:0003755|GO:0016859|GO:0016853|GO:0140096,380,87,0.8991560052884252,0.9168573319911958,33.46052631578947,28,7,0.907384421144213,0.9380553960800172,32.785714285714285,67,18,0.908202386614102,0.9294520616531372,34.40298507462686
1021,10,GO:0016168,,1.0451959836348713e-29,0.5,GO:0016168|GO:0009055|GO:0046906|GO:0051539|GO:0051536|GO:0051540|GO:0000287|GO:0016679|GO:0015077|GO:0022890,44,26,0.8135162632573735,0.8132304847240448,40.52272727272727,1,1,0.8151825666427612,0.8151825666427612,39.0,7,6,0.6747066037995475,0.7195504903793335,43.285714285714285
1022,10,GO:0015075,,3.457858296824145e-21,0.32,GO:0015075|GO:0022857|GO:0005215|GO:0015318|GO:0015077|GO:0022890|GO:0008324|GO:0005216|GO:0015078|GO:0015267,79,75,0.7405178196068052,0.7744846940040588,33.949367088607595,11,10,0.7311705079945651,0.7419210076332092,36.81818181818182,8,8,0.692662924528122,0.704587459564209,38.125
1023,7,GO:0016616,,1.242380083975194e-13,0.5789473684210527,GO:0016616|GO:0016614|GO:0016701|GO:0004497|GO:0016838|GO:0016628|GO:0004312,100,19,0.7078011700510979,0.7274367809295654,34.56,5,2,0.5981420397758483,0.5710816979408264,25.6,14,3,0.638345228774207,0.6220016181468964,36.785714285714285
